Date,Grid_load,Grid_load_incl._hydro_pumped_storage,Hydro_pumped_storage,Residual_load
2015-01-01,1.0968528e+06,1.1227482e+06,25895.5,768472.25
2015-01-02,1.2889148e+06,1.3161398e+06,27225.0,679205.75
2015-01-03,1.2133095e+06,1.2380038e+06,24694.25,736911.75
2015-01-04,1.177896e+06,1.2023378e+06,24441.75,767345.5
2015-01-05,1.4259275e+06,1.4516608e+06,25733.25,1.1720362e+06
2015-01-06,1.434875e+06,1.4571678e+06,22292.75,1.2923932e+06
2015-01-07,1.548897e+06,1.5638605e+06,14963.5,1.31049e+06
2015-01-08,1.5734485e+06,1.594302e+06,20853.5,1.1319852e+06
2015-01-09,1.5517955e+06,1.5702882e+06,18492.75,900819.75
2015-01-10,1.3301215e+06,1.3520372e+06,21915.75,679079.25
2015-01-11,1.2453155e+06,1.2690802e+06,23764.75,595527.5
2015-01-12,1.572223e+06,1.59465e+06,22427.0,927555.25
2015-01-13,1.5577942e+06,1.5746532e+06,16859.0,989571.0
2015-01-14,1.5542542e+06,1.5755712e+06,21317.0,1.127128e+06
2015-01-15,1.5808288e+06,1.6044498e+06,23621.0,1.01465375e+06
2015-01-16,1.5340688e+06,1.5528315e+06,18762.75,1.2437962e+06
2015-01-17,1.3290008e+06,1.3508032e+06,21802.5,1.1733438e+06
2015-01-18,1.2431088e+06,1.2659205e+06,22811.75,1.0803462e+06
2015-01-19,1.559946e+06,1.5765488e+06,16602.75,1.5029042e+06
2015-01-20,1.5954715e+06,1.6145188e+06,19047.25,1.567507e+06
2015-01-21,1.5943718e+06,1.6151738e+06,20802.0,1.5246922e+06
2015-01-22,1.605934e+06,1.626908e+06,20974.0,1.5295025e+06
2015-01-23,1.580198e+06,1.600035e+06,19837.0,1.537337e+06
2015-01-24,1.3918485e+06,1.4112242e+06,19375.75,1.2282148e+06
2015-01-25,1.2650558e+06,1.2830782e+06,18022.5,1.1372108e+06
2015-01-26,1.581008e+06,1.5973658e+06,16357.75,1.3511338e+06
2015-01-27,1.5922472e+06,1.6104298e+06,18182.5,1.2969788e+06
2015-01-28,1.6134108e+06,1.6318355e+06,18424.75,1.1709975e+06
2015-01-29,1.5965852e+06,1.619049e+06,22463.75,1.1519695e+06
2015-01-30,1.5628492e+06,1.5845895e+06,21740.25,1.4590302e+06
2015-01-31,1.3451322e+06,1.3618738e+06,16741.5,1.1916308e+06
2015-02-01,1.250357e+06,1.2705708e+06,20213.75,1.1056088e+06
2015-02-02,1.592531e+06,1.6092088e+06,16677.75,1.37431e+06
2015-02-03,1.6209165e+06,1.6392378e+06,18321.25,1.491976e+06
2015-02-04,1.6263162e+06,1.6429862e+06,16670.0,1.5527322e+06
2015-02-05,1.6235232e+06,1.639476e+06,15952.75,1.4759545e+06
2015-02-06,1.597303e+06,1.6143425e+06,17039.5,1.3764212e+06
2015-02-07,1.3951472e+06,1.4133422e+06,18195.0,1.0830375e+06
2015-02-08,1.281069e+06,1.3101765e+06,29107.5,816470.0
2015-02-09,1.5958618e+06,1.6172992e+06,21437.5,1.1921988e+06
2015-02-10,1.5997495e+06,1.615662e+06,15912.5,1.421897e+06
2015-02-11,1.5946692e+06,1.6090128e+06,14343.5,1.5396372e+06
2015-02-12,1.5931745e+06,1.6093738e+06,16199.25,1.5289415e+06
2015-02-13,1.562459e+06,1.576929e+06,14470.0,1.4060862e+06
2015-02-14,1.3476575e+06,1.3736928e+06,26035.25,1.1634378e+06
2015-02-15,1.2424275e+06,1.2654938e+06,23066.25,982093.0
2015-02-16,1.5122978e+06,1.5322502e+06,19952.5,1.2422472e+06
2015-02-17,1.581008e+06,1.598066e+06,17058.0,1.4732078e+06
2015-02-18,1.589465e+06,1.608214e+06,18749.0,1.4212805e+06
2015-02-19,1.5959958e+06,1.6146095e+06,18613.75,1.2935742e+06
2015-02-20,1.5571102e+06,1.5796692e+06,22559.0,1.144866e+06
2015-02-21,1.3356872e+06,1.356719e+06,21031.75,1.00772625e+06
2015-02-22,1.2388352e+06,1.255863e+06,17027.75,1.03704375e+06
2015-02-23,1.5717842e+06,1.591508e+06,19723.75,1.1718085e+06
2015-02-24,1.5846928e+06,1.607012e+06,22319.25,1.213745e+06
2015-02-25,1.5634065e+06,1.5821602e+06,18753.75,1.3763045e+06
2015-02-26,1.5613932e+06,1.5839758e+06,22582.5,1.2863525e+06
2015-02-27,1.5485045e+06,1.5633568e+06,14852.25,1.3405095e+06
2015-02-28,1.3321638e+06,1.348547e+06,16383.25,1.056571e+06
2015-03-01,1.234739e+06,1.2573248e+06,22585.75,743517.5
2015-03-02,1.5276318e+06,1.5538755e+06,26243.75,960116.0
2015-03-03,1.5616688e+06,1.5866612e+06,24992.5,1.021959e+06
2015-03-04,1.5722675e+06,1.5893742e+06,17106.75,1.1199355e+06
2015-03-05,1.5624292e+06,1.5835962e+06,21167.0,1.3209048e+06
2015-03-06,1.530533e+06,1.5471858e+06,16652.75,1.328957e+06
2015-03-07,1.3080268e+06,1.3305775e+06,22550.75,930736.5
2015-03-08,1.175447e+06,1.202245e+06,26798.0,831270.0
2015-03-09,1.4803492e+06,1.4962025e+06,15853.25,1.2888212e+06
2015-03-10,1.525742e+06,1.5458298e+06,20087.75,1.283786e+06
2015-03-11,1.5206592e+06,1.5415842e+06,20925.0,1.2756772e+06
2015-03-12,1.5215462e+06,1.5379868e+06,16440.5,1.3464972e+06
2015-03-13,1.5088952e+06,1.5216722e+06,12777.0,1.2688162e+06
2015-03-14,1.317439e+06,1.3311428e+06,13703.75,1.1303112e+06
2015-03-15,1.2109412e+06,1.2326348e+06,21693.5,912207.75
2015-03-16,1.491624e+06,1.51e+06,18376.0,1.03717475e+06
2015-03-17,1.486214e+06,1.5089725e+06,22758.5,1.164042e+06
2015-03-18,1.4766528e+06,1.5005822e+06,23929.5,1.208774e+06
2015-03-19,1.4869482e+06,1.5078605e+06,20912.25,1.3030662e+06
2015-03-20,1.473212e+06,1.4972385e+06,24026.5,1.3165198e+06
2015-03-21,1.297006e+06,1.3154448e+06,18438.75,1.068312e+06
2015-03-22,1.1786672e+06,1.2013038e+06,22636.5,949388.5
2015-03-23,1.4745525e+06,1.4947488e+06,20196.25,1.2916245e+06
2015-03-24,1.4971855e+06,1.5176152e+06,20429.75,1.357917e+06
2015-03-25,1.483083e+06,1.5049618e+06,21878.75,1.2487548e+06
2015-03-26,1.5029722e+06,1.523625e+06,20652.75,1.342475e+06
2015-03-27,1.4927762e+06,1.516909e+06,24132.75,1.1970645e+06
2015-03-28,1.2747398e+06,1.2897595e+06,15019.75,956789.75
2015-03-29,1.1364775e+06,1.1603705e+06,23893.0,614502.25
2015-03-30,1.4907552e+06,1.515688e+06,24932.75,877527.0
2015-03-31,1.5306035e+06,1.5498622e+06,19258.75,851816.25
2015-04-01,1.5303565e+06,1.5498208e+06,19464.25,844917.5
2015-04-02,1.495043e+06,1.520047e+06,25004.0,986304.25
2015-04-03,1.174168e+06,1.1933825e+06,19214.5,851282.5
2015-04-04,1.1702168e+06,1.187428e+06,17211.25,986363.75
2015-04-05,1.078906e+06,1.101838e+06,22932.0,853222.5
2015-04-06,1.1037905e+06,1.1210742e+06,17283.75,912172.75
2015-04-07,1.4467482e+06,1.4625842e+06,15836.0,1.1419108e+06
2015-04-08,1.458387e+06,1.4748408e+06,16453.75,1.2418698e+06
2015-04-09,1.4306082e+06,1.4519742e+06,21366.0,1.230563e+06
2015-04-10,1.4034908e+06,1.4234958e+06,20005.0,1.1898715e+06
2015-04-11,1.2200222e+06,1.236257e+06,16234.75,772731.25
2015-04-12,1.1042815e+06,1.1287838e+06,24502.25,663179.5
2015-04-13,1.4228822e+06,1.447726e+06,24843.75,902057.5
2015-04-14,1.4518775e+06,1.4719092e+06,20031.75,1.0768718e+06
2015-04-15,1.4466315e+06,1.4726298e+06,25998.25,960214.5
2015-04-16,1.435797e+06,1.4597785e+06,23981.5,1.144173e+06
2015-04-17,1.4204308e+06,1.438688e+06,18257.25,1.1680495e+06
2015-04-18,1.2045745e+06,1.2292498e+06,24675.25,942961.25
2015-04-19,1.098683e+06,1.1164302e+06,17747.25,851362.0
2015-04-20,1.3990522e+06,1.4194538e+06,20401.5,1.0794938e+06
2015-04-21,1.4214855e+06,1.4444932e+06,23007.75,997698.5
2015-04-22,1.3991e+06,1.4139032e+06,14803.25,1.1196155e+06
2015-04-23,1.3898048e+06,1.4116408e+06,21836.0,1.1595918e+06
2015-04-24,1.3776498e+06,1.3981628e+06,20513.0,1.126023e+06
2015-04-25,1.1875695e+06,1.2034692e+06,15899.75,943304.25
2015-04-26,1.0759792e+06,1.0897175e+06,13738.25,872421.75
2015-04-27,1.4136512e+06,1.4294825e+06,15831.25,1.172651e+06
2015-04-28,1.4353298e+06,1.4526192e+06,17289.5,1.1974665e+06
2015-04-29,1.4329135e+06,1.4542658e+06,21352.25,1.0951672e+06
2015-04-30,1.4121092e+06,1.4303868e+06,18277.5,1.1197585e+06
2015-05-01,1.0755705e+06,1.094434e+06,18863.5,903299.5
2015-05-02,1.1112355e+06,1.1264298e+06,15194.25,932062.0
2015-05-03,1.0912182e+06,1.1093732e+06,18155.0,789875.75
2015-05-04,1.385776e+06,1.404814e+06,19038.0,1.050895e+06
2015-05-05,1.4383725e+06,1.4577302e+06,19357.75,941913.75
2015-05-06,1.422623e+06,1.4376642e+06,15041.25,985032.5
2015-05-07,1.423764e+06,1.442589e+06,18825.0,971413.25
2015-05-08,1.3846805e+06,1.4009435e+06,16263.0,1.1659655e+06
2015-05-09,1.1874958e+06,1.2038368e+06,16341.0,803028.5
2015-05-10,1.073386e+06,1.1018752e+06,28489.25,632118.0
2015-05-11,1.391791e+06,1.4089135e+06,17122.5,1.0389015e+06
2015-05-12,1.4171295e+06,1.4351792e+06,18049.75,982352.5
2015-05-13,1.3934035e+06,1.409707e+06,16303.5,982639.0
2015-05-14,1.089956e+06,1.113899e+06,23943.0,860723.75
2015-05-15,1.2315198e+06,1.2494825e+06,17962.75,1.02979075e+06
2015-05-16,1.1449905e+06,1.1590675e+06,14077.0,831944.5
2015-05-17,1.0614352e+06,1.0828335e+06,21398.25,670560.75
2015-05-18,1.3715815e+06,1.3952068e+06,23625.25,1.043338e+06
2015-05-19,1.4286775e+06,1.4478998e+06,19222.25,1.0518092e+06
2015-05-20,1.4065785e+06,1.4271122e+06,20533.75,1.207419e+06
2015-05-21,1.4051562e+06,1.422665e+06,17508.75,1.1905415e+06
2015-05-22,1.3803275e+06,1.398172e+06,17844.5,1.1620952e+06
2015-05-23,1.162168e+06,1.1776632e+06,15495.25,972206.25
2015-05-24,1.00403625e+06,1.018049e+06,14012.75,837340.0
2015-05-25,1.03252575e+06,1.0487305e+06,16204.75,849669.5
2015-05-26,1.3536578e+06,1.3749942e+06,21336.5,1.1022642e+06
2015-05-27,1.394642e+06,1.4160202e+06,21378.25,1.1503218e+06
2015-05-28,1.4022785e+06,1.4262942e+06,24015.75,975369.5
2015-05-29,1.377218e+06,1.3938352e+06,16617.25,1.0797398e+06
2015-05-30,1.1847912e+06,1.206356e+06,21564.75,780901.25
2015-05-31,1.0689248e+06,1.0996568e+06,30732.0,646993.5
2015-06-01,1.357172e+06,1.371128e+06,13956.0,1.0608555e+06
2015-06-02,1.4260452e+06,1.4482142e+06,22169.0,817305.75
2015-06-03,1.4061842e+06,1.4263778e+06,20193.5,878425.25
2015-06-04,1.1967265e+06,1.213464e+06,16737.5,934235.25
2015-06-05,1.3105318e+06,1.3290145e+06,18482.75,940656.5
2015-06-06,1.174324e+06,1.2010615e+06,26737.5,800225.25
2015-06-07,1.0525495e+06,1.0816885e+06,29139.0,755991.25
2015-06-08,1.37345e+06,1.390311e+06,16861.0,1.0965322e+06
2015-06-09,1.4138132e+06,1.4280732e+06,14260.0,1.20332e+06
2015-06-10,1.4182922e+06,1.4330438e+06,14751.5,1.1906948e+06
2015-06-11,1.4049242e+06,1.4182905e+06,13366.25,1.1728058e+06
2015-06-12,1.3965842e+06,1.4105822e+06,13998.0,1.1409925e+06
2015-06-13,1.183551e+06,1.1972902e+06,13739.25,902724.0
2015-06-14,1.0552012e+06,1.0763065e+06,21105.25,771296.5
2015-06-15,1.3543658e+06,1.3625928e+06,8227.0,1.104683e+06
2015-06-16,1.3791742e+06,1.3883128e+06,9138.5,1.1502178e+06
2015-06-17,1.383312e+06,1.3949562e+06,11644.25,1.0693455e+06
2015-06-18,1.398559e+06,1.414092e+06,15533.0,1.091205e+06
2015-06-19,1.3836828e+06,1.39857e+06,14887.25,1.0565375e+06
2015-06-20,1.1582665e+06,1.1716875e+06,13421.0,907683.5
2015-06-21,1.0666815e+06,1.0857502e+06,19068.75,884553.25
2015-06-22,1.364658e+06,1.3771892e+06,12531.25,1.1473415e+06
2015-06-23,1.4039012e+06,1.4186722e+06,14771.0,1.0853988e+06
2015-06-24,1.418049e+06,1.431257e+06,13208.0,1.0949455e+06
2015-06-25,1.400194e+06,1.4162835e+06,16089.5,1.1724575e+06
2015-06-26,1.3743648e+06,1.3874328e+06,13068.0,1.1888015e+06
2015-06-27,1.1771728e+06,1.196592e+06,19419.25,905805.25
2015-06-28,1.049237e+06,1.0733008e+06,24063.75,790577.25
2015-06-29,1.3609818e+06,1.372353e+06,11371.25,1.1263008e+06
2015-06-30,1.3824842e+06,1.3951635e+06,12679.25,1.1345922e+06
2015-07-01,1.423537e+06,1.440539e+06,17002.0,1.060784e+06
2015-07-02,1.4615938e+06,1.4821632e+06,20569.5,1.02669475e+06
2015-07-03,1.4330132e+06,1.454055e+06,21041.75,1.1570428e+06
2015-07-04,1.2161572e+06,1.2386e+06,22442.75,938006.5
2015-07-05,1.1061968e+06,1.1289772e+06,22780.5,845217.5
2015-07-06,1.4072165e+06,1.4274642e+06,20247.75,1.0261855e+06
2015-07-07,1.4382578e+06,1.4558718e+06,17614.0,1.1532605e+06
2015-07-08,1.4360672e+06,1.45335e+06,17282.75,897288.5
2015-07-09,1.4111642e+06,1.427532e+06,16367.75,851222.75
2015-07-10,1.376786e+06,1.4000135e+06,23227.5,937659.75
2015-07-11,1.1705692e+06,1.1822832e+06,11714.0,927337.25
2015-07-12,1.0823225e+06,1.1050435e+06,22721.0,827588.75
2015-07-13,1.3866115e+06,1.3981145e+06,11503.0,1.1969082e+06
2015-07-14,1.4222985e+06,1.437278e+06,14979.5,1.1963952e+06
2015-07-15,1.4194428e+06,1.4348978e+06,15455.0,1.2037282e+06
2015-07-16,1.4228588e+06,1.4384845e+06,15625.75,1.201171e+06
2015-07-17,1.4111558e+06,1.4327698e+06,21614.0,1.0564805e+06
2015-07-18,1.173462e+06,1.1933248e+06,19862.75,869893.0
2015-07-19,1.0753392e+06,1.0921672e+06,16828.0,833377.75
2015-07-20,1.3753818e+06,1.3895958e+06,14214.0,1.103359e+06
2015-07-21,1.4321588e+06,1.4526168e+06,20458.0,1.0552818e+06
2015-07-22,1.435284e+06,1.4520835e+06,16799.5,1.1867645e+06
2015-07-23,1.407231e+06,1.42267e+06,15439.0,1.1950415e+06
2015-07-24,1.3801038e+06,1.3952855e+06,15181.75,1.1262305e+06
2015-07-25,1.203321e+06,1.2258318e+06,22510.75,625029.5
2015-07-26,1.0561762e+06,1.0766305e+06,20454.25,605153.5
2015-07-27,1.352494e+06,1.3744662e+06,21972.25,964868.0
2015-07-28,1.3883608e+06,1.4045215e+06,16160.75,834006.75
2015-07-29,1.378486e+06,1.398061e+06,19575.0,867445.75
2015-07-30,1.3776528e+06,1.3981068e+06,20454.0,838947.0
2015-07-31,1.334274e+06,1.352715e+06,18441.0,1.00593225e+06
2015-08-01,1.1400565e+06,1.156323e+06,16266.5,918897.0
2015-08-02,1.04017175e+06,1.060509e+06,20337.25,815759.5
2015-08-03,1.3414285e+06,1.3596168e+06,18188.25,1.012496e+06
2015-08-04,1.378695e+06,1.3991138e+06,20418.75,1.0714995e+06
2015-08-05,1.3569788e+06,1.3748232e+06,17844.5,1.0970952e+06
2015-08-06,1.3853052e+06,1.4079855e+06,22680.25,1.0956378e+06
2015-08-07,1.3592872e+06,1.3793618e+06,20074.5,1.1104508e+06
2015-08-08,1.1891202e+06,1.2063288e+06,17208.5,902978.0
2015-08-09,1.0776998e+06,1.0972658e+06,19566.0,837729.0
2015-08-10,1.349076e+06,1.366099e+06,17023.0,1.1241228e+06
2015-08-11,1.389722e+06,1.410708e+06,20986.0,1.1408592e+06
2015-08-12,1.38733e+06,1.4052305e+06,17900.5,1.1570595e+06
2015-08-13,1.3937462e+06,1.4166572e+06,22911.0,1.02028125e+06
2015-08-14,1.3703718e+06,1.3905895e+06,20217.75,1.014107e+06
2015-08-15,1.1533155e+06,1.169124e+06,15808.5,961820.25
2015-08-16,1.0639235e+06,1.0787218e+06,14798.25,915808.75
2015-08-17,1.3470758e+06,1.3642965e+06,17220.75,1.1577382e+06
2015-08-18,1.3631378e+06,1.3817102e+06,18572.5,1.1526902e+06
2015-08-19,1.355961e+06,1.3725722e+06,16611.25,1.2161298e+06
2015-08-20,1.3636925e+06,1.3833088e+06,19616.25,1.213758e+06
2015-08-21,1.3424518e+06,1.3591642e+06,16712.5,1.1182265e+06
2015-08-22,1.1563902e+06,1.1739922e+06,17602.0,852917.0
2015-08-23,1.0693422e+06,1.0977048e+06,28362.5,601343.75
2015-08-24,1.3743615e+06,1.3905678e+06,16206.25,999599.25
2015-08-25,1.4090835e+06,1.4328895e+06,23806.0,880502.75
2015-08-26,1.4119812e+06,1.434926e+06,22944.75,947105.25
2015-08-27,1.414906e+06,1.4302542e+06,15348.25,1.0569818e+06
2015-08-28,1.3805128e+06,1.397466e+06,16953.25,1.182815e+06
2015-08-29,1.1745535e+06,1.1926682e+06,18114.75,960396.25
2015-08-30,1.0796322e+06,1.1023772e+06,22745.0,873663.5
2015-08-31,1.395918e+06,1.4135405e+06,17622.5,1.1341575e+06
2015-09-01,1.4352398e+06,1.4564285e+06,21188.75,1.1260912e+06
2015-09-02,1.4100182e+06,1.4306938e+06,20675.5,1.094585e+06
2015-09-03,1.400276e+06,1.4154962e+06,15220.25,1.196362e+06
2015-09-04,1.3841132e+06,1.402696e+06,18582.75,1.03957625e+06
2015-09-05,1.1888228e+06,1.2117982e+06,22975.5,656716.0
2015-09-06,1.0991242e+06,1.1309815e+06,31857.25,503110.0
2015-09-07,1.3825868e+06,1.3955945e+06,13007.75,1.1314475e+06
2015-09-08,1.414328e+06,1.4299645e+06,15636.5,1.2151292e+06
2015-09-09,1.401616e+06,1.4192395e+06,17623.5,1.1703762e+06
2015-09-10,1.404584e+06,1.4212312e+06,16647.25,1.1161948e+06
2015-09-11,1.3934702e+06,1.4063045e+06,12834.25,1.1056262e+06
2015-09-12,1.1962812e+06,1.2149932e+06,18712.0,919954.0
2015-09-13,1.0932662e+06,1.112933e+06,19666.75,865836.5
2015-09-14,1.4076048e+06,1.4246138e+06,17009.0,1.1184058e+06
2015-09-15,1.4473005e+06,1.4652302e+06,17929.75,989880.0
2015-09-16,1.4500075e+06,1.4632615e+06,13254.0,1.0748625e+06
2015-09-17,1.458469e+06,1.472895e+06,14426.0,937261.0
2015-09-18,1.4007705e+06,1.4190615e+06,18291.0,1.0903958e+06
2015-09-19,1.1863302e+06,1.2036868e+06,17356.5,992969.25
2015-09-20,1.0909598e+06,1.119058e+06,28098.25,833764.25
2015-09-21,1.3907485e+06,1.4055865e+06,14838.0,1.1677242e+06
2015-09-22,1.435608e+06,1.4549462e+06,19338.25,1.1894012e+06
2015-09-23,1.434547e+06,1.4589252e+06,24378.25,1.2923525e+06
2015-09-24,1.4339482e+06,1.4571788e+06,23230.5,1.1416775e+06
2015-09-25,1.4134572e+06,1.4280188e+06,14561.5,1.2232462e+06
2015-09-26,1.2129198e+06,1.2314365e+06,18516.75,1.0536752e+06
2015-09-27,1.095111e+06,1.119219e+06,24108.0,873218.5
2015-09-28,1.4072475e+06,1.4270975e+06,19850.0,1.190574e+06
2015-09-29,1.446055e+06,1.467745e+06,21690.0,1.1391395e+06
2015-09-30,1.439201e+06,1.457965e+06,18764.0,1.130302e+06
2015-10-01,1.4115335e+06,1.434073e+06,22539.5,1.1341882e+06
2015-10-02,1.3871052e+06,1.4069528e+06,19847.5,1.149383e+06
2015-10-03,1.1039418e+06,1.1196008e+06,15659.0,904851.0
2015-10-04,1.081326e+06,1.1016312e+06,20305.25,953724.5
2015-10-05,1.3812065e+06,1.394458e+06,13251.5,1.162614e+06
2015-10-06,1.4622332e+06,1.4766938e+06,14460.5,1.1128938e+06
2015-10-07,1.456866e+06,1.4787595e+06,21893.5,1.2110895e+06
2015-10-08,1.45147e+06,1.4721485e+06,20678.5,1.3472522e+06
2015-10-09,1.4234045e+06,1.442995e+06,19590.5,1.3188732e+06
2015-10-10,1.2101695e+06,1.2262385e+06,16069.0,956602.75
2015-10-11,1.111534e+06,1.1414885e+06,29954.5,675697.75
2015-10-12,1.4205952e+06,1.4440885e+06,23493.25,1.0749792e+06
2015-10-13,1.490625e+06,1.5072735e+06,16648.5,1.3119558e+06
2015-10-14,1.5237372e+06,1.5461292e+06,22392.0,1.366814e+06
2015-10-15,1.5213782e+06,1.5436462e+06,22268.0,1.334774e+06
2015-10-16,1.4870502e+06,1.5084968e+06,21446.5,1.3801322e+06
2015-10-17,1.2595805e+06,1.2740582e+06,14477.75,1.2008725e+06
2015-10-18,1.1557362e+06,1.1767725e+06,21036.25,1.0954238e+06
2015-10-19,1.4602308e+06,1.4794185e+06,19187.75,1.400658e+06
2015-10-20,1.4909495e+06,1.511192e+06,20242.5,1.4294688e+06
2015-10-21,1.4864562e+06,1.5073652e+06,20909.0,1.329344e+06
2015-10-22,1.4958075e+06,1.514433e+06,18625.5,1.2003802e+06
2015-10-23,1.455423e+06,1.4733145e+06,17891.5,1.2089045e+06
2015-10-24,1.2457885e+06,1.2656835e+06,19895.0,1.04717525e+06
2015-10-25,1.1975955e+06,1.2189528e+06,21357.25,1.03557075e+06
2015-10-26,1.4387092e+06,1.4600968e+06,21387.5,1.2260585e+06
2015-10-27,1.4836682e+06,1.503304e+06,19635.75,1.255548e+06
2015-10-28,1.4959792e+06,1.5173182e+06,21339.0,1.2791302e+06
2015-10-29,1.4865442e+06,1.5049528e+06,18408.5,1.4216918e+06
2015-10-30,1.4649095e+06,1.4879852e+06,23075.75,1.3455272e+06
2015-10-31,1.2277078e+06,1.2490668e+06,21359.0,968255.0
2015-11-01,1.1438298e+06,1.165218e+06,21388.25,973321.0
2015-11-02,1.4594862e+06,1.475181e+06,15694.75,1.3422745e+06
2015-11-03,1.501974e+06,1.522457e+06,20483.0,1.3943852e+06
2015-11-04,1.5019642e+06,1.5216932e+06,19729.0,1.3559442e+06
2015-11-05,1.480819e+06,1.5013752e+06,20556.25,1.3112885e+06
2015-11-06,1.4625735e+06,1.481291e+06,18717.5,1.2113605e+06
2015-11-07,1.2661638e+06,1.2877192e+06,21555.5,897713.25
2015-11-08,1.1505942e+06,1.177575e+06,26980.75,759375.75
2015-11-09,1.480767e+06,1.5065012e+06,25734.25,876282.0
2015-11-10,1.518108e+06,1.5429968e+06,24888.75,890559.5
2015-11-11,1.5075642e+06,1.5306782e+06,23114.0,1.0722805e+06
2015-11-12,1.5096835e+06,1.5315912e+06,21907.75,1.1745205e+06
2015-11-13,1.5108918e+06,1.5333262e+06,22434.5,1.0220055e+06
2015-11-14,1.3012512e+06,1.3229285e+06,21677.25,674661.0
2015-11-15,1.2082502e+06,1.2341978e+06,25947.5,655904.5
2015-11-16,1.4946042e+06,1.5156112e+06,21007.0,1.0132745e+06
2015-11-17,1.5405402e+06,1.560153e+06,19612.75,1.0465375e+06
2015-11-18,1.5372725e+06,1.5639372e+06,26664.75,804475.0
2015-11-19,1.561215e+06,1.5848472e+06,23632.25,865901.0
2015-11-20,1.522261e+06,1.5433175e+06,21056.5,1.1950958e+06
2015-11-21,1.3148822e+06,1.342296e+06,27413.75,1.090205e+06
2015-11-22,1.2315158e+06,1.2582878e+06,26772.0,914377.25
2015-11-23,1.5435755e+06,1.5629172e+06,19341.75,1.3622038e+06
2015-11-24,1.6131775e+06,1.637668e+06,24490.5,1.172225e+06
2015-11-25,1.6011582e+06,1.6216868e+06,20528.5,1.4058585e+06
2015-11-26,1.579375e+06,1.6032425e+06,23867.5,1.457803e+06
2015-11-27,1.554779e+06,1.5754325e+06,20653.5,1.2837065e+06
2015-11-28,1.3596688e+06,1.3810625e+06,21393.75,859872.75
2015-11-29,1.2719872e+06,1.2967312e+06,24744.0,567790.5
2015-11-30,1.5606715e+06,1.583214e+06,22542.5,948509.5
2015-12-01,1.5730202e+06,1.5967155e+06,23695.25,1.1458175e+06
2015-12-02,1.5648142e+06,1.5873055e+06,22491.25,1.2064818e+06
2015-12-03,1.546209e+06,1.568282e+06,22073.0,1.2370682e+06
2015-12-04,1.5433965e+06,1.563564e+06,20167.5,1.0192465e+06
2015-12-05,1.32745e+06,1.3562295e+06,28779.5,711818.5
2015-12-06,1.2287625e+06,1.2518712e+06,23108.75,588414.5
2015-12-07,1.5116532e+06,1.5298552e+06,18202.0,1.3491072e+06
2015-12-08,1.5599952e+06,1.5840888e+06,24093.5,1.3074645e+06
2015-12-09,1.5614205e+06,1.5850098e+06,23589.25,1.2606145e+06
2015-12-10,1.583296e+06,1.6059258e+06,22629.75,1.1647778e+06
2015-12-11,1.5727808e+06,1.5936132e+06,20832.5,1.03774375e+06
2015-12-12,1.3197555e+06,1.3413342e+06,21578.75,873528.0
2015-12-13,1.22408e+06,1.249307e+06,25227.0,890231.0
2015-12-14,1.5307788e+06,1.5500535e+06,19274.75,1.396875e+06
2015-12-15,1.546101e+06,1.566123e+06,20022.0,1.446142e+06
2015-12-16,1.5447988e+06,1.5663042e+06,21505.5,1.287309e+06
2015-12-17,1.4917385e+06,1.5128908e+06,21152.25,1.1321382e+06
2015-12-18,1.4512112e+06,1.4736528e+06,22441.5,1.1057668e+06
2015-12-19,1.2502818e+06,1.2687402e+06,18458.5,907751.25
2015-12-20,1.1622535e+06,1.1845462e+06,22292.75,761502.25
2015-12-21,1.3885908e+06,1.4160932e+06,27502.5,807311.25
2015-12-22,1.3712532e+06,1.3956402e+06,24387.0,701271.0
2015-12-23,1.3137675e+06,1.336765e+06,22997.5,718573.0
2015-12-24,1.121023e+06,1.1495675e+06,28544.5,645366.0
2015-12-25,1.035062e+06,1.0587068e+06,23644.75,583678.75
2015-12-26,1.0416105e+06,1.067326e+06,25715.5,384972.25
2015-12-27,1.0675745e+06,1.0838098e+06,16235.25,576290.75
2015-12-28,1.2113072e+06,1.2326478e+06,21340.5,970961.25
2015-12-29,1.2232328e+06,1.2503172e+06,27084.5,877723.25
2015-12-30,1.2307535e+06,1.2523412e+06,21587.75,896634.5
2015-12-31,1.1645825e+06,1.2032398e+06,38657.25,825332.25
2016-01-01,1.0569962e+06,1.0860685e+06,29072.25,930884.5
2016-01-02,1.1943415e+06,1.2234552e+06,29113.75,778859.75
2016-01-03,1.1790058e+06,1.2091162e+06,30110.5,745832.75
2016-01-04,1.443721e+06,1.4721112e+06,28390.25,1.1363372e+06
2016-01-05,1.496659e+06,1.5252018e+06,28542.75,1.260735e+06
2016-01-06,1.4463038e+06,1.4760698e+06,29766.0,1.2671955e+06
2016-01-07,1.538899e+06,1.5728835e+06,33984.5,1.2121838e+06
2016-01-08,1.5194868e+06,1.5545875e+06,35100.75,996030.0
2016-01-09,1.3002082e+06,1.3255428e+06,25334.5,1.0739135e+06
2016-01-10,1.2179982e+06,1.2646682e+06,46670.0,845852.25
2016-01-11,1.5458208e+06,1.5716795e+06,25858.75,1.3334802e+06
2016-01-12,1.570874e+06,1.6014985e+06,30624.5,1.252203e+06
2016-01-13,1.584378e+06,1.6177105e+06,33332.5,1.2256958e+06
2016-01-14,1.5719445e+06,1.6030735e+06,31129.0,1.289695e+06
2016-01-15,1.573183e+06,1.6023225e+06,29139.5,1.4041948e+06
2016-01-16,1.3524478e+06,1.3856838e+06,33236.0,1.209138e+06
2016-01-17,1.2648812e+06,1.3084925e+06,43611.25,1.1447772e+06
2016-01-18,1.6013208e+06,1.6303752e+06,29054.5,1.4949472e+06
2016-01-19,1.64553e+06,1.6782328e+06,32702.75,1.453867e+06
2016-01-20,1.6359272e+06,1.6742082e+06,38281.0,1.503217e+06
2016-01-21,1.6267422e+06,1.6647268e+06,37984.5,1.5617848e+06
2016-01-22,1.6187868e+06,1.6528182e+06,34031.5,1.3854898e+06
2016-01-23,1.3873362e+06,1.4188705e+06,31534.25,1.0919982e+06
2016-01-24,1.2570625e+06,1.2893898e+06,32327.25,978540.75
2016-01-25,1.5298815e+06,1.5541322e+06,24250.75,1.185746e+06
2016-01-26,1.5588035e+06,1.5936285e+06,34825.0,1.0329685e+06
2016-01-27,1.5718068e+06,1.6059275e+06,34120.75,882138.5
2016-01-28,1.5505715e+06,1.579459e+06,28887.5,1.03332225e+06
2016-01-29,1.5361842e+06,1.5727558e+06,36571.5,840530.0
2016-01-30,1.3456142e+06,1.3799365e+06,34322.25,633548.75
2016-01-31,1.2291945e+06,1.2714645e+06,42270.0,706491.25
2016-02-01,1.5393825e+06,1.571706e+06,32323.5,972226.5
2016-02-02,1.5758895e+06,1.6136085e+06,37719.0,848275.75
2016-02-03,1.5744768e+06,1.6103125e+06,35835.75,996265.5
2016-02-04,1.5741775e+06,1.6068805e+06,32703.0,1.1805372e+06
2016-02-05,1.531236e+06,1.558813e+06,27577.0,1.2414255e+06
2016-02-06,1.301268e+06,1.328704e+06,27436.0,832058.25
2016-02-07,1.2058852e+06,1.2546595e+06,48774.25,646520.25
2016-02-08,1.505158e+06,1.5381542e+06,32996.25,724910.75
2016-02-09,1.5533982e+06,1.5876338e+06,34235.5,908155.5
2016-02-10,1.575404e+06,1.6052745e+06,29870.5,1.133759e+06
2016-02-11,1.5481302e+06,1.5819302e+06,33800.0,1.173186e+06
2016-02-12,1.5273715e+06,1.5506692e+06,23297.75,1.3719782e+06
2016-02-13,1.3331475e+06,1.3553482e+06,22200.75,1.1255148e+06
2016-02-14,1.2328655e+06,1.2737828e+06,40917.25,914343.5
2016-02-15,1.554765e+06,1.579493e+06,24728.0,1.3129895e+06
2016-02-16,1.5834995e+06,1.6122992e+06,28799.75,1.4600642e+06
2016-02-17,1.5973778e+06,1.6315602e+06,34182.5,1.3503382e+06
2016-02-18,1.5607155e+06,1.5884968e+06,27781.25,1.4146498e+06
2016-02-19,1.559821e+06,1.5842268e+06,24405.75,1.4136638e+06
2016-02-20,1.3853595e+06,1.4108245e+06,25465.0,763069.5
2016-02-21,1.2403772e+06,1.285757e+06,45379.75,579033.25
2016-02-22,1.538585e+06,1.5725798e+06,33994.75,926428.5
2016-02-23,1.5581828e+06,1.5847285e+06,26545.75,1.2212332e+06
2016-02-24,1.548715e+06,1.5845832e+06,35868.25,1.2099545e+06
2016-02-25,1.5556228e+06,1.580059e+06,24436.25,1.3317098e+06
2016-02-26,1.514776e+06,1.53938e+06,24604.0,1.3425802e+06
2016-02-27,1.2948795e+06,1.3201872e+06,25307.75,1.0720762e+06
2016-02-28,1.2088622e+06,1.23977e+06,30907.75,952751.25
2016-02-29,1.5188615e+06,1.5445855e+06,25724.0,1.2245078e+06
2016-03-01,1.5825608e+06,1.6078075e+06,25246.75,1.2992015e+06
2016-03-02,1.567465e+06,1.602264e+06,34799.0,1.1635408e+06
2016-03-03,1.5516398e+06,1.5803092e+06,28669.5,1.3923368e+06
2016-03-04,1.530989e+06,1.5528032e+06,21814.25,1.1768038e+06
2016-03-05,1.30533e+06,1.3294242e+06,24094.25,1.1707995e+06
2016-03-06,1.2099402e+06,1.245693e+06,35752.75,1.04499875e+06
2016-03-07,1.5021708e+06,1.5213008e+06,19130.0,1.3674185e+06
2016-03-08,1.5482908e+06,1.5754352e+06,27144.5,1.406326e+06
2016-03-09,1.541114e+06,1.5721745e+06,31060.5,1.1833732e+06
2016-03-10,1.5285425e+06,1.5558192e+06,27276.75,1.3040145e+06
2016-03-11,1.50618e+06,1.526587e+06,20407.0,1.3441408e+06
2016-03-12,1.30058e+06,1.3158885e+06,15308.5,1.151343e+06
2016-03-13,1.1879595e+06,1.2292948e+06,41335.25,992684.75
2016-03-14,1.475316e+06,1.494337e+06,19021.0,1.2483798e+06
2016-03-15,1.537672e+06,1.5604608e+06,22788.75,1.345756e+06
2016-03-16,1.5343242e+06,1.5643955e+06,30071.25,1.1656682e+06
2016-03-17,1.5028202e+06,1.525301e+06,22480.75,1.2628185e+06
2016-03-18,1.4962405e+06,1.518645e+06,22404.5,1.245884e+06
2016-03-19,1.2926338e+06,1.308984e+06,16350.25,1.0957215e+06
2016-03-20,1.1950198e+06,1.2280978e+06,33078.0,842006.75
2016-03-21,1.4875465e+06,1.508628e+06,21081.5,1.101278e+06
2016-03-22,1.5092738e+06,1.5337922e+06,24518.5,1.2536752e+06
2016-03-23,1.501967e+06,1.5256065e+06,23639.5,1.2995278e+06
2016-03-24,1.4739922e+06,1.4935868e+06,19594.5,1.3281645e+06
2016-03-25,1.1936805e+06,1.214774e+06,21093.5,978353.25
2016-03-26,1.171675e+06,1.194802e+06,23127.0,811259.75
2016-03-27,1.03963475e+06,1.073467e+06,33832.25,561318.5
2016-03-28,1.1192078e+06,1.1606902e+06,41482.5,527735.0
2016-03-29,1.4200802e+06,1.4473048e+06,27224.5,880327.0
2016-03-30,1.4692002e+06,1.5006052e+06,31405.0,1.085919e+06
2016-03-31,1.458785e+06,1.4786368e+06,19851.75,1.2599098e+06
2016-04-01,1.4484538e+06,1.4734508e+06,24997.0,1.2457522e+06
2016-04-02,1.22029e+06,1.244538e+06,24248.0,905010.75
2016-04-03,1.1037108e+06,1.1424315e+06,38720.75,866328.5
2016-04-04,1.3902552e+06,1.4122262e+06,21971.0,1.1345915e+06
2016-04-05,1.4365065e+06,1.460667e+06,24160.5,1.2152975e+06
2016-04-06,1.4665398e+06,1.493894e+06,27354.25,951410.25
2016-04-07,1.4641948e+06,1.4917018e+06,27507.0,990035.0
2016-04-08,1.4272418e+06,1.451983e+06,24741.25,1.20899e+06
2016-04-09,1.2027345e+06,1.221475e+06,18740.5,1.0252685e+06
2016-04-10,1.0947578e+06,1.1309868e+06,36229.0,812193.0
2016-04-11,1.3990908e+06,1.4117772e+06,12686.5,1.0007665e+06
2016-04-12,1.424561e+06,1.4479325e+06,23371.5,1.1895405e+06
2016-04-13,1.4459085e+06,1.464916e+06,19007.5,1.292832e+06
2016-04-14,1.4438698e+06,1.4722642e+06,28394.5,1.2647755e+06
2016-04-15,1.4262652e+06,1.4481085e+06,21843.25,1.1423835e+06
2016-04-16,1.218591e+06,1.2492402e+06,30649.25,795818.5
2016-04-17,1.1033542e+06,1.13415e+06,30795.75,815570.5
2016-04-18,1.4018682e+06,1.4188715e+06,17003.25,1.029332e+06
2016-04-19,1.4334395e+06,1.4632345e+06,29795.0,905156.75
2016-04-20,1.4179262e+06,1.4378828e+06,19956.5,1.02449075e+06
2016-04-21,1.4087975e+06,1.425823e+06,17025.5,1.1042465e+06
2016-04-22,1.3924348e+06,1.413432e+06,20997.25,1.0608168e+06
2016-04-23,1.2076758e+06,1.231116e+06,23440.25,925430.5
2016-04-24,1.1117272e+06,1.1570348e+06,45307.5,792265.5
2016-04-25,1.436783e+06,1.456076e+06,19293.0,1.0749562e+06
2016-04-26,1.4737612e+06,1.502592e+06,28830.75,1.1068148e+06
2016-04-27,1.4943395e+06,1.52691e+06,32570.5,992174.25
2016-04-28,1.465108e+06,1.4851208e+06,20012.75,1.1254365e+06
2016-04-29,1.4264542e+06,1.4553075e+06,28853.25,968535.25
2016-04-30,1.1894342e+06,1.2116958e+06,22261.5,882337.0
2016-05-01,1.0615868e+06,1.1131318e+06,51545.0,721707.75
2016-05-02,1.3742252e+06,1.3895272e+06,15302.0,1.096619e+06
2016-05-03,1.442984e+06,1.4685445e+06,25560.5,1.0939142e+06
2016-05-04,1.4185355e+06,1.4411808e+06,22645.25,1.153991e+06
2016-05-05,1.1242188e+06,1.1569165e+06,32697.75,776204.75
2016-05-06,1.2558595e+06,1.279857e+06,23997.5,785966.5
2016-05-07,1.160427e+06,1.199507e+06,39080.0,631189.0
2016-05-08,1.0739565e+06,1.122047e+06,48090.5,456982.75
2016-05-09,1.3957792e+06,1.4174732e+06,21694.0,820092.75
2016-05-10,1.4240225e+06,1.454303e+06,30280.5,998328.0
2016-05-11,1.4286872e+06,1.4556985e+06,27011.25,952010.75
2016-05-12,1.4491622e+06,1.4772105e+06,28048.25,980410.0
2016-05-13,1.4014792e+06,1.4226725e+06,21193.25,1.052e+06
2016-05-14,1.1879842e+06,1.2127805e+06,24796.25,670516.25
2016-05-15,1.0548655e+06,1.0968712e+06,42005.75,526038.0
2016-05-16,1.0744608e+06,1.1018428e+06,27382.0,687958.75
2016-05-17,1.3778485e+06,1.396508e+06,18659.5,1.0553322e+06
2016-05-18,1.4212272e+06,1.447897e+06,26669.75,1.1834358e+06
2016-05-19,1.4329255e+06,1.4581865e+06,25261.0,1.2550032e+06
2016-05-20,1.4192635e+06,1.445117e+06,25853.5,1.0899985e+06
2016-05-21,1.1874455e+06,1.212894e+06,25448.5,880445.25
2016-05-22,1.090591e+06,1.1231715e+06,32580.5,684434.75
2016-05-23,1.3986142e+06,1.4219395e+06,23325.25,1.1452408e+06
2016-05-24,1.4381375e+06,1.4627025e+06,24565.0,1.182008e+06
2016-05-25,1.4132165e+06,1.4336678e+06,20451.25,1.2823728e+06
2016-05-26,1.219604e+06,1.2418802e+06,22276.25,1.031934e+06
2016-05-27,1.3085968e+06,1.3334955e+06,24898.75,1.129907e+06
2016-05-28,1.180774e+06,1.203607e+06,22833.0,944869.25
2016-05-29,1.0959922e+06,1.126557e+06,30564.75,813585.0
2016-05-30,1.4004255e+06,1.4287105e+06,28285.0,1.02708025e+06
2016-05-31,1.4344845e+06,1.4556392e+06,21154.75,1.1764725e+06
2016-06-01,1.4206572e+06,1.4437618e+06,23104.5,1.152225e+06
2016-06-02,1.41364e+06,1.4411595e+06,27519.5,1.180032e+06
2016-06-03,1.3854125e+06,1.4108665e+06,25454.0,1.1480072e+06
2016-06-04,1.1711615e+06,1.190323e+06,19161.5,952094.25
2016-06-05,1.0682758e+06,1.0991098e+06,30834.0,849200.25
2016-06-06,1.3672032e+06,1.3843318e+06,17128.5,1.0854942e+06
2016-06-07,1.3988128e+06,1.4216745e+06,22861.75,1.1334295e+06
2016-06-08,1.4025315e+06,1.4238355e+06,21304.0,1.0845095e+06
2016-06-09,1.3930122e+06,1.4138392e+06,20827.0,1.139405e+06
2016-06-10,1.3659248e+06,1.386348e+06,20423.25,991555.75
2016-06-11,1.1573448e+06,1.1747215e+06,17376.75,982822.0
2016-06-12,1.0737325e+06,1.1094888e+06,35756.25,867338.5
2016-06-13,1.3707935e+06,1.3919898e+06,21196.25,1.145261e+06
2016-06-14,1.399323e+06,1.4241468e+06,24823.75,1.194593e+06
2016-06-15,1.3928088e+06,1.418347e+06,25538.25,1.1985038e+06
2016-06-16,1.4008608e+06,1.4235662e+06,22705.5,1.230463e+06
2016-06-17,1.3943685e+06,1.4237605e+06,29392.0,1.1283545e+06
2016-06-18,1.1774308e+06,1.2008962e+06,23465.5,858172.75
2016-06-19,1.070321e+06,1.109829e+06,39508.0,836949.25
2016-06-20,1.3640735e+06,1.391397e+06,27323.5,966879.5
2016-06-21,1.381672e+06,1.4046352e+06,22963.25,1.1391622e+06
2016-06-22,1.3928295e+06,1.419835e+06,27005.5,1.1539188e+06
2016-06-23,1.4147362e+06,1.447543e+06,32806.75,1.04755475e+06
2016-06-24,1.409257e+06,1.4334168e+06,24159.75,1.098589e+06
2016-06-25,1.1998398e+06,1.220053e+06,20213.25,947058.75
2016-06-26,1.0734122e+06,1.115995e+06,42582.75,733362.5
2016-06-27,1.3869735e+06,1.412661e+06,25687.5,1.04317325e+06
2016-06-28,1.4087735e+06,1.4288805e+06,20107.0,1.1656445e+06
2016-06-29,1.4303635e+06,1.4598672e+06,29503.75,1.00936875e+06
2016-06-30,1.4181212e+06,1.4448642e+06,26743.0,1.1438148e+06
2016-07-01,1.3921662e+06,1.4226868e+06,30520.5,981899.75
2016-07-02,1.1913208e+06,1.212442e+06,21121.25,812960.0
2016-07-03,1.066202e+06,1.1097148e+06,43512.75,701962.25
2016-07-04,1.368641e+06,1.390151e+06,21510.0,1.1245482e+06
2016-07-05,1.436211e+06,1.4604548e+06,24243.75,972238.75
2016-07-06,1.4274765e+06,1.462879e+06,35402.5,784986.5
2016-07-07,1.3996655e+06,1.4247278e+06,25062.25,1.054516e+06
2016-07-08,1.4062985e+06,1.4267442e+06,20445.75,1.02592725e+06
2016-07-09,1.1898735e+06,1.2183075e+06,28434.0,782410.0
2016-07-10,1.0902685e+06,1.131993e+06,41724.5,695052.5
2016-07-11,1.4037432e+06,1.431402e+06,27658.75,900881.25
2016-07-12,1.4178732e+06,1.440446e+06,22572.75,1.1280162e+06
2016-07-13,1.395361e+06,1.4132442e+06,17883.25,1.211149e+06
2016-07-14,1.409371e+06,1.4327388e+06,23367.75,1.001995e+06
2016-07-15,1.3821352e+06,1.4047912e+06,22656.0,929771.5
2016-07-16,1.1687595e+06,1.1903168e+06,21557.25,877695.0
2016-07-17,1.0732868e+06,1.1068072e+06,33520.5,825662.75
2016-07-18,1.364769e+06,1.3805815e+06,15812.5,1.0705655e+06
2016-07-19,1.399456e+06,1.418104e+06,18648.0,1.149741e+06
2016-07-20,1.422831e+06,1.446966e+06,24135.0,1.069204e+06
2016-07-21,1.4184332e+06,1.4411932e+06,22760.0,1.1822448e+06
2016-07-22,1.3859728e+06,1.4053838e+06,19411.0,1.1468465e+06
2016-07-23,1.1751118e+06,1.1892268e+06,14115.0,992497.0
2016-07-24,1.0699172e+06,1.101652e+06,31734.75,887576.75
2016-07-25,1.371152e+06,1.3852612e+06,14109.25,1.1681352e+06
2016-07-26,1.395741e+06,1.4143845e+06,18643.5,1.2037928e+06
2016-07-27,1.3918075e+06,1.4135275e+06,21720.0,1.1637688e+06
2016-07-28,1.3790012e+06,1.398653e+06,19651.75,1.1874888e+06
2016-07-29,1.351715e+06,1.3709255e+06,19210.5,1.0792652e+06
2016-07-30,1.1527532e+06,1.1755418e+06,22788.5,869734.0
2016-07-31,1.0538832e+06,1.078741e+06,24857.75,897741.75
2016-08-01,1.3144562e+06,1.332882e+06,18425.75,997973.25
2016-08-02,1.3617842e+06,1.3805378e+06,18753.5,1.195665e+06
2016-08-03,1.3826985e+06,1.4024712e+06,19772.75,1.0115695e+06
2016-08-04,1.3816932e+06,1.402641e+06,20947.75,992338.75
2016-08-05,1.3340612e+06,1.3600938e+06,26032.5,1.0926135e+06
2016-08-06,1.1339402e+06,1.155199e+06,21258.75,825947.0
2016-08-07,1.03370325e+06,1.0759855e+06,42282.25,625721.25
2016-08-08,1.3371292e+06,1.359893e+06,22763.75,802897.5
2016-08-09,1.3489118e+06,1.3694058e+06,20494.0,1.044372e+06
2016-08-10,1.346039e+06,1.3722138e+06,26174.75,1.039132e+06
2016-08-11,1.3398072e+06,1.3675758e+06,27768.5,999545.0
2016-08-12,1.3442322e+06,1.364569e+06,20336.75,1.0928238e+06
2016-08-13,1.156851e+06,1.186693e+06,29842.0,706083.75
2016-08-14,1.044811e+06,1.0825238e+06,37712.75,775196.5
2016-08-15,1.278615e+06,1.2960985e+06,17483.5,1.03963475e+06
2016-08-16,1.3430822e+06,1.3611668e+06,18084.5,1.0968848e+06
2016-08-17,1.3416125e+06,1.3635305e+06,21918.0,1.1062848e+06
2016-08-18,1.3572002e+06,1.3807258e+06,23525.5,1.1445145e+06
2016-08-19,1.3420755e+06,1.3664088e+06,24333.25,1.1377055e+06
2016-08-20,1.1680955e+06,1.189477e+06,21381.5,911680.25
2016-08-21,1.055035e+06,1.1038622e+06,48827.25,682265.5
2016-08-22,1.3628538e+06,1.386441e+06,23587.25,1.0534978e+06
2016-08-23,1.3863032e+06,1.4059695e+06,19666.25,1.147783e+06
2016-08-24,1.3933225e+06,1.4219125e+06,28590.0,1.0909222e+06
2016-08-25,1.4066008e+06,1.4335985e+06,26997.75,1.0246925e+06
2016-08-26,1.391936e+06,1.4152422e+06,23306.25,1.056497e+06
2016-08-27,1.1950972e+06,1.2164062e+06,21309.0,933012.75
2016-08-28,1.0915252e+06,1.123888e+06,32362.75,708733.0
2016-08-29,1.393193e+06,1.4191478e+06,25954.75,1.042864e+06
2016-08-30,1.3817638e+06,1.4051558e+06,23392.0,1.1084235e+06
2016-08-31,1.3842402e+06,1.4086975e+06,24457.25,1.131398e+06
2016-09-01,1.3914045e+06,1.4170478e+06,25643.25,1.1666498e+06
2016-09-02,1.3651815e+06,1.384287e+06,19105.5,1.098954e+06
2016-09-03,1.153044e+06,1.1785042e+06,25460.25,906091.75
2016-09-04,1.0815078e+06,1.1143825e+06,32874.75,742336.5
2016-09-05,1.36473e+06,1.3830465e+06,18316.5,1.111857e+06
2016-09-06,1.3756858e+06,1.402555e+06,26869.25,1.1722568e+06
2016-09-07,1.3854198e+06,1.4106182e+06,25198.5,1.1264395e+06
2016-09-08,1.4064195e+06,1.4338905e+06,27471.0,1.1136285e+06
2016-09-09,1.3756792e+06,1.4012108e+06,25531.5,1.1514908e+06
2016-09-10,1.153325e+06,1.1756745e+06,22349.5,938547.25
2016-09-11,1.0593685e+06,1.097311e+06,37942.5,838083.75
2016-09-12,1.374399e+06,1.392884e+06,18485.0,1.121423e+06
2016-09-13,1.4128868e+06,1.4417765e+06,28889.75,1.098526e+06
2016-09-14,1.4071458e+06,1.434859e+06,27713.25,1.02015025e+06
2016-09-15,1.4119232e+06,1.434597e+06,22673.75,982118.25
2016-09-16,1.3653905e+06,1.3891892e+06,23798.75,1.164688e+06
2016-09-17,1.161548e+06,1.1824688e+06,20920.75,940477.75
2016-09-18,1.0691992e+06,1.1070312e+06,37832.0,803550.5
2016-09-19,1.3506392e+06,1.3696968e+06,19057.5,1.2301555e+06
2016-09-20,1.3784162e+06,1.4005e+06,22083.75,1.2753455e+06
2016-09-21,1.3733055e+06,1.3975745e+06,24269.0,1.2068425e+06
2016-09-22,1.3707472e+06,1.38956e+06,18812.75,1.1909798e+06
2016-09-23,1.3608085e+06,1.3819372e+06,21128.75,1.1660248e+06
2016-09-24,1.1480562e+06,1.1742055e+06,26149.25,921419.25
2016-09-25,1.0585352e+06,1.0989992e+06,40464.0,721287.25
2016-09-26,1.3659802e+06,1.3877418e+06,21761.5,1.1943798e+06
2016-09-27,1.4068805e+06,1.4346668e+06,27786.25,1.2136588e+06
2016-09-28,1.4315228e+06,1.4604515e+06,28928.75,868945.5
2016-09-29,1.4383668e+06,1.4732212e+06,34854.5,787975.25
2016-09-30,1.4053232e+06,1.4269242e+06,21601.0,1.0616405e+06
2016-10-01,1.175306e+06,1.2023552e+06,27049.25,1.00322425e+06
2016-10-02,1.071244e+06,1.1015312e+06,30287.25,816307.25
2016-10-03,1.0913998e+06,1.1154185e+06,24018.75,835569.0
2016-10-04,1.4133985e+06,1.438359e+06,24960.5,979911.25
2016-10-05,1.4576582e+06,1.4826095e+06,24951.25,973812.25
2016-10-06,1.4941712e+06,1.5234395e+06,29268.25,1.1079435e+06
2016-10-07,1.4626712e+06,1.487051e+06,24379.75,1.2638675e+06
2016-10-08,1.2379305e+06,1.26081e+06,22879.5,1.04062325e+06
2016-10-09,1.141063e+06,1.1719938e+06,30930.75,999170.75
2016-10-10,1.4443872e+06,1.4755992e+06,31212.0,1.348549e+06
2016-10-11,1.488559e+06,1.5250665e+06,36507.5,1.268886e+06
2016-10-12,1.494246e+06,1.5200862e+06,25840.25,1.2438392e+06
2016-10-13,1.5052362e+06,1.5375528e+06,32316.5,1.1310688e+06
2016-10-14,1.475549e+06,1.5121098e+06,36560.75,974577.0
2016-10-15,1.2439652e+06,1.2848798e+06,40914.5,946869.5
2016-10-16,1.120324e+06,1.1564962e+06,36172.25,912552.0
2016-10-17,1.4431615e+06,1.4705658e+06,27404.25,1.2476148e+06
2016-10-18,1.486735e+06,1.5262912e+06,39556.25,1.2935445e+06
2016-10-19,1.497224e+06,1.536338e+06,39114.0,1.254751e+06
2016-10-20,1.5055468e+06,1.532677e+06,27130.25,1.3109218e+06
2016-10-21,1.480401e+06,1.5062542e+06,25853.25,1.33047e+06
2016-10-22,1.2484182e+06,1.2711248e+06,22706.5,1.1210448e+06
2016-10-23,1.1420748e+06,1.17453e+06,32455.25,1.0170285e+06
2016-10-24,1.469809e+06,1.4952322e+06,25423.25,1.3213572e+06
2016-10-25,1.491681e+06,1.5272272e+06,35546.25,1.4190455e+06
2016-10-26,1.4810222e+06,1.51764e+06,36617.75,1.381219e+06
2016-10-27,1.4932752e+06,1.5273132e+06,34038.0,1.234955e+06
2016-10-28,1.479059e+06,1.5091732e+06,30114.25,1.050635e+06
2016-10-29,1.241806e+06,1.2771315e+06,35325.5,910134.5
2016-10-30,1.1694915e+06,1.2051585e+06,35667.0,993972.5
2016-10-31,1.3159155e+06,1.3388465e+06,22931.0,1.200918e+06
2016-11-01,1.2885468e+06,1.316085e+06,27538.25,995194.75
2016-11-02,1.508419e+06,1.5446442e+06,36225.25,1.03482775e+06
2016-11-03,1.520645e+06,1.5513552e+06,30710.25,1.344855e+06
2016-11-04,1.5125042e+06,1.5477838e+06,35279.5,1.209019e+06
2016-11-05,1.3078535e+06,1.3384072e+06,30553.75,1.109184e+06
2016-11-06,1.2062822e+06,1.252457e+06,46174.75,983028.25
2016-11-07,1.5182188e+06,1.546249e+06,28030.25,1.3289722e+06
2016-11-08,1.5660238e+06,1.6029762e+06,36952.5,1.429755e+06
2016-11-09,1.5762308e+06,1.6125062e+06,36275.5,1.4140362e+06
2016-11-10,1.5737502e+06,1.611355e+06,37604.75,1.4251785e+06
2016-11-11,1.5603888e+06,1.5888172e+06,28428.5,1.427297e+06
2016-11-12,1.3540845e+06,1.3777408e+06,23656.25,1.2095808e+06
2016-11-13,1.2553472e+06,1.3032492e+06,47902.0,1.0505998e+06
2016-11-14,1.576275e+06,1.6045318e+06,28256.75,1.2483328e+06
2016-11-15,1.6156142e+06,1.64274e+06,27125.75,1.216566e+06
2016-11-16,1.580987e+06,1.6111092e+06,30122.25,1.1912795e+06
2016-11-17,1.5779072e+06,1.614148e+06,36240.75,1.03781425e+06
2016-11-18,1.5499978e+06,1.584478e+06,34480.25,891452.25
2016-11-19,1.3387218e+06,1.371206e+06,32484.25,916244.25
2016-11-20,1.2359935e+06,1.2934122e+06,57418.75,547962.5
2016-11-21,1.539927e+06,1.5634208e+06,23493.75,1.113753e+06
2016-11-22,1.548662e+06,1.588064e+06,39402.0,1.2694212e+06
2016-11-23,1.5452098e+06,1.5761755e+06,30965.75,1.4288248e+06
2016-11-24,1.5655515e+06,1.6045202e+06,38968.75,1.3056338e+06
2016-11-25,1.5448638e+06,1.573466e+06,28602.25,1.3749308e+06
2016-11-26,1.3394388e+06,1.3649232e+06,25484.5,1.1863155e+06
2016-11-27,1.2333765e+06,1.2796902e+06,46313.75,927495.0
2016-11-28,1.565451e+06,1.593964e+06,28513.0,1.2926388e+06
2016-11-29,1.6298888e+06,1.659081e+06,29192.25,1.3473598e+06
2016-11-30,1.6414998e+06,1.6778162e+06,36316.5,1.1124955e+06
2016-12-01,1.6280882e+06,1.6671658e+06,39077.5,952671.75
2016-12-02,1.5788418e+06,1.6106318e+06,31790.0,1.2193322e+06
2016-12-03,1.3544008e+06,1.38698e+06,32579.25,1.2286315e+06
2016-12-04,1.2826868e+06,1.3143482e+06,31661.5,1.1431508e+06
2016-12-05,1.5986698e+06,1.633816e+06,35146.25,1.4744748e+06
2016-12-06,1.6484485e+06,1.6851072e+06,36658.75,1.5386118e+06
2016-12-07,1.6733655e+06,1.7052398e+06,31874.25,1.340709e+06
2016-12-08,1.6272625e+06,1.660389e+06,33126.5,1.105172e+06
2016-12-09,1.5731148e+06,1.6009e+06,27785.25,1.1274592e+06
2016-12-10,1.332806e+06,1.3677975e+06,34991.5,893050.0
2016-12-11,1.254417e+06,1.304758e+06,50341.0,718930.25
2016-12-12,1.5621118e+06,1.5870628e+06,24951.0,1.3697448e+06
2016-12-13,1.598476e+06,1.6370118e+06,38535.75,1.4727168e+06
2016-12-14,1.5835302e+06,1.6195318e+06,36001.5,1.5054518e+06
2016-12-15,1.5944082e+06,1.6296892e+06,35281.0,1.3978508e+06
2016-12-16,1.5627172e+06,1.596865e+06,34147.75,1.3967688e+06
2016-12-17,1.362884e+06,1.3888412e+06,25957.25,1.2591585e+06
2016-12-18,1.262507e+06,1.296135e+06,33628.0,1.123748e+06
2016-12-19,1.5339628e+06,1.5640058e+06,30043.0,1.44895e+06
2016-12-20,1.5624805e+06,1.598838e+06,36357.5,1.3808995e+06
2016-12-21,1.5677205e+06,1.6014672e+06,33746.75,1.2411455e+06
2016-12-22,1.5174405e+06,1.5527305e+06,35290.0,1.2424835e+06
2016-12-23,1.408382e+06,1.4393212e+06,30939.25,1.01327175e+06
2016-12-24,1.205798e+06,1.2424915e+06,36693.5,522488.5
2016-12-25,1.1135532e+06,1.162892e+06,49338.75,389878.5
2016-12-26,1.1224082e+06,1.1641665e+06,41758.25,392563.0
2016-12-27,1.2881635e+06,1.3263572e+06,38193.75,612395.25
2016-12-28,1.2830152e+06,1.3184252e+06,35410.0,1.032916e+06
2016-12-29,1.2767595e+06,1.3080845e+06,31325.0,1.072491e+06
2016-12-30,1.277306e+06,1.3053768e+06,28070.75,994965.0
2016-12-31,1.2017522e+06,1.2254988e+06,23746.5,857400.0
2017-01-01,1.1351245e+06,1.1625708e+06,27446.25,793667.0
2017-01-02,1.4355205e+06,1.4592702e+06,23749.75,1.1366132e+06
2017-01-03,1.5367848e+06,1.5562792e+06,19494.5,892353.75
2017-01-04,1.5693385e+06,1.5907658e+06,21427.25,866080.25
2017-01-05,1.543378e+06,1.5652642e+06,21886.25,1.2459418e+06
2017-01-06,1.4943168e+06,1.5117552e+06,17438.5,1.3526528e+06
2017-01-07,1.4076032e+06,1.4308988e+06,23295.5,1.145156e+06
2017-01-08,1.2852858e+06,1.3083322e+06,23046.5,1.2360578e+06
2017-01-09,1.590808e+06,1.6178105e+06,27002.5,1.4098708e+06
2017-01-10,1.6388762e+06,1.662847e+06,23970.75,1.3406708e+06
2017-01-11,1.648811e+06,1.673953e+06,25142.0,1.0329885e+06
2017-01-12,1.6211405e+06,1.6459645e+06,24824.0,1.0124735e+06
2017-01-13,1.613152e+06,1.6428228e+06,29670.75,1.0913418e+06
2017-01-14,1.3961032e+06,1.423119e+06,27015.75,892347.25
2017-01-15,1.2916235e+06,1.3190868e+06,27463.25,1.03371075e+06
2017-01-16,1.599776e+06,1.6168765e+06,17100.5,1.5135428e+06
2017-01-17,1.6485198e+06,1.6781212e+06,29601.5,1.5503652e+06
2017-01-18,1.657286e+06,1.6842782e+06,26992.25,1.4840715e+06
2017-01-19,1.6620515e+06,1.6925872e+06,30535.75,1.492146e+06
2017-01-20,1.6259532e+06,1.6555088e+06,29555.5,1.473905e+06
2017-01-21,1.4011515e+06,1.423257e+06,22105.5,1.2766752e+06
2017-01-22,1.305092e+06,1.3255862e+06,20494.25,1.205458e+06
2017-01-23,1.6372085e+06,1.659595e+06,22386.5,1.566878e+06
2017-01-24,1.6682548e+06,1.698721e+06,30466.25,1.6277138e+06
2017-01-25,1.6670212e+06,1.6969002e+06,29879.0,1.581604e+06
2017-01-26,1.6545132e+06,1.6874392e+06,32926.0,1.3679668e+06
2017-01-27,1.6346172e+06,1.659654e+06,25036.75,1.307168e+06
2017-01-28,1.4061875e+06,1.4272525e+06,21065.0,1.137813e+06
2017-01-29,1.3033332e+06,1.3343828e+06,31049.5,943931.75
2017-01-30,1.606158e+06,1.6273528e+06,21194.75,1.2530412e+06
2017-01-31,1.61621e+06,1.641477e+06,25267.0,1.4707332e+06
2017-02-01,1.622537e+06,1.651843e+06,29306.0,1.3868302e+06
2017-02-02,1.6158735e+06,1.6374082e+06,21534.75,1.3171548e+06
2017-02-03,1.57406e+06,1.6023512e+06,28291.25,1.3630775e+06
2017-02-04,1.3541015e+06,1.3824075e+06,28306.0,1.0910005e+06
2017-02-05,1.2423215e+06,1.2772438e+06,34922.25,1.0719452e+06
2017-02-06,1.567637e+06,1.5892132e+06,21576.25,1.3914755e+06
2017-02-07,1.6266505e+06,1.6535045e+06,26854.0,1.3402562e+06
2017-02-08,1.628985e+06,1.657427e+06,28442.0,1.376412e+06
2017-02-09,1.638221e+06,1.662097e+06,23876.0,1.392978e+06
2017-02-10,1.6295805e+06,1.6547385e+06,25158.0,1.3049852e+06
2017-02-11,1.3895868e+06,1.4136115e+06,24024.75,1.0113875e+06
2017-02-12,1.2817465e+06,1.3164542e+06,34707.75,897809.5
2017-02-13,1.6073208e+06,1.6315938e+06,24273.0,1.1801032e+06
2017-02-14,1.6106662e+06,1.6355672e+06,24901.0,1.287157e+06
2017-02-15,1.5870815e+06,1.6102232e+06,23141.75,1.3794832e+06
2017-02-16,1.5833318e+06,1.6089398e+06,25608.0,1.2119438e+06
2017-02-17,1.564808e+06,1.5900772e+06,25269.25,1.270608e+06
2017-02-18,1.33126e+06,1.3550728e+06,23812.75,1.1428312e+06
2017-02-19,1.2463042e+06,1.2765085e+06,30204.25,837718.25
2017-02-20,1.5690145e+06,1.5931942e+06,24179.75,896889.0
2017-02-21,1.5742858e+06,1.5983965e+06,24110.75,951632.25
2017-02-22,1.5923112e+06,1.620056e+06,27744.75,748285.5
2017-02-23,1.5757582e+06,1.604094e+06,28335.75,829849.25
2017-02-24,1.5345508e+06,1.5643005e+06,29749.75,923399.0
2017-02-25,1.32836e+06,1.3476502e+06,19290.25,824953.75
2017-02-26,1.2074225e+06,1.2401928e+06,32770.25,587835.0
2017-02-27,1.4716995e+06,1.5004328e+06,28733.25,836254.75
2017-02-28,1.5447252e+06,1.570339e+06,25613.75,886960.5
2017-03-01,1.5595375e+06,1.5887328e+06,29195.25,1.031534e+06
2017-03-02,1.558101e+06,1.5919862e+06,33885.25,847860.75
2017-03-03,1.514346e+06,1.5310748e+06,16728.75,1.086198e+06
2017-03-04,1.27444e+06,1.2915282e+06,17088.25,922995.75
2017-03-05,1.200738e+06,1.2362668e+06,35528.75,745917.75
2017-03-06,1.5198805e+06,1.543082e+06,23201.5,1.2222145e+06
2017-03-07,1.555776e+06,1.579443e+06,23667.0,1.4083448e+06
2017-03-08,1.5772718e+06,1.6061155e+06,28843.75,1.1722498e+06
2017-03-09,1.558508e+06,1.5840448e+06,25536.75,1.1756155e+06
2017-03-10,1.50373e+06,1.53205e+06,28320.0,1.0780132e+06
2017-03-11,1.2836552e+06,1.3098782e+06,26223.0,1.03215975e+06
2017-03-12,1.1761898e+06,1.2074425e+06,31252.75,705554.0
2017-03-13,1.4746672e+06,1.491587e+06,16919.75,1.2259552e+06
2017-03-14,1.5075472e+06,1.5375392e+06,29992.0,1.1291172e+06
2017-03-15,1.4951935e+06,1.5230972e+06,27903.75,1.062954e+06
2017-03-16,1.482292e+06,1.5060618e+06,23769.75,1.1003785e+06
2017-03-17,1.476445e+06,1.5024928e+06,26047.75,864460.5
2017-03-18,1.3053115e+06,1.3433012e+06,37989.75,580196.25
2017-03-19,1.2177522e+06,1.252115e+06,34362.75,670698.25
2017-03-20,1.4856225e+06,1.5099982e+06,24375.75,880809.0
2017-03-21,1.5152102e+06,1.5358328e+06,20622.5,1.01359325e+06
2017-03-22,1.5284925e+06,1.5546895e+06,26197.0,1.2678942e+06
2017-03-23,1.508632e+06,1.5348748e+06,26242.75,1.201077e+06
2017-03-24,1.4842968e+06,1.5042505e+06,19953.75,1.2084645e+06
2017-03-25,1.2410015e+06,1.2683148e+06,27313.25,868609.25
2017-03-26,1.076669e+06,1.1071635e+06,30494.5,824669.5
2017-03-27,1.4366e+06,1.4583518e+06,21751.75,1.1723118e+06
2017-03-28,1.4593622e+06,1.483741e+06,24378.75,1.176238e+06
2017-03-29,1.4686165e+06,1.4928665e+06,24250.0,992147.75
2017-03-30,1.4506958e+06,1.476629e+06,25933.25,1.1089302e+06
2017-03-31,1.4224245e+06,1.4456872e+06,23262.75,979950.25
2017-04-01,1.1950542e+06,1.215628e+06,20573.75,962905.25
2017-04-02,1.0869022e+06,1.116116e+06,29213.75,841466.75
2017-04-03,1.3934915e+06,1.4164095e+06,22918.0,1.2124338e+06
2017-04-04,1.414351e+06,1.4397415e+06,25390.5,1.250826e+06
2017-04-05,1.451565e+06,1.473665e+06,22100.0,1.043023e+06
2017-04-06,1.4654162e+06,1.49399e+06,28573.75,934171.5
2017-04-07,1.4489362e+06,1.477209e+06,28272.75,923130.25
2017-04-08,1.2079658e+06,1.2247405e+06,16774.75,997879.0
2017-04-09,1.1020615e+06,1.1313515e+06,29290.0,835685.5
2017-04-10,1.4232608e+06,1.456926e+06,33665.25,776011.5
2017-04-11,1.4490658e+06,1.4696155e+06,20549.75,946464.0
2017-04-12,1.4618808e+06,1.490232e+06,28351.25,797231.75
2017-04-13,1.4288512e+06,1.4544262e+06,25575.0,847420.5
2017-04-14,1.1411048e+06,1.1645712e+06,23466.5,753619.25
2017-04-15,1.1655738e+06,1.193723e+06,28149.25,568818.75
2017-04-16,1.0596608e+06,1.091181e+06,31520.25,632819.25
2017-04-17,1.0782078e+06,1.107269e+06,29061.25,778376.25
2017-04-18,1.4257655e+06,1.4466835e+06,20918.0,1.036451e+06
2017-04-19,1.4794422e+06,1.5013398e+06,21897.5,1.1794492e+06
2017-04-20,1.479428e+06,1.5018182e+06,22390.25,1.1921712e+06
2017-04-21,1.4733745e+06,1.4957765e+06,22402.0,906509.25
2017-04-22,1.2684438e+06,1.29216e+06,23716.25,617520.25
2017-04-23,1.161452e+06,1.193169e+06,31717.0,621935.25
2017-04-24,1.4572338e+06,1.4856378e+06,28404.0,927745.75
2017-04-25,1.480664e+06,1.5053072e+06,24643.25,1.1410895e+06
2017-04-26,1.4892665e+06,1.5069115e+06,17645.0,1.3257225e+06
2017-04-27,1.4856835e+06,1.5015602e+06,15876.75,1.260218e+06
2017-04-28,1.4589618e+06,1.4752262e+06,16264.5,1.2605015e+06
2017-04-29,1.200254e+06,1.2164285e+06,16174.5,950767.25
2017-04-30,1.1005408e+06,1.143288e+06,42747.25,470561.75
2017-05-01,1.112032e+06,1.14244e+06,30408.0,537846.5
2017-05-02,1.449892e+06,1.473314e+06,23422.0,961163.5
2017-05-03,1.48155e+06,1.5007905e+06,19240.5,1.0542732e+06
2017-05-04,1.498432e+06,1.5172582e+06,18826.25,1.046832e+06
2017-05-05,1.4475702e+06,1.4726632e+06,25093.0,1.2020462e+06
2017-05-06,1.2182878e+06,1.2378538e+06,19566.0,950495.75
2017-05-07,1.1207495e+06,1.1399175e+06,19168.0,913814.5
2017-05-08,1.430854e+06,1.4489932e+06,18139.25,1.098457e+06
2017-05-09,1.4255715e+06,1.4455845e+06,20013.0,1.1989675e+06
2017-05-10,1.4187882e+06,1.4407848e+06,21996.5,1.1016592e+06
2017-05-11,1.411919e+06,1.4306462e+06,18727.25,1.03726825e+06
2017-05-12,1.4031462e+06,1.42576e+06,22613.75,1.0468255e+06
2017-05-13,1.1870485e+06,1.2128252e+06,25776.75,949265.25
2017-05-14,1.0709152e+06,1.097281e+06,26365.75,836270.75
2017-05-15,1.3787935e+06,1.3987062e+06,19912.75,1.1183912e+06
2017-05-16,1.4303985e+06,1.4509992e+06,20600.75,1.1252055e+06
2017-05-17,1.4339725e+06,1.454033e+06,20060.5,1.0568168e+06
2017-05-18,1.43456e+06,1.4534365e+06,18876.5,1.0364005e+06
2017-05-19,1.4105352e+06,1.4335395e+06,23004.25,1.0903752e+06
2017-05-20,1.184725e+06,1.2105475e+06,25822.5,837552.0
2017-05-21,1.070034e+06,1.1047602e+06,34726.25,802133.25
2017-05-22,1.368153e+06,1.382568e+06,14415.0,1.0938882e+06
2017-05-23,1.4158398e+06,1.4316495e+06,15809.75,997593.25
2017-05-24,1.4035882e+06,1.423998e+06,20409.75,979651.25
2017-05-25,1.1032022e+06,1.1326792e+06,29477.0,763781.0
2017-05-26,1.2289128e+06,1.2518898e+06,22977.0,910599.5
2017-05-27,1.1565255e+06,1.1838222e+06,27296.75,722002.75
2017-05-28,1.0797168e+06,1.109065e+06,29348.25,680221.5
2017-05-29,1.3939738e+06,1.4157212e+06,21747.5,1.130928e+06
2017-05-30,1.434801e+06,1.4595872e+06,24786.25,1.0758428e+06
2017-05-31,1.4295408e+06,1.4542948e+06,24754.0,914976.75
2017-06-01,1.398639e+06,1.417489e+06,18850.0,1.074159e+06
2017-06-02,1.3837452e+06,1.4002348e+06,16489.5,1.13499e+06
2017-06-03,1.1724608e+06,1.1882162e+06,15755.5,904434.5
2017-06-04,1.02999625e+06,1.0678342e+06,37838.0,680504.75
2017-06-05,1.03363875e+06,1.052612e+06,18973.25,765360.0
2017-06-06,1.3725122e+06,1.3967118e+06,24199.5,815132.75
2017-06-07,1.4294682e+06,1.4662478e+06,36779.5,595358.0
2017-06-08,1.402126e+06,1.4230918e+06,20965.75,901245.0
2017-06-09,1.3977822e+06,1.4205435e+06,22761.25,988100.5
2017-06-10,1.1781092e+06,1.1995875e+06,21478.25,877704.75
2017-06-11,1.079738e+06,1.1125682e+06,32830.25,670622.0
2017-06-12,1.4115385e+06,1.4424458e+06,30907.25,747122.0
2017-06-13,1.4233912e+06,1.4421435e+06,18752.25,918657.75
2017-06-14,1.375024e+06,1.3927925e+06,17768.5,1.0722135e+06
2017-06-15,1.2193318e+06,1.2357865e+06,16454.75,873528.5
2017-06-16,1.3207712e+06,1.3503722e+06,29601.0,686808.0
2017-06-17,1.165404e+06,1.188002e+06,22598.0,723001.75
2017-06-18,1.0691568e+06,1.0996162e+06,30459.5,802513.25
2017-06-19,1.3864668e+06,1.4014328e+06,14966.0,1.1176475e+06
2017-06-20,1.4368382e+06,1.461279e+06,24440.75,1.0823695e+06
2017-06-21,1.4247778e+06,1.4382332e+06,13455.5,1.144637e+06
2017-06-22,1.4509172e+06,1.466325e+06,15407.75,1.02498475e+06
2017-06-23,1.4360318e+06,1.4597328e+06,23701.0,832694.0
2017-06-24,1.2172048e+06,1.2402825e+06,23077.75,661156.25
2017-06-25,1.1020968e+06,1.1264808e+06,24384.0,634525.25
2017-06-26,1.3915082e+06,1.4085288e+06,17020.5,974093.25
2017-06-27,1.4091998e+06,1.4246248e+06,15425.0,1.174308e+06
2017-06-28,1.420885e+06,1.4389262e+06,18041.25,1.01150325e+06
2017-06-29,1.4128845e+06,1.4338352e+06,20950.75,1.1315218e+06
2017-06-30,1.408837e+06,1.4314392e+06,22602.25,867925.5
2017-07-01,1.1924965e+06,1.2080422e+06,15545.75,758578.5
2017-07-02,1.0849605e+06,1.1128818e+06,27921.25,662153.0
2017-07-03,1.3637508e+06,1.3834472e+06,19696.5,892887.5
2017-07-04,1.4029952e+06,1.4180015e+06,15006.25,1.01496125e+06
2017-07-05,1.412467e+06,1.4271112e+06,14644.25,1.178706e+06
2017-07-06,1.420254e+06,1.4376255e+06,17371.5,1.1686408e+06
2017-07-07,1.4127108e+06,1.43108e+06,18369.25,1.1045702e+06
2017-07-08,1.205388e+06,1.2259405e+06,20552.5,893987.25
2017-07-09,1.0863252e+06,1.1012145e+06,14889.25,862194.0
2017-07-10,1.399031e+06,1.4138992e+06,14868.25,1.186741e+06
2017-07-11,1.4176985e+06,1.4375858e+06,19887.25,1.0917492e+06
2017-07-12,1.4313332e+06,1.4533585e+06,22025.25,1.02207425e+06
2017-07-13,1.3978378e+06,1.4134572e+06,15619.5,976488.75
2017-07-14,1.377236e+06,1.393481e+06,16245.0,1.1518845e+06
2017-07-15,1.1601688e+06,1.1790042e+06,18835.5,920824.75
2017-07-16,1.0661558e+06,1.087847e+06,21691.25,755856.0
2017-07-17,1.3634868e+06,1.3769835e+06,13496.75,1.0871552e+06
2017-07-18,1.400384e+06,1.4191015e+06,18717.5,1.119269e+06
2017-07-19,1.4238828e+06,1.4426182e+06,18735.5,982427.25
2017-07-20,1.4062558e+06,1.4276812e+06,21425.5,1.1055005e+06
2017-07-21,1.3722665e+06,1.387387e+06,15120.5,1.0631578e+06
2017-07-22,1.180584e+06,1.1959568e+06,15372.75,847359.25
2017-07-23,1.0561048e+06,1.0864365e+06,30331.75,695936.5
2017-07-24,1.3470485e+06,1.3613072e+06,14258.75,1.1745222e+06
2017-07-25,1.3993152e+06,1.4192778e+06,19962.5,1.0486312e+06
2017-07-26,1.3917818e+06,1.4049878e+06,13206.0,1.049547e+06
2017-07-27,1.3894472e+06,1.4098318e+06,20384.5,1.101483e+06
2017-07-28,1.346045e+06,1.3650688e+06,19023.75,906810.0
2017-07-29,1.1579802e+06,1.179656e+06,21675.75,689660.25
2017-07-30,1.0721445e+06,1.1008935e+06,28749.0,555019.0
2017-07-31,1.3410435e+06,1.3543832e+06,13339.75,1.02917775e+06
2017-08-01,1.3786275e+06,1.3967152e+06,18087.75,1.1168452e+06
2017-08-02,1.381101e+06,1.3958855e+06,14784.5,1.1183448e+06
2017-08-03,1.4029342e+06,1.4220458e+06,19111.5,899409.5
2017-08-04,1.3746195e+06,1.3971708e+06,22551.25,772806.0
2017-08-05,1.148672e+06,1.165315e+06,16643.0,760613.75
2017-08-06,1.02651175e+06,1.0596508e+06,33139.0,677841.0
2017-08-07,1.3072895e+06,1.3258792e+06,18589.75,981529.25
2017-08-08,1.3664185e+06,1.3804412e+06,14022.75,981985.75
2017-08-09,1.3745948e+06,1.392676e+06,18081.25,983365.25
2017-08-10,1.3661432e+06,1.3854878e+06,19344.5,1.195248e+06
2017-08-11,1.3439462e+06,1.3599795e+06,16033.25,1.193977e+06
2017-08-12,1.1421655e+06,1.167751e+06,25585.5,765571.0
2017-08-13,1.027911e+06,1.0504155e+06,22504.5,762830.5
2017-08-14,1.294488e+06,1.3134185e+06,18930.5,981957.25
2017-08-15,1.3301515e+06,1.3443715e+06,14220.0,960891.0
2017-08-16,1.3659602e+06,1.3859578e+06,19997.5,1.1457048e+06
2017-08-17,1.384666e+06,1.403108e+06,18442.0,1.03589e+06
2017-08-18,1.373144e+06,1.387418e+06,14274.0,1.0617555e+06
2017-08-19,1.150942e+06,1.1829338e+06,31991.75,649830.25
2017-08-20,1.0465455e+06,1.0786448e+06,32099.25,569913.25
2017-08-21,1.3407245e+06,1.360637e+06,19912.5,954433.75
2017-08-22,1.3528275e+06,1.3663225e+06,13495.0,1.087884e+06
2017-08-23,1.353593e+06,1.3661182e+06,12525.25,1.0861795e+06
2017-08-24,1.3783702e+06,1.3956005e+06,17230.25,1.0348975e+06
2017-08-25,1.3605528e+06,1.375973e+06,15420.25,1.0968345e+06
2017-08-26,1.1552298e+06,1.1720292e+06,16799.5,957726.5
2017-08-27,1.0587428e+06,1.082813e+06,24070.25,777073.5
2017-08-28,1.3471225e+06,1.3633545e+06,16232.0,1.1330865e+06
2017-08-29,1.3920308e+06,1.4081972e+06,16166.5,1.0984758e+06
2017-08-30,1.4097012e+06,1.4288512e+06,19150.0,1.078127e+06
2017-08-31,1.395636e+06,1.4167355e+06,21099.5,1.0972148e+06
2017-09-01,1.3434735e+06,1.3624612e+06,18987.75,1.2222702e+06
2017-09-02,1.131756e+06,1.1449262e+06,13170.25,989284.0
2017-09-03,1.0379215e+06,1.0636822e+06,25760.75,873731.0
2017-09-04,1.3412525e+06,1.3578005e+06,16548.0,1.0963388e+06
2017-09-05,1.3879712e+06,1.408194e+06,20222.75,1.14844e+06
2017-09-06,1.42078e+06,1.442585e+06,21805.0,944967.25
2017-09-07,1.3912892e+06,1.4091688e+06,17879.5,942759.5
2017-09-08,1.4132212e+06,1.4405528e+06,27331.5,820416.5
2017-09-09,1.1943695e+06,1.214813e+06,20443.5,829601.25
2017-09-10,1.0749778e+06,1.1029435e+06,27965.75,686246.75
2017-09-11,1.402402e+06,1.4341378e+06,31735.75,719660.25
2017-09-12,1.4368372e+06,1.4617102e+06,24873.0,863727.75
2017-09-13,1.467493e+06,1.4970998e+06,29606.75,637598.75
2017-09-14,1.4588055e+06,1.495284e+06,36478.5,748935.25
2017-09-15,1.4109212e+06,1.4295748e+06,18653.5,939199.25
2017-09-16,1.1900925e+06,1.2081768e+06,18084.25,1.00831175e+06
2017-09-17,1.0819088e+06,1.1035585e+06,21649.75,939217.75
2017-09-18,1.3906428e+06,1.4105005e+06,19857.75,1.2294968e+06
2017-09-19,1.4215015e+06,1.4391998e+06,17698.25,1.2517065e+06
2017-09-20,1.4269182e+06,1.450657e+06,23738.75,1.19694e+06
2017-09-21,1.4139312e+06,1.4356465e+06,21715.25,1.239382e+06
2017-09-22,1.395126e+06,1.4109658e+06,15839.75,1.264168e+06
2017-09-23,1.1927618e+06,1.2063132e+06,13551.5,1.050801e+06
2017-09-24,1.098714e+06,1.1162925e+06,17578.5,961382.75
2017-09-25,1.412033e+06,1.4332248e+06,21191.75,1.2170272e+06
2017-09-26,1.438397e+06,1.4607058e+06,22308.75,1.1999995e+06
2017-09-27,1.4453572e+06,1.4677602e+06,22403.0,1.1940208e+06
2017-09-28,1.4437228e+06,1.4681152e+06,24392.5,1.2231112e+06
2017-09-29,1.426917e+06,1.4508372e+06,23920.25,1.1590835e+06
2017-09-30,1.217713e+06,1.2407108e+06,22997.75,920258.5
2017-10-01,1.0959275e+06,1.1229875e+06,27060.0,810637.75
2017-10-02,1.3298222e+06,1.3558485e+06,26026.25,701806.25
2017-10-03,1.1805755e+06,1.210661e+06,30085.5,636688.75
2017-10-04,1.441498e+06,1.4744468e+06,32948.75,748188.75
2017-10-05,1.4846005e+06,1.509682e+06,25081.5,668189.25
2017-10-06,1.4762925e+06,1.4959352e+06,19642.75,801720.25
2017-10-07,1.2623258e+06,1.298244e+06,35918.25,570582.0
2017-10-08,1.1477768e+06,1.1709022e+06,23125.5,741410.0
2017-10-09,1.4411268e+06,1.4642642e+06,23137.5,1.2095282e+06
2017-10-10,1.4950312e+06,1.5202972e+06,25266.0,1.1453265e+06
2017-10-11,1.501932e+06,1.5229985e+06,21066.5,921218.0
2017-10-12,1.489319e+06,1.5228422e+06,33523.25,771855.25
2017-10-13,1.459194e+06,1.4799328e+06,20738.75,1.0589945e+06
2017-10-14,1.2379102e+06,1.26331e+06,25399.75,818165.25
2017-10-15,1.1097865e+06,1.1329065e+06,23120.0,777081.75
2017-10-16,1.4247642e+06,1.446747e+06,21982.75,1.0526825e+06
2017-10-17,1.4716948e+06,1.4984748e+06,26780.0,1.0871402e+06
2017-10-18,1.4662442e+06,1.4864162e+06,20172.0,1.2962812e+06
2017-10-19,1.4661135e+06,1.486929e+06,20815.5,1.227863e+06
2017-10-20,1.4695138e+06,1.4871882e+06,17674.5,1.0484965e+06
2017-10-21,1.24901e+06,1.265408e+06,16398.0,927683.75
2017-10-22,1.1619972e+06,1.191975e+06,29977.75,675812.25
2017-10-23,1.4681812e+06,1.4881148e+06,19933.5,1.1617402e+06
2017-10-24,1.4988758e+06,1.520614e+06,21738.25,1.191612e+06
2017-10-25,1.5018028e+06,1.525106e+06,23303.25,983154.0
2017-10-26,1.4776355e+06,1.4983168e+06,20681.25,1.103842e+06
2017-10-27,1.4732368e+06,1.4970088e+06,23772.0,896528.25
2017-10-28,1.2890532e+06,1.3181705e+06,29117.25,477666.25
2017-10-29,1.2395758e+06,1.2690025e+06,29426.75,438734.25
2017-10-30,1.346184e+06,1.3730715e+06,26887.5,853965.0
2017-10-31,1.216251e+06,1.2336415e+06,17390.5,904920.5
2017-11-01,1.3504122e+06,1.3676215e+06,17209.25,897893.75
2017-11-02,1.4639e+06,1.4837272e+06,19827.25,1.0585845e+06
2017-11-03,1.4552308e+06,1.4687702e+06,13539.5,1.2922578e+06
2017-11-04,1.2872935e+06,1.3074058e+06,20112.25,926036.25
2017-11-05,1.180328e+06,1.213264e+06,32936.0,884748.5
2017-11-06,1.4806898e+06,1.4998168e+06,19127.0,1.33484e+06
2017-11-07,1.527974e+06,1.551388e+06,23414.0,1.351221e+06
2017-11-08,1.5242475e+06,1.5442352e+06,19987.75,1.437016e+06
2017-11-09,1.528846e+06,1.54962e+06,20774.0,1.3157548e+06
2017-11-10,1.549006e+06,1.5653995e+06,16393.5,916596.5
2017-11-11,1.34928e+06,1.3801202e+06,30840.25,782322.25
2017-11-12,1.233206e+06,1.2511345e+06,17928.5,973279.25
2017-11-13,1.516068e+06,1.5350808e+06,19012.75,1.2656252e+06
2017-11-14,1.5539162e+06,1.5731262e+06,19210.0,1.2233218e+06
2017-11-15,1.519451e+06,1.5368655e+06,17414.5,1.391079e+06
2017-11-16,1.5572545e+06,1.586499e+06,29244.5,1.3675142e+06
2017-11-17,1.5381672e+06,1.557877e+06,19709.75,1.3036462e+06
2017-11-18,1.3708745e+06,1.3945782e+06,23703.75,755373.0
2017-11-19,1.255469e+06,1.2900328e+06,34563.75,503273.75
2017-11-20,1.5606552e+06,1.5793592e+06,18704.0,1.150798e+06
2017-11-21,1.570964e+06,1.5916515e+06,20687.5,1.2511668e+06
2017-11-22,1.5531165e+06,1.5791408e+06,26024.25,925347.75
2017-11-23,1.5892958e+06,1.6170328e+06,27737.0,813960.0
2017-11-24,1.5327632e+06,1.5500955e+06,17332.25,1.1714135e+06
2017-11-25,1.3375258e+06,1.3567188e+06,19193.0,1.0998812e+06
2017-11-26,1.2840802e+06,1.3087182e+06,24638.0,664753.0
2017-11-27,1.618756e+06,1.647108e+06,28352.0,860288.0
2017-11-28,1.623705e+06,1.644196e+06,20491.0,1.0682825e+06
2017-11-29,1.5885378e+06,1.6092315e+06,20693.75,1.4572685e+06
2017-11-30,1.5962778e+06,1.6198018e+06,23524.0,1.5166645e+06
2017-12-01,1.568503e+06,1.6041032e+06,35600.25,1.4949342e+06
2017-12-02,1.38641e+06,1.4126795e+06,26269.5,1.2517e+06
2017-12-03,1.3246148e+06,1.355201e+06,30586.25,935563.0
2017-12-04,1.6324618e+06,1.669066e+06,36604.25,1.1441095e+06
2017-12-05,1.6568568e+06,1.6872555e+06,30398.75,1.04210375e+06
2017-12-06,1.6352178e+06,1.6728588e+06,37641.0,994742.5
2017-12-07,1.640661e+06,1.6805632e+06,39902.25,869153.0
2017-12-08,1.6231078e+06,1.6592188e+06,36111.0,944426.0
2017-12-09,1.4227852e+06,1.4666948e+06,43909.5,700579.0
2017-12-10,1.3282248e+06,1.3735602e+06,45335.5,695996.0
2017-12-11,1.6203188e+06,1.6590838e+06,38765.0,1.1973705e+06
2017-12-12,1.6578182e+06,1.6892112e+06,31393.0,1.0520218e+06
2017-12-13,1.660724e+06,1.6942148e+06,33490.75,920884.75
2017-12-14,1.6516075e+06,1.6870515e+06,35444.0,942243.0
2017-12-15,1.5731565e+06,1.6102592e+06,37102.75,1.3648275e+06
2017-12-16,1.3846748e+06,1.4219332e+06,37258.5,1.0993942e+06
2017-12-17,1.2988452e+06,1.32966e+06,30814.75,1.0353055e+06
2017-12-18,1.5800958e+06,1.6144262e+06,34330.5,1.418744e+06
2017-12-19,1.5841142e+06,1.6239018e+06,39787.5,1.4748822e+06
2017-12-20,1.5496725e+06,1.5893922e+06,39719.75,1.456346e+06
2017-12-21,1.5226125e+06,1.5617228e+06,39110.25,1.2549415e+06
2017-12-22,1.427108e+06,1.4627848e+06,35676.75,1.189309e+06
2017-12-23,1.2708885e+06,1.3085992e+06,37710.75,539390.5
2017-12-24,1.1430632e+06,1.1862108e+06,43147.5,328912.0
2017-12-25,1.1148298e+06,1.153289e+06,38459.25,509767.5
2017-12-26,1.142822e+06,1.1921175e+06,49295.5,399976.25
2017-12-27,1.2668868e+06,1.3048225e+06,37935.75,849733.0
2017-12-28,1.3151238e+06,1.3500955e+06,34971.75,807205.0
2017-12-29,1.3087058e+06,1.3534438e+06,44738.0,692984.5
2017-12-30,1.2242792e+06,1.2684788e+06,44199.5,507135.0
2017-12-31,1.1265642e+06,1.1639592e+06,37395.0,388561.0
2018-01-01,1.1471362e+06,1.2035202e+06,56384.0,428246.25
2018-01-02,1.418023e+06,1.4534648e+06,35441.75,942522.0
2018-01-03,1.569615e+06,1.6226402e+06,53025.25,639316.75
2018-01-04,1.540122e+06,1.5836098e+06,43487.75,938065.25
2018-01-05,1.509067e+06,1.5521855e+06,43118.5,947341.0
2018-01-06,1.2917805e+06,1.3332338e+06,41453.25,1.0603308e+06
2018-01-07,1.2499758e+06,1.2974542e+06,47478.5,848441.75
2018-01-08,1.5849362e+06,1.6240882e+06,39152.0,1.0155465e+06
2018-01-09,1.6259295e+06,1.661009e+06,35079.5,1.0596165e+06
2018-01-10,1.5613695e+06,1.596641e+06,35271.5,1.367332e+06
2018-01-11,1.5607375e+06,1.5939108e+06,33173.25,1.504449e+06
2018-01-12,1.5551925e+06,1.5838142e+06,28621.75,1.4161542e+06
2018-01-13,1.3795245e+06,1.4081428e+06,28618.25,1.041773e+06
2018-01-14,1.2905115e+06,1.3320255e+06,41514.0,863823.5
2018-01-15,1.6462592e+06,1.6865422e+06,40283.0,896449.75
2018-01-16,1.6564455e+06,1.6915948e+06,35149.25,950215.5
2018-01-17,1.662154e+06,1.7001872e+06,38033.25,990724.25
2018-01-18,1.6675912e+06,1.7039632e+06,36372.0,956673.0
2018-01-19,1.5703045e+06,1.5964698e+06,26165.25,1.2455192e+06
2018-01-20,1.3680152e+06,1.3982428e+06,30227.5,1.135793e+06
2018-01-21,1.2643115e+06,1.291694e+06,27382.5,1.1452858e+06
2018-01-22,1.578071e+06,1.611205e+06,33134.0,1.255522e+06
2018-01-23,1.5999825e+06,1.6335178e+06,33535.25,1.206474e+06
2018-01-24,1.6400255e+06,1.6869795e+06,46954.0,842560.25
2018-01-25,1.5792792e+06,1.6128038e+06,33524.5,1.128138e+06
2018-01-26,1.5221715e+06,1.5484568e+06,26285.25,1.440762e+06
2018-01-27,1.3369825e+06,1.3641762e+06,27193.75,1.02967625e+06
2018-01-28,1.2922055e+06,1.3424682e+06,50262.75,431221.0
2018-01-29,1.6130098e+06,1.6533782e+06,40368.5,696408.25
2018-01-30,1.597201e+06,1.6192205e+06,22019.5,1.0631415e+06
2018-01-31,1.6364348e+06,1.6737952e+06,37360.5,908958.5
2018-02-01,1.621602e+06,1.6513855e+06,29783.5,1.06523e+06
2018-02-02,1.580525e+06,1.6087638e+06,28238.75,1.1761975e+06
2018-02-03,1.344159e+06,1.3664752e+06,22316.25,1.207043e+06
2018-02-04,1.2818408e+06,1.3196092e+06,37768.5,1.00742475e+06
2018-02-05,1.5746488e+06,1.5989702e+06,24321.5,1.3166712e+06
2018-02-06,1.6041968e+06,1.6383048e+06,34108.0,1.440955e+06
2018-02-07,1.6122362e+06,1.647216e+06,34979.75,1.500555e+06
2018-02-08,1.6078658e+06,1.6429688e+06,35103.0,1.4705248e+06
2018-02-09,1.6081115e+06,1.6382805e+06,30169.0,1.3550992e+06
2018-02-10,1.3878752e+06,1.408672e+06,20796.75,1.2065652e+06
2018-02-11,1.3235968e+06,1.3715385e+06,47941.75,673469.75
2018-02-12,1.5679845e+06,1.5924042e+06,24419.75,1.043752e+06
2018-02-13,1.5686965e+06,1.59772e+06,29023.5,1.2086932e+06
2018-02-14,1.596079e+06,1.6269178e+06,30838.75,1.1727295e+06
2018-02-15,1.6474628e+06,1.6742158e+06,26753.0,1.1049578e+06
2018-02-16,1.5802268e+06,1.6079885e+06,27761.75,1.1723682e+06
2018-02-17,1.371892e+06,1.3927335e+06,20841.5,1.2608925e+06
2018-02-18,1.2647398e+06,1.29959e+06,34850.25,1.0856655e+06
2018-02-19,1.5535422e+06,1.5739142e+06,20372.0,1.4285592e+06
2018-02-20,1.5917745e+06,1.623215e+06,31440.5,1.4223622e+06
2018-02-21,1.5978515e+06,1.6309395e+06,33088.0,1.3559952e+06
2018-02-22,1.6100958e+06,1.6423602e+06,32264.5,1.2634515e+06
2018-02-23,1.6095732e+06,1.6358552e+06,26282.0,1.1487338e+06
2018-02-24,1.4358855e+06,1.4819348e+06,46049.25,743648.75
2018-02-25,1.3341585e+06,1.3647105e+06,30552.0,857946.25
2018-02-26,1.658546e+06,1.6809638e+06,22417.75,1.1789458e+06
2018-02-27,1.69443e+06,1.7194428e+06,25012.75,1.2662688e+06
2018-02-28,1.7295472e+06,1.7671218e+06,37574.5,1.0662382e+06
2018-03-01,1.7192662e+06,1.7638715e+06,44605.25,882299.25
2018-03-02,1.6981448e+06,1.719925e+06,21780.25,1.0597692e+06
2018-03-03,1.4666192e+06,1.4906005e+06,23981.25,968745.0
2018-03-04,1.3302395e+06,1.375954e+06,45714.5,827306.5
2018-03-05,1.5489535e+06,1.5689948e+06,20041.25,1.1350422e+06
2018-03-06,1.5606048e+06,1.5896932e+06,29088.5,1.3432128e+06
2018-03-07,1.564247e+06,1.5860985e+06,21851.5,1.3542598e+06
2018-03-08,1.5853185e+06,1.6182218e+06,32903.25,1.025588e+06
2018-03-09,1.5682058e+06,1.595796e+06,27590.25,1.1202052e+06
2018-03-10,1.3243522e+06,1.353061e+06,28708.75,976375.0
2018-03-11,1.1984495e+06,1.2413152e+06,42865.75,866173.25
2018-03-12,1.4893488e+06,1.5158905e+06,26541.75,1.246699e+06
2018-03-13,1.5644298e+06,1.5979078e+06,33478.0,1.0799552e+06
2018-03-14,1.5268368e+06,1.554814e+06,27977.25,1.3073522e+06
2018-03-15,1.595286e+06,1.635981e+06,40695.0,851356.0
2018-03-16,1.5819388e+06,1.613932e+06,31993.25,950779.25
2018-03-17,1.4505218e+06,1.4817295e+06,31207.75,613607.0
2018-03-18,1.366557e+06,1.4147852e+06,48228.25,532557.5
2018-03-19,1.5736002e+06,1.5928252e+06,19225.0,1.2041795e+06
2018-03-20,1.607381e+06,1.6397165e+06,32335.5,1.1638198e+06
2018-03-21,1.5815518e+06,1.607243e+06,25691.25,1.2518635e+06
2018-03-22,1.6115905e+06,1.6450685e+06,33478.0,1.144235e+06
2018-03-23,1.5397052e+06,1.565864e+06,26158.75,1.396642e+06
2018-03-24,1.3022892e+06,1.3378282e+06,35539.0,1.0856632e+06
2018-03-25,1.140354e+06,1.18247e+06,42116.0,945855.75
2018-03-26,1.4792208e+06,1.501143e+06,21922.25,1.341756e+06
2018-03-27,1.5048732e+06,1.53777e+06,32896.75,1.2844525e+06
2018-03-28,1.569465e+06,1.6045425e+06,35077.5,1.0967152e+06
2018-03-29,1.5258512e+06,1.5661145e+06,40263.25,1.0559075e+06
2018-03-30,1.214219e+06,1.247148e+06,32929.0,747483.75
2018-03-31,1.22408e+06,1.262616e+06,38536.0,833219.0
2018-04-01,1.139701e+06,1.199149e+06,59448.0,702587.5
2018-04-02,1.1328545e+06,1.1766758e+06,43821.25,754881.25
2018-04-03,1.435934e+06,1.4733538e+06,37419.75,871536.5
2018-04-04,1.4701332e+06,1.5086018e+06,38468.5,974044.25
2018-04-05,1.519821e+06,1.5725552e+06,52734.25,775178.25
2018-04-06,1.461539e+06,1.49276e+06,31221.0,935654.0
2018-04-07,1.2629655e+06,1.310226e+06,47260.5,591826.75
2018-04-08,1.1250208e+06,1.1738965e+06,48875.75,743072.0
2018-04-09,1.3901122e+06,1.416126e+06,26013.75,1.1059495e+06
2018-04-10,1.4713225e+06,1.5062768e+06,34954.25,894860.0
2018-04-11,1.489797e+06,1.519769e+06,29972.0,927805.75
2018-04-12,1.479708e+06,1.5264438e+06,46735.75,854591.25
2018-04-13,1.4558065e+06,1.486549e+06,30742.5,1.0519858e+06
2018-04-14,1.2282988e+06,1.2658638e+06,37565.0,808368.5
2018-04-15,1.092876e+06,1.1371282e+06,44252.25,886170.0
2018-04-16,1.3787592e+06,1.393872e+06,15112.75,1.1953768e+06
2018-04-17,1.4054675e+06,1.444273e+06,38805.5,1.1159252e+06
2018-04-18,1.4013322e+06,1.4335918e+06,32259.5,1.0837322e+06
2018-04-19,1.4093212e+06,1.4425005e+06,33179.25,998789.0
2018-04-20,1.399266e+06,1.428489e+06,29223.0,985376.25
2018-04-21,1.2038665e+06,1.2443915e+06,40525.0,903657.25
2018-04-22,1.0852165e+06,1.1412332e+06,56016.75,724319.0
2018-04-23,1.398507e+06,1.4337492e+06,35242.25,863543.25
2018-04-24,1.4371328e+06,1.4787418e+06,41609.0,914213.25
2018-04-25,1.4721548e+06,1.5233008e+06,51146.0,816368.25
2018-04-26,1.468837e+06,1.5157215e+06,46884.5,879999.5
2018-04-27,1.4085018e+06,1.4365965e+06,28094.75,1.03504425e+06
2018-04-28,1.204455e+06,1.2414562e+06,37001.25,837723.0
2018-04-29,1.084899e+06,1.1225568e+06,37657.75,715162.75
2018-04-30,1.3085275e+06,1.3629195e+06,54392.0,539301.0
2018-05-01,1.1454015e+06,1.196877e+06,51475.5,413100.0
2018-05-02,1.3844888e+06,1.4115758e+06,27087.0,1.01647775e+06
2018-05-03,1.4252102e+06,1.455431e+06,30220.75,1.066528e+06
2018-05-04,1.4027688e+06,1.4313442e+06,28575.5,1.0512628e+06
2018-05-05,1.2058925e+06,1.241932e+06,36039.5,774233.5
2018-05-06,1.0866852e+06,1.1453505e+06,58665.25,616997.25
2018-05-07,1.397346e+06,1.4224128e+06,25066.75,921201.25
2018-05-08,1.4353638e+06,1.4777425e+06,42378.75,884338.75
2018-05-09,1.42088e+06,1.4522488e+06,31368.75,980151.0
2018-05-10,1.1460802e+06,1.197808e+06,51727.75,747351.75
2018-05-11,1.2530365e+06,1.2676532e+06,14616.75,1.0166975e+06
2018-05-12,1.160409e+06,1.1799185e+06,19509.5,810426.0
2018-05-13,1.0945702e+06,1.1463992e+06,51829.0,582175.5
2018-05-14,1.4190018e+06,1.4507785e+06,31776.75,894091.25
2018-05-15,1.425043e+06,1.456791e+06,31748.0,1.0494815e+06
2018-05-16,1.4261158e+06,1.4642895e+06,38173.75,1.067382e+06
2018-05-17,1.4513462e+06,1.494323e+06,42976.75,894548.25
2018-05-18,1.4058185e+06,1.4326485e+06,26830.0,1.0928762e+06
2018-05-19,1.1829925e+06,1.2118805e+06,28888.0,946988.5
2018-05-20,1.03170175e+06,1.076558e+06,44856.25,581238.0
2018-05-21,1.0743628e+06,1.126276e+06,51913.25,440470.5
2018-05-22,1.3810638e+06,1.4042188e+06,23155.0,996016.0
2018-05-23,1.4378668e+06,1.4730485e+06,35181.75,1.017232e+06
2018-05-24,1.4551842e+06,1.4856225e+06,30438.25,959615.25
2018-05-25,1.4198628e+06,1.452899e+06,33036.25,950922.25
2018-05-26,1.2050445e+06,1.234285e+06,29240.5,845994.0
2018-05-27,1.1004818e+06,1.1500248e+06,49543.0,740619.0
2018-05-28,1.4209988e+06,1.4386345e+06,17635.75,1.0220865e+06
2018-05-29,1.4645645e+06,1.5013782e+06,36813.75,974607.0
2018-05-30,1.4333998e+06,1.459961e+06,26561.25,1.1104525e+06
2018-05-31,1.2518885e+06,1.2842172e+06,32328.75,931013.75
2018-06-01,1.3183992e+06,1.3467268e+06,28327.5,1.01983475e+06
2018-06-02,1.169852e+06,1.1847598e+06,14907.75,910024.0
2018-06-03,1.0740545e+06,1.1173552e+06,43300.75,837535.5
2018-06-04,1.3894595e+06,1.401649e+06,12189.5,1.0709228e+06
2018-06-05,1.4345562e+06,1.4575415e+06,22985.25,1.140421e+06
2018-06-06,1.4538968e+06,1.4870055e+06,33108.75,1.012939e+06
2018-06-07,1.4536012e+06,1.4746232e+06,21022.0,1.1066405e+06
2018-06-08,1.4286872e+06,1.4530602e+06,24373.0,1.1547448e+06
2018-06-09,1.2235348e+06,1.2382308e+06,14696.0,944440.75
2018-06-10,1.10443e+06,1.1484992e+06,44069.25,825811.25
2018-06-11,1.4367455e+06,1.4524272e+06,15681.75,1.0912035e+06
2018-06-12,1.450667e+06,1.478845e+06,28178.0,1.1103968e+06
2018-06-13,1.4388838e+06,1.4621352e+06,23251.5,1.1265325e+06
2018-06-14,1.4385112e+06,1.4674488e+06,28937.5,1.042846e+06
2018-06-15,1.4111922e+06,1.429001e+06,17808.75,1.1862905e+06
2018-06-16,1.1921908e+06,1.2105148e+06,18324.0,929431.0
2018-06-17,1.0899708e+06,1.1363218e+06,46351.0,706611.0
2018-06-18,1.413108e+06,1.4282452e+06,15137.25,1.0575248e+06
2018-06-19,1.4668852e+06,1.4900522e+06,23167.0,1.0973372e+06
2018-06-20,1.4678405e+06,1.4946978e+06,26857.25,1.061279e+06
2018-06-21,1.4829405e+06,1.5323292e+06,49388.75,811221.0
2018-06-22,1.4345335e+06,1.4704878e+06,35954.25,692567.25
2018-06-23,1.199012e+06,1.2420008e+06,42988.75,560279.5
2018-06-24,1.0719182e+06,1.1112205e+06,39302.25,708259.5
2018-06-25,1.39414e+06,1.4115965e+06,17456.5,1.0375205e+06
2018-06-26,1.4161812e+06,1.4373262e+06,21145.0,1.1489728e+06
2018-06-27,1.4185672e+06,1.4404325e+06,21865.25,1.0687898e+06
2018-06-28,1.44038e+06,1.4611648e+06,20784.75,1.0710542e+06
2018-06-29,1.4191418e+06,1.445694e+06,26552.25,1.01110375e+06
2018-06-30,1.191701e+06,1.2269288e+06,35227.75,706482.75
2018-07-01,1.081028e+06,1.128535e+06,47507.0,537522.75
2018-07-02,1.3915618e+06,1.4083512e+06,16789.5,979775.75
2018-07-03,1.442748e+06,1.4622775e+06,19529.5,1.1117962e+06
2018-07-04,1.449918e+06,1.4657178e+06,15799.75,1.2070315e+06
2018-07-05,1.456236e+06,1.4783005e+06,22064.5,1.1526228e+06
2018-07-06,1.441871e+06,1.4598412e+06,17970.25,999035.25
2018-07-07,1.2069495e+06,1.2423118e+06,35362.25,675180.25
2018-07-08,1.0806758e+06,1.119806e+06,39130.25,685551.25
2018-07-09,1.3820685e+06,1.402783e+06,20714.5,901605.25
2018-07-10,1.387295e+06,1.4044508e+06,17155.75,1.0851628e+06
2018-07-11,1.382192e+06,1.3987872e+06,16595.25,1.1281935e+06
2018-07-12,1.392975e+06,1.413907e+06,20932.0,1.074133e+06
2018-07-13,1.3712825e+06,1.3883398e+06,17057.25,1.013177e+06
2018-07-14,1.1656065e+06,1.1788318e+06,13225.25,867466.5
2018-07-15,1.0595338e+06,1.090056e+06,30522.25,791654.0
2018-07-16,1.3416192e+06,1.3497458e+06,8126.5,1.080443e+06
2018-07-17,1.3885145e+06,1.3998472e+06,11332.75,1.064042e+06
2018-07-18,1.4030325e+06,1.4164525e+06,13420.0,963124.25
2018-07-19,1.39089e+06,1.4012468e+06,10356.75,1.04004825e+06
2018-07-20,1.3580232e+06,1.3696245e+06,11601.25,1.072201e+06
2018-07-21,1.1578538e+06,1.1654068e+06,7553.0,947255.0
2018-07-22,1.0680342e+06,1.0989515e+06,30917.25,856937.75
2018-07-23,1.3660348e+06,1.377519e+06,11484.25,1.1216272e+06
2018-07-24,1.4085888e+06,1.4223308e+06,13742.0,1.1510952e+06
2018-07-25,1.4306338e+06,1.4512812e+06,20647.5,1.149489e+06
2018-07-26,1.4314942e+06,1.4487982e+06,17304.0,1.066297e+06
2018-07-27,1.4185122e+06,1.437461e+06,18948.75,970490.0
2018-07-28,1.2141382e+06,1.2318742e+06,17736.0,798977.5
2018-07-29,1.0815208e+06,1.1301748e+06,48654.0,742652.75
2018-07-30,1.3758658e+06,1.3882e+06,12334.25,1.0758545e+06
2018-07-31,1.4172072e+06,1.4416335e+06,24426.25,1.0703888e+06
2018-08-01,1.415061e+06,1.432923e+06,17862.0,1.1358325e+06
2018-08-02,1.4188008e+06,1.4439402e+06,25139.5,1.1446098e+06
2018-08-03,1.3999615e+06,1.4270368e+06,27075.25,1.1223795e+06
2018-08-04,1.2091115e+06,1.2209712e+06,11859.75,911134.75
2018-08-05,1.1059575e+06,1.151326e+06,45368.5,709768.25
2018-08-06,1.3699542e+06,1.3859625e+06,16008.25,1.0649575e+06
2018-08-07,1.414342e+06,1.4371718e+06,22829.75,1.0880035e+06
2018-08-08,1.4448282e+06,1.4784128e+06,33584.5,972909.75
2018-08-09,1.425449e+06,1.450644e+06,25195.0,996734.5
2018-08-10,1.3910098e+06,1.4262588e+06,35249.0,794629.25
2018-08-11,1.1853302e+06,1.2279105e+06,42580.25,592985.75
2018-08-12,1.062668e+06,1.0926848e+06,30016.75,714007.0
2018-08-13,1.3539595e+06,1.3733522e+06,19392.75,1.0615982e+06
2018-08-14,1.380874e+06,1.41003e+06,29156.0,946918.5
2018-08-15,1.3397885e+06,1.3641958e+06,24407.25,1.0743578e+06
2018-08-16,1.3698572e+06,1.3916698e+06,21812.5,1.0077155e+06
2018-08-17,1.360004e+06,1.3791805e+06,19176.5,1.0564525e+06
2018-08-18,1.179485e+06,1.2047758e+06,25290.75,837075.75
2018-08-19,1.0886348e+06,1.1259265e+06,37291.75,720951.25
2018-08-20,1.3759685e+06,1.3909875e+06,15019.0,1.04767575e+06
2018-08-21,1.3854208e+06,1.4134892e+06,28068.5,1.173969e+06
2018-08-22,1.411518e+06,1.4374908e+06,25972.75,1.1171232e+06
2018-08-23,1.4250092e+06,1.450416e+06,25406.75,1.125529e+06
2018-08-24,1.4032092e+06,1.434513e+06,31303.75,970845.25
2018-08-25,1.1838755e+06,1.2092572e+06,25381.75,800265.75
2018-08-26,1.074934e+06,1.1169452e+06,42011.25,677505.5
2018-08-27,1.4162268e+06,1.4503102e+06,34083.5,774199.25
2018-08-28,1.398797e+06,1.417254e+06,18457.0,1.132392e+06
2018-08-29,1.4169272e+06,1.4429895e+06,26062.25,1.068562e+06
2018-08-30,1.4288775e+06,1.4592202e+06,30342.75,1.013847e+06
2018-08-31,1.3753488e+06,1.3969888e+06,21640.0,1.1055682e+06
2018-09-01,1.1639095e+06,1.179826e+06,15916.5,947726.0
2018-09-02,1.0844332e+06,1.1176905e+06,33257.25,838818.25
2018-09-03,1.3954588e+06,1.4149235e+06,19464.75,1.1319135e+06
2018-09-04,1.4129365e+06,1.4461775e+06,33241.0,1.1895698e+06
2018-09-05,1.4017365e+06,1.4331742e+06,31437.75,1.1629238e+06
2018-09-06,1.4160875e+06,1.4471892e+06,31101.75,1.1559158e+06
2018-09-07,1.401293e+06,1.4326292e+06,31336.25,1.0962538e+06
2018-09-08,1.201574e+06,1.236891e+06,35317.0,747923.75
2018-09-09,1.0751538e+06,1.1147115e+06,39557.75,762358.0
2018-09-10,1.3861805e+06,1.409698e+06,23517.5,1.068831e+06
2018-09-11,1.4635562e+06,1.50566e+06,42103.75,882889.75
2018-09-12,1.443137e+06,1.4666068e+06,23469.75,1.0590472e+06
2018-09-13,1.411773e+06,1.434207e+06,22434.0,1.263184e+06
2018-09-14,1.3956622e+06,1.426184e+06,30521.75,1.1580465e+06
2018-09-15,1.1969295e+06,1.229915e+06,32985.5,818123.5
2018-09-16,1.078562e+06,1.1260178e+06,47455.75,746725.75
2018-09-17,1.380067e+06,1.4037488e+06,23681.75,1.0855738e+06
2018-09-18,1.4583782e+06,1.5005062e+06,42128.0,940813.0
2018-09-19,1.4673615e+06,1.513809e+06,46447.5,981209.25
2018-09-20,1.4622972e+06,1.5059728e+06,43675.5,990654.5
2018-09-21,1.4914152e+06,1.5304308e+06,39015.5,688203.0
2018-09-22,1.2529208e+06,1.307124e+06,54203.25,569364.5
2018-09-23,1.1375578e+06,1.1673545e+06,29796.75,733552.25
2018-09-24,1.4523948e+06,1.5081092e+06,55714.5,703687.5
2018-09-25,1.4360758e+06,1.4581145e+06,22038.75,1.090933e+06
2018-09-26,1.4870798e+06,1.5324525e+06,45372.75,855049.0
2018-09-27,1.466397e+06,1.504986e+06,38589.0,994910.25
2018-09-28,1.4601372e+06,1.5003295e+06,40192.25,968574.5
2018-09-29,1.2174432e+06,1.247375e+06,29931.75,858124.25
2018-09-30,1.115957e+06,1.1616082e+06,45651.25,741930.75
2018-10-01,1.4139455e+06,1.449215e+06,35269.5,1.01558375e+06
2018-10-02,1.4835118e+06,1.51542e+06,31908.25,760676.25
2018-10-03,1.2332945e+06,1.2901952e+06,56900.75,512395.5
2018-10-04,1.4079015e+06,1.428859e+06,20957.5,1.08135e+06
2018-10-05,1.4105148e+06,1.45029e+06,39775.25,1.0287785e+06
2018-10-06,1.2056292e+06,1.2252638e+06,19634.5,901142.25
2018-10-07,1.1081748e+06,1.1539302e+06,45755.5,791643.75
2018-10-08,1.408164e+06,1.4476398e+06,39475.75,1.0974078e+06
2018-10-09,1.433255e+06,1.4715208e+06,38265.75,1.157244e+06
2018-10-10,1.4401002e+06,1.4770508e+06,36950.5,1.07341e+06
2018-10-11,1.4755312e+06,1.5150572e+06,39526.0,955876.5
2018-10-12,1.444114e+06,1.474539e+06,30425.0,980802.5
2018-10-13,1.221588e+06,1.254095e+06,32507.0,730360.75
2018-10-14,1.1390872e+06,1.1978425e+06,58755.25,592121.75
2018-10-15,1.4166818e+06,1.4405245e+06,23842.75,1.1172955e+06
2018-10-16,1.4336588e+06,1.4688422e+06,35183.5,1.2746028e+06
2018-10-17,1.4355112e+06,1.4685348e+06,33023.5,1.2660755e+06
2018-10-18,1.4572362e+06,1.4905628e+06,33326.5,1.2257385e+06
2018-10-19,1.426139e+06,1.4524032e+06,26264.25,1.2816818e+06
2018-10-20,1.2499095e+06,1.2784648e+06,28555.25,1.0509275e+06
2018-10-21,1.1593948e+06,1.1972392e+06,37844.5,919245.5
2018-10-22,1.4891882e+06,1.5203732e+06,31185.0,1.0888252e+06
2018-10-23,1.5770265e+06,1.6218055e+06,44779.0,723129.5
2018-10-24,1.5613785e+06,1.5983002e+06,36921.75,831621.25
2018-10-25,1.543489e+06,1.5838898e+06,40400.75,905634.5
2018-10-26,1.4950788e+06,1.5294562e+06,34377.5,1.039475e+06
2018-10-27,1.3007638e+06,1.3346142e+06,33850.5,879799.0
2018-10-28,1.262331e+06,1.298007e+06,35676.0,764039.0
2018-10-29,1.5395308e+06,1.5782422e+06,38711.5,954988.5
2018-10-30,1.5497485e+06,1.590374e+06,40625.5,787852.75
2018-10-31,1.459683e+06,1.497931e+06,38248.0,921594.0
2018-11-01,1.323925e+06,1.3666268e+06,42701.75,984289.25
2018-11-02,1.4013318e+06,1.4343108e+06,32979.0,1.01523875e+06
2018-11-03,1.248011e+06,1.2774872e+06,29476.25,1.0332545e+06
2018-11-04,1.160766e+06,1.1946432e+06,33877.25,943200.0
2018-11-05,1.4577488e+06,1.4912225e+06,33473.75,1.202302e+06
2018-11-06,1.4981108e+06,1.5335232e+06,35412.5,1.185882e+06
2018-11-07,1.5133438e+06,1.5433478e+06,30004.0,1.1573335e+06
2018-11-08,1.4951082e+06,1.5246892e+06,29581.0,1.2721292e+06
2018-11-09,1.4780502e+06,1.5059438e+06,27893.5,1.208103e+06
2018-11-10,1.3077865e+06,1.3430308e+06,35244.25,778358.25
2018-11-11,1.1932668e+06,1.246568e+06,53301.25,615316.0
2018-11-12,1.4670865e+06,1.484667e+06,17580.5,1.1014355e+06
2018-11-13,1.5197718e+06,1.5558842e+06,36112.5,1.0157185e+06
2018-11-14,1.5269435e+06,1.5546502e+06,27706.75,1.229572e+06
2018-11-15,1.5265962e+06,1.5590135e+06,32417.25,1.300915e+06
2018-11-16,1.5314378e+06,1.569274e+06,37836.25,1.0925178e+06
2018-11-17,1.3676132e+06,1.3931208e+06,25507.5,829415.75
2018-11-18,1.221708e+06,1.2431365e+06,21428.5,789921.25
2018-11-19,1.5621772e+06,1.5910265e+06,28849.25,877252.75
2018-11-20,1.6029855e+06,1.6380698e+06,35084.25,835546.25
2018-11-21,1.580617e+06,1.6072878e+06,26670.75,1.1552275e+06
2018-11-22,1.565325e+06,1.597417e+06,32092.0,1.351777e+06
2018-11-23,1.5337482e+06,1.5660255e+06,32277.25,1.4043348e+06
2018-11-24,1.3283408e+06,1.3494652e+06,21124.5,1.2004355e+06
2018-11-25,1.235955e+06,1.272938e+06,36983.0,1.04480825e+06
2018-11-26,1.5316568e+06,1.5670375e+06,35380.75,1.2706518e+06
2018-11-27,1.5683455e+06,1.6005102e+06,32164.75,1.413241e+06
2018-11-28,1.6344732e+06,1.6647095e+06,30236.25,1.077969e+06
2018-11-29,1.6071365e+06,1.6448612e+06,37724.75,916908.0
2018-11-30,1.5726755e+06,1.6003032e+06,27627.75,1.10521e+06
2018-12-01,1.3500962e+06,1.3853488e+06,35252.5,879519.0
2018-12-02,1.260112e+06,1.3024435e+06,42331.5,598870.25
2018-12-03,1.541288e+06,1.5757402e+06,34452.25,914853.25
2018-12-04,1.5785838e+06,1.6186202e+06,40036.5,1.0459695e+06
2018-12-05,1.6011118e+06,1.6390562e+06,37944.5,1.228778e+06
2018-12-06,1.6097625e+06,1.6449258e+06,35163.25,1.1034245e+06
2018-12-07,1.584534e+06,1.6228088e+06,38274.75,795116.25
2018-12-08,1.387887e+06,1.4271802e+06,39293.25,369166.25
2018-12-09,1.2771335e+06,1.3251792e+06,48045.75,376950.0
2018-12-10,1.5946128e+06,1.6274715e+06,32858.75,725687.75
2018-12-11,1.609102e+06,1.642148e+06,33046.0,1.0893205e+06
2018-12-12,1.5935052e+06,1.6253408e+06,31835.5,1.409973e+06
2018-12-13,1.6100198e+06,1.6529382e+06,42918.5,1.326051e+06
2018-12-14,1.592772e+06,1.630072e+06,37300.0,1.4102658e+06
2018-12-15,1.4040425e+06,1.4399542e+06,35911.75,1.1263792e+06
2018-12-16,1.3160688e+06,1.3576592e+06,41590.5,992057.5
2018-12-17,1.548509e+06,1.5758205e+06,27311.5,1.3485492e+06
2018-12-18,1.585184e+06,1.62213e+06,36946.0,1.2228055e+06
2018-12-19,1.591685e+06,1.6334625e+06,41777.5,1.1069828e+06
2018-12-20,1.5228042e+06,1.5462625e+06,23458.25,1.133088e+06
2018-12-21,1.4508432e+06,1.4977682e+06,46925.0,702560.75
2018-12-22,1.2581255e+06,1.2898325e+06,31707.0,705941.0
2018-12-23,1.1586988e+06,1.2027765e+06,44077.75,737377.5
2018-12-24,1.1534835e+06,1.1866322e+06,33148.75,781147.5
2018-12-25,1.125262e+06,1.1759422e+06,50680.25,555896.25
2018-12-26,1.1368385e+06,1.1562485e+06,19410.0,698387.75
2018-12-27,1.2825478e+06,1.3149332e+06,32385.5,967900.25
2018-12-28,1.2785215e+06,1.3108042e+06,32282.75,1.023154e+06
2018-12-29,1.247909e+06,1.2674302e+06,19521.25,722339.75
2018-12-30,1.1484882e+06,1.202056e+06,53567.75,544486.5
2018-12-31,1.1636795e+06,1.187369e+06,23689.5,922730.5
2019-01-01,1.0971188e+06,1.1507398e+06,53621.0,277981.25
2019-01-02,1.3884942e+06,1.4247155e+06,36221.25,669048.5
2019-01-03,1.4663082e+06,1.490488e+06,24179.75,1.1504318e+06
2019-01-04,1.4868762e+06,1.512694e+06,25817.75,948617.25
2019-01-05,1.315755e+06,1.3637578e+06,48002.75,700158.25
2019-01-06,1.2070378e+06,1.2365088e+06,29471.0,942618.0
2019-01-07,1.525289e+06,1.5578995e+06,32610.5,1.0740732e+06
2019-01-08,1.6056588e+06,1.6517665e+06,46107.75,627897.5
2019-01-09,1.625614e+06,1.6575392e+06,31925.25,834090.75
2019-01-10,1.583216e+06,1.6126778e+06,29461.75,1.3882715e+06
2019-01-11,1.609084e+06,1.640853e+06,31769.0,1.1103612e+06
2019-01-12,1.3716542e+06,1.4029422e+06,31288.0,641783.25
2019-01-13,1.2803205e+06,1.3178692e+06,37548.75,371505.75
2019-01-14,1.5666602e+06,1.5973988e+06,30738.5,701196.75
2019-01-15,1.6070722e+06,1.6469582e+06,39886.0,763000.0
2019-01-16,1.607242e+06,1.6481655e+06,40923.5,846419.0
2019-01-17,1.624894e+06,1.6637492e+06,38855.25,857060.5
2019-01-18,1.561664e+06,1.5786062e+06,16942.25,1.2602072e+06
2019-01-19,1.362419e+06,1.400388e+06,37969.0,1.164215e+06
2019-01-20,1.2798628e+06,1.3015248e+06,21662.0,1.1648902e+06
2019-01-21,1.6008688e+06,1.6211738e+06,20305.0,1.416758e+06
2019-01-22,1.6554508e+06,1.6897305e+06,34279.75,1.326498e+06
2019-01-23,1.6499475e+06,1.6828972e+06,32949.75,1.4560245e+06
2019-01-24,1.6344212e+06,1.6766005e+06,42179.25,1.5689682e+06
2019-01-25,1.624279e+06,1.6599825e+06,35703.5,1.425908e+06
2019-01-26,1.4148475e+06,1.4495165e+06,34669.0,901463.5
2019-01-27,1.274026e+06,1.3295548e+06,55528.75,660304.25
2019-01-28,1.5866138e+06,1.6119748e+06,25361.0,1.0679812e+06
2019-01-29,1.6033325e+06,1.6334962e+06,30163.75,1.2192742e+06
2019-01-30,1.622324e+06,1.6628665e+06,40542.5,1.1392822e+06
2019-01-31,1.5995072e+06,1.6289642e+06,29457.0,1.2980515e+06
2019-02-01,1.5997595e+06,1.635012e+06,35252.5,1.2226838e+06
2019-02-02,1.3683018e+06,1.3896778e+06,21376.0,1.2341968e+06
2019-02-03,1.2858502e+06,1.32297e+06,37119.75,978430.0
2019-02-04,1.5836855e+06,1.613331e+06,29645.5,1.0453505e+06
2019-02-05,1.6194228e+06,1.6488968e+06,29474.0,1.2211955e+06
2019-02-06,1.6148832e+06,1.640831e+06,25947.75,1.1917358e+06
2019-02-07,1.624802e+06,1.651801e+06,26999.0,994711.0
2019-02-08,1.5865582e+06,1.6219848e+06,35426.5,754443.75
2019-02-09,1.3686878e+06,1.425807e+06,57119.25,381436.0
2019-02-10,1.249292e+06,1.289193e+06,39901.0,434906.75
2019-02-11,1.5686508e+06,1.5934858e+06,24835.0,730830.5
2019-02-12,1.5869648e+06,1.6287002e+06,41735.5,1.0700228e+06
2019-02-13,1.595027e+06,1.6305915e+06,35564.5,1.0520708e+06
2019-02-14,1.5628142e+06,1.5941868e+06,31372.5,1.2710312e+06
2019-02-15,1.5295165e+06,1.560701e+06,31184.5,1.196999e+06
2019-02-16,1.3138942e+06,1.3451948e+06,31300.5,799772.25
2019-02-17,1.201513e+06,1.2353938e+06,33880.75,863435.5
2019-02-18,1.484341e+06,1.5159378e+06,31596.75,1.0959658e+06
2019-02-19,1.5630872e+06,1.601427e+06,38339.75,914298.0
2019-02-20,1.54631e+06,1.5841038e+06,37793.75,1.0978445e+06
2019-02-21,1.543856e+06,1.5785322e+06,34676.25,1.0641945e+06
2019-02-22,1.5111735e+06,1.5353165e+06,24143.0,1.2247932e+06
2019-02-23,1.3042028e+06,1.328614e+06,24411.25,959279.5
2019-02-24,1.185734e+06,1.2248695e+06,39135.5,950406.5
2019-02-25,1.470949e+06,1.4961632e+06,25214.25,1.215967e+06
2019-02-26,1.4856268e+06,1.51282e+06,27193.25,1.2679975e+06
2019-02-27,1.5017188e+06,1.5359958e+06,34277.0,1.173328e+06
2019-02-28,1.4963918e+06,1.542771e+06,46379.25,930910.75
2019-03-01,1.491759e+06,1.510957e+06,19198.0,1.2452255e+06
2019-03-02,1.2911468e+06,1.3065878e+06,15441.0,998086.0
2019-03-03,1.1951675e+06,1.249904e+06,54736.5,305596.25
2019-03-04,1.47172e+06,1.5138812e+06,42161.25,472920.0
2019-03-05,1.5166232e+06,1.5579185e+06,41295.25,695426.5
2019-03-06,1.5130192e+06,1.5367278e+06,23708.5,810729.5
2019-03-07,1.5243718e+06,1.572627e+06,48255.25,600282.5
2019-03-08,1.4933628e+06,1.5233418e+06,29979.0,600914.75
2019-03-09,1.303199e+06,1.352254e+06,49055.0,320538.0
2019-03-10,1.1953112e+06,1.2194262e+06,24115.0,602408.25
2019-03-11,1.504176e+06,1.535406e+06,31230.0,788095.0
2019-03-12,1.5333345e+06,1.566151e+06,32816.5,739246.75
2019-03-13,1.5590215e+06,1.5965838e+06,37562.25,524468.25
2019-03-14,1.5613495e+06,1.597068e+06,35718.5,637740.5
2019-03-15,1.5295412e+06,1.5656998e+06,36158.5,581623.25
2019-03-16,1.2965525e+06,1.33408e+06,37527.5,453835.5
2019-03-17,1.2035228e+06,1.2546165e+06,51093.75,322470.0
2019-03-18,1.4840918e+06,1.5199195e+06,35827.75,663302.5
2019-03-19,1.510678e+06,1.5399845e+06,29306.5,1.1671298e+06
2019-03-20,1.5171815e+06,1.544573e+06,27391.5,1.1118232e+06
2019-03-21,1.503161e+06,1.5282722e+06,25111.25,1.1169218e+06
2019-03-22,1.450554e+06,1.4742752e+06,23721.25,1.1732848e+06
2019-03-23,1.238722e+06,1.2673865e+06,28664.5,888148.75
2019-03-24,1.1507935e+06,1.1913992e+06,40605.75,833839.5
2019-03-25,1.470318e+06,1.5129625e+06,42644.5,775785.5
2019-03-26,1.5003548e+06,1.5277042e+06,27349.5,958886.5
2019-03-27,1.4914445e+06,1.517369e+06,25924.5,1.1577375e+06
2019-03-28,1.4652535e+06,1.4894525e+06,24199.0,1.2487545e+06
2019-03-29,1.416603e+06,1.4442045e+06,27601.5,1.0995088e+06
2019-03-30,1.1936208e+06,1.222453e+06,28832.25,839179.25
2019-03-31,1.0867175e+06,1.1456138e+06,58896.25,670752.0
2019-04-01,1.401401e+06,1.4247122e+06,23311.25,891577.75
2019-04-02,1.4753678e+06,1.5056872e+06,30319.5,851462.75
2019-04-03,1.4705485e+06,1.496209e+06,25660.5,1.1572888e+06
2019-04-04,1.4794808e+06,1.508862e+06,29381.25,1.211851e+06
2019-04-05,1.4557815e+06,1.484965e+06,29183.5,1.2475178e+06
2019-04-06,1.2070068e+06,1.2340732e+06,27066.5,858580.0
2019-04-07,1.0994072e+06,1.136785e+06,37377.75,741607.75
2019-04-08,1.397479e+06,1.4156838e+06,18204.75,1.0429925e+06
2019-04-09,1.4489332e+06,1.4758895e+06,26956.25,1.020488e+06
2019-04-10,1.4484892e+06,1.4798238e+06,31334.5,995509.25
2019-04-11,1.4364828e+06,1.4618858e+06,25403.0,1.0520572e+06
2019-04-12,1.440509e+06,1.4649198e+06,24410.75,1.129668e+06
2019-04-13,1.2546e+06,1.2775528e+06,22952.75,865726.25
2019-04-14,1.160434e+06,1.1940848e+06,33650.75,722740.0
2019-04-15,1.406356e+06,1.44189e+06,35534.0,810281.75
2019-04-16,1.450432e+06,1.479883e+06,29451.0,802942.75
2019-04-17,1.4292932e+06,1.4646448e+06,35351.5,834069.25
2019-04-18,1.374105e+06,1.4193598e+06,45254.75,672407.25
2019-04-19,1.0782125e+06,1.1223508e+06,44138.25,508536.0
2019-04-20,1.0654858e+06,1.0955532e+06,30067.5,650263.75
2019-04-21,964764.5,998541.25,33776.75,588560.75
2019-04-22,1.016543e+06,1.0700638e+06,53520.75,266736.5
2019-04-23,1.3371178e+06,1.367869e+06,30751.25,404071.0
2019-04-24,1.3860828e+06,1.4304052e+06,44322.5,668483.25
2019-04-25,1.3863022e+06,1.4148165e+06,28514.25,831649.25
2019-04-26,1.3769608e+06,1.402975e+06,26014.25,993591.0
2019-04-27,1.1807648e+06,1.2066405e+06,25875.75,782802.75
2019-04-28,1.091846e+06,1.1365168e+06,44670.75,840289.5
2019-04-29,1.3914088e+06,1.4100002e+06,18591.5,1.03007125e+06
2019-04-30,1.3743852e+06,1.403281e+06,28895.75,1.00411075e+06
2019-05-01,1.0849582e+06,1.132669e+06,47710.75,620957.75
2019-05-02,1.3653485e+06,1.3798838e+06,14535.25,750733.5
2019-05-03,1.390529e+06,1.4194468e+06,28917.75,851951.25
2019-05-04,1.2145955e+06,1.242952e+06,28356.5,779859.5
2019-05-05,1.117094e+06,1.1579198e+06,40825.75,712615.25
2019-05-06,1.421621e+06,1.442903e+06,21282.0,940302.0
2019-05-07,1.4385402e+06,1.4615412e+06,23001.0,1.1334738e+06
2019-05-08,1.4503362e+06,1.4734795e+06,23143.25,1.002064e+06
2019-05-09,1.4280035e+06,1.4559958e+06,27992.25,1.023963e+06
2019-05-10,1.4079072e+06,1.4296632e+06,21756.0,1.03649625e+06
2019-05-11,1.1976008e+06,1.2196185e+06,22017.75,833800.0
2019-05-12,1.089621e+06,1.1418118e+06,52190.75,511226.5
2019-05-13,1.3742088e+06,1.4072778e+06,33069.0,850661.0
2019-05-14,1.4046695e+06,1.427886e+06,23216.5,948645.75
2019-05-15,1.433074e+06,1.4477735e+06,14699.5,1.0182545e+06
2019-05-16,1.4556178e+06,1.47273e+06,17112.25,1.0793268e+06
2019-05-17,1.402751e+06,1.4189438e+06,16192.75,1.050933e+06
2019-05-18,1.158686e+06,1.1871288e+06,28442.75,783245.0
2019-05-19,1.0730125e+06,1.11239e+06,39377.5,732709.5
2019-05-20,1.3936222e+06,1.413258e+06,19635.75,1.1006495e+06
2019-05-21,1.453517e+06,1.4767018e+06,23184.75,991873.5
2019-05-22,1.4253228e+06,1.449076e+06,23753.25,912589.75
2019-05-23,1.4112912e+06,1.4409735e+06,29682.25,1.0442455e+06
2019-05-24,1.3811228e+06,1.4042612e+06,23138.5,955032.0
2019-05-25,1.1541438e+06,1.1720328e+06,17889.0,821414.25
2019-05-26,1.0783402e+06,1.1371652e+06,58825.0,500335.25
2019-05-27,1.3716562e+06,1.3901908e+06,18534.5,879528.5
2019-05-28,1.3895382e+06,1.4120868e+06,22548.5,1.126982e+06
2019-05-29,1.355992e+06,1.381875e+06,25883.0,1.054485e+06
2019-05-30,1.1028338e+06,1.1529675e+06,50133.75,521746.5
2019-05-31,1.2026155e+06,1.2244575e+06,21842.0,837438.75
2019-06-01,1.1221678e+06,1.1560812e+06,33913.5,736088.5
2019-06-02,1.0568562e+06,1.105131e+06,48274.75,624450.5
2019-06-03,1.369025e+06,1.398249e+06,29224.0,926182.5
2019-06-04,1.4154272e+06,1.4404835e+06,25056.25,1.01988e+06
2019-06-05,1.4186225e+06,1.4438432e+06,25220.75,942994.25
2019-06-06,1.3994752e+06,1.4304908e+06,31015.5,897170.5
2019-06-07,1.3454055e+06,1.3702172e+06,24811.75,855769.5
2019-06-08,1.1397702e+06,1.1858568e+06,46086.5,332841.5
2019-06-09,986632.0,1.0171035e+06,30471.5,551892.0
2019-06-10,1.0272915e+06,1.0533448e+06,26053.25,652359.0
2019-06-11,1.3399375e+06,1.3643695e+06,24432.0,1.02985775e+06
2019-06-12,1.4034008e+06,1.4355742e+06,32173.5,1.0681288e+06
2019-06-13,1.380433e+06,1.4145345e+06,34101.5,889051.0
2019-06-14,1.3680328e+06,1.3922602e+06,24227.5,964289.5
2019-06-15,1.1647392e+06,1.2036455e+06,38906.25,627800.75
2019-06-16,1.0622382e+06,1.10153e+06,39291.75,796512.75
2019-06-17,1.3525105e+06,1.3767475e+06,24237.0,1.031725e+06
2019-06-18,1.4093688e+06,1.4346335e+06,25264.75,1.0511638e+06
2019-06-19,1.4050215e+06,1.435644e+06,30622.5,1.0296245e+06
2019-06-20,1.1902985e+06,1.21873e+06,28431.5,875674.0
2019-06-21,1.2524675e+06,1.2688065e+06,16339.0,957068.0
2019-06-22,1.123547e+06,1.1422705e+06,18723.5,775698.5
2019-06-23,1.04830725e+06,1.0916175e+06,43310.25,565255.0
2019-06-24,1.3844088e+06,1.4086015e+06,24192.75,787615.75
2019-06-25,1.4425018e+06,1.4740442e+06,31542.5,976396.5
2019-06-26,1.4563872e+06,1.4876618e+06,31274.5,939428.25
2019-06-27,1.4310832e+06,1.466203e+06,35119.75,847061.25
2019-06-28,1.365494e+06,1.3918055e+06,26311.5,1.02159e+06
2019-06-29,1.16507e+06,1.194357e+06,29287.0,833567.0
2019-06-30,1.0909542e+06,1.1360312e+06,45077.0,490199.25
2019-07-01,1.441602e+06,1.471704e+06,30102.0,862979.75
2019-07-02,1.4365208e+06,1.464522e+06,28001.25,818963.75
2019-07-03,1.4202735e+06,1.4441382e+06,23864.75,913628.75
2019-07-04,1.4274488e+06,1.4518082e+06,24359.5,880951.25
2019-07-05,1.4051382e+06,1.4334475e+06,28309.25,916537.75
2019-07-06,1.1907032e+06,1.2149328e+06,24229.5,668538.25
2019-07-07,1.1001692e+06,1.1459802e+06,45811.0,563079.75
2019-07-08,1.3610455e+06,1.375234e+06,14188.5,935301.25
2019-07-09,1.3881125e+06,1.4101655e+06,22053.0,970543.0
2019-07-10,1.382159e+06,1.4034965e+06,21337.5,1.02210675e+06
2019-07-11,1.3819768e+06,1.3967402e+06,14763.5,1.2071485e+06
2019-07-12,1.3653645e+06,1.389806e+06,24441.5,1.134307e+06
2019-07-13,1.1609872e+06,1.1821128e+06,21125.5,823858.0
2019-07-14,1.0528998e+06,1.0761512e+06,23251.5,777436.75
2019-07-15,1.3392775e+06,1.355463e+06,16185.5,991275.75
2019-07-16,1.3818945e+06,1.3981798e+06,16285.25,961579.25
2019-07-17,1.3587242e+06,1.3757808e+06,17056.5,1.1058405e+06
2019-07-18,1.3625968e+06,1.3845485e+06,21951.75,1.075967e+06
2019-07-19,1.3495932e+06,1.368036e+06,18442.75,1.1090065e+06
2019-07-20,1.1646088e+06,1.189939e+06,25330.25,718899.5
2019-07-21,1.0724638e+06,1.1105895e+06,38125.75,603098.25
2019-07-22,1.3434e+06,1.359103e+06,15703.0,983256.25
2019-07-23,1.3899242e+06,1.409386e+06,19461.75,1.0755662e+06
2019-07-24,1.4132168e+06,1.4429398e+06,29723.0,1.03163375e+06
2019-07-25,1.4256452e+06,1.4537825e+06,28137.25,1.03722725e+06
2019-07-26,1.4141192e+06,1.4383408e+06,24221.5,834022.5
2019-07-27,1.201889e+06,1.2215265e+06,19637.5,596951.75
2019-07-28,1.089902e+06,1.1229882e+06,33086.25,719906.75
2019-07-29,1.3424555e+06,1.352477e+06,10021.5,1.0978002e+06
2019-07-30,1.3847902e+06,1.4065105e+06,21720.25,1.1312382e+06
2019-07-31,1.377597e+06,1.4073822e+06,29785.25,1.0889528e+06
2019-08-01,1.3454565e+06,1.3642382e+06,18781.75,1.087962e+06
2019-08-02,1.3183865e+06,1.3342298e+06,15843.25,1.0975048e+06
2019-08-03,1.1170868e+06,1.1413472e+06,24260.5,859149.0
2019-08-04,1.024125e+06,1.059969e+06,35844.0,761461.25
2019-08-05,1.2825878e+06,1.2948685e+06,12280.75,1.0350965e+06
2019-08-06,1.3378178e+06,1.3605462e+06,22728.5,1.0147835e+06
2019-08-07,1.3451722e+06,1.3614192e+06,16247.0,1.04444775e+06
2019-08-08,1.36068e+06,1.3869455e+06,26265.5,826960.5
2019-08-09,1.3439942e+06,1.3543008e+06,10306.5,991207.25
2019-08-10,1.1898525e+06,1.223151e+06,33298.5,453961.25
2019-08-11,1.0808448e+06,1.120385e+06,39540.25,473709.0
2019-08-12,1.3180952e+06,1.3395008e+06,21405.5,915220.75
2019-08-13,1.346463e+06,1.3751072e+06,28644.25,928854.0
2019-08-14,1.3277512e+06,1.3478635e+06,20112.25,954955.75
2019-08-15,1.330139e+06,1.3641962e+06,34057.25,825427.0
2019-08-16,1.2951212e+06,1.3132708e+06,18149.5,896403.5
2019-08-17,1.1470995e+06,1.1800558e+06,32956.25,633988.0
2019-08-18,1.0541155e+06,1.0976095e+06,43494.0,623551.5
2019-08-19,1.3347082e+06,1.3571188e+06,22410.5,871920.75
2019-08-20,1.3402862e+06,1.3638088e+06,23522.5,1.0850458e+06
2019-08-21,1.3274862e+06,1.3564552e+06,28969.0,1.0521422e+06
2019-08-22,1.3313558e+06,1.3618238e+06,30468.0,970484.25
2019-08-23,1.3152232e+06,1.3357895e+06,20566.25,1.008224e+06
2019-08-24,1.1327432e+06,1.158211e+06,25467.75,764112.0
2019-08-25,1.0568192e+06,1.0928455e+06,36026.25,720756.0
2019-08-26,1.362267e+06,1.3849652e+06,22698.25,1.0928995e+06
2019-08-27,1.4214462e+06,1.4549482e+06,33502.0,1.1342768e+06
2019-08-28,1.4304078e+06,1.4640438e+06,33636.0,1.1585798e+06
2019-08-29,1.404336e+06,1.432631e+06,28295.0,1.158145e+06
2019-08-30,1.3662252e+06,1.3946555e+06,28430.25,1.114273e+06
2019-08-31,1.1621618e+06,1.1864288e+06,24267.0,818028.0
2019-09-01,1.0719572e+06,1.1129218e+06,40964.5,669101.5
2019-09-02,1.327201e+06,1.3468388e+06,19637.75,963103.75
2019-09-03,1.3788545e+06,1.411746e+06,32891.5,882619.75
2019-09-04,1.373421e+06,1.402548e+06,29127.0,883697.0
2019-09-05,1.4095262e+06,1.439407e+06,29880.75,821327.5
2019-09-06,1.3617838e+06,1.389719e+06,27935.25,896223.0
2019-09-07,1.1414075e+06,1.1622632e+06,20855.75,935534.25
2019-09-08,1.054518e+06,1.083888e+06,29370.0,923411.5
2019-09-09,1.3453385e+06,1.3721025e+06,26764.0,1.163434e+06
2019-09-10,1.3907432e+06,1.4171662e+06,26423.0,930897.5
2019-09-11,1.4095368e+06,1.437474e+06,27937.25,893137.75
2019-09-12,1.4077028e+06,1.4312435e+06,23540.75,975060.5
2019-09-13,1.4010722e+06,1.427854e+06,26781.75,926487.25
2019-09-14,1.1580395e+06,1.1792552e+06,21215.75,865817.0
2019-09-15,1.109685e+06,1.155903e+06,46218.0,511036.75
2019-09-16,1.3785595e+06,1.390945e+06,12385.5,1.0791618e+06
2019-09-17,1.4461505e+06,1.4818935e+06,35743.0,763406.5
2019-09-18,1.4224522e+06,1.4542138e+06,31761.5,793733.5
2019-09-19,1.383852e+06,1.4022802e+06,18428.25,1.010661e+06
2019-09-20,1.3591788e+06,1.3805312e+06,21352.5,1.069256e+06
2019-09-21,1.151972e+06,1.1784885e+06,26516.5,794323.75
2019-09-22,1.070983e+06,1.106141e+06,35158.0,675486.0
2019-09-23,1.390845e+06,1.40869e+06,17845.0,1.1234298e+06
2019-09-24,1.402773e+06,1.429904e+06,27131.0,1.171351e+06
2019-09-25,1.4064295e+06,1.4337125e+06,27283.0,1.1652148e+06
2019-09-26,1.4283292e+06,1.4515798e+06,23250.5,1.0960775e+06
2019-09-27,1.4125328e+06,1.4357652e+06,23232.5,960242.75
2019-09-28,1.2152562e+06,1.2547955e+06,39539.25,451910.5
2019-09-29,1.1440732e+06,1.1909632e+06,46890.0,361430.75
2019-09-30,1.445605e+06,1.4825238e+06,36918.75,559954.75
2019-10-01,1.4495265e+06,1.4755022e+06,25975.75,952589.75
2019-10-02,1.4323448e+06,1.4667842e+06,34439.5,909429.0
2019-10-03,1.146045e+06,1.1739032e+06,27858.25,790053.25
2019-10-04,1.266766e+06,1.2923025e+06,25536.5,940797.0
2019-10-05,1.1866212e+06,1.216071e+06,29449.75,798986.0
2019-10-06,1.1227468e+06,1.1599878e+06,37241.0,705597.75
2019-10-07,1.392578e+06,1.4126308e+06,20052.75,1.104132e+06
2019-10-08,1.4687725e+06,1.4969128e+06,28140.25,889097.75
2019-10-09,1.4696915e+06,1.4968582e+06,27166.75,855976.75
2019-10-10,1.4832485e+06,1.5159565e+06,32708.0,744225.25
2019-10-11,1.4937838e+06,1.5313668e+06,37583.0,588306.0
2019-10-12,1.2499825e+06,1.2904868e+06,40504.25,534827.25
2019-10-13,1.1231135e+06,1.1564398e+06,33326.25,572192.25
2019-10-14,1.4130592e+06,1.4362815e+06,23222.25,946285.25
2019-10-15,1.4521838e+06,1.4766355e+06,24451.75,1.124323e+06
2019-10-16,1.4699075e+06,1.50259e+06,32682.5,981357.75
2019-10-17,1.459457e+06,1.4852828e+06,25825.75,1.0576955e+06
2019-10-18,1.4548368e+06,1.483033e+06,28196.25,858455.0
2019-10-19,1.246558e+06,1.269827e+06,23269.0,732888.5
2019-10-20,1.109418e+06,1.1339665e+06,24548.5,887234.25
2019-10-21,1.4088838e+06,1.4402438e+06,31360.0,1.1727248e+06
2019-10-22,1.4436805e+06,1.4803235e+06,36643.0,1.2062358e+06
2019-10-23,1.4431328e+06,1.4739355e+06,30802.75,1.2132072e+06
2019-10-24,1.4568752e+06,1.4884628e+06,31587.5,1.1309205e+06
2019-10-25,1.4543475e+06,1.485563e+06,31215.5,849420.25
2019-10-26,1.279345e+06,1.3162635e+06,36918.5,468872.0
2019-10-27,1.2253058e+06,1.2587312e+06,33425.5,540580.75
2019-10-28,1.4511205e+06,1.4798605e+06,28740.0,1.0931982e+06
2019-10-29,1.4738485e+06,1.5009875e+06,27139.0,1.2812728e+06
2019-10-30,1.4669338e+06,1.495747e+06,28813.25,1.2623898e+06
2019-10-31,1.378336e+06,1.4056555e+06,27319.5,1.0936598e+06
2019-11-01,1.268092e+06,1.282463e+06,14371.0,806072.0
2019-11-02,1.2240705e+06,1.2622665e+06,38196.0,585362.75
2019-11-03,1.1289632e+06,1.167773e+06,38809.75,788656.25
2019-11-04,1.4287748e+06,1.4594362e+06,30661.5,1.1169845e+06
2019-11-05,1.4818278e+06,1.5093172e+06,27489.5,1.2296828e+06
2019-11-06,1.4916988e+06,1.5193488e+06,27650.0,1.3503605e+06
2019-11-07,1.509018e+06,1.5401568e+06,31138.75,1.1734058e+06
2019-11-08,1.4731128e+06,1.497501e+06,24388.25,1.2854628e+06
2019-11-09,1.2709118e+06,1.294246e+06,23334.25,1.0812385e+06
2019-11-10,1.1871078e+06,1.2125698e+06,25462.0,990956.5
2019-11-11,1.525379e+06,1.5499368e+06,24557.75,1.0731908e+06
2019-11-12,1.5663875e+06,1.599506e+06,33118.5,1.00273125e+06
2019-11-13,1.5298878e+06,1.5575772e+06,27689.5,1.1403632e+06
2019-11-14,1.5197798e+06,1.5465125e+06,26732.75,1.1146748e+06
2019-11-15,1.5364822e+06,1.562391e+06,25908.75,1.02079775e+06
2019-11-16,1.3169435e+06,1.3434062e+06,26462.75,967748.0
2019-11-17,1.230224e+06,1.260391e+06,30167.0,907102.0
2019-11-18,1.5321792e+06,1.5643635e+06,32184.25,1.10905e+06
2019-11-19,1.584e+06,1.6154678e+06,31467.75,1.1362665e+06
2019-11-20,1.5255685e+06,1.551886e+06,26317.5,1.4681135e+06
2019-11-21,1.5411518e+06,1.569294e+06,28142.25,1.392819e+06
2019-11-22,1.5319735e+06,1.5560962e+06,24122.75,1.2317625e+06
2019-11-23,1.3367305e+06,1.372755e+06,36024.5,671951.5
2019-11-24,1.21335e+06,1.2333808e+06,20030.75,867611.75
2019-11-25,1.4967158e+06,1.519419e+06,22703.25,1.421974e+06
2019-11-26,1.5457512e+06,1.5704498e+06,24698.5,1.2957078e+06
2019-11-27,1.587324e+06,1.6125462e+06,25222.25,1.04256125e+06
2019-11-28,1.5976195e+06,1.6360395e+06,38420.0,717873.5
2019-11-29,1.544655e+06,1.5745388e+06,29883.75,879289.25
2019-11-30,1.2903348e+06,1.3155028e+06,25168.0,1.0399075e+06
2019-12-01,1.23007e+06,1.257015e+06,26945.0,1.0748078e+06
2019-12-02,1.49601e+06,1.5234238e+06,27413.75,1.1216712e+06
2019-12-03,1.5717765e+06,1.6013342e+06,29557.75,1.2714092e+06
2019-12-04,1.580502e+06,1.6055452e+06,25043.25,1.2321642e+06
2019-12-05,1.6119155e+06,1.6360702e+06,24154.75,1.146895e+06
2019-12-06,1.6204958e+06,1.6509498e+06,30454.0,744068.5
2019-12-07,1.3792095e+06,1.4188875e+06,39678.0,511270.0
2019-12-08,1.2925568e+06,1.342128e+06,49571.25,354797.25
2019-12-09,1.5580175e+06,1.5905772e+06,32559.75,777486.25
2019-12-10,1.58959e+06,1.6264358e+06,36845.75,1.0003075e+06
2019-12-11,1.6116932e+06,1.6423575e+06,30664.25,1.1312538e+06
2019-12-12,1.5825095e+06,1.6138512e+06,31341.75,1.1809478e+06
2019-12-13,1.5610022e+06,1.5925882e+06,31586.0,978832.75
2019-12-14,1.3616692e+06,1.39163e+06,29960.75,510024.0
2019-12-15,1.2819298e+06,1.331227e+06,49297.25,392187.0
2019-12-16,1.4937992e+06,1.5145088e+06,20709.5,1.00853375e+06
2019-12-17,1.4944542e+06,1.5318688e+06,37414.5,933686.25
2019-12-18,1.4828372e+06,1.516407e+06,33569.75,1.0314285e+06
2019-12-19,1.4625625e+06,1.4984512e+06,35888.75,865909.25
2019-12-20,1.3922702e+06,1.4276012e+06,35331.0,715452.75
2019-12-21,1.2252362e+06,1.257443e+06,32206.75,757532.5
2019-12-22,1.159607e+06,1.19734e+06,37733.0,727240.75
2019-12-23,1.2501145e+06,1.2898535e+06,39739.0,625119.75
2019-12-24,1.1363075e+06,1.1749278e+06,38620.25,651025.5
2019-12-25,1.06415e+06,1.0987595e+06,34609.5,751817.5
2019-12-26,1.0602062e+06,1.0924125e+06,32206.25,894262.75
2019-12-27,1.1723962e+06,1.2040158e+06,31619.5,1.00558725e+06
2019-12-28,1.1548665e+06,1.1813938e+06,26527.25,965899.0
2019-12-29,1.1242218e+06,1.1540595e+06,29837.75,728889.0
2019-12-30,1.2480965e+06,1.2844558e+06,36359.25,531692.0
2019-12-31,1.1679358e+06,1.205851e+06,37915.25,682968.75
2020-01-01,1.0903158e+06,1.124448e+06,34132.25,824344.25
2020-01-02,1.3315748e+06,1.3649488e+06,33374.0,899670.0
2020-01-03,1.3838432e+06,1.4276565e+06,43813.25,590376.75
2020-01-04,1.3033898e+06,1.33481e+06,31420.25,492338.25
2020-01-05,1.1867882e+06,1.2109615e+06,24173.25,845565.75
2020-01-06,1.3877342e+06,1.4216935e+06,33959.25,956374.75
2020-01-07,1.5351412e+06,1.5714128e+06,36271.5,1.031179e+06
2020-01-08,1.5713995e+06,1.6050862e+06,33686.75,986139.75
2020-01-09,1.5422922e+06,1.5696338e+06,27341.5,987314.75
2020-01-10,1.5226202e+06,1.5572632e+06,34643.0,882592.5
2020-01-11,1.3280308e+06,1.3538005e+06,25769.75,775640.5
2020-01-12,1.2885058e+06,1.3155575e+06,27051.75,470300.5
2020-01-13,1.5391955e+06,1.5717712e+06,32575.75,1.0554488e+06
2020-01-14,1.6156855e+06,1.6531618e+06,37476.25,666445.25
2020-01-15,1.5856402e+06,1.6203428e+06,34702.5,679154.75
2020-01-16,1.5451822e+06,1.5837482e+06,38566.0,1.02419725e+06
2020-01-17,1.545423e+06,1.5818405e+06,36417.5,916890.0
2020-01-18,1.343193e+06,1.374008e+06,30815.0,791411.5
2020-01-19,1.2292368e+06,1.253553e+06,24316.25,917993.25
2020-01-20,1.5290065e+06,1.5642478e+06,35241.25,1.2662202e+06
2020-01-21,1.5953965e+06,1.621534e+06,26137.5,1.16635e+06
2020-01-22,1.5973612e+06,1.6332738e+06,35912.5,1.3270142e+06
2020-01-23,1.5878818e+06,1.6215592e+06,33677.5,1.4498248e+06
2020-01-24,1.569452e+06,1.6030232e+06,33571.25,1.3227345e+06
2020-01-25,1.357639e+06,1.3756272e+06,17988.25,1.1573058e+06
2020-01-26,1.2338265e+06,1.2551305e+06,21304.0,966827.0
2020-01-27,1.5474622e+06,1.5924865e+06,45024.25,954843.0
2020-01-28,1.604453e+06,1.6420665e+06,37613.5,771599.75
2020-01-29,1.6461528e+06,1.6819332e+06,35780.5,772671.0
2020-01-30,1.6149295e+06,1.6557878e+06,40858.25,739113.0
2020-01-31,1.5653422e+06,1.6076445e+06,42302.25,637552.25
2020-02-01,1.36248e+06,1.4118898e+06,49409.75,419723.0
2020-02-02,1.252154e+06,1.2928755e+06,40721.5,651739.0
2020-02-03,1.5317265e+06,1.5702492e+06,38522.75,854842.75
2020-02-04,1.607783e+06,1.6425602e+06,34777.25,880775.5
2020-02-05,1.58006e+06,1.6127785e+06,32718.5,1.1170775e+06
2020-02-06,1.58546e+06,1.6199308e+06,34470.75,1.223876e+06
2020-02-07,1.5237095e+06,1.5619718e+06,38262.25,1.2225252e+06
2020-02-08,1.3338788e+06,1.3600505e+06,26171.75,807479.25
2020-02-09,1.2836555e+06,1.3247778e+06,41122.25,372738.75
2020-02-10,1.587886e+06,1.6313715e+06,43485.5,580332.75
2020-02-11,1.645411e+06,1.6856445e+06,40233.5,566810.75
2020-02-12,1.636683e+06,1.6719368e+06,35253.75,636177.5
2020-02-13,1.614392e+06,1.653965e+06,39573.0,977598.75
2020-02-14,1.523297e+06,1.5586492e+06,35352.25,1.2126912e+06
2020-02-15,1.3325152e+06,1.364883e+06,32367.75,562208.25
2020-02-16,1.2838095e+06,1.3194258e+06,35616.25,302919.75
2020-02-17,1.5500892e+06,1.5923932e+06,42304.0,648812.25
2020-02-18,1.6002188e+06,1.640802e+06,40583.25,611152.0
2020-02-19,1.5824022e+06,1.6219645e+06,39562.25,718829.25
2020-02-20,1.561168e+06,1.5908332e+06,29665.25,777403.5
2020-02-21,1.5461165e+06,1.587263e+06,41146.5,592041.5
2020-02-22,1.363544e+06,1.4044928e+06,40948.75,296940.0
2020-02-23,1.2554092e+06,1.297296e+06,41886.75,362039.0
2020-02-24,1.4759112e+06,1.513117e+06,37205.75,782217.75
2020-02-25,1.5417042e+06,1.5847595e+06,43055.25,637478.5
2020-02-26,1.5402292e+06,1.57146e+06,31230.75,1.0280235e+06
2020-02-27,1.5509288e+06,1.5924428e+06,41514.0,1.1817565e+06
2020-02-28,1.5345002e+06,1.5718375e+06,37337.25,826469.75
2020-02-29,1.342279e+06,1.370211e+06,27932.0,413732.5
2020-03-01,1.2293128e+06,1.2713522e+06,42039.5,392684.75
2020-03-02,1.4784718e+06,1.5122595e+06,33787.75,1.0919588e+06
2020-03-03,1.5035062e+06,1.541641e+06,38134.75,1.1577998e+06
2020-03-04,1.510674e+06,1.5490765e+06,38402.5,1.1964245e+06
2020-03-05,1.517444e+06,1.5522422e+06,34798.25,1.1143252e+06
2020-03-06,1.5280422e+06,1.5649548e+06,36912.5,940200.5
2020-03-07,1.2942785e+06,1.3266052e+06,32326.75,825853.25
2020-03-08,1.225136e+06,1.2714878e+06,46351.75,515266.0
2020-03-09,1.4554918e+06,1.4895492e+06,34057.5,1.0431225e+06
2020-03-10,1.6031218e+06,1.638023e+06,34901.25,652805.75
2020-03-11,1.5555435e+06,1.5975645e+06,42021.0,723711.25
2020-03-12,1.567162e+06,1.6160238e+06,48861.75,536898.75
2020-03-13,1.5391608e+06,1.5862035e+06,47042.75,622514.0
2020-03-14,1.25687e+06,1.2765062e+06,19636.25,863505.0
2020-03-15,1.2167685e+06,1.2542538e+06,37485.25,422213.25
2020-03-16,1.4183295e+06,1.4510225e+06,32693.0,1.02249325e+06
2020-03-17,1.447366e+06,1.481475e+06,34109.0,1.03728425e+06
2020-03-18,1.447226e+06,1.4840012e+06,36775.25,904415.75
2020-03-19,1.3903222e+06,1.4257668e+06,35444.5,1.1793805e+06
2020-03-20,1.3694658e+06,1.3926995e+06,23233.75,1.01983825e+06
2020-03-21,1.2548155e+06,1.2910105e+06,36195.0,487330.5
2020-03-22,1.1752132e+06,1.2161618e+06,40948.5,374680.75
2020-03-23,1.384922e+06,1.4271022e+06,42180.25,666770.0
2020-03-24,1.3919292e+06,1.4267765e+06,34847.25,736351.75
2020-03-25,1.3861218e+06,1.425121e+06,38999.25,726908.25
2020-03-26,1.3690132e+06,1.4018608e+06,32847.5,723968.0
2020-03-27,1.3285142e+06,1.3621632e+06,33649.0,716970.75
2020-03-28,1.168693e+06,1.2097335e+06,41040.5,571394.25
2020-03-29,1.1308842e+06,1.1650432e+06,34159.0,415725.75
2020-03-30,1.3466102e+06,1.3771232e+06,30513.0,869363.75
2020-03-31,1.3521292e+06,1.3929412e+06,40812.0,1.02860925e+06
2020-04-01,1.3923305e+06,1.434211e+06,41880.5,880475.0
2020-04-02,1.3857288e+06,1.4128305e+06,27101.75,726074.5
2020-04-03,1.3718815e+06,1.4121292e+06,40247.75,776904.0
2020-04-04,1.1424735e+06,1.184798e+06,42324.5,773396.75
2020-04-05,1.095905e+06,1.1358698e+06,39964.75,356908.25
2020-04-06,1.289751e+06,1.3366525e+06,46901.5,647289.0
2020-04-07,1.287449e+06,1.3349095e+06,47460.5,895722.0
2020-04-08,1.2683112e+06,1.306148e+06,37836.75,881802.0
2020-04-09,1.2568672e+06,1.302491e+06,45623.75,881064.25
2020-04-10,1.03515425e+06,1.0710008e+06,35846.5,706778.0
2020-04-11,1.04051775e+06,1.0849078e+06,44390.0,717782.5
2020-04-12,989618.25,1.0277325e+06,38114.25,604100.25
2020-04-13,1.04418425e+06,1.087704e+06,43519.75,323995.75
2020-04-14,1.2505578e+06,1.3017162e+06,51158.5,710685.0
2020-04-15,1.2866855e+06,1.3282092e+06,41523.75,722559.0
2020-04-16,1.2827768e+06,1.328178e+06,45401.25,882773.25
2020-04-17,1.239725e+06,1.287325e+06,47600.0,915484.75
2020-04-18,1.0912918e+06,1.1314375e+06,40145.75,672140.75
2020-04-19,1.0508082e+06,1.096706e+06,45897.75,419724.25
2020-04-20,1.290038e+06,1.3470578e+06,57019.75,397623.5
2020-04-21,1.3356018e+06,1.3906345e+06,55032.75,342039.5
2020-04-22,1.3138298e+06,1.3617385e+06,47908.75,481417.25
2020-04-23,1.2808165e+06,1.3319152e+06,51098.75,865366.25
2020-04-24,1.2592472e+06,1.303789e+06,44541.75,706711.5
2020-04-25,1.10748e+06,1.1507262e+06,43246.25,681503.0
2020-04-26,1.0253035e+06,1.0585045e+06,33201.0,740279.5
2020-04-27,1.2422518e+06,1.2865978e+06,44346.0,923934.0
2020-04-28,1.2801888e+06,1.3115932e+06,31404.5,1.0021775e+06
2020-04-29,1.2972162e+06,1.3328515e+06,35635.25,977176.5
2020-04-30,1.2872992e+06,1.3367432e+06,49444.0,720021.25
2020-05-01,1.0518412e+06,1.0869472e+06,35106.0,495665.0
2020-05-02,1.071928e+06,1.119961e+06,48033.0,577559.0
2020-05-03,1.01870975e+06,1.0596378e+06,40928.0,694813.25
2020-05-04,1.2683882e+06,1.3043598e+06,35971.5,954201.5
2020-05-05,1.3107508e+06,1.344348e+06,33597.25,869657.75
2020-05-06,1.3073502e+06,1.34615e+06,38799.75,805844.5
2020-05-07,1.290492e+06,1.327148e+06,36656.0,896285.5
2020-05-08,1.2445865e+06,1.291336e+06,46749.5,923268.0
2020-05-09,1.0734868e+06,1.1070558e+06,33569.0,799656.5
2020-05-10,1.0172775e+06,1.044974e+06,27696.5,603479.75
2020-05-11,1.3398578e+06,1.378098e+06,38240.25,615007.5
2020-05-12,1.335587e+06,1.3613245e+06,25737.5,826764.0
2020-05-13,1.312209e+06,1.3425848e+06,30375.75,990433.25
2020-05-14,1.313033e+06,1.3462055e+06,33172.5,928107.0
2020-05-15,1.304126e+06,1.3407415e+06,36615.5,820889.25
2020-05-16,1.127485e+06,1.168598e+06,41113.0,593086.75
2020-05-17,1.0503278e+06,1.0880752e+06,37747.5,477433.0
2020-05-18,1.2831978e+06,1.3181275e+06,34929.75,752864.75
2020-05-19,1.3088942e+06,1.3421552e+06,33261.0,889094.0
2020-05-20,1.249689e+06,1.290498e+06,40809.0,1.02749975e+06
2020-05-21,1.01963475e+06,1.0610772e+06,41442.5,691201.0
2020-05-22,1.157968e+06,1.198337e+06,40369.0,686815.5
2020-05-23,1.109808e+06,1.1446972e+06,34889.25,561177.25
2020-05-24,1.0554678e+06,1.102319e+06,46851.25,361356.25
2020-05-25,1.293773e+06,1.3291675e+06,35394.5,731468.0
2020-05-26,1.2799182e+06,1.3189505e+06,39032.25,1.00803575e+06
2020-05-27,1.2970892e+06,1.3352728e+06,38183.5,912476.75
2020-05-28,1.295495e+06,1.3266575e+06,31162.5,795057.25
2020-05-29,1.235211e+06,1.2647258e+06,29514.75,846802.25
2020-05-30,1.0765735e+06,1.1118488e+06,35275.25,602404.5
2020-05-31,997749.75,1.0445175e+06,46767.75,451884.25
2020-06-01,983914.5,1.01616975e+06,32255.25,434311.25
2020-06-02,1.254432e+06,1.2866922e+06,32260.25,868468.75
2020-06-03,1.29484e+06,1.3332578e+06,38417.75,894031.75
2020-06-04,1.3323522e+06,1.3662898e+06,33937.5,1.00000975e+06
2020-06-05,1.3095438e+06,1.3430132e+06,33469.5,730133.0
2020-06-06,1.1454002e+06,1.1890478e+06,43647.5,458328.0
2020-06-07,1.03724125e+06,1.069878e+06,32636.75,636515.0
2020-06-08,1.2577852e+06,1.2845935e+06,26808.25,1.0217055e+06
2020-06-09,1.294317e+06,1.3220125e+06,27695.5,1.0781382e+06
2020-06-10,1.2905645e+06,1.3166042e+06,26039.75,1.04575775e+06
2020-06-11,1.1383498e+06,1.1640215e+06,25671.75,782981.5
2020-06-12,1.1913965e+06,1.2225652e+06,31168.75,666225.75
2020-06-13,1.101138e+06,1.1312142e+06,30076.25,583071.0
2020-06-14,1.045712e+06,1.0755538e+06,29841.75,677256.5
2020-06-15,1.2647165e+06,1.290231e+06,25514.5,978503.0
2020-06-16,1.2997448e+06,1.3225025e+06,22757.75,1.1094535e+06
2020-06-17,1.3020732e+06,1.329821e+06,27747.75,1.03297675e+06
2020-06-18,1.3087688e+06,1.331446e+06,22677.25,991774.0
2020-06-19,1.260401e+06,1.2840115e+06,23610.5,969352.25
2020-06-20,1.0971248e+06,1.1223025e+06,25177.75,676484.5
2020-06-21,1.0097115e+06,1.0392635e+06,29552.0,666087.5
2020-06-22,1.27707e+06,1.302471e+06,25401.0,905068.5
2020-06-23,1.3048895e+06,1.3335655e+06,28676.0,944820.5
2020-06-24,1.2973122e+06,1.3218408e+06,24528.5,893081.5
2020-06-25,1.3193845e+06,1.341246e+06,21861.5,842622.75
2020-06-26,1.2774392e+06,1.3041218e+06,26682.5,845389.25
2020-06-27,1.0993055e+06,1.1209652e+06,21659.75,705321.5
2020-06-28,1.024257e+06,1.053085e+06,28828.0,551909.75
2020-06-29,1.27886e+06,1.3117462e+06,32886.25,754543.0
2020-06-30,1.3452215e+06,1.3774225e+06,32201.0,593995.25
2020-07-01,1.3436715e+06,1.3730405e+06,29369.0,816931.0
2020-07-02,1.3262935e+06,1.3552742e+06,28980.75,969271.75
2020-07-03,1.2734872e+06,1.3040775e+06,30590.25,830292.0
2020-07-04,1.1467075e+06,1.1889768e+06,42269.25,335376.5
2020-07-05,1.0914915e+06,1.130582e+06,39090.5,273860.0
2020-07-06,1.3496372e+06,1.3868132e+06,37176.0,470911.5
2020-07-07,1.3490495e+06,1.3823138e+06,33264.25,816270.75
2020-07-08,1.3420955e+06,1.37142e+06,29324.5,1.062396e+06
2020-07-09,1.342185e+06,1.3740638e+06,31878.75,1.00985125e+06
2020-07-10,1.305485e+06,1.3390755e+06,33590.5,785104.0
2020-07-11,1.1071122e+06,1.1358235e+06,28711.25,717459.0
2020-07-12,1.00734675e+06,1.04180625e+06,34459.5,637819.25
2020-07-13,1.2543422e+06,1.281384e+06,27041.75,916705.0
2020-07-14,1.306803e+06,1.3267398e+06,19936.75,984148.75
2020-07-15,1.3212562e+06,1.3524048e+06,31148.5,1.1383368e+06
2020-07-16,1.3251288e+06,1.3515855e+06,26456.75,1.1655598e+06
2020-07-17,1.2680665e+06,1.2972825e+06,29216.0,1.0398945e+06
2020-07-18,1.064688e+06,1.0908975e+06,26209.5,816234.75
2020-07-19,985816.75,1.02357575e+06,37759.0,689503.5
2020-07-20,1.2588278e+06,1.2796415e+06,20813.75,891769.25
2020-07-21,1.2915518e+06,1.3184572e+06,26905.5,898899.75
2020-07-22,1.299791e+06,1.3227345e+06,22943.5,968419.25
2020-07-23,1.2838595e+06,1.313692e+06,29832.5,952763.75
2020-07-24,1.274845e+06,1.3100378e+06,35192.75,841918.25
2020-07-25,1.0699505e+06,1.0945498e+06,24599.25,737758.5
2020-07-26,1.01170425e+06,1.04746925e+06,35765.0,511554.5
2020-07-27,1.246093e+06,1.2789215e+06,32828.5,848355.0
2020-07-28,1.335801e+06,1.3743555e+06,38554.5,595148.5
2020-07-29,1.3144262e+06,1.3507975e+06,36371.25,660359.25
2020-07-30,1.2911882e+06,1.3317005e+06,40512.25,880897.25
2020-07-31,1.2566148e+06,1.292093e+06,35478.25,907386.75
2020-08-01,1.1024755e+06,1.1406245e+06,38149.0,662928.75
2020-08-02,1.01109875e+06,1.03997625e+06,28877.5,762414.25
2020-08-03,1.2376485e+06,1.2723502e+06,34701.75,1.015573e+06
2020-08-04,1.2597695e+06,1.2875338e+06,27764.25,1.02072925e+06
2020-08-05,1.280412e+06,1.3209022e+06,40490.25,804388.75
2020-08-06,1.2810618e+06,1.3194868e+06,38425.0,900098.25
2020-08-07,1.2694272e+06,1.3093472e+06,39920.0,942780.75
2020-08-08,1.1064848e+06,1.137671e+06,31186.25,806783.0
2020-08-09,1.035652e+06,1.0679132e+06,32261.25,691543.5
2020-08-10,1.3195268e+06,1.3553322e+06,35805.5,919891.5
2020-08-11,1.3832798e+06,1.4218152e+06,38535.5,869776.0
2020-08-12,1.3695222e+06,1.4064085e+06,36886.25,848679.5
2020-08-13,1.362389e+06,1.397697e+06,35308.0,1.0001795e+06
2020-08-14,1.3118142e+06,1.348717e+06,36902.75,1.0818802e+06
2020-08-15,1.095678e+06,1.1247798e+06,29101.75,873196.0
2020-08-16,1.036924e+06,1.0741332e+06,37209.25,686183.75
2020-08-17,1.3089725e+06,1.3339885e+06,25016.0,1.041351e+06
2020-08-18,1.327555e+06,1.3651888e+06,37633.75,1.0778228e+06
2020-08-19,1.3210735e+06,1.3542935e+06,33220.0,1.0448035e+06
2020-08-20,1.3477392e+06,1.382911e+06,35171.75,959045.5
2020-08-21,1.3504792e+06,1.3853342e+06,34855.0,808893.0
2020-08-22,1.1462718e+06,1.176861e+06,30589.25,591727.0
2020-08-23,1.062355e+06,1.0969205e+06,34565.5,438721.0
2020-08-24,1.2971862e+06,1.323749e+06,26562.75,923764.75
2020-08-25,1.3420772e+06,1.3637202e+06,21643.0,897595.75
2020-08-26,1.4190732e+06,1.4641632e+06,45090.0,361681.0
2020-08-27,1.3570088e+06,1.382086e+06,25077.25,858905.5
2020-08-28,1.312567e+06,1.346024e+06,33457.0,854523.25
2020-08-29,1.1104895e+06,1.1525132e+06,42023.75,776045.5
2020-08-30,1.02382675e+06,1.05479e+06,30963.25,783901.0
2020-08-31,1.3083088e+06,1.3377995e+06,29490.75,1.0640482e+06
2020-09-01,1.3425568e+06,1.3718338e+06,29277.0,1.1252672e+06
2020-09-02,1.348501e+06,1.3817908e+06,33289.75,1.11971e+06
2020-09-03,1.3609082e+06,1.3888892e+06,27981.0,881923.0
2020-09-04,1.3315475e+06,1.3668008e+06,35253.25,870830.5
2020-09-05,1.1295705e+06,1.1568668e+06,27296.25,724029.5
2020-09-06,1.04554e+06,1.0782168e+06,32676.75,715186.25
2020-09-07,1.309754e+06,1.3404612e+06,30707.25,994531.5
2020-09-08,1.3871432e+06,1.4247965e+06,37653.25,842956.25
2020-09-09,1.3961615e+06,1.4330745e+06,36913.0,867994.5
2020-09-10,1.3732642e+06,1.405152e+06,31887.75,1.0576788e+06
2020-09-11,1.3149745e+06,1.3486108e+06,33636.25,1.0085765e+06
2020-09-12,1.15535e+06,1.1873872e+06,32037.25,639453.0
2020-09-13,1.0578878e+06,1.0960088e+06,38121.0,583846.75
2020-09-14,1.3208128e+06,1.34986e+06,29047.25,1.027334e+06
2020-09-15,1.3705308e+06,1.4082065e+06,37675.75,1.105974e+06
2020-09-16,1.395852e+06,1.4275742e+06,31722.25,1.01355025e+06
2020-09-17,1.3803372e+06,1.4105348e+06,30197.5,895261.75
2020-09-18,1.3239338e+06,1.3655022e+06,41568.5,863096.5
2020-09-19,1.1254462e+06,1.154201e+06,28754.75,676742.75
2020-09-20,1.03429225e+06,1.0630748e+06,28782.5,667751.0
2020-09-21,1.310829e+06,1.3398705e+06,29041.5,1.0652435e+06
2020-09-22,1.35675e+06,1.3868958e+06,30145.75,1.1445208e+06
2020-09-23,1.3697325e+06,1.4022478e+06,32515.25,1.0359225e+06
2020-09-24,1.3854575e+06,1.4286802e+06,43222.75,735026.75
2020-09-25,1.3499125e+06,1.388413e+06,38500.5,960892.5
2020-09-26,1.1879082e+06,1.22174e+06,33831.75,783602.0
2020-09-27,1.0899092e+06,1.1242632e+06,34354.0,774490.25
2020-09-28,1.3508695e+06,1.3844432e+06,33573.75,1.161856e+06
2020-09-29,1.387335e+06,1.4216042e+06,34269.25,1.2242375e+06
2020-09-30,1.38236e+06,1.4111792e+06,28819.25,1.1618542e+06
2020-10-01,1.410453e+06,1.4445112e+06,34058.25,954827.0
2020-10-02,1.3981558e+06,1.429539e+06,31383.25,860741.0
2020-10-03,1.1706522e+06,1.2095712e+06,38919.0,514552.75
2020-10-04,1.1227558e+06,1.1683485e+06,45592.75,435290.75
2020-10-05,1.4129098e+06,1.4492288e+06,36319.0,829135.5
2020-10-06,1.4810108e+06,1.5218352e+06,40824.5,799067.75
2020-10-07,1.4598688e+06,1.4960872e+06,36218.5,899994.0
2020-10-08,1.4957435e+06,1.5359398e+06,40196.25,711265.25
2020-10-09,1.4088428e+06,1.4427608e+06,33918.0,1.0110955e+06
2020-10-10,1.2229908e+06,1.2546982e+06,31707.5,744824.5
2020-10-11,1.1401948e+06,1.1790402e+06,38845.5,732296.25
2020-10-12,1.3955285e+06,1.4281725e+06,32644.0,1.2119685e+06
2020-10-13,1.4252875e+06,1.45731e+06,32022.5,1.1860195e+06
2020-10-14,1.5057848e+06,1.5362152e+06,30430.5,847258.25
2020-10-15,1.4995805e+06,1.53463e+06,35049.5,1.0469655e+06
2020-10-16,1.4198872e+06,1.448826e+06,28938.75,1.213915e+06
2020-10-17,1.2010542e+06,1.2192775e+06,18223.25,1.090605e+06
2020-10-18,1.1642852e+06,1.2056102e+06,41325.0,725700.75
2020-10-19,1.4112048e+06,1.443328e+06,32123.25,1.1523652e+06
2020-10-20,1.473024e+06,1.5047088e+06,31684.75,898158.5
2020-10-21,1.4856655e+06,1.5233518e+06,37686.25,837026.5
2020-10-22,1.4871982e+06,1.522423e+06,35224.75,739440.75
2020-10-23,1.4320902e+06,1.4695168e+06,37426.5,1.0726548e+06
2020-10-24,1.2490468e+06,1.2779245e+06,28877.75,632793.75
2020-10-25,1.225577e+06,1.2666472e+06,41070.25,520336.5
2020-10-26,1.4338185e+06,1.4714488e+06,37630.25,1.039325e+06
2020-10-27,1.4976338e+06,1.5325362e+06,34902.5,805326.5
2020-10-28,1.5109295e+06,1.5480588e+06,37129.25,774037.5
2020-10-29,1.516425e+06,1.5507265e+06,34301.5,791614.0
2020-10-30,1.4583232e+06,1.4929245e+06,34601.25,797786.0
2020-10-31,1.188506e+06,1.213268e+06,24762.0,792368.75
2020-11-01,1.177105e+06,1.2139235e+06,36818.5,544045.5
2020-11-02,1.4776408e+06,1.5236792e+06,46038.5,566861.75
2020-11-03,1.479108e+06,1.513712e+06,34604.0,939911.0
2020-11-04,1.4996582e+06,1.5374942e+06,37836.0,1.0510455e+06
2020-11-05,1.504678e+06,1.538079e+06,33401.0,1.0751338e+06
2020-11-06,1.4483712e+06,1.4774408e+06,29069.5,1.2064238e+06
2020-11-07,1.2303625e+06,1.262401e+06,32038.5,994019.25
2020-11-08,1.142375e+06,1.173886e+06,31511.0,958158.75
2020-11-09,1.4270322e+06,1.4588515e+06,31819.25,1.2754352e+06
2020-11-10,1.4752165e+06,1.5067305e+06,31514.0,1.3605702e+06
2020-11-11,1.481888e+06,1.5115548e+06,29666.75,1.3931052e+06
2020-11-12,1.4964345e+06,1.5260838e+06,29649.25,1.110584e+06
2020-11-13,1.4540492e+06,1.4787265e+06,24677.25,1.0846888e+06
2020-11-14,1.2352018e+06,1.2488288e+06,13627.0,834031.25
2020-11-15,1.2002972e+06,1.238597e+06,38299.75,404565.0
2020-11-16,1.4874802e+06,1.516561e+06,29080.75,757835.0
2020-11-17,1.5301102e+06,1.5605915e+06,30481.25,896715.25
2020-11-18,1.5029882e+06,1.5303782e+06,27390.0,892268.5
2020-11-19,1.5587068e+06,1.5898032e+06,31096.5,749724.5
2020-11-20,1.496675e+06,1.528226e+06,31551.0,1.106703e+06
2020-11-21,1.3385388e+06,1.3562495e+06,17710.75,612687.75
2020-11-22,1.2580262e+06,1.2921972e+06,34171.0,617021.75
2020-11-23,1.5246005e+06,1.5540342e+06,29433.75,1.0191725e+06
2020-11-24,1.5667002e+06,1.5936448e+06,26944.5,1.1377342e+06
2020-11-25,1.554912e+06,1.58754e+06,32628.0,1.2221945e+06
2020-11-26,1.5516058e+06,1.587025e+06,35419.25,1.3458622e+06
2020-11-27,1.4996035e+06,1.5339082e+06,34304.75,1.4079072e+06
2020-11-28,1.3208888e+06,1.3404358e+06,19547.0,1.1240265e+06
2020-11-29,1.2435165e+06,1.2744748e+06,30958.25,1.096776e+06
2020-11-30,1.5534105e+06,1.5883155e+06,34905.0,1.2252235e+06
2020-12-01,1.5686302e+06,1.5977588e+06,29128.5,1.3701582e+06
2020-12-02,1.5685595e+06,1.605848e+06,37288.5,1.453136e+06
2020-12-03,1.6357665e+06,1.6709218e+06,35155.25,1.1506622e+06
2020-12-04,1.5885472e+06,1.6219028e+06,33355.5,991708.5
2020-12-05,1.3300578e+06,1.3609232e+06,30865.5,1.0670818e+06
2020-12-06,1.2554148e+06,1.2843385e+06,28923.75,1.008145e+06
2020-12-07,1.5676372e+06,1.5935035e+06,25866.25,1.189543e+06
2020-12-08,1.5487605e+06,1.5798578e+06,31097.25,1.367754e+06
2020-12-09,1.5751825e+06,1.6100758e+06,34893.25,1.4580565e+06
2020-12-10,1.5742205e+06,1.6116035e+06,37383.0,1.488061e+06
2020-12-11,1.5785485e+06,1.6108352e+06,32286.75,1.1586252e+06
2020-12-12,1.3423162e+06,1.377762e+06,35445.75,1.1068542e+06
2020-12-13,1.224218e+06,1.2515898e+06,27371.75,1.0511178e+06
2020-12-14,1.5176635e+06,1.5510478e+06,33384.25,961467.0
2020-12-15,1.541482e+06,1.5742982e+06,32816.25,1.2054985e+06
2020-12-16,1.5061325e+06,1.544846e+06,38713.5,1.2114365e+06
2020-12-17,1.5175135e+06,1.5525135e+06,35000.0,945865.0
2020-12-18,1.4578348e+06,1.4936052e+06,35770.5,922446.25
2020-12-19,1.286968e+06,1.3132695e+06,26301.5,675934.25
2020-12-20,1.1936522e+06,1.22577e+06,32117.75,766686.75
2020-12-21,1.3695772e+06,1.4034208e+06,33843.5,786766.0
2020-12-22,1.3852265e+06,1.4286695e+06,43443.0,646297.75
2020-12-23,1.2745518e+06,1.3085698e+06,34018.0,968434.25
2020-12-24,1.1612082e+06,1.1970565e+06,35848.25,598138.5
2020-12-25,1.0949905e+06,1.1349798e+06,39989.25,820354.0
2020-12-26,1.1365042e+06,1.1574022e+06,20898.0,551676.0
2020-12-27,1.2316012e+06,1.2688102e+06,37209.0,301172.5
2020-12-28,1.2423932e+06,1.2724592e+06,30066.0,909018.5
2020-12-29,1.243182e+06,1.279172e+06,35990.0,902780.0
2020-12-30,1.263061e+06,1.2955635e+06,32502.5,762089.0
2020-12-31,1.176434e+06,1.220804e+06,44370.0,824562.0
2021-01-01,1.0989415e+06,1.1269985e+06,28057.0,999025.5
2021-01-02,1.1717622e+06,1.205451e+06,33688.75,1.068063e+06
2021-01-03,1.2123262e+06,1.248257e+06,35930.75,774437.0
2021-01-04,1.4763598e+06,1.507344e+06,30984.25,1.0823185e+06
2021-01-05,1.5181402e+06,1.5477165e+06,29576.25,1.1463665e+06
2021-01-06,1.4531322e+06,1.4854315e+06,32299.25,1.2199526e+06
2021-01-07,1.5233878e+06,1.5530022e+06,29614.5,1.372188e+06
2021-01-08,1.5036162e+06,1.5398e+06,36183.75,1.373334e+06
2021-01-09,1.3309718e+06,1.3506618e+06,19690.0,1.2508735e+06
2021-01-10,1.2927272e+06,1.3232738e+06,30546.5,1.02526525e+06
2021-01-11,1.6302172e+06,1.6694058e+06,39188.5,958514.0
2021-01-12,1.6445478e+06,1.6829568e+06,38409.0,915522.5
2021-01-13,1.6495622e+06,1.6955655e+06,46003.25,798960.75
2021-01-14,1.6140508e+06,1.6417062e+06,27655.5,1.262016e+06
2021-01-15,1.5785815e+06,1.6071938e+06,28612.25,1.3916072e+06
2021-01-16,1.391777e+06,1.4202105e+06,28433.5,1.2054535e+06
2021-01-17,1.3095068e+06,1.3350205e+06,25513.75,1.1590745e+06
2021-01-18,1.5879168e+06,1.6192775e+06,31360.75,1.0607188e+06
2021-01-19,1.632185e+06,1.6626042e+06,30419.25,828416.5
2021-01-20,1.624024e+06,1.658674e+06,34650.0,705826.75
2021-01-21,1.6220302e+06,1.663465e+06,41434.75,643070.75
2021-01-22,1.571816e+06,1.6082145e+06,36398.5,881008.5
2021-01-23,1.3417732e+06,1.3754338e+06,33660.5,1.0752735e+06
2021-01-24,1.2601208e+06,1.2928318e+06,32711.0,1.0547888e+06
2021-01-25,1.5494065e+06,1.5752842e+06,25877.75,1.38058e+06
2021-01-26,1.6125778e+06,1.6435872e+06,31009.5,1.2465708e+06
2021-01-27,1.6156675e+06,1.6513065e+06,35639.0,1.258204e+06
2021-01-28,1.600425e+06,1.628296e+06,27871.0,1.3018225e+06
2021-01-29,1.5617508e+06,1.5928715e+06,31120.75,969020.25
2021-01-30,1.3529188e+06,1.3821425e+06,29223.75,1.10503e+06
2021-01-31,1.2992232e+06,1.3411052e+06,41882.0,1.0637585e+06
2021-02-01,1.5619862e+06,1.5872612e+06,25275.0,1.284295e+06
2021-02-02,1.5762072e+06,1.6070262e+06,30819.0,1.314593e+06
2021-02-03,1.5976965e+06,1.6342805e+06,36584.0,1.00493875e+06
2021-02-04,1.5491352e+06,1.5775732e+06,28438.0,1.1100085e+06
2021-02-05,1.5333592e+06,1.5562718e+06,22912.5,1.0957265e+06
2021-02-06,1.3838295e+06,1.4087212e+06,24891.75,655921.75
2021-02-07,1.3537255e+06,1.3933322e+06,39606.75,561270.75
2021-02-08,1.5986695e+06,1.623482e+06,24812.5,1.059836e+06
2021-02-09,1.63884e+06,1.6665945e+06,27754.5,1.3732102e+06
2021-02-10,1.6519788e+06,1.6871175e+06,35138.75,1.4146272e+06
2021-02-11,1.6436958e+06,1.678512e+06,34816.25,1.4757075e+06
2021-02-12,1.6207128e+06,1.6476448e+06,26932.0,1.275077e+06
2021-02-13,1.4295102e+06,1.4534625e+06,23952.25,1.1510932e+06
2021-02-14,1.3666985e+06,1.3997948e+06,33096.25,914161.25
2021-02-15,1.6401455e+06,1.6621912e+06,22045.75,1.028675e+06
2021-02-16,1.5828065e+06,1.6087882e+06,25981.75,1.15143e+06
2021-02-17,1.584371e+06,1.6167338e+06,32362.75,914443.5
2021-02-18,1.559939e+06,1.5877172e+06,27778.25,894512.25
2021-02-19,1.5189748e+06,1.5480635e+06,29088.75,910668.25
2021-02-20,1.2961322e+06,1.3220645e+06,25932.25,660924.5
2021-02-21,1.186315e+06,1.2350515e+06,48736.5,660316.0
2021-02-22,1.457913e+06,1.482111e+06,24198.0,992700.5
2021-02-23,1.4916398e+06,1.5188505e+06,27210.75,949640.0
2021-02-24,1.499332e+06,1.5365752e+06,37243.25,834730.75
2021-02-25,1.4827108e+06,1.51129e+06,28579.25,949214.5
2021-02-26,1.4833018e+06,1.5029032e+06,19601.5,1.0698698e+06
2021-02-27,1.273043e+06,1.3019078e+06,28864.75,980489.25
2021-02-28,1.1962055e+06,1.2349742e+06,38768.75,910197.75
2021-03-01,1.4727605e+06,1.500684e+06,27923.5,1.2377495e+06
2021-03-02,1.4873912e+06,1.5206855e+06,33294.25,1.2197762e+06
2021-03-03,1.5035148e+06,1.525513e+06,21998.25,1.2378348e+06
2021-03-04,1.513336e+06,1.5428362e+06,29500.25,1.2002028e+06
2021-03-05,1.5030475e+06,1.5271872e+06,24139.75,1.204004e+06
2021-03-06,1.3137888e+06,1.3423998e+06,28611.0,873499.5
2021-03-07,1.2556222e+06,1.2967068e+06,41084.5,755544.75
2021-03-08,1.4881515e+06,1.501681e+06,13529.5,1.2521415e+06
2021-03-09,1.5429025e+06,1.565485e+06,22582.5,1.3375898e+06
2021-03-10,1.5412482e+06,1.5617742e+06,20526.0,1.0977202e+06
2021-03-11,1.6096012e+06,1.6532902e+06,43689.0,536949.25
2021-03-12,1.5622618e+06,1.6050832e+06,42821.5,466445.75
2021-03-13,1.3855692e+06,1.4307932e+06,45224.0,316273.5
2021-03-14,1.2850205e+06,1.3227575e+06,37737.0,460820.75
2021-03-15,1.5261628e+06,1.5575535e+06,31390.75,800070.0
2021-03-16,1.546284e+06,1.5731975e+06,26913.5,1.048689e+06
2021-03-17,1.5251972e+06,1.5561465e+06,30949.25,1.2778882e+06
2021-03-18,1.5225145e+06,1.542529e+06,20014.5,1.3368065e+06
2021-03-19,1.5290625e+06,1.5585175e+06,29455.0,1.1546795e+06
2021-03-20,1.326111e+06,1.3486495e+06,22538.5,897973.75
2021-03-21,1.2681965e+06,1.3190892e+06,50892.75,540140.75
2021-03-22,1.5031502e+06,1.5180275e+06,14877.25,1.1518515e+06
2021-03-23,1.5191128e+06,1.542183e+06,23070.25,1.276385e+06
2021-03-24,1.4966635e+06,1.5383022e+06,41638.75,1.0806392e+06
2021-03-25,1.4690718e+06,1.4886408e+06,19569.0,1.153654e+06
2021-03-26,1.4389602e+06,1.4705812e+06,31621.0,859027.5
2021-03-27,1.3165688e+06,1.3609722e+06,44403.5,457427.5
2021-03-28,1.1624325e+06,1.2093978e+06,46965.25,406154.75
2021-03-29,1.4376915e+06,1.473586e+06,35894.5,654664.0
2021-03-30,1.432565e+06,1.4680078e+06,35442.75,984313.75
2021-03-31,1.3969048e+06,1.4271902e+06,30285.5,1.1095085e+06
2021-04-01,1.3800228e+06,1.407553e+06,27530.25,891809.5
2021-04-02,1.168692e+06,1.20082e+06,32128.0,568570.0
2021-04-03,1.1700552e+06,1.2031925e+06,33137.25,665997.5
2021-04-04,1.0982205e+06,1.134311e+06,36090.5,591897.5
2021-04-05,1.2072695e+06,1.2658692e+06,58599.75,302585.5
2021-04-06,1.5056355e+06,1.5395788e+06,33943.25,692520.75
2021-04-07,1.573795e+06,1.607822e+06,34027.0,770341.0
2021-04-08,1.5256985e+06,1.5602592e+06,34560.75,826389.0
2021-04-09,1.489991e+06,1.530702e+06,40711.0,808917.75
2021-04-10,1.241147e+06,1.258647e+06,17500.0,956065.5
2021-04-11,1.1980378e+06,1.2426562e+06,44618.5,622504.75
2021-04-12,1.4734512e+06,1.4944855e+06,21034.25,1.0555658e+06
2021-04-13,1.5203448e+06,1.5505735e+06,30228.75,984753.75
2021-04-14,1.501955e+06,1.5221428e+06,20187.75,1.1507772e+06
2021-04-15,1.5071828e+06,1.5299822e+06,22799.5,1.1414692e+06
2021-04-16,1.4898508e+06,1.5111975e+06,21346.75,1.112485e+06
2021-04-17,1.2646718e+06,1.2848785e+06,20206.75,953196.5
2021-04-18,1.1553752e+06,1.1803262e+06,24951.0,962631.5
2021-04-19,1.4385388e+06,1.455298e+06,16759.25,1.2192708e+06
2021-04-20,1.451073e+06,1.4812472e+06,30174.25,1.1715788e+06
2021-04-21,1.4522088e+06,1.470543e+06,18334.25,922256.75
2021-04-22,1.46743e+06,1.498089e+06,30659.0,743539.75
2021-04-23,1.4132528e+06,1.438972e+06,25719.25,853838.75
2021-04-24,1.2015472e+06,1.2337038e+06,32156.5,724914.25
2021-04-25,1.1162152e+06,1.154682e+06,38466.75,657734.0
2021-04-26,1.3794968e+06,1.4072355e+06,27738.75,973899.5
2021-04-27,1.4080138e+06,1.433061e+06,25047.25,850736.5
2021-04-28,1.4097762e+06,1.4347682e+06,24992.0,911645.75
2021-04-29,1.438905e+06,1.466094e+06,27189.0,919257.75
2021-04-30,1.4077748e+06,1.4291088e+06,21334.0,1.151232e+06
2021-05-01,1.1143805e+06,1.1359228e+06,21542.25,901076.0
2021-05-02,1.1250332e+06,1.1639255e+06,38892.25,684780.75
2021-05-03,1.416963e+06,1.4345128e+06,17549.75,868677.0
2021-05-04,1.5133625e+06,1.5515352e+06,38172.75,450244.75
2021-05-05,1.5139962e+06,1.5411985e+06,27202.25,534818.25
2021-05-06,1.490851e+06,1.5100298e+06,19178.75,990251.0
2021-05-07,1.4261198e+06,1.4457255e+06,19605.75,898929.25
2021-05-08,1.216791e+06,1.2418405e+06,25049.5,680095.5
2021-05-09,1.125277e+06,1.1742582e+06,48981.25,365175.5
2021-05-10,1.3868345e+06,1.4109388e+06,24104.25,796435.75
2021-05-11,1.3989862e+06,1.4172572e+06,18271.0,1.1092862e+06
2021-05-12,1.3923492e+06,1.4101015e+06,17752.25,1.129401e+06
2021-05-13,1.1288415e+06,1.1551348e+06,26293.25,878309.25
2021-05-14,1.2186962e+06,1.2400068e+06,21310.5,902118.25
2021-05-15,1.1538192e+06,1.1734932e+06,19674.0,805018.0
2021-05-16,1.092926e+06,1.1372772e+06,44351.25,701150.75
2021-05-17,1.3617502e+06,1.380701e+06,18950.75,971071.0
2021-05-18,1.402838e+06,1.422972e+06,20134.0,1.051931e+06
2021-05-19,1.3945225e+06,1.4157605e+06,21238.0,1.073799e+06
2021-05-20,1.3965952e+06,1.416456e+06,19860.75,1.02235425e+06
2021-05-21,1.411662e+06,1.4417085e+06,30046.5,590956.25
2021-05-22,1.2281078e+06,1.2686885e+06,40580.75,319008.5
2021-05-23,1.0818558e+06,1.123688e+06,41832.25,460097.0
2021-05-24,1.095516e+06,1.1291298e+06,33613.75,470247.0
2021-05-25,1.380219e+06,1.4009922e+06,20773.25,705379.75
2021-05-26,1.4386752e+06,1.4597235e+06,21048.25,763383.25
2021-05-27,1.4246378e+06,1.448944e+06,24306.25,833388.25
2021-05-28,1.356269e+06,1.372624e+06,16355.0,993174.75
2021-05-29,1.1655162e+06,1.1887335e+06,23217.25,793654.0
2021-05-30,1.0673482e+06,1.112158e+06,44809.75,641106.75
2021-05-31,1.3146108e+06,1.3378962e+06,23285.5,908167.25
2021-06-01,1.3516502e+06,1.375145e+06,23494.75,924276.0
2021-06-02,1.3688888e+06,1.397166e+06,28277.25,814974.0
2021-06-03,1.2353705e+06,1.2627558e+06,27385.25,724117.0
2021-06-04,1.2777595e+06,1.2947235e+06,16964.0,973253.25
2021-06-05,1.146526e+06,1.166325e+06,19799.0,851730.25
2021-06-06,1.0743355e+06,1.1082335e+06,33898.0,828705.25
2021-06-07,1.3453912e+06,1.3586332e+06,13242.0,1.0874878e+06
2021-06-08,1.3802555e+06,1.4000232e+06,19767.75,1.098122e+06
2021-06-09,1.3872325e+06,1.4074682e+06,20235.75,1.1026408e+06
2021-06-10,1.3871105e+06,1.4089372e+06,21826.75,1.077158e+06
2021-06-11,1.3748265e+06,1.3919692e+06,17142.75,992099.25
2021-06-12,1.201338e+06,1.2357428e+06,34404.75,549225.25
2021-06-13,1.0948788e+06,1.143678e+06,48799.25,524089.25
2021-06-14,1.3470858e+06,1.366687e+06,19601.25,891576.75
2021-06-15,1.3990638e+06,1.4232348e+06,24171.0,1.0603802e+06
2021-06-16,1.4118125e+06,1.4359235e+06,24111.0,1.0143445e+06
2021-06-17,1.4638928e+06,1.4981495e+06,34256.75,918480.25
2021-06-18,1.4439952e+06,1.4720508e+06,28055.5,993322.25
2021-06-19,1.2386502e+06,1.264288e+06,25637.75,792140.5
2021-06-20,1.1386548e+06,1.1827262e+06,44071.5,629525.25
2021-06-21,1.41559e+06,1.440149e+06,24559.0,880643.75
2021-06-22,1.4233165e+06,1.442355e+06,19038.5,1.070815e+06
2021-06-23,1.3811702e+06,1.4067915e+06,25621.25,1.124427e+06
2021-06-24,1.3734395e+06,1.393138e+06,19698.5,1.17341e+06
2021-06-25,1.3519372e+06,1.375192e+06,23254.75,1.120844e+06
2021-06-26,1.1549392e+06,1.1746238e+06,19684.5,872123.25
2021-06-27,1.0762288e+06,1.1179952e+06,41766.5,727579.0
2021-06-28,1.4064982e+06,1.4220458e+06,15547.5,1.04792375e+06
2021-06-29,1.4222812e+06,1.4438165e+06,21535.25,1.0595155e+06
2021-06-30,1.4119228e+06,1.4335148e+06,21592.0,1.0700418e+06
2021-07-01,1.441583e+06,1.461027e+06,19444.0,1.0629745e+06
2021-07-02,1.3713262e+06,1.3889402e+06,17614.0,1.03947425e+06
2021-07-03,1.1590865e+06,1.1768128e+06,17726.25,845333.5
2021-07-04,1.080497e+06,1.1130935e+06,32596.5,819195.25
2021-07-05,1.3654332e+06,1.38216e+06,16726.75,1.064601e+06
2021-07-06,1.431569e+06,1.4644995e+06,32930.5,815210.5
2021-07-07,1.4081865e+06,1.4223085e+06,14122.0,1.0573818e+06
2021-07-08,1.3924965e+06,1.406858e+06,14361.5,1.2020215e+06
2021-07-09,1.3813532e+06,1.4043125e+06,22959.25,1.0822778e+06
2021-07-10,1.1731972e+06,1.1982015e+06,25004.25,799684.5
2021-07-11,1.0817275e+06,1.10946e+06,27732.5,799427.5
2021-07-12,1.3860952e+06,1.3976498e+06,11554.5,1.03121775e+06
2021-07-13,1.4235912e+06,1.4358542e+06,12263.0,1.1678025e+06
2021-07-14,1.4196815e+06,1.439838e+06,20156.5,1.0960655e+06
2021-07-15,1.3872978e+06,1.4048695e+06,17571.75,1.02101525e+06
2021-07-16,1.3728352e+06,1.384218e+06,11382.75,982951.25
2021-07-17,1.1787682e+06,1.201816e+06,23047.75,701591.75
2021-07-18,1.0974385e+06,1.143197e+06,45758.5,564040.75
2021-07-19,1.3539785e+06,1.370243e+06,16264.5,966317.5
2021-07-20,1.3853498e+06,1.4044658e+06,19116.0,1.050374e+06
2021-07-21,1.3658088e+06,1.3818305e+06,16021.75,1.0614508e+06
2021-07-22,1.3675345e+06,1.3777808e+06,10246.25,1.0818345e+06
2021-07-23,1.346177e+06,1.3614612e+06,15284.25,1.0544835e+06
2021-07-24,1.165976e+06,1.17751e+06,11534.0,776652.25
2021-07-25,1.1030152e+06,1.137041e+06,34025.75,722855.5
2021-07-26,1.3507302e+06,1.3627022e+06,11972.0,1.0595058e+06
2021-07-27,1.3752688e+06,1.3863418e+06,11073.0,1.00421075e+06
2021-07-28,1.3674295e+06,1.388976e+06,21546.5,863672.75
2021-07-29,1.3848962e+06,1.426163e+06,41266.75,533171.25
2021-07-30,1.3353715e+06,1.3580528e+06,22681.25,725907.25
2021-07-31,1.1795695e+06,1.2251902e+06,45620.75,428091.75
2021-08-01,1.0569212e+06,1.0790478e+06,22126.5,702855.75
2021-08-02,1.3013282e+06,1.3209078e+06,19579.5,849654.5
2021-08-03,1.3243935e+06,1.3351888e+06,10795.25,1.0974605e+06
2021-08-04,1.3066658e+06,1.3168982e+06,10232.5,1.1032492e+06
2021-08-05,1.3237265e+06,1.3401538e+06,16427.25,1.0475575e+06
2021-08-06,1.305708e+06,1.3293238e+06,23615.75,823965.75
2021-08-07,1.1256018e+06,1.147684e+06,22082.25,720927.5
2021-08-08,1.0798058e+06,1.1257912e+06,45985.5,417633.75
2021-08-09,1.2778612e+06,1.2970972e+06,19236.0,711020.25
2021-08-10,1.3040702e+06,1.326581e+06,22510.75,918945.0
2021-08-11,1.3094768e+06,1.3314862e+06,22009.5,1.01581975e+06
2021-08-12,1.3132998e+06,1.333232e+06,19932.25,1.01510275e+06
2021-08-13,1.3249468e+06,1.3445752e+06,19628.5,888307.0
2021-08-14,1.1552265e+06,1.1826765e+06,27450.0,609506.5
2021-08-15,1.0753805e+06,1.1067708e+06,31390.25,671596.25
2021-08-16,1.3533602e+06,1.3751795e+06,21819.25,630762.5
2021-08-17,1.3893142e+06,1.4201122e+06,30798.0,542088.25
2021-08-18,1.3840615e+06,1.402596e+06,18534.5,737483.5
2021-08-19,1.3746882e+06,1.3973768e+06,22688.5,946417.0
2021-08-20,1.3200805e+06,1.3372945e+06,17214.0,1.0728952e+06
2021-08-21,1.1200655e+06,1.1379925e+06,17927.0,867262.25
2021-08-22,1.063806e+06,1.0932532e+06,29447.25,728285.75
2021-08-23,1.3420392e+06,1.361223e+06,19183.75,937902.25
2021-08-24,1.3554282e+06,1.381832e+06,26403.75,988813.5
2021-08-25,1.370096e+06,1.4026498e+06,32553.75,808226.5
2021-08-26,1.3743935e+06,1.3934975e+06,19104.0,853658.25
2021-08-27,1.3450685e+06,1.3710728e+06,26004.25,847102.75
2021-08-28,1.15005e+06,1.164123e+06,14073.0,759275.5
2021-08-29,1.0955378e+06,1.1194318e+06,23894.0,756591.25
2021-08-30,1.3747155e+06,1.3944458e+06,19730.25,992630.0
2021-08-31,1.4014635e+06,1.4297228e+06,28259.25,1.0107755e+06
2021-09-01,1.380291e+06,1.4091645e+06,28873.5,1.0682178e+06
2021-09-02,1.3578848e+06,1.376865e+06,18980.25,1.055555e+06
2021-09-03,1.3461162e+06,1.3679668e+06,21850.5,971528.25
2021-09-04,1.1440085e+06,1.1703442e+06,26335.75,866420.75
2021-09-05,1.0674812e+06,1.1095325e+06,42051.25,725280.5
2021-09-06,1.3222952e+06,1.3388978e+06,16602.5,1.0678158e+06
2021-09-07,1.3601845e+06,1.3831768e+06,22992.25,1.1379615e+06
2021-09-08,1.3748e+06,1.406112e+06,31312.0,1.02800975e+06
2021-09-09,1.3859132e+06,1.410784e+06,24870.75,1.0455685e+06
2021-09-10,1.3650392e+06,1.3892338e+06,24194.5,1.107662e+06
2021-09-11,1.1548838e+06,1.1713078e+06,16424.0,872819.5
2021-09-12,1.0900922e+06,1.1336228e+06,43530.5,739686.75
2021-09-13,1.338102e+06,1.354669e+06,16567.0,1.0795465e+06
2021-09-14,1.3778762e+06,1.3985515e+06,20675.25,1.0834568e+06
2021-09-15,1.4200645e+06,1.445521e+06,25456.5,1.1314175e+06
2021-09-16,1.4189905e+06,1.4425935e+06,23603.0,983301.25
2021-09-17,1.3690682e+06,1.391879e+06,22810.75,1.098596e+06
2021-09-18,1.1737392e+06,1.1979598e+06,24220.5,920017.5
2021-09-19,1.0861378e+06,1.1284945e+06,42356.75,761243.75
2021-09-20,1.3422565e+06,1.3617138e+06,19457.25,1.1795125e+06
2021-09-21,1.3848805e+06,1.41754e+06,32659.5,1.0860775e+06
2021-09-22,1.3939518e+06,1.421965e+06,28013.25,1.036876e+06
2021-09-23,1.4455042e+06,1.489178e+06,43673.75,635209.5
2021-09-24,1.4210328e+06,1.4545305e+06,33497.75,808289.75
2021-09-25,1.194149e+06,1.2272165e+06,33067.5,877212.25
2021-09-26,1.111163e+06,1.1521755e+06,41012.5,843905.0
2021-09-27,1.3933902e+06,1.4199065e+06,26516.25,1.03525825e+06
2021-09-28,1.3966602e+06,1.4221335e+06,25473.25,1.1396768e+06
2021-09-29,1.440163e+06,1.4775858e+06,37422.75,883260.25
2021-09-30,1.4480418e+06,1.4895885e+06,41546.75,658259.75
2021-10-01,1.4267762e+06,1.4641478e+06,37371.5,673308.5
2021-10-02,1.212766e+06,1.242783e+06,30017.0,666129.75
2021-10-03,1.1912118e+06,1.2423552e+06,51143.5,383871.5
2021-10-04,1.3951928e+06,1.4145438e+06,19351.0,989107.75
2021-10-05,1.4457848e+06,1.475837e+06,30052.25,1.024002e+06
2021-10-06,1.4422422e+06,1.480785e+06,38542.75,988647.5
2021-10-07,1.41474e+06,1.4350228e+06,20282.75,1.260766e+06
2021-10-08,1.3856025e+06,1.4045672e+06,18964.75,1.1065218e+06
2021-10-09,1.2004415e+06,1.2357612e+06,35319.75,766144.25
2021-10-10,1.1465012e+06,1.1821925e+06,35691.25,831072.25
2021-10-11,1.4468748e+06,1.469149e+06,22274.25,984343.0
2021-10-12,1.5022035e+06,1.5223898e+06,20186.25,1.043473e+06
2021-10-13,1.4843205e+06,1.5019415e+06,17621.0,1.1463605e+06
2021-10-14,1.5123298e+06,1.5250105e+06,12680.75,1.0161895e+06
2021-10-15,1.4983548e+06,1.5194802e+06,21125.5,830781.25
2021-10-16,1.2729715e+06,1.3007162e+06,27744.75,954010.25
2021-10-17,1.1869418e+06,1.2275508e+06,40609.0,897580.0
2021-10-18,1.4351755e+06,1.4609015e+06,25726.0,1.0987908e+06
2021-10-19,1.5084932e+06,1.533801e+06,25307.75,941748.5
2021-10-20,1.538874e+06,1.5755055e+06,36631.5,552785.25
2021-10-21,1.5534692e+06,1.5946798e+06,41210.5,545653.25
2021-10-22,1.5257935e+06,1.5704698e+06,44676.25,565023.75
2021-10-23,1.2858818e+06,1.3148838e+06,29002.0,803729.75
2021-10-24,1.1876615e+06,1.2389165e+06,51255.0,663120.0
2021-10-25,1.475044e+06,1.498304e+06,23260.0,1.02005525e+06
2021-10-26,1.5179485e+06,1.5482872e+06,30338.75,1.0393415e+06
2021-10-27,1.5336868e+06,1.566643e+06,32956.25,959074.5
2021-10-28,1.5064492e+06,1.5480678e+06,41618.5,1.022899e+06
2021-10-29,1.482034e+06,1.521546e+06,39512.0,884563.75
2021-10-30,1.2800798e+06,1.3130955e+06,33015.75,707713.75
2021-10-31,1.2229695e+06,1.2629428e+06,39973.25,588224.5
2021-11-01,1.3004618e+06,1.3361612e+06,35699.5,744849.25
2021-11-02,1.4465152e+06,1.4743105e+06,27795.25,1.2276308e+06
2021-11-03,1.4775895e+06,1.5074892e+06,29899.75,1.3417262e+06
2021-11-04,1.5533108e+06,1.5900232e+06,36712.5,1.1793892e+06
2021-11-05,1.5377018e+06,1.5644658e+06,26764.0,1.0775942e+06
2021-11-06,1.3340942e+06,1.3605652e+06,26471.0,655360.0
2021-11-07,1.27866e+06,1.3386078e+06,59947.75,420753.75
2021-11-08,1.4982518e+06,1.5125232e+06,14271.5,1.1367345e+06
2021-11-09,1.5484158e+06,1.584824e+06,36408.25,1.1256495e+06
2021-11-10,1.563069e+06,1.5931025e+06,30033.5,1.3162132e+06
2021-11-11,1.4989678e+06,1.5218875e+06,22919.75,1.3529902e+06
2021-11-12,1.4812888e+06,1.5068858e+06,25597.0,1.1913602e+06
2021-11-13,1.3181755e+06,1.3447492e+06,26573.75,1.1149778e+06
2021-11-14,1.174131e+06,1.2000382e+06,25907.25,998430.75
2021-11-15,1.4600572e+06,1.4962452e+06,36188.0,1.293656e+06
2021-11-16,1.4853622e+06,1.5190622e+06,33700.0,1.4381625e+06
2021-11-17,1.5198945e+06,1.5550635e+06,35169.0,1.115694e+06
2021-11-18,1.5445992e+06,1.586666e+06,42066.75,816241.0
2021-11-19,1.5061385e+06,1.5420652e+06,35926.75,784498.25
2021-11-20,1.343923e+06,1.388041e+06,44118.0,809785.5
2021-11-21,1.272338e+06,1.31147e+06,39132.0,899201.0
2021-11-22,1.541025e+06,1.5757372e+06,34712.25,1.2052335e+06
2021-11-23,1.5618975e+06,1.5965668e+06,34669.25,1.2003175e+06
2021-11-24,1.5463745e+06,1.5810282e+06,34653.75,1.3055882e+06
2021-11-25,1.6004132e+06,1.6348155e+06,34402.25,1.2833545e+06
2021-11-26,1.5769598e+06,1.6168978e+06,39938.0,1.1285522e+06
2021-11-27,1.3723032e+06,1.3989998e+06,26696.5,1.0797592e+06
2021-11-28,1.28824e+06,1.3230265e+06,34786.5,1.111429e+06
2021-11-29,1.5827082e+06,1.6144992e+06,31791.0,1.314089e+06
2021-11-30,1.6818855e+06,1.7236898e+06,41804.25,789458.0
2021-12-01,1.66111e+06,1.7046315e+06,43521.5,663128.75
2021-12-02,1.6627432e+06,1.6863832e+06,23640.0,1.1318902e+06
2021-12-03,1.6670328e+06,1.7140148e+06,46982.0,868731.5
2021-12-04,1.4036982e+06,1.4282088e+06,24510.5,1.0996572e+06
2021-12-05,1.3169785e+06,1.3584082e+06,41429.75,977326.5
2021-12-06,1.5873525e+06,1.6187452e+06,31392.75,1.2790765e+06
2021-12-07,1.6416025e+06,1.6758635e+06,34261.0,1.1211318e+06
2021-12-08,1.6568628e+06,1.6898785e+06,33015.75,1.0731028e+06
2021-12-09,1.603687e+06,1.6338718e+06,30184.75,1.3664568e+06
2021-12-10,1.5721955e+06,1.6006612e+06,28465.75,1.3673865e+06
2021-12-11,1.381204e+06,1.4058868e+06,24682.75,1.1821132e+06
2021-12-12,1.3208605e+06,1.370161e+06,49300.5,847380.75
2021-12-13,1.538602e+06,1.567001e+06,28399.0,1.22426e+06
2021-12-14,1.5708562e+06,1.6079022e+06,37046.0,1.3080955e+06
2021-12-15,1.5815425e+06,1.618451e+06,36908.5,1.1670448e+06
2021-12-16,1.559576e+06,1.5957338e+06,36157.75,1.327814e+06
2021-12-17,1.5117025e+06,1.5353172e+06,23614.75,1.3219242e+06
2021-12-18,1.371053e+06,1.3899292e+06,18876.25,1.03371225e+06
2021-12-19,1.3082552e+06,1.3603878e+06,52132.5,680556.5
2021-12-20,1.486787e+06,1.5063782e+06,19591.25,1.2638132e+06
2021-12-21,1.4873308e+06,1.5165872e+06,29256.5,1.3757702e+06
2021-12-22,1.5002622e+06,1.532579e+06,32316.75,1.2829622e+06
2021-12-23,1.4527252e+06,1.483149e+06,30423.75,1.02052675e+06
2021-12-24,1.2527162e+06,1.2984442e+06,45728.0,725947.25
2021-12-25,1.1594328e+06,1.1799612e+06,20528.5,934262.75
2021-12-26,1.1897165e+06,1.2243635e+06,34647.0,823457.0
2021-12-27,1.3447812e+06,1.381411e+06,36629.75,904541.75
2021-12-28,1.3444618e+06,1.387058e+06,42596.25,789170.5
2021-12-29,1.2635548e+06,1.294876e+06,31321.25,900903.5
2021-12-30,1.295043e+06,1.335561e+06,40518.0,472912.25
2021-12-31,1.2100255e+06,1.2578192e+06,47793.75,355441.75
2022-01-01,1.0740125e+06,1.1068048e+06,32792.25,511670.25
2022-01-02,1.1776885e+06,1.226491e+06,48802.5,364461.25
2022-01-03,1.4412022e+06,1.4748718e+06,33669.5,524267.75
2022-01-04,1.479554e+06,1.5072205e+06,27666.5,992484.0
2022-01-05,1.5597258e+06,1.607786e+06,48060.25,672311.0
2022-01-06,1.469495e+06,1.4988882e+06,29393.25,1.0360055e+06
2022-01-07,1.5405148e+06,1.5792285e+06,38713.75,866939.75
2022-01-08,1.3862238e+06,1.414036e+06,27812.25,777728.75
2022-01-09,1.312889e+06,1.3569298e+06,44040.75,733684.5
2022-01-10,1.537102e+06,1.5604702e+06,23368.25,1.430526e+06
2022-01-11,1.579363e+06,1.617112e+06,37749.0,1.3673325e+06
2022-01-12,1.5901392e+06,1.6208628e+06,30723.5,1.3571118e+06
2022-01-13,1.6384762e+06,1.672976e+06,34499.75,1.055691e+06
2022-01-14,1.6038935e+06,1.638045e+06,34151.5,1.0988445e+06
2022-01-15,1.354721e+06,1.3686432e+06,13922.25,1.230712e+06
2022-01-16,1.3439235e+06,1.3710162e+06,27092.75,799218.25
2022-01-17,1.622114e+06,1.6641842e+06,42070.25,838984.5
2022-01-18,1.5777785e+06,1.5999702e+06,22191.75,1.3179158e+06
2022-01-19,1.6469858e+06,1.6830778e+06,36092.0,957170.75
2022-01-20,1.6713838e+06,1.7106942e+06,39310.5,783044.25
2022-01-21,1.6452252e+06,1.6803462e+06,35121.0,963958.5
2022-01-22,1.3796118e+06,1.414746e+06,35134.25,985011.0
2022-01-23,1.2688468e+06,1.3002545e+06,31407.75,1.0889262e+06
2022-01-24,1.5469462e+06,1.5697275e+06,22781.25,1.3764275e+06
2022-01-25,1.5967002e+06,1.6261328e+06,29432.5,1.4332178e+06
2022-01-26,1.6414295e+06,1.668058e+06,26628.5,1.1487725e+06
2022-01-27,1.659757e+06,1.695862e+06,36105.0,759918.0
2022-01-28,1.614712e+06,1.651134e+06,36422.0,879845.0
2022-01-29,1.4169715e+06,1.454556e+06,37584.5,419188.5
2022-01-30,1.2894232e+06,1.33911e+06,49686.75,407192.0
2022-01-31,1.6202695e+06,1.6435435e+06,23274.0,1.083394e+06
2022-02-01,1.6654345e+06,1.7024298e+06,36995.25,772684.5
2022-02-02,1.6114908e+06,1.6589485e+06,47457.75,763988.5
2022-02-03,1.5928232e+06,1.6107985e+06,17975.25,1.0997185e+06
2022-02-04,1.5778705e+06,1.6035382e+06,25667.75,759165.0
2022-02-05,1.3978072e+06,1.432594e+06,34786.75,375658.25
2022-02-06,1.3475305e+06,1.3932212e+06,45690.75,322207.25
2022-02-07,1.5896552e+06,1.6286588e+06,39003.5,638940.5
2022-02-08,1.6245075e+06,1.661322e+06,36814.5,741696.25
2022-02-09,1.5877662e+06,1.6219698e+06,34203.5,892308.0
2022-02-10,1.5683358e+06,1.5851278e+06,16792.0,1.089325e+06
2022-02-11,1.5827395e+06,1.615354e+06,32614.5,1.028981e+06
2022-02-12,1.3761612e+06,1.4035548e+06,27393.5,785798.75
2022-02-13,1.2984625e+06,1.3443795e+06,45917.0,420608.75
2022-02-14,1.5694452e+06,1.6077675e+06,38322.25,666488.75
2022-02-15,1.599276e+06,1.6300632e+06,30787.25,876592.0
2022-02-16,1.608406e+06,1.6407092e+06,32303.25,561562.25
2022-02-17,1.5903158e+06,1.629801e+06,39485.25,470081.5
2022-02-18,1.538527e+06,1.562177e+06,23650.0,649403.0
2022-02-19,1.362436e+06,1.4199075e+06,57471.5,345968.5
2022-02-20,1.2875455e+06,1.3246208e+06,37075.25,311984.5
2022-02-21,1.5765382e+06,1.6116212e+06,35083.0,476443.0
2022-02-22,1.593619e+06,1.6319432e+06,38324.25,656781.25
2022-02-23,1.5555815e+06,1.5980145e+06,42433.0,727191.0
2022-02-24,1.5973852e+06,1.6320512e+06,34666.0,705694.0
2022-02-25,1.581934e+06,1.6292868e+06,47352.75,644028.25
2022-02-26,1.3037395e+06,1.3261562e+06,22416.75,993394.25
2022-02-27,1.2421692e+06,1.2954992e+06,53330.0,706659.25
2022-02-28,1.490396e+06,1.5264318e+06,36035.75,952285.25
2022-03-01,1.541387e+06,1.5712082e+06,29821.25,1.1487705e+06
2022-03-02,1.522604e+06,1.5484215e+06,25817.5,1.3128078e+06
2022-03-03,1.5195172e+06,1.5411315e+06,21614.25,1.1900762e+06
2022-03-04,1.5128655e+06,1.5389658e+06,26100.25,1.167257e+06
2022-03-05,1.3211418e+06,1.3500868e+06,28945.0,982669.5
2022-03-06,1.2395095e+06,1.2789585e+06,39449.0,995466.0
2022-03-07,1.4954925e+06,1.5208595e+06,25367.0,1.1625538e+06
2022-03-08,1.5131572e+06,1.5500432e+06,36886.0,1.04730525e+06
2022-03-09,1.4953595e+06,1.5287858e+06,33426.25,1.0855712e+06
2022-03-10,1.503501e+06,1.53334e+06,29839.0,843097.25
2022-03-11,1.5179675e+06,1.5766938e+06,58726.25,541351.5
2022-03-12,1.2996915e+06,1.3379168e+06,38225.25,574554.25
2022-03-13,1.2069955e+06,1.2576875e+06,50692.0,535884.5
2022-03-14,1.4708515e+06,1.490113e+06,19261.5,1.0588102e+06
2022-03-15,1.4884825e+06,1.5040018e+06,15519.25,1.3321898e+06
2022-03-16,1.4895365e+06,1.5161452e+06,26608.75,1.04132025e+06
2022-03-17,1.5180712e+06,1.5537585e+06,35687.25,1.0138785e+06
2022-03-18,1.4593535e+06,1.4829632e+06,23609.75,1.00872525e+06
2022-03-19,1.2955372e+06,1.3400285e+06,44491.25,528589.25
2022-03-20,1.2235655e+06,1.2794618e+06,55896.25,358784.25
2022-03-21,1.4428092e+06,1.4743018e+06,31492.5,944831.5
2022-03-22,1.4425322e+06,1.4754078e+06,32875.5,1.1082602e+06
2022-03-23,1.43265e+06,1.461076e+06,28426.0,1.1380405e+06
2022-03-24,1.4250952e+06,1.4474965e+06,22401.25,1.1440465e+06
2022-03-25,1.4072138e+06,1.436553e+06,29339.25,1.0575578e+06
2022-03-26,1.2310792e+06,1.272933e+06,41853.75,742672.5
2022-03-27,1.0861362e+06,1.1253128e+06,39176.5,767987.5
2022-03-28,1.413778e+06,1.4523598e+06,38581.75,1.01985425e+06
2022-03-29,1.4444358e+06,1.4679342e+06,23498.5,1.1206582e+06
2022-03-30,1.4519148e+06,1.4641745e+06,12259.75,1.2514595e+06
2022-03-31,1.5110272e+06,1.5433228e+06,32295.5,938098.25
2022-04-01,1.571914e+06,1.6119822e+06,40068.25,826082.25
2022-04-02,1.3418812e+06,1.379463e+06,37581.75,801106.75
2022-04-03,1.2163652e+06,1.2484495e+06,32084.25,785158.5
2022-04-04,1.531331e+06,1.588552e+06,57221.0,482591.5
2022-04-05,1.5371182e+06,1.5549498e+06,17831.5,853719.25
2022-04-06,1.5198528e+06,1.5605095e+06,40656.75,556978.75
2022-04-07,1.5429872e+06,1.584466e+06,41478.75,404330.5
2022-04-08,1.493749e+06,1.5229152e+06,29166.25,724745.5
2022-04-09,1.3092638e+06,1.3568162e+06,47552.5,460753.75
2022-04-10,1.2116782e+06,1.2651472e+06,53469.0,509859.0
2022-04-11,1.4069442e+06,1.4349038e+06,27959.5,969525.25
2022-04-12,1.4195938e+06,1.4653215e+06,45727.75,722760.75
2022-04-13,1.3907282e+06,1.4211872e+06,30459.0,944182.0
2022-04-14,1.356562e+06,1.3887915e+06,32229.5,982614.75
2022-04-15,1.1248625e+06,1.1414162e+06,16553.75,763252.75
2022-04-16,1.1265442e+06,1.1741522e+06,47608.0,608650.5
2022-04-17,1.03563775e+06,1.084201e+06,48563.25,545607.25
2022-04-18,1.04253775e+06,1.0886055e+06,46067.75,583625.25
2022-04-19,1.3271038e+06,1.3523198e+06,25216.0,827887.75
2022-04-20,1.384774e+06,1.4062058e+06,21431.75,898898.0
2022-04-21,1.405646e+06,1.4269115e+06,21265.5,951832.0
2022-04-22,1.3967962e+06,1.4350725e+06,38276.25,673479.25
2022-04-23,1.2095918e+06,1.2555315e+06,45939.75,439749.5
2022-04-24,1.156003e+06,1.2042878e+06,48284.75,487930.5
2022-04-25,1.3782958e+06,1.3941562e+06,15860.5,1.0468535e+06
2022-04-26,1.409882e+06,1.4268575e+06,16975.5,1.1447418e+06
2022-04-27,1.3863762e+06,1.4019322e+06,15556.0,1.082435e+06
2022-04-28,1.3783398e+06,1.3972292e+06,18889.5,979203.25
2022-04-29,1.3524328e+06,1.3642918e+06,11859.0,1.00003725e+06
2022-04-30,1.1670848e+06,1.1880722e+06,20987.5,867196.75
2022-05-01,1.0511485e+06,1.0856558e+06,34507.25,809638.0
2022-05-02,1.3304932e+06,1.3483105e+06,17817.25,996027.75
2022-05-03,1.3801412e+06,1.3915678e+06,11426.5,1.00344525e+06
2022-05-04,1.3724438e+06,1.380967e+06,8523.25,1.0997612e+06
2022-05-05,1.3835232e+06,1.4000775e+06,16554.25,1.1126955e+06
2022-05-06,1.3574915e+06,1.3672415e+06,9750.0,1.0791435e+06
2022-05-07,1.1725218e+06,1.1897648e+06,17243.0,839042.25
2022-05-08,1.070459e+06,1.1048875e+06,34428.5,670866.25
2022-05-09,1.3501812e+06,1.3627462e+06,12565.0,942267.75
2022-05-10,1.4250982e+06,1.4526988e+06,27600.5,838134.5
2022-05-11,1.4106872e+06,1.452993e+06,42305.75,704354.75
2022-05-12,1.402651e+06,1.4461938e+06,43542.75,702130.5
2022-05-13,1.390079e+06,1.4308205e+06,40741.5,752037.25
2022-05-14,1.169551e+06,1.2194825e+06,49931.5,595083.25
2022-05-15,1.0656155e+06,1.1180035e+06,52388.0,636422.0
2022-05-16,1.3732218e+06,1.3943295e+06,21107.75,855685.0
2022-05-17,1.40026e+06,1.4165095e+06,16249.5,1.0482375e+06
2022-05-18,1.4102672e+06,1.4479485e+06,37681.25,902306.5
2022-05-19,1.4077918e+06,1.4329492e+06,25157.5,904126.0
2022-05-20,1.3841408e+06,1.4026238e+06,18483.0,895149.0
2022-05-21,1.1988872e+06,1.265533e+06,66645.75,390278.25
2022-05-22,1.046864e+06,1.0927368e+06,45872.75,679946.25
2022-05-23,1.3589495e+06,1.3719982e+06,13048.75,693938.75
2022-05-24,1.3873295e+06,1.4339398e+06,46610.25,798295.25
2022-05-25,1.3320058e+06,1.36979e+06,37784.25,762638.5
2022-05-26,1.1286395e+06,1.1889928e+06,60353.25,336173.5
2022-05-27,1.240401e+06,1.2996088e+06,59207.75,334084.25
2022-05-28,1.1511695e+06,1.2120012e+06,60831.75,317177.75
2022-05-29,1.0593428e+06,1.088539e+06,29196.25,593201.0
2022-05-30,1.3224828e+06,1.3361892e+06,13706.5,1.033339e+06
2022-05-31,1.346494e+06,1.3648468e+06,18352.75,1.03647e+06
2022-06-01,1.325389e+06,1.3510525e+06,25663.5,938310.25
2022-06-02,1.339249e+06,1.3689945e+06,29745.5,847912.75
2022-06-03,1.3150892e+06,1.3437862e+06,28697.0,891981.75
2022-06-04,1.1012008e+06,1.1327128e+06,31512.0,699886.75
2022-06-05,1.00990575e+06,1.043203e+06,33297.25,495250.25
2022-06-06,1.0529485e+06,1.1203488e+06,67400.25,357577.75
2022-06-07,1.305421e+06,1.3280255e+06,22604.5,749841.75
2022-06-08,1.330687e+06,1.3397825e+06,9095.5,984731.5
2022-06-09,1.3443195e+06,1.359838e+06,15518.5,943176.75
2022-06-10,1.3101222e+06,1.3432288e+06,33106.5,859971.0
2022-06-11,1.1332542e+06,1.1796808e+06,46426.5,666921.75
2022-06-12,1.0540882e+06,1.1089055e+06,54817.25,559318.25
2022-06-13,1.3200808e+06,1.362391e+06,42310.25,725882.25
2022-06-14,1.327472e+06,1.3511382e+06,23666.25,881550.25
2022-06-15,1.3066212e+06,1.3264952e+06,19874.0,902806.75
2022-06-16,1.1649855e+06,1.208024e+06,43038.5,714965.75
2022-06-17,1.2343178e+06,1.2635582e+06,29240.5,784285.0
2022-06-18,1.143566e+06,1.1946828e+06,51116.75,570552.5
2022-06-19,1.0800048e+06,1.141469e+06,61464.25,535275.5
2022-06-20,1.3121315e+06,1.3314702e+06,19338.75,893493.75
2022-06-21,1.3419628e+06,1.3870902e+06,45127.5,887056.0
2022-06-22,1.3319892e+06,1.356686e+06,24696.75,1.02458775e+06
2022-06-23,1.3330898e+06,1.3733072e+06,40217.5,878926.25
2022-06-24,1.3444448e+06,1.3784588e+06,34014.0,833298.0
2022-06-25,1.1252498e+06,1.1724105e+06,47160.75,765498.5
2022-06-26,1.044877e+06,1.0976612e+06,52784.25,676882.5
2022-06-27,1.318756e+06,1.3432485e+06,24492.5,945768.75
2022-06-28,1.3201178e+06,1.3617555e+06,41637.75,948734.0
2022-06-29,1.3341128e+06,1.3712238e+06,37111.0,935409.25
2022-06-30,1.3549912e+06,1.3862495e+06,31258.25,906983.0
2022-07-01,1.3205852e+06,1.3530378e+06,32452.5,903173.0
2022-07-02,1.1232575e+06,1.1802235e+06,56966.0,622266.75
2022-07-03,1.0571535e+06,1.11599e+06,58836.5,560549.75
2022-07-04,1.306229e+06,1.34431e+06,38081.0,805345.5
2022-07-05,1.3405315e+06,1.3765275e+06,35996.0,834386.75
2022-07-06,1.3337162e+06,1.3702352e+06,36519.0,801790.25
2022-07-07,1.3811508e+06,1.4171995e+06,36048.75,737008.75
2022-07-08,1.3228745e+06,1.3655175e+06,42643.0,754387.75
2022-07-09,1.1370322e+06,1.1846095e+06,47577.25,554917.75
2022-07-10,1.071839e+06,1.1358505e+06,64011.5,455163.5
2022-07-11,1.2751148e+06,1.2938812e+06,18766.5,943543.0
2022-07-12,1.2948842e+06,1.332827e+06,37942.75,884741.0
2022-07-13,1.3490192e+06,1.3896998e+06,40680.5,836746.75
2022-07-14,1.3419395e+06,1.3744142e+06,32474.75,810997.0
2022-07-15,1.3065275e+06,1.3506612e+06,44133.75,762724.75
2022-07-16,1.1271375e+06,1.1933608e+06,66223.25,462629.5
2022-07-17,1.023108e+06,1.0780002e+06,54892.25,587543.0
2022-07-18,1.2613415e+06,1.2955128e+06,34171.25,877434.0
2022-07-19,1.3154482e+06,1.352176e+06,36727.75,870125.0
2022-07-20,1.373677e+06,1.4241005e+06,50423.5,741201.5
2022-07-21,1.3392808e+06,1.388473e+06,49192.25,902773.25
2022-07-22,1.2789735e+06,1.3244225e+06,45449.0,874962.5
2022-07-23,1.0973798e+06,1.1355162e+06,38136.5,736383.0
2022-07-24,1.029612e+06,1.0931282e+06,63516.25,573037.0
2022-07-25,1.3295122e+06,1.3880052e+06,58493.0,661787.5
2022-07-26,1.3069995e+06,1.3399935e+06,32994.0,738273.25
2022-07-27,1.2805555e+06,1.3214685e+06,40913.0,793427.75
2022-07-28,1.2869242e+06,1.323822e+06,36897.75,877242.75
2022-07-29,1.273991e+06,1.2987422e+06,24751.25,877997.75
2022-07-30,1.0651172e+06,1.106008e+06,40890.75,742760.5
2022-07-31,1.008869e+06,1.0746002e+06,65731.25,665178.5
2022-08-01,1.2475042e+06,1.2730298e+06,25525.5,864001.5
2022-08-02,1.2729345e+06,1.3156318e+06,42697.25,851126.75
2022-08-03,1.2901962e+06,1.3267598e+06,36563.5,847605.5
2022-08-04,1.2992315e+06,1.329374e+06,30142.5,884739.75
2022-08-05,1.2797482e+06,1.314564e+06,34815.75,862537.75
2022-08-06,1.0931772e+06,1.1457018e+06,52524.5,656948.0
2022-08-07,994622.0,1.0491702e+06,54548.25,600072.25
2022-08-08,1.2245692e+06,1.2537445e+06,29175.25,851907.25
2022-08-09,1.2577465e+06,1.298821e+06,41074.5,843461.5
2022-08-10,1.2637622e+06,1.3048508e+06,41088.5,836431.0
2022-08-11,1.2645132e+06,1.2954822e+06,30969.0,825602.75
2022-08-12,1.2375145e+06,1.27318e+06,35665.5,777720.75
2022-08-13,1.074475e+06,1.1082115e+06,33736.5,682931.25
2022-08-14,1.03410825e+06,1.0791042e+06,44996.0,575273.5
2022-08-15,1.2361055e+06,1.264152e+06,28046.5,865191.75
2022-08-16,1.262302e+06,1.292444e+06,30142.0,930753.75
2022-08-17,1.2790455e+06,1.3018245e+06,22779.0,986052.75
2022-08-18,1.2915835e+06,1.3246502e+06,33066.75,996106.5
2022-08-19,1.25274e+06,1.2724978e+06,19757.75,1.0333175e+06
2022-08-20,1.0583745e+06,1.0926282e+06,34253.75,814000.5
2022-08-21,984968.0,1.0558632e+06,70895.25,628412.25
2022-08-22,1.2307702e+06,1.2553055e+06,24535.25,936550.25
2022-08-23,1.2731272e+06,1.2992105e+06,26083.25,885741.5
2022-08-24,1.2764902e+06,1.3021062e+06,25616.0,898545.75
2022-08-25,1.3006615e+06,1.3363678e+06,35706.25,846529.5
2022-08-26,1.2738432e+06,1.2914282e+06,17585.0,938247.5
2022-08-27,1.0831135e+06,1.098603e+06,15489.5,776410.25
2022-08-28,1.01759375e+06,1.0848775e+06,67283.75,525227.75
2022-08-29,1.2389225e+06,1.2616142e+06,22691.75,867923.75
2022-08-30,1.2681615e+06,1.3045165e+06,36355.0,880562.5
2022-08-31,1.2865212e+06,1.3083345e+06,21813.25,918999.0
2022-09-01,1.2709038e+06,1.29642e+06,25516.25,866813.75
2022-09-02,1.2804915e+06,1.3195558e+06,39064.25,698826.75
2022-09-03,1.1208705e+06,1.1690388e+06,48168.25,496938.5
2022-09-04,1.03761625e+06,1.0825888e+06,44972.5,537771.0
2022-09-05,1.3124028e+06,1.3530258e+06,40623.0,742063.0
2022-09-06,1.3356522e+06,1.3818582e+06,46206.0,778001.75
2022-09-07,1.324214e+06,1.362176e+06,37962.0,970630.75
2022-09-08,1.3417108e+06,1.3770955e+06,35384.75,963777.75
2022-09-09,1.285783e+06,1.3159182e+06,30135.25,892957.75
2022-09-10,1.0901632e+06,1.1156405e+06,25477.25,801768.0
2022-09-11,1.002977e+06,1.03254525e+06,29568.25,796731.75
2022-09-12,1.2425002e+06,1.264201e+06,21700.75,919713.5
2022-09-13,1.3211212e+06,1.3585525e+06,37431.25,852542.5
2022-09-14,1.312963e+06,1.3312558e+06,18292.75,1.0521748e+06
2022-09-15,1.3361298e+06,1.3778688e+06,41739.0,810877.5
2022-09-16,1.340793e+06,1.3957818e+06,54988.75,586410.5
2022-09-17,1.1525425e+06,1.2014005e+06,48858.0,380449.25
2022-09-18,1.0824408e+06,1.1440962e+06,61655.5,339355.0
2022-09-19,1.306636e+06,1.3556235e+06,48987.5,683183.75
2022-09-20,1.2952918e+06,1.3308182e+06,35526.5,970953.75
2022-09-21,1.2809752e+06,1.307654e+06,26678.75,1.0373675e+06
2022-09-22,1.2823525e+06,1.3065918e+06,24239.25,1.006106e+06
2022-09-23,1.2705728e+06,1.2935425e+06,22969.75,962084.5
2022-09-24,1.1084702e+06,1.1369178e+06,28447.5,881977.75
2022-09-25,1.02722175e+06,1.0591788e+06,31957.0,804020.5
2022-09-26,1.3392315e+06,1.3927892e+06,53557.75,679103.0
2022-09-27,1.3331175e+06,1.3681995e+06,35082.0,869645.75
2022-09-28,1.3150245e+06,1.3442965e+06,29272.0,1.1202708e+06
2022-09-29,1.313619e+06,1.344553e+06,30934.0,1.1188032e+06
2022-09-30,1.290304e+06,1.3301502e+06,39846.25,924488.75
2022-10-01,1.189992e+06,1.2581325e+06,68140.5,379629.0
2022-10-02,1.088022e+06,1.1513465e+06,63324.5,387730.25
2022-10-03,1.0753658e+06,1.1185945e+06,43228.75,579141.75
2022-10-04,1.2913092e+06,1.33272e+06,41410.75,834853.25
2022-10-05,1.3659075e+06,1.4252908e+06,59383.25,568361.0
2022-10-06,1.3577138e+06,1.4106002e+06,52886.5,639859.75
2022-10-07,1.3205342e+06,1.3577402e+06,37206.0,760883.0
2022-10-08,1.1556362e+06,1.2080945e+06,52458.25,577920.25
2022-10-09,1.0515178e+06,1.1015608e+06,50043.0,602460.75
2022-10-10,1.3402648e+06,1.3934058e+06,53141.0,754943.0
2022-10-11,1.3360625e+06,1.3770588e+06,40996.25,1.00564025e+06
2022-10-12,1.3151488e+06,1.3455888e+06,30440.0,1.0762402e+06
2022-10-13,1.3243508e+06,1.3550182e+06,30667.5,1.0602718e+06
2022-10-14,1.3028752e+06,1.332231e+06,29355.75,1.0718035e+06
2022-10-15,1.133221e+06,1.1671348e+06,33913.75,725005.5
2022-10-16,1.0806662e+06,1.1484255e+06,67759.25,561197.5
2022-10-17,1.3017242e+06,1.3442172e+06,42493.0,783810.75
2022-10-18,1.3530532e+06,1.3915068e+06,38453.5,1.04227875e+06
2022-10-19,1.3320218e+06,1.368744e+06,36722.25,1.0370305e+06
2022-10-20,1.3682128e+06,1.4073915e+06,39178.75,711917.75
2022-10-21,1.321604e+06,1.3535425e+06,31938.5,1.00340875e+06
2022-10-22,1.1204632e+06,1.165145e+06,44681.75,757515.0
2022-10-23,1.04222475e+06,1.077524e+06,35299.25,620505.25
2022-10-24,1.3388055e+06,1.392008e+06,53202.5,557891.0
2022-10-25,1.3466052e+06,1.3880188e+06,41413.5,799744.5
2022-10-26,1.3301065e+06,1.3602842e+06,30177.75,969908.5
2022-10-27,1.3338955e+06,1.3632208e+06,29325.25,851036.0
2022-10-28,1.313328e+06,1.3448915e+06,31563.5,782870.75
2022-10-29,1.1199612e+06,1.1456952e+06,25734.0,846737.5
2022-10-30,1.0544262e+06,1.0979815e+06,43555.25,754192.5
2022-10-31,1.140227e+06,1.15705e+06,16823.0,866380.75
2022-11-01,1.175601e+06,1.2299742e+06,54373.25,493122.75
2022-11-02,1.3630595e+06,1.4188035e+06,55744.0,583988.75
2022-11-03,1.403097e+06,1.4423292e+06,39232.25,712082.5
2022-11-04,1.3451078e+06,1.3762798e+06,31172.0,927202.5
2022-11-05,1.1695498e+06,1.183981e+06,14431.25,734806.75
2022-11-06,1.1327115e+06,1.1985918e+06,65880.25,424283.25
2022-11-07,1.388652e+06,1.4387062e+06,50054.25,620870.75
2022-11-08,1.396295e+06,1.4404968e+06,44201.75,650799.5
2022-11-09,1.3963278e+06,1.4485495e+06,52221.75,668909.0
2022-11-10,1.403915e+06,1.4548075e+06,50892.5,715749.5
2022-11-11,1.3801038e+06,1.4197342e+06,39630.5,802363.5
2022-11-12,1.1553065e+06,1.1791348e+06,23828.25,955355.75
2022-11-13,1.0768478e+06,1.1170472e+06,40199.5,708169.25
2022-11-14,1.3687e+06,1.4081485e+06,39448.5,837902.0
2022-11-15,1.377514e+06,1.4209542e+06,43440.25,913604.5
2022-11-16,1.417584e+06,1.463489e+06,45905.0,832488.0
2022-11-17,1.431513e+06,1.4891285e+06,57615.5,646203.0
2022-11-18,1.398463e+06,1.444687e+06,46224.0,925105.75
2022-11-19,1.2093185e+06,1.249237e+06,39918.5,959162.75
2022-11-20,1.1223402e+06,1.1759845e+06,53644.25,920107.75
2022-11-21,1.3867758e+06,1.4275318e+06,40756.0,1.0773432e+06
2022-11-22,1.447658e+06,1.4913265e+06,43668.5,905363.5
2022-11-23,1.4228522e+06,1.4741342e+06,51282.0,887937.75
2022-11-24,1.413666e+06,1.4624785e+06,48812.5,1.0118435e+06
2022-11-25,1.3827558e+06,1.4245478e+06,41792.0,1.017991e+06
2022-11-26,1.1771452e+06,1.2058248e+06,28679.5,930992.25
2022-11-27,1.1401425e+06,1.196537e+06,56394.5,671294.0
2022-11-28,1.437402e+06,1.482247e+06,44845.0,1.03470675e+06
2022-11-29,1.4279595e+06,1.4698348e+06,41875.25,1.31143e+06
2022-11-30,1.4262472e+06,1.4745355e+06,48288.25,1.3197338e+06
2022-12-01,1.436737e+06,1.4764265e+06,39689.5,1.3196482e+06
2022-12-02,1.451517e+06,1.4823062e+06,30789.25,1.1447815e+06
2022-12-03,1.2622762e+06,1.2902282e+06,27952.0,967528.0
2022-12-04,1.1907158e+06,1.2345642e+06,43848.5,877781.0
2022-12-05,1.4423632e+06,1.481882e+06,39518.75,1.1930858e+06
2022-12-06,1.4446715e+06,1.4857012e+06,41029.75,1.277222e+06
2022-12-07,1.4619298e+06,1.5092728e+06,47343.0,1.04303575e+06
2022-12-08,1.4572472e+06,1.4993442e+06,42097.0,1.2413078e+06
2022-12-09,1.442724e+06,1.4849928e+06,42268.75,1.3131985e+06
2022-12-10,1.2585242e+06,1.305787e+06,47262.75,1.1637132e+06
2022-12-11,1.2147772e+06,1.2531385e+06,38361.25,1.1194408e+06
2022-12-12,1.4699385e+06,1.5101208e+06,40182.25,1.332421e+06
2022-12-13,1.5154098e+06,1.568624e+06,53214.25,1.2629555e+06
2022-12-14,1.5256192e+06,1.5804288e+06,54809.5,1.2811202e+06
2022-12-15,1.513803e+06,1.5630205e+06,49217.5,1.249024e+06
2022-12-16,1.4765955e+06,1.51937e+06,42774.5,1.3545968e+06
2022-12-17,1.326706e+06,1.3492935e+06,22587.5,1.1226498e+06
2022-12-18,1.2713015e+06,1.2963465e+06,25045.0,815659.0
2022-12-19,1.4786938e+06,1.5300212e+06,51327.5,747407.0
2022-12-20,1.4344962e+06,1.4810282e+06,46532.0,712758.5
2022-12-21,1.3547082e+06,1.3898955e+06,35187.25,880487.5
2022-12-22,1.3379948e+06,1.3806938e+06,42699.0,794441.0
2022-12-23,1.2261605e+06,1.2617018e+06,35541.25,888369.75
2022-12-24,1.049326e+06,1.100434e+06,51108.0,583427.25
2022-12-25,1.00355825e+06,1.0505262e+06,46968.0,591021.75
2022-12-26,1.04796175e+06,1.1069145e+06,58952.75,314408.5
2022-12-27,1.1940028e+06,1.2423785e+06,48375.75,436146.75
2022-12-28,1.2100048e+06,1.2748262e+06,64821.5,328072.0
2022-12-29,1.1813422e+06,1.2309635e+06,49621.25,293372.75
2022-12-30,1.1644005e+06,1.2031695e+06,38769.0,325375.75
2022-12-31,1.0673908e+06,1.1164398e+06,49049.0,248192.25
2023-01-01,987276.25,1.03074925e+06,43473.0,269742.5
2023-01-02,1.2430932e+06,1.276573e+06,33479.75,543919.75
2023-01-03,1.2941325e+06,1.3237342e+06,29601.75,818931.75
2023-01-04,1.4000355e+06,1.4611915e+06,61156.0,300495.0
2023-01-05,1.3351068e+06,1.3779692e+06,42862.5,613638.0
2023-01-06,1.2761832e+06,1.317862e+06,41678.75,596551.5
2023-01-07,1.1537125e+06,1.187894e+06,34181.5,522857.75
2023-01-08,1.123149e+06,1.1791238e+06,55974.75,476856.25
2023-01-09,1.3868128e+06,1.4316888e+06,44876.0,819656.0
2023-01-10,1.4379268e+06,1.481545e+06,43618.25,804495.25
2023-01-11,1.463759e+06,1.5107805e+06,47021.5,633822.0
2023-01-12,1.4951965e+06,1.5409888e+06,45792.25,407430.75
2023-01-13,1.453933e+06,1.4989392e+06,45006.25,380847.75
2023-01-14,1.2725122e+06,1.3075145e+06,35002.25,254684.25
2023-01-15,1.2220498e+06,1.2804335e+06,58383.75,197234.25
2023-01-16,1.4504685e+06,1.462706e+06,12237.5,713314.5
2023-01-17,1.4813878e+06,1.525443e+06,44055.25,868307.5
2023-01-18,1.466745e+06,1.490564e+06,23819.0,1.0645908e+06
2023-01-19,1.5041522e+06,1.5489535e+06,44801.25,952433.75
2023-01-20,1.442666e+06,1.462941e+06,20275.0,1.307785e+06
2023-01-21,1.298176e+06,1.3273205e+06,29144.5,943290.5
2023-01-22,1.2151395e+06,1.2575432e+06,42403.75,937476.75
2023-01-23,1.4360448e+06,1.4667932e+06,30748.5,1.2953692e+06
2023-01-24,1.4338345e+06,1.4756575e+06,41823.0,1.3318482e+06
2023-01-25,1.4534785e+06,1.4859222e+06,32443.75,1.3382152e+06
2023-01-26,1.4945572e+06,1.5241208e+06,29563.5,1.3322045e+06
2023-01-27,1.4653702e+06,1.4950008e+06,29630.5,1.232508e+06
2023-01-28,1.262141e+06,1.2752505e+06,13109.5,1.113451e+06
2023-01-29,1.220881e+06,1.2378055e+06,16924.5,677810.5
2023-01-30,1.496266e+06,1.5260678e+06,29801.75,601666.5
2023-01-31,1.4867665e+06,1.5184982e+06,31731.75,603684.25
2023-02-01,1.490719e+06,1.531629e+06,40910.0,472326.75
2023-02-02,1.492826e+06,1.531566e+06,38740.0,802082.25
2023-02-03,1.4746632e+06,1.5262732e+06,51610.0,477390.0
2023-02-04,1.236956e+06,1.2523318e+06,15375.75,960448.25
2023-02-05,1.182093e+06,1.2347415e+06,52648.5,859724.5
2023-02-06,1.4182915e+06,1.4363922e+06,18100.75,1.2500395e+06
2023-02-07,1.4451382e+06,1.490816e+06,45677.75,1.1792698e+06
2023-02-08,1.4656622e+06,1.4947132e+06,29051.0,1.039261e+06
2023-02-09,1.5017078e+06,1.5467138e+06,45006.0,914129.5
2023-02-10,1.4703378e+06,1.5005558e+06,30218.0,852158.25
2023-02-11,1.279144e+06,1.3313848e+06,52240.75,617886.75
2023-02-12,1.1475818e+06,1.160803e+06,13221.25,966390.75
2023-02-13,1.3874632e+06,1.4195725e+06,32109.25,1.20592e+06
2023-02-14,1.3948978e+06,1.422794e+06,27896.25,1.2262918e+06
2023-02-15,1.4093452e+06,1.4266842e+06,17339.0,1.1524962e+06
2023-02-16,1.4266455e+06,1.4551075e+06,28462.0,881579.5
2023-02-17,1.4252325e+06,1.4750698e+06,49837.25,411322.25
2023-02-18,1.2283068e+06,1.2594422e+06,31135.5,420467.25
2023-02-19,1.1272228e+06,1.1436242e+06,16401.5,609634.75
2023-02-20,1.3678542e+06,1.4228445e+06,54990.25,352691.75
2023-02-21,1.3873155e+06,1.417148e+06,29832.5,860710.0
2023-02-22,1.3733545e+06,1.3925338e+06,19179.25,1.1157935e+06
2023-02-23,1.3846002e+06,1.3952925e+06,10692.25,1.138722e+06
2023-02-24,1.3983532e+06,1.4181635e+06,19810.25,738712.25
2023-02-25,1.2721208e+06,1.3231685e+06,51047.75,501295.0
2023-02-26,1.1737302e+06,1.2143578e+06,40627.5,664587.25
2023-02-27,1.378024e+06,1.3986465e+06,20622.5,1.052515e+06
2023-02-28,1.3984885e+06,1.424815e+06,26326.5,1.058761e+06
2023-03-01,1.3981772e+06,1.427655e+06,29477.75,1.03060825e+06
2023-03-02,1.399827e+06,1.4252632e+06,25436.25,1.067698e+06
2023-03-03,1.3847862e+06,1.4110502e+06,26264.0,1.055045e+06
2023-03-04,1.25604e+06,1.3004555e+06,44415.5,679930.75
2023-03-05,1.1525692e+06,1.1908858e+06,38316.5,758312.25
2023-03-06,1.3889872e+06,1.4133512e+06,24364.0,1.0504275e+06
2023-03-07,1.449583e+06,1.5056265e+06,56043.5,652452.75
2023-03-08,1.4020368e+06,1.4203498e+06,18313.0,1.1355065e+06
2023-03-09,1.3689115e+06,1.393636e+06,24724.5,1.0168505e+06
2023-03-10,1.3843745e+06,1.4085625e+06,24188.0,689352.0
2023-03-11,1.2280632e+06,1.2696465e+06,41583.25,646295.25
2023-03-12,1.139675e+06,1.17666e+06,36985.0,574387.0
2023-03-13,1.4057885e+06,1.4735872e+06,67798.75,359446.75
2023-03-14,1.4218828e+06,1.4687278e+06,46845.0,492035.0
2023-03-15,1.4203322e+06,1.460348e+06,40015.75,857416.75
2023-03-16,1.3969405e+06,1.440799e+06,43858.5,650231.25
2023-03-17,1.3688805e+06,1.394671e+06,25790.5,710835.0
2023-03-18,1.1290075e+06,1.1657015e+06,36694.0,733737.25
2023-03-19,1.046709e+06,1.0851765e+06,38467.5,749711.5
2023-03-20,1.3129002e+06,1.3311685e+06,18268.25,964497.0
2023-03-21,1.3432078e+06,1.360061e+06,16853.25,929288.5
2023-03-22,1.3586248e+06,1.4036895e+06,45064.75,522500.25
2023-03-23,1.3708898e+06,1.4194802e+06,48590.5,558176.5
2023-03-24,1.3453418e+06,1.3932192e+06,47877.5,470587.0
2023-03-25,1.1565002e+06,1.2216725e+06,65172.25,207724.25
2023-03-26,1.048632e+06,1.0830268e+06,34394.75,492567.5
2023-03-27,1.3443768e+06,1.3966338e+06,52257.0,559422.75
2023-03-28,1.3815562e+06,1.4276708e+06,46114.5,819088.0
2023-03-29,1.366625e+06,1.3911718e+06,24546.75,929597.75
2023-03-30,1.3701258e+06,1.4234932e+06,53367.5,512722.75
2023-03-31,1.336623e+06,1.3700205e+06,33397.5,752411.75
2023-04-01,1.1998328e+06,1.2636055e+06,63772.75,414957.25
2023-04-02,1.1137092e+06,1.1590922e+06,45383.0,459519.0
2023-04-03,1.3189468e+06,1.365514e+06,46567.25,811365.0
2023-04-04,1.3285722e+06,1.3697292e+06,41157.0,976400.75
2023-04-05,1.3190048e+06,1.3587082e+06,39703.5,1.01336e+06
2023-04-06,1.3012708e+06,1.3397115e+06,38440.75,813546.75
2023-04-07,1.088092e+06,1.1230612e+06,34969.25,615001.75
2023-04-08,1.0568708e+06,1.0708278e+06,13957.0,857679.5
2023-04-09,930229.75,976175.0,45945.25,623503.0
2023-04-10,991279.75,1.052392e+06,61112.25,217093.0
2023-04-11,1.259343e+06,1.3078645e+06,48521.5,476842.25
2023-04-12,1.3179028e+06,1.3575698e+06,39667.0,709722.75
2023-04-13,1.3028528e+06,1.3609072e+06,58054.5,675172.75
2023-04-14,1.2739818e+06,1.293688e+06,19706.25,954939.75
2023-04-15,1.1341658e+06,1.1689365e+06,34770.75,710627.25
2023-04-16,1.04807825e+06,1.0734482e+06,25370.0,778607.0
2023-04-17,1.288536e+06,1.3121912e+06,23655.25,905351.25
2023-04-18,1.3207428e+06,1.352804e+06,32061.25,750466.75
2023-04-19,1.326539e+06,1.3782122e+06,51673.25,590785.0
2023-04-20,1.3379805e+06,1.3646648e+06,26684.25,759049.25
2023-04-21,1.2721048e+06,1.3249208e+06,52816.0,501874.0
2023-04-22,1.0710272e+06,1.1089858e+06,37958.5,424753.0
2023-04-23,987824.5,1.03678575e+06,48961.25,545659.5
2023-04-24,1.2828765e+06,1.323929e+06,41052.5,520634.25
2023-04-25,1.328076e+06,1.3748375e+06,46761.5,676065.5
2023-04-26,1.3133008e+06,1.349877e+06,36576.25,753363.75
2023-04-27,1.294034e+06,1.3271388e+06,33104.75,901244.75
2023-04-28,1.2741512e+06,1.2928962e+06,18745.0,881053.5
2023-04-29,1.0984968e+06,1.136098e+06,37601.25,673256.5
2023-04-30,976326.75,1.03026825e+06,53941.5,560439.75
2023-05-01,988237.75,1.034815e+06,46577.25,604591.25
2023-05-02,1.267295e+06,1.3082845e+06,40989.5,756192.75
2023-05-03,1.2773138e+06,1.311932e+06,34618.25,857605.25
2023-05-04,1.2818762e+06,1.3197638e+06,37887.5,727101.0
2023-05-05,1.3070818e+06,1.338947e+06,31865.25,647079.25
2023-05-06,1.1149258e+06,1.1516525e+06,36726.75,662083.25
2023-05-07,1.0304335e+06,1.086981e+06,56547.5,411676.25
2023-05-08,1.2802162e+06,1.3048942e+06,24678.0,718392.5
2023-05-09,1.3132968e+06,1.3514865e+06,38189.75,647274.25
2023-05-10,1.3224528e+06,1.3554545e+06,33001.75,909917.75
2023-05-11,1.310945e+06,1.32394e+06,12995.0,1.0500858e+06
2023-05-12,1.2800022e+06,1.3045962e+06,24594.0,793109.5
2023-05-13,1.075118e+06,1.1162525e+06,41134.5,600621.25
2023-05-14,982872.25,1.028952e+06,46079.75,649675.5
2023-05-15,1.2436582e+06,1.2637935e+06,20135.25,806249.5
2023-05-16,1.3036912e+06,1.3424938e+06,38802.5,589647.5
2023-05-17,1.2927008e+06,1.3457845e+06,53083.75,632952.5
2023-05-18,997142.0,1.04125875e+06,44116.75,553172.0
2023-05-19,1.1002305e+06,1.1380368e+06,37806.25,589829.75
2023-05-20,1.042275e+06,1.094866e+06,52591.0,400744.5
2023-05-21,990974.5,1.042508e+06,51533.5,407732.75
2023-05-22,1.247746e+06,1.2760342e+06,28288.25,689827.25
2023-05-23,1.285404e+06,1.3164852e+06,31081.25,601514.25
2023-05-24,1.260913e+06,1.2848478e+06,23934.75,841946.75
2023-05-25,1.2547765e+06,1.2846955e+06,29919.0,701749.5
2023-05-26,1.22783e+06,1.270367e+06,42537.0,609916.0
2023-05-27,997841.25,1.04118225e+06,43341.0,518741.5
2023-05-28,900857.0,951347.75,50490.75,414915.0
2023-05-29,924870.0,977601.0,52731.0,311505.25
2023-05-30,1.180885e+06,1.204258e+06,23373.0,651883.0
2023-05-31,1.2394112e+06,1.2723612e+06,32950.0,624121.5
2023-06-01,1.2636362e+06,1.295211e+06,31574.75,623915.25
2023-06-02,1.2228585e+06,1.2535008e+06,30642.25,657958.5
2023-06-03,1.01984175e+06,1.0618878e+06,42046.0,452776.0
2023-06-04,949229.5,997018.25,47788.75,462790.0
2023-06-05,1.1980358e+06,1.2305548e+06,32519.0,745588.25
2023-06-06,1.238115e+06,1.2676052e+06,29490.25,848733.0
2023-06-07,1.2303025e+06,1.26142e+06,31117.5,848198.0
2023-06-08,1.072759e+06,1.103739e+06,30980.0,634331.25
2023-06-09,1.1421992e+06,1.1710588e+06,28859.5,559592.5
2023-06-10,1.0627455e+06,1.0985532e+06,35807.75,391656.5
2023-06-11,1.00002525e+06,1.0580458e+06,58020.5,301691.25
2023-06-12,1.2606888e+06,1.2905018e+06,29813.0,588833.0
2023-06-13,1.2772802e+06,1.3057375e+06,28457.25,571166.5
2023-06-14,1.26353e+06,1.2936225e+06,30092.5,689554.25
2023-06-15,1.257171e+06,1.2841445e+06,26973.5,846034.0
2023-06-16,1.241138e+06,1.264764e+06,23626.0,853464.5
2023-06-17,1.0505192e+06,1.078576e+06,28056.75,684953.0
2023-06-18,988866.0,1.0208945e+06,32028.5,619299.25
2023-06-19,1.2499588e+06,1.2843932e+06,34434.5,751973.0
2023-06-20,1.2975455e+06,1.322343e+06,24797.5,871359.5
2023-06-21,1.3118e+06,1.339247e+06,27447.0,848424.5
2023-06-22,1.290886e+06,1.3111788e+06,20292.75,830055.25
2023-06-23,1.2473942e+06,1.2705038e+06,23109.5,728847.0
2023-06-24,1.04066725e+06,1.0695512e+06,28884.0,633113.5
2023-06-25,972056.5,1.005167e+06,33110.5,585502.75
2023-06-26,1.259233e+06,1.2931658e+06,33932.75,513648.0
2023-06-27,1.2803288e+06,1.3111738e+06,30845.0,631719.75
2023-06-28,1.2692472e+06,1.296907e+06,27659.75,839268.75
2023-06-29,1.274114e+06,1.2954668e+06,21352.75,951527.75
2023-06-30,1.242976e+06,1.2593815e+06,16405.5,962292.0
2023-07-01,1.0619698e+06,1.100046e+06,38076.25,381466.5
2023-07-02,1.00768975e+06,1.0530162e+06,45326.5,203062.5
2023-07-03,1.2634122e+06,1.2939985e+06,30586.25,428366.5
2023-07-04,1.289744e+06,1.3120522e+06,22308.25,520770.5
2023-07-05,1.2902165e+06,1.316423e+06,26206.5,369082.75
2023-07-06,1.2531002e+06,1.2714982e+06,18398.0,716545.0
2023-07-07,1.2204792e+06,1.2383388e+06,17859.5,777898.0
2023-07-08,1.0509498e+06,1.0816355e+06,30685.75,495501.5
2023-07-09,1.0034015e+06,1.03025975e+06,26858.25,510484.0
2023-07-10,1.2583612e+06,1.2753918e+06,17030.5,819189.5
2023-07-11,1.277396e+06,1.3037942e+06,26398.25,739511.0
2023-07-12,1.285182e+06,1.3120522e+06,26870.25,598107.25
2023-07-13,1.2603735e+06,1.2823335e+06,21960.0,679759.0
2023-07-14,1.2248808e+06,1.2458955e+06,21014.75,817650.5
2023-07-15,1.0877015e+06,1.1213818e+06,33680.25,366713.25
2023-07-16,988513.75,1.03553875e+06,47025.0,263477.75
2023-07-17,1.2270928e+06,1.2559065e+06,28813.75,537545.25
2023-07-18,1.2498252e+06,1.2688488e+06,19023.5,799461.0
2023-07-19,1.2363402e+06,1.2524858e+06,16145.5,865305.5
2023-07-20,1.236691e+06,1.257905e+06,21214.0,764094.25
2023-07-21,1.1973358e+06,1.2104355e+06,13099.75,899127.0
2023-07-22,1.013566e+06,1.047581e+06,34015.0,513996.75
2023-07-23,979872.25,1.0242885e+06,44416.25,268791.75
2023-07-24,1.2215438e+06,1.2392038e+06,17660.0,640422.75
2023-07-25,1.2252365e+06,1.2437868e+06,18550.25,773828.0
2023-07-26,1.2159428e+06,1.245832e+06,29889.25,686235.0
2023-07-27,1.227439e+06,1.2425145e+06,15075.5,760518.5
2023-07-28,1.2051792e+06,1.2221728e+06,16993.5,789462.5
2023-07-29,1.02635625e+06,1.0540132e+06,27657.0,578925.0
2023-07-30,956282.25,1.001326e+06,45043.75,335875.5
2023-07-31,1.2114232e+06,1.2423898e+06,30966.5,505353.25
2023-08-01,1.2246052e+06,1.2565418e+06,31936.5,520441.75
2023-08-02,1.24947e+06,1.2743845e+06,24914.5,595982.5
2023-08-03,1.2439112e+06,1.2899455e+06,46034.25,340951.0
2023-08-04,1.1892442e+06,1.2097958e+06,20551.5,797443.75
2023-08-05,1.002549e+06,1.0318605e+06,29311.5,711282.0
2023-08-06,971733.75,1.007126e+06,35392.25,561432.0
2023-08-07,1.2122928e+06,1.2541742e+06,41881.5,338384.5
2023-08-08,1.2211375e+06,1.2618515e+06,40714.0,361930.25
2023-08-09,1.2244525e+06,1.2581782e+06,33725.75,691666.0
2023-08-10,1.209999e+06,1.2354015e+06,25402.5,813169.75
2023-08-11,1.1843142e+06,1.2134315e+06,29117.25,792975.25
2023-08-12,1.0554392e+06,1.0818815e+06,26442.25,671604.5
2023-08-13,963501.75,1.00561025e+06,42108.5,569493.75
2023-08-14,1.188985e+06,1.2143505e+06,25365.5,845125.75
2023-08-15,1.2093545e+06,1.2414952e+06,32140.75,811453.0
2023-08-16,1.2206355e+06,1.2485088e+06,27873.25,894209.25
2023-08-17,1.2416752e+06,1.2661352e+06,24460.0,863569.25
2023-08-18,1.220749e+06,1.2508532e+06,30104.25,788483.5
2023-08-19,1.0658705e+06,1.1018648e+06,35994.25,606449.5
2023-08-20,978949.0,1.0178425e+06,38893.5,631071.25
2023-08-21,1.230364e+06,1.258742e+06,28378.0,905590.0
2023-08-22,1.2545108e+06,1.2940912e+06,39580.5,926257.25
2023-08-23,1.2414962e+06,1.278611e+06,37114.75,905249.5
2023-08-24,1.2616562e+06,1.2898335e+06,28177.25,936970.5
2023-08-25,1.2536125e+06,1.275525e+06,21912.5,915273.75
2023-08-26,1.0546985e+06,1.092906e+06,38207.5,638792.25
2023-08-27,973384.75,1.00525075e+06,31866.0,714869.0
2023-08-28,1.22119e+06,1.240034e+06,18844.0,939165.0
2023-08-29,1.2517675e+06,1.2835182e+06,31750.75,1.080837e+06
2023-08-30,1.240418e+06,1.2656682e+06,25250.25,932107.25
2023-08-31,1.2452972e+06,1.2741378e+06,28840.5,722083.5
2023-09-01,1.247501e+06,1.2698822e+06,22381.25,912920.0
2023-09-02,1.036169e+06,1.0651595e+06,28990.5,751198.75
2023-09-03,973121.75,1.011144e+06,38022.25,644378.5
2023-09-04,1.206742e+06,1.2354932e+06,28751.25,792050.0
2023-09-05,1.2544558e+06,1.2822882e+06,27832.5,786981.5
2023-09-06,1.2610345e+06,1.2939515e+06,32917.0,834423.0
2023-09-07,1.271467e+06,1.3044712e+06,33004.25,672059.25
2023-09-08,1.2484255e+06,1.2795862e+06,31160.75,789558.0
2023-09-09,1.0691728e+06,1.1019732e+06,32800.5,743349.25
2023-09-10,991813.75,1.02606625e+06,34252.5,709052.0
2023-09-11,1.2590025e+06,1.295522e+06,36519.5,915302.0
2023-09-12,1.308736e+06,1.3417458e+06,33009.75,1.0045125e+06
2023-09-13,1.3134448e+06,1.342621e+06,29176.25,922122.5
2023-09-14,1.2701048e+06,1.3072835e+06,37178.75,987782.5
2023-09-15,1.2382628e+06,1.2761515e+06,37888.75,813652.25
2023-09-16,1.0602342e+06,1.0871845e+06,26950.25,683574.25
2023-09-17,989252.0,1.02420425e+06,34952.25,621350.25
2023-09-18,1.2819542e+06,1.3105878e+06,28633.5,649521.25
2023-09-19,1.2678738e+06,1.3216468e+06,53773.0,434100.25
2023-09-20,1.2658502e+06,1.3144008e+06,48550.5,521085.25
2023-09-21,1.3043018e+06,1.336255e+06,31953.25,736131.75
2023-09-22,1.2588842e+06,1.297098e+06,38213.75,832496.0
2023-09-23,1.0558175e+06,1.095667e+06,39849.5,573241.5
2023-09-24,964511.75,1.011504e+06,46992.25,531100.5
2023-09-25,1.2363638e+06,1.277595e+06,41231.25,676983.75
2023-09-26,1.266914e+06,1.300512e+06,33598.0,974680.25
2023-09-27,1.276337e+06,1.30674e+06,30403.0,946833.25
2023-09-28,1.29094e+06,1.3366358e+06,45695.75,804252.5
2023-09-29,1.2692528e+06,1.2963028e+06,27050.0,717833.0
2023-09-30,1.0746982e+06,1.102774e+06,28075.75,620948.5
2023-10-01,976404.0,1.018269e+06,41865.0,590894.75
2023-10-02,1.131981e+06,1.1664908e+06,34509.75,766708.25
2023-10-03,1.0591115e+06,1.1152035e+06,56092.0,182307.5
2023-10-04,1.2749002e+06,1.317617e+06,42716.75,486970.5
2023-10-05,1.3192425e+06,1.3573672e+06,38124.75,724408.25
2023-10-06,1.2934242e+06,1.3341178e+06,40693.5,508155.0
2023-10-07,1.1101525e+06,1.17047e+06,60317.5,355766.25
2023-10-08,1.0090625e+06,1.03861975e+06,29557.25,724760.25
2023-10-09,1.2814538e+06,1.308388e+06,26934.25,921219.25
2023-10-10,1.3197938e+06,1.3470245e+06,27230.75,900523.75
2023-10-11,1.3262248e+06,1.3909122e+06,64687.5,419692.75
2023-10-12,1.3529252e+06,1.384113e+06,31187.75,913688.0
2023-10-13,1.3093718e+06,1.3472708e+06,37899.0,483994.0
2023-10-14,1.121976e+06,1.1814548e+06,59478.75,274657.25
2023-10-15,1.0834595e+06,1.1441945e+06,60735.0,332764.25
2023-10-16,1.3291058e+06,1.360958e+06,31852.25,926084.0
2023-10-17,1.3571432e+06,1.381664e+06,24520.75,1.1017342e+06
2023-10-18,1.3800295e+06,1.410259e+06,30229.5,787893.5
2023-10-19,1.4033865e+06,1.4373038e+06,33917.25,770668.75
2023-10-20,1.3716472e+06,1.4100395e+06,38392.25,596857.5
2023-10-21,1.1376855e+06,1.1959002e+06,58214.75,492276.25
2023-10-22,1.0727122e+06,1.1292678e+06,56555.5,429458.0
2023-10-23,1.335299e+06,1.3582392e+06,22940.25,1.038736e+06
2023-10-24,1.3886835e+06,1.4219335e+06,33250.0,990939.5
2023-10-25,1.3760608e+06,1.4151895e+06,39128.75,920794.75
2023-10-26,1.3951458e+06,1.4244918e+06,29346.0,1.0625352e+06
2023-10-27,1.3615178e+06,1.3882065e+06,26688.75,1.0197695e+06
2023-10-28,1.1446782e+06,1.1841212e+06,39443.0,649608.25
2023-10-29,1.1625262e+06,1.2277158e+06,65189.5,248346.25
2023-10-30,1.3076072e+06,1.335648e+06,28040.75,723469.5
2023-10-31,1.302165e+06,1.3399542e+06,37789.25,729732.0
2023-11-01,1.1952712e+06,1.229347e+06,34075.75,563113.5
2023-11-02,1.3814985e+06,1.426419e+06,44920.5,461907.0
2023-11-03,1.357687e+06,1.3847802e+06,27093.25,634697.5
2023-11-04,1.2010835e+06,1.2468665e+06,45783.0,313828.5
2023-11-05,1.1203648e+06,1.1742655e+06,53900.75,362972.0
2023-11-06,1.4029398e+06,1.4470988e+06,44159.0,423750.25
2023-11-07,1.4323302e+06,1.4666768e+06,34346.5,649933.5
2023-11-08,1.450006e+06,1.496473e+06,46467.0,572310.75
2023-11-09,1.4517435e+06,1.4867478e+06,35004.25,725612.75
2023-11-10,1.4118365e+06,1.4438685e+06,32032.0,803525.75
2023-11-11,1.1946888e+06,1.2271202e+06,32431.5,799963.0
2023-11-12,1.131865e+06,1.1606985e+06,28833.5,906864.5
2023-11-13,1.4114518e+06,1.435783e+06,24331.25,820192.5
2023-11-14,1.4418768e+06,1.483519e+06,41642.25,511387.5
2023-11-15,1.4407012e+06,1.4754312e+06,34730.0,849149.0
2023-11-16,1.45753e+06,1.4917612e+06,34231.25,985768.25
2023-11-17,1.4294588e+06,1.4572168e+06,27758.0,1.1388382e+06
2023-11-18,1.225278e+06,1.2393452e+06,14067.25,792459.0
2023-11-19,1.161763e+06,1.2191472e+06,57384.25,305030.75
2023-11-20,1.388488e+06,1.4188625e+06,30374.5,898625.25
2023-11-21,1.4498638e+06,1.4722925e+06,22428.75,1.1743808e+06
2023-11-22,1.4661255e+06,1.4933508e+06,27225.25,1.057433e+06
2023-11-23,1.4840122e+06,1.5231408e+06,39128.5,451736.0
2023-11-24,1.4618945e+06,1.4926032e+06,30708.75,484041.25
2023-11-25,1.2747918e+06,1.3134452e+06,38653.5,692247.25
2023-11-26,1.1846145e+06,1.2060008e+06,21386.25,931422.25
2023-11-27,1.4744318e+06,1.4983412e+06,23909.5,1.0352975e+06
2023-11-28,1.538164e+06,1.5706835e+06,32519.5,1.1324622e+06
2023-11-29,1.544118e+06,1.5831615e+06,39043.5,1.0666172e+06
2023-11-30,1.5248958e+06,1.5593052e+06,34409.5,1.4461945e+06
2023-12-01,1.5060355e+06,1.5364485e+06,30413.0,1.409966e+06
2023-12-02,1.3151555e+06,1.3371202e+06,21964.75,1.2222195e+06
2023-12-03,1.251967e+06,1.2812008e+06,29233.75,1.01700975e+06
2023-12-04,1.5427245e+06,1.5735268e+06,30802.25,1.0616878e+06
2023-12-05,1.565434e+06,1.5978665e+06,32432.5,1.02040325e+06
2023-12-06,1.544443e+06,1.5743822e+06,29939.25,1.3078572e+06
2023-12-07,1.5128602e+06,1.545183e+06,32322.75,1.3253115e+06
2023-12-08,1.4910882e+06,1.517427e+06,26338.75,1.0908448e+06
2023-12-09,1.2639818e+06,1.2796358e+06,15654.0,588905.0
2023-12-10,1.1927778e+06,1.237789e+06,45011.25,323968.0
2023-12-11,1.4248072e+06,1.4482815e+06,23474.25,724697.75
2023-12-12,1.4438635e+06,1.4747592e+06,30895.75,1.1453342e+06
2023-12-13,1.4677772e+06,1.499604e+06,31826.75,1.00535025e+06
2023-12-14,1.435248e+06,1.4595515e+06,24303.5,1.2712265e+06
2023-12-15,1.411536e+06,1.4314788e+06,19942.75,1.0501005e+06
2023-12-16,1.255107e+06,1.2958458e+06,40738.75,543299.5
2023-12-17,1.1919038e+06,1.2364722e+06,44568.5,439398.25
2023-12-18,1.4470248e+06,1.4724618e+06,25437.0,640713.25
2023-12-19,1.4596158e+06,1.4862625e+06,26646.75,691238.0
2023-12-20,1.4155398e+06,1.4483e+06,32760.25,465021.25
2023-12-21,1.3856915e+06,1.4222462e+06,36554.75,228236.5
2023-12-22,1.3385328e+06,1.3886788e+06,50146.0,206333.0
2023-12-23,1.2003115e+06,1.2380305e+06,37719.0,374896.75
2023-12-24,1.0945475e+06,1.1510385e+06,56491.0,121007.75
2023-12-25,1.059197e+06,1.1003478e+06,41150.75,185839.25
2023-12-26,1.0771922e+06,1.122224e+06,45031.75,145603.25
2023-12-27,1.1570625e+06,1.174092e+06,17029.5,597387.0
2023-12-28,1.2049662e+06,1.2496858e+06,44719.5,152187.5
2023-12-29,1.1864915e+06,1.2352672e+06,48775.75,93334.5
2023-12-30,1.1043298e+06,1.1407272e+06,36397.5,284064.0
2023-12-31,1.05189e+06,1.096641e+06,44751.0,246684.0
2024-01-01,1.02108e+06,1.0690105e+06,47930.5,206270.5
2024-01-02,1.2711272e+06,1.2983208e+06,27193.5,453076.5
2024-01-03,1.3540505e+06,1.3914338e+06,37383.25,322281.75
2024-01-04,1.3819035e+06,1.4114462e+06,29542.75,757597.5
2024-01-05,1.3667582e+06,1.38359e+06,16831.75,774693.75
2024-01-06,1.248272e+06,1.2631865e+06,14914.5,843078.0
2024-01-07,1.2291675e+06,1.2565762e+06,27408.75,789019.0
2024-01-08,1.5007178e+06,1.5302282e+06,29510.5,932164.25
2024-01-09,1.535753e+06,1.5607968e+06,25043.75,1.1703792e+06
2024-01-10,1.537874e+06,1.5629632e+06,25089.25,1.306547e+06
2024-01-11,1.5535375e+06,1.5783102e+06,24772.75,1.3466532e+06
2024-01-12,1.5378718e+06,1.5615302e+06,23658.5,1.2888708e+06
2024-01-13,1.3861312e+06,1.3958858e+06,9754.5,753798.75
2024-01-14,1.3037665e+06,1.3303465e+06,26580.0,585383.25
2024-01-15,1.570357e+06,1.6002625e+06,29905.5,840501.25
2024-01-16,1.5554905e+06,1.5818405e+06,26350.0,1.1001068e+06
2024-01-17,1.5947715e+06,1.6256242e+06,30852.75,1.222602e+06
2024-01-18,1.5650162e+06,1.5888088e+06,23792.5,1.278879e+06
2024-01-19,1.5899585e+06,1.6164358e+06,26477.25,837661.75
2024-01-20,1.3905318e+06,1.415873e+06,25341.25,603817.25
2024-01-21,1.3177602e+06,1.3440928e+06,26332.5,374277.25
2024-01-22,1.5380808e+06,1.5768398e+06,38759.0,436115.25
2024-01-23,1.5400145e+06,1.5789438e+06,38929.25,479468.5
2024-01-24,1.504781e+06,1.5506112e+06,45830.25,339623.5
2024-01-25,1.469992e+06,1.5001405e+06,30148.5,774780.25
2024-01-26,1.4544368e+06,1.481378e+06,26941.25,600156.5
2024-01-27,1.2797848e+06,1.315624e+06,35839.25,607843.5
2024-01-28,1.1381785e+06,1.1797858e+06,41607.25,523892.0
2024-01-29,1.3973965e+06,1.415288e+06,17891.5,840159.5
2024-01-30,1.4459502e+06,1.4654065e+06,19456.25,836989.5
2024-01-31,1.5149868e+06,1.5401548e+06,25168.0,859720.25
2024-02-01,1.5075698e+06,1.5434508e+06,35881.0,677834.25
2024-02-02,1.4841172e+06,1.509691e+06,25573.75,563051.25
2024-02-03,1.2946135e+06,1.335573e+06,40959.5,281232.5
2024-02-04,1.2276745e+06,1.2864042e+06,58729.75,146310.75
2024-02-05,1.445726e+06,1.4841455e+06,38419.5,246821.5
2024-02-06,1.4932982e+06,1.5328895e+06,39591.25,267849.25
2024-02-07,1.4961482e+06,1.5251865e+06,29038.25,825638.75
2024-02-08,1.4667705e+06,1.4866292e+06,19858.75,1.1497758e+06
2024-02-09,1.4502095e+06,1.4746618e+06,24452.25,758585.75
2024-02-10,1.221815e+06,1.2359925e+06,14177.5,832818.75
2024-02-11,1.1617068e+06,1.203013e+06,41306.25,683761.75
2024-02-12,1.3753012e+06,1.3967098e+06,21408.5,984886.25
2024-02-13,1.4373778e+06,1.4731355e+06,35757.75,817505.75
2024-02-14,1.4258125e+06,1.446096e+06,20283.5,863698.25
2024-02-15,1.3993012e+06,1.4181325e+06,18831.25,916412.0
2024-02-16,1.4032462e+06,1.4292862e+06,26040.0,728444.75
2024-02-17,1.207079e+06,1.2322652e+06,25186.25,802863.75
2024-02-18,1.145994e+06,1.1969752e+06,50981.25,527427.0
2024-02-19,1.4148502e+06,1.4338725e+06,19022.25,669596.0
2024-02-20,1.4405208e+06,1.4624675e+06,21946.75,784064.0
2024-02-21,1.4585032e+06,1.494856e+06,36352.75,674420.25
2024-02-22,1.456507e+06,1.4911998e+06,34692.75,620135.75
2024-02-23,1.4451848e+06,1.4866062e+06,41421.5,567304.25
2024-02-24,1.2205875e+06,1.2513835e+06,30796.0,661791.5
2024-02-25,1.1588558e+06,1.1974645e+06,38608.75,671186.0
2024-02-26,1.399382e+06,1.4287225e+06,29340.5,973809.75
2024-02-27,1.4290458e+06,1.4498522e+06,20806.5,1.190123e+06
2024-02-28,1.4363302e+06,1.4637248e+06,27394.5,1.1817052e+06
2024-02-29,1.4533825e+06,1.4845678e+06,31185.25,782121.25
2024-03-01,1.3993535e+06,1.419481e+06,20127.5,916343.25
2024-03-02,1.1850005e+06,1.2214852e+06,36484.75,635843.0
2024-03-03,1.1127235e+06,1.148147e+06,35423.5,566631.0
2024-03-04,1.4114232e+06,1.4285992e+06,17176.0,1.1258668e+06
2024-03-05,1.4645415e+06,1.490976e+06,26434.5,1.0799388e+06
2024-03-06,1.4318778e+06,1.4520618e+06,20184.0,1.162557e+06
2024-03-07,1.423678e+06,1.4435442e+06,19866.25,977873.25
2024-03-08,1.3792692e+06,1.419045e+06,39775.75,533499.25
2024-03-09,1.2211172e+06,1.2648488e+06,43731.5,361144.25
2024-03-10,1.1711432e+06,1.2122115e+06,41068.25,325153.5
2024-03-11,1.4053935e+06,1.426698e+06,21304.5,807425.0
2024-03-12,1.4125132e+06,1.4305178e+06,18004.5,1.177794e+06
2024-03-13,1.42399e+06,1.4475245e+06,23534.5,1.038467e+06
2024-03-14,1.3982885e+06,1.4337895e+06,35501.0,832317.0
2024-03-15,1.3827028e+06,1.4204938e+06,37791.0,591030.25
2024-03-16,1.2171618e+06,1.267408e+06,50246.25,449333.25
2024-03-17,1.1027008e+06,1.1389908e+06,36290.0,676841.5
2024-03-18,1.3692948e+06,1.3925232e+06,23228.5,968893.0
2024-03-19,1.3878208e+06,1.4212192e+06,33398.5,998313.0
2024-03-20,1.3555892e+06,1.3852055e+06,29616.25,1.0814682e+06
2024-03-21,1.368859e+06,1.3886782e+06,19819.25,909224.5
2024-03-22,1.3687828e+06,1.4065828e+06,37800.0,748196.25
2024-03-23,1.1832852e+06,1.2282295e+06,44944.25,458269.0
2024-03-24,1.136911e+06,1.2042078e+06,67296.75,208826.0
2024-03-25,1.3228808e+06,1.3428242e+06,19943.5,814065.75
2024-03-26,1.3767958e+06,1.400213e+06,23417.25,709147.25
2024-03-27,1.3682025e+06,1.4006312e+06,32428.75,908524.5
2024-03-28,1.352206e+06,1.3874652e+06,35259.25,586935.0
2024-03-29,1.1220282e+06,1.1823118e+06,60283.5,412707.25
2024-03-30,1.0723495e+06,1.1020762e+06,29726.75,644194.25
2024-03-31,864718.0,906499.5,41781.5,524394.5
2024-04-01,1.041487e+06,1.067919e+06,26432.0,568124.5
2024-04-02,1.3266685e+06,1.394968e+06,68299.5,333119.0
2024-04-03,1.3494128e+06,1.37243e+06,23017.25,846147.0
2024-04-04,1.35595e+06,1.3971915e+06,41241.5,509662.25
2024-04-05,1.32141e+06,1.3595718e+06,38161.75,450324.0
2024-04-06,1.1132325e+06,1.1575975e+06,44365.0,362204.5
2024-04-07,1.043015e+06,1.111525e+06,68510.0,358301.75
2024-04-08,1.2651325e+06,1.3023232e+06,37190.75,839050.25
2024-04-09,1.3399495e+06,1.373208e+06,33258.5,596776.75
2024-04-10,1.3492955e+06,1.4016205e+06,52325.0,727130.75
2024-04-11,1.3599088e+06,1.402741e+06,42832.25,686307.5
2024-04-12,1.320189e+06,1.3616128e+06,41423.75,666249.5
2024-04-13,1.105669e+06,1.158901e+06,53232.0,366972.75
2024-04-14,1.056624e+06,1.1237352e+06,67111.25,289459.0
2024-04-15,1.2889058e+06,1.3210432e+06,32137.5,648761.5
2024-04-16,1.3684655e+06,1.4172938e+06,48828.25,600494.25
2024-04-17,1.3470675e+06,1.3782435e+06,31176.0,1.0080265e+06
2024-04-18,1.3521135e+06,1.3826345e+06,30521.0,918419.75
2024-04-19,1.3663908e+06,1.4123388e+06,45948.0,495687.25
2024-04-20,1.1506762e+06,1.1968635e+06,46187.25,570207.0
2024-04-21,1.0901988e+06,1.1389322e+06,48733.5,586588.75
2024-04-22,1.3299368e+06,1.3571582e+06,27221.5,940023.5
2024-04-23,1.3629388e+06,1.3933378e+06,30399.0,937301.5
2024-04-24,1.3746198e+06,1.407521e+06,32901.25,882016.0
2024-04-25,1.3594058e+06,1.3893368e+06,29931.0,946744.5
2024-04-26,1.317475e+06,1.3422058e+06,24730.75,854733.5
2024-04-27,1.104069e+06,1.1376715e+06,33602.5,568648.25
2024-04-28,1.0550368e+06,1.1066092e+06,51572.5,297017.75
2024-04-29,1.2497682e+06,1.2796908e+06,29922.5,740939.75
2024-04-30,1.2659435e+06,1.2955328e+06,29589.25,650703.0
2024-05-01,977648.5,1.02499375e+06,47345.25,208201.75
2024-05-02,1.2482892e+06,1.3014878e+06,53198.5,346306.75
2024-05-03,1.2875542e+06,1.3133205e+06,25766.25,712478.75
2024-05-04,1.0794055e+06,1.1148195e+06,35414.0,722631.25
2024-05-05,1.03153275e+06,1.0779128e+06,46380.0,443658.25
2024-05-06,1.2895842e+06,1.3101412e+06,20557.0,939191.5
2024-05-07,1.3168898e+06,1.3360162e+06,19126.5,1.00171725e+06
2024-05-08,1.2787442e+06,1.3068625e+06,28118.25,956360.0
2024-05-09,1.0167635e+06,1.056685e+06,39921.5,609013.75
2024-05-10,1.0977575e+06,1.13534e+06,37582.5,689605.0
2024-05-11,1.01688675e+06,1.0558422e+06,38955.5,555956.5
2024-05-12,973127.25,1.0239395e+06,50812.25,314309.75
2024-05-13,1.2600275e+06,1.2975132e+06,37485.75,483888.75
2024-05-14,1.2936512e+06,1.3356278e+06,41976.5,386166.0
2024-05-15,1.2870458e+06,1.325712e+06,38666.25,456144.25
2024-05-16,1.310088e+06,1.3566378e+06,46549.75,549816.5
2024-05-17,1.2786075e+06,1.316755e+06,38147.5,598227.5
2024-05-18,1.0737615e+06,1.1094038e+06,35642.25,629396.0
2024-05-19,955874.5,998932.0,43057.5,573733.0
2024-05-20,964388.5,1.00656475e+06,42176.25,507284.0
2024-05-21,1.2615622e+06,1.2968148e+06,35252.5,615911.75
2024-05-22,1.3071738e+06,1.35101e+06,43836.25,740425.5
2024-05-23,1.2358972e+06,1.2736662e+06,37769.0,786692.25
2024-05-24,1.2129608e+06,1.2307738e+06,17813.0,852446.0
2024-05-25,992192.75,1.02975975e+06,37567.0,601331.0
2024-05-26,972830.25,1.021331e+06,48500.75,520477.5
2024-05-27,1.2098578e+06,1.240761e+06,30903.25,800691.25
2024-05-28,1.2087725e+06,1.2378955e+06,29123.0,765208.0
2024-05-29,1.279524e+06,1.3239378e+06,44413.75,664121.5
2024-05-30,1.097436e+06,1.1232508e+06,25814.75,767553.0
2024-05-31,1.1676775e+06,1.1928518e+06,25174.25,803708.5
2024-06-01,1.0727848e+06,1.1093555e+06,36570.75,558734.75
2024-06-02,1.03785825e+06,1.0940055e+06,56147.25,422231.75
2024-06-03,1.2615415e+06,1.2894668e+06,27925.25,879714.0
2024-06-04,1.253161e+06,1.2915445e+06,38383.5,822238.25
2024-06-05,1.290514e+06,1.3288335e+06,38319.5,649243.75
2024-06-06,1.2546075e+06,1.288587e+06,33979.5,715016.75
2024-06-07,1.223695e+06,1.25901e+06,35315.0,729069.5
2024-06-08,1.04159375e+06,1.0825328e+06,40939.0,394944.75
2024-06-09,984087.75,1.0400805e+06,55992.75,352774.5
2024-06-10,1.2387702e+06,1.2736582e+06,34888.0,661055.0
2024-06-11,1.288722e+06,1.333182e+06,44460.0,494750.75
2024-06-12,1.2971782e+06,1.3318558e+06,34677.5,672108.5
2024-06-13,1.2653992e+06,1.2942158e+06,28816.5,792194.0
2024-06-14,1.2588178e+06,1.2845428e+06,25725.0,712387.5
2024-06-15,1.0498892e+06,1.1083218e+06,58432.5,285345.0
2024-06-16,999384.0,1.0579242e+06,58540.25,363825.25
2024-06-17,1.248698e+06,1.286756e+06,38058.0,798979.5
2024-06-18,1.2803982e+06,1.3013115e+06,20913.25,892907.0
2024-06-19,1.2931338e+06,1.3201255e+06,26991.75,878621.5
2024-06-20,1.2787462e+06,1.3105008e+06,31754.5,890155.0
2024-06-21,1.261185e+06,1.2854308e+06,24245.75,896642.5
2024-06-22,1.0805818e+06,1.1346642e+06,54082.5,424268.5
2024-06-23,996102.25,1.0390745e+06,42972.25,555016.25
2024-06-24,1.2196208e+06,1.2574862e+06,37865.5,767087.75
2024-06-25,1.2579348e+06,1.2967108e+06,38776.0,665224.5
2024-06-26,1.2811162e+06,1.315893e+06,34776.75,755874.75
2024-06-27,1.3093758e+06,1.3487378e+06,39362.0,851920.25
2024-06-28,1.2693055e+06,1.3179985e+06,48693.0,601429.25
2024-06-29,1.0605222e+06,1.10046e+06,39937.75,585463.25
2024-06-30,1.0499165e+06,1.102703e+06,52786.5,575895.25
2024-07-01,1.2552388e+06,1.280621e+06,25382.25,795361.5
2024-07-02,1.3052628e+06,1.3320488e+06,26786.0,781102.0
2024-07-03,1.3016998e+06,1.3239888e+06,22289.0,866645.0
2024-07-04,1.3158715e+06,1.3665365e+06,50665.0,486264.25
2024-07-05,1.259627e+06,1.3079408e+06,48313.75,475727.0
2024-07-06,1.0863312e+06,1.1527432e+06,66412.0,266166.0
2024-07-07,983059.25,1.03185025e+06,48791.0,372018.75
2024-07-08,1.2131822e+06,1.2496365e+06,36454.25,730986.75
2024-07-09,1.274278e+06,1.3099048e+06,35626.75,629437.75
2024-07-10,1.323157e+06,1.3596175e+06,36460.5,843687.25
2024-07-11,1.2758388e+06,1.3095192e+06,33680.5,862478.25
2024-07-12,1.2593285e+06,1.280519e+06,21190.5,755088.75
2024-07-13,1.0671312e+06,1.1112595e+06,44128.25,431569.5
2024-07-14,989230.75,1.0450905e+06,55859.75,409842.5
2024-07-15,1.2166378e+06,1.2516782e+06,35040.5,658780.75
2024-07-16,1.2683395e+06,1.3130732e+06,44733.75,584444.75
2024-07-17,1.274574e+06,1.3211488e+06,46574.75,660907.25
2024-07-18,1.2645535e+06,1.2993645e+06,34811.0,837676.25
2024-07-19,1.2284992e+06,1.263023e+06,34523.75,795099.25
2024-07-20,1.0650722e+06,1.1070422e+06,41970.0,537198.25
2024-07-21,1.0056215e+06,1.0525595e+06,46938.0,531107.5
2024-07-22,1.2494152e+06,1.2935425e+06,44127.25,714192.25
2024-07-23,1.250083e+06,1.2847432e+06,34660.25,757768.0
2024-07-24,1.239784e+06,1.2867275e+06,46943.5,705539.75
2024-07-25,1.2221792e+06,1.2637855e+06,41606.25,769094.25
2024-07-26,1.226108e+06,1.2612602e+06,35152.25,818656.25
2024-07-27,1.04763175e+06,1.0799468e+06,32315.0,790962.75
2024-07-28,975491.25,1.02896675e+06,53475.5,452085.75
2024-07-29,1.138319e+06,1.1823385e+06,44019.5,628978.25
2024-07-30,1.1767218e+06,1.2166912e+06,39969.5,729252.0
2024-07-31,1.215445e+06,1.2495422e+06,34097.25,824724.0
2024-08-01,1.2811535e+06,1.3085345e+06,27381.0,919854.25
2024-08-02,1.2223478e+06,1.2534285e+06,31080.75,903605.25
2024-08-03,1.04182675e+06,1.0849078e+06,43081.0,668692.75
2024-08-04,1.00319125e+06,1.0547428e+06,51551.5,519764.25
2024-08-05,1.2102068e+06,1.2514248e+06,41218.0,828101.5
2024-08-06,1.230951e+06,1.2716098e+06,40658.75,778279.25
2024-08-07,1.26574e+06,1.3019535e+06,36213.5,868462.25
2024-08-08,1.2490672e+06,1.2893478e+06,40280.5,873842.25
2024-08-09,1.25024e+06,1.3079525e+06,57712.5,495022.0
2024-08-10,1.060111e+06,1.1129392e+06,52828.25,439726.5
2024-08-11,992690.25,1.0420485e+06,49358.25,517294.75
2024-08-12,1.2340825e+06,1.2770615e+06,42979.0,720885.0
2024-08-13,1.3003948e+06,1.3528558e+06,52461.0,685592.75
2024-08-14,1.2955308e+06,1.3173812e+06,21850.5,867962.0
2024-08-15,1.2417588e+06,1.2828468e+06,41088.0,808779.25
2024-08-16,1.230733e+06,1.2700198e+06,39286.75,752321.0
2024-08-17,1.0588362e+06,1.0967948e+06,37958.5,766352.25
2024-08-18,1.0002475e+06,1.039081e+06,38833.5,756205.75
2024-08-19,1.2014702e+06,1.2351838e+06,33713.5,860392.75
2024-08-20,1.2515415e+06,1.2804408e+06,28899.25,760458.5
2024-08-21,1.2748755e+06,1.3225855e+06,47710.0,491672.25
2024-08-22,1.2459995e+06,1.2917172e+06,45717.75,527235.0
2024-08-23,1.2687058e+06,1.334527e+06,65821.25,356684.25
2024-08-24,1.085988e+06,1.1346185e+06,48630.5,378385.25
2024-08-25,1.004808e+06,1.0710782e+06,66270.25,353288.25
2024-08-26,1.226284e+06,1.2680078e+06,41723.75,743800.5
2024-08-27,1.247752e+06,1.2913262e+06,43574.25,771623.5
2024-08-28,1.2913072e+06,1.330502e+06,39194.75,719770.75
2024-08-29,1.3144142e+06,1.354384e+06,39969.75,826086.75
2024-08-30,1.280762e+06,1.3084772e+06,27715.25,892276.5
2024-08-31,1.058827e+06,1.0988935e+06,40066.5,517684.0
2024-09-01,1.01144875e+06,1.0616195e+06,50170.75,360753.75
2024-09-02,1.2762055e+06,1.3025938e+06,26388.25,773474.5
2024-09-03,1.3263802e+06,1.359242e+06,32861.75,962491.0
2024-09-04,1.357057e+06,1.3816938e+06,24636.75,1.004624e+06
2024-09-05,1.3359865e+06,1.3727498e+06,36763.25,563084.5
2024-09-06,1.3132878e+06,1.3487805e+06,35492.75,629285.5
2024-09-07,1.099099e+06,1.1353345e+06,36235.5,627886.0
2024-09-08,1.04069975e+06,1.081299e+06,40599.25,646430.25
2024-09-09,1.2968252e+06,1.3252135e+06,28388.25,870440.75
2024-09-10,1.332218e+06,1.3944112e+06,62193.25,545878.75
2024-09-11,1.3213082e+06,1.3642692e+06,42961.0,718406.75
2024-09-12,1.2844068e+06,1.3169525e+06,32545.75,925983.0
2024-09-13,1.2773245e+06,1.3035708e+06,26246.25,776944.25
2024-09-14,1.0914125e+06,1.1465682e+06,55155.75,475770.5
2024-09-15,1.0216855e+06,1.066837e+06,45151.5,547985.75
2024-09-16,1.2915422e+06,1.309116e+06,17573.75,907808.25
2024-09-17,1.3035702e+06,1.3354292e+06,31859.0,769374.75
2024-09-18,1.273465e+06,1.305977e+06,32512.0,683651.25
2024-09-19,1.2770315e+06,1.3106898e+06,33658.25,630777.25
2024-09-20,1.2330508e+06,1.2788728e+06,45822.0,513593.25
2024-09-21,1.002567e+06,1.03717075e+06,34603.75,487869.0
2024-09-22,945731.75,980301.5,34569.75,616268.5
2024-09-23,1.206294e+06,1.2340615e+06,27767.5,956247.0
2024-09-24,1.2608402e+06,1.2864712e+06,25631.0,794258.5
2024-09-25,1.2936468e+06,1.337207e+06,43560.25,644811.25
2024-09-26,1.3213672e+06,1.3586238e+06,37256.5,532427.25
2024-09-27,1.3374588e+06,1.4038085e+06,66349.75,240245.25
2024-09-28,1.1463708e+06,1.200558e+06,54187.25,391147.5
2024-09-29,1.039369e+06,1.0840015e+06,44632.5,582386.25
2024-09-30,1.3265598e+06,1.3925855e+06,66025.75,537332.0
2024-10-01,1.3396638e+06,1.3771875e+06,37523.75,710808.25
2024-10-02,1.3189495e+06,1.355298e+06,36348.5,865065.75
2024-10-03,1.0956695e+06,1.1326775e+06,37008.0,644212.75
2024-10-04,1.1569382e+06,1.1897312e+06,32793.0,856444.25
2024-10-05,1.0662688e+06,1.0962615e+06,29992.75,840453.5
2024-10-06,1.01759825e+06,1.071183e+06,53584.75,528884.0
2024-10-07,1.2876328e+06,1.3326785e+06,45045.75,787604.25
2024-10-08,1.3084725e+06,1.343295e+06,34822.5,842136.75
2024-10-09,1.3114375e+06,1.3569398e+06,45502.25,709002.5
2024-10-10,1.3486788e+06,1.39812e+06,49441.25,560283.75
2024-10-11,1.3163385e+06,1.3574558e+06,41117.25,804420.0
2024-10-12,1.1315698e+06,1.1655995e+06,34029.75,520435.25
2024-10-13,1.0824382e+06,1.150705e+06,68266.75,120293.25
2024-10-14,1.3116078e+06,1.331837e+06,20229.25,988367.75
2024-10-15,1.3153728e+06,1.3389908e+06,23618.0,928583.25
2024-10-16,1.352292e+06,1.4023288e+06,50036.75,497367.0
2024-10-17,1.3439375e+06,1.3770452e+06,33107.75,754465.75
2024-10-18,1.2847425e+06,1.2996258e+06,14883.25,1.04796025e+06
2024-10-19,1.1269025e+06,1.1416672e+06,14764.75,802569.25
2024-10-20,1.051856e+06,1.0962172e+06,44361.25,515288.25
2024-10-21,1.3021058e+06,1.3351088e+06,33003.0,777166.75
2024-10-22,1.3317055e+06,1.3637065e+06,32001.0,859094.25
2024-10-23,1.3285098e+06,1.3480152e+06,19505.5,1.04735275e+06
2024-10-24,1.3203638e+06,1.339743e+06,19379.25,943894.25
2024-10-25,1.2827628e+06,1.3120198e+06,29257.0,967844.25
2024-10-26,1.086088e+06,1.1055475e+06,19459.5,808560.5
2024-10-27,1.096052e+06,1.1434452e+06,47393.25,741224.0
2024-10-28,1.300084e+06,1.3323965e+06,32312.5,831536.75
2024-10-29,1.3096108e+06,1.3278455e+06,18234.75,1.050937e+06
2024-10-30,1.3436028e+06,1.3664085e+06,22805.75,1.1165008e+06
2024-10-31,1.268132e+06,1.2809575e+06,12825.5,877363.5
2024-11-01,1.2190642e+06,1.2663958e+06,47331.5,653850.0
2024-11-02,1.1412768e+06,1.16297e+06,21693.25,926570.25
2024-11-03,1.1265418e+06,1.1594158e+06,32874.0,841771.0
2024-11-04,1.3359258e+06,1.356331e+06,20405.25,1.1394845e+06
2024-11-05,1.3853862e+06,1.4149992e+06,29613.0,1.2029042e+06
2024-11-06,1.414779e+06,1.4394368e+06,24657.75,1.3708745e+06
2024-11-07,1.4211292e+06,1.4480562e+06,26927.0,1.3537738e+06
2024-11-08,1.406847e+06,1.427505e+06,20658.0,1.1129625e+06
2024-11-09,1.2010152e+06,1.2222152e+06,21200.0,1.040359e+06
2024-11-10,1.141521e+06,1.1645328e+06,23011.75,1.04728175e+06
2024-11-11,1.43076e+06,1.4601538e+06,29393.75,1.142224e+06
2024-11-12,1.4399168e+06,1.47534e+06,35423.25,1.2662672e+06
2024-11-13,1.4754455e+06,1.50836e+06,32914.5,1.282439e+06
2024-11-14,1.4829732e+06,1.5157755e+06,32802.25,1.055474e+06
2024-11-15,1.4341382e+06,1.4558778e+06,21739.5,1.112463e+06
2024-11-16,1.3046158e+06,1.3329008e+06,28285.0,661280.75
2024-11-17,1.2392552e+06,1.2872308e+06,47975.5,397622.75
2024-11-18,1.5071698e+06,1.5373905e+06,30220.75,760974.75
2024-11-19,1.4935368e+06,1.5229855e+06,29448.75,919864.25
2024-11-20,1.500267e+06,1.5390155e+06,38748.5,879579.5
2024-11-21,1.5332645e+06,1.5617562e+06,28491.75,968037.75
2024-11-22,1.5079462e+06,1.5261508e+06,18204.5,725584.75
2024-11-23,1.3316465e+06,1.3580062e+06,26359.75,518462.0
2024-11-24,1.2384225e+06,1.3045102e+06,66087.75,199177.0
2024-11-25,1.4595868e+06,1.4861378e+06,26551.0,562641.75
2024-11-26,1.4924345e+06,1.5246958e+06,32261.25,893195.25
2024-11-27,1.4857285e+06,1.5148792e+06,29150.75,796635.25
2024-11-28,1.502966e+06,1.5437418e+06,40775.75,648076.0
2024-11-29,1.427937e+06,1.4440775e+06,16140.5,1.1432135e+06
2024-11-30,1.295023e+06,1.3316555e+06,36632.5,730790.0
2024-12-01,1.2404705e+06,1.2642902e+06,23819.75,769118.75
2024-12-02,1.4916815e+06,1.5277802e+06,36098.75,908546.25
2024-12-03,1.492615e+06,1.5338078e+06,41192.75,1.052129e+06
2024-12-04,1.5136385e+06,1.5408198e+06,27181.25,1.3015915e+06
2024-12-05,1.5397862e+06,1.5661465e+06,26360.25,845348.0
2024-12-06,1.4889825e+06,1.5314065e+06,42424.0,688049.0
2024-12-07,1.2911378e+06,1.337608e+06,46470.25,610785.75
2024-12-08,1.2319542e+06,1.2585888e+06,26634.5,774669.25
2024-12-09,1.540947e+06,1.5834538e+06,42506.75,788889.75
2024-12-10,1.5178988e+06,1.547491e+06,29592.25,1.0878005e+06
2024-12-11,1.4963992e+06,1.5389068e+06,42507.5,1.4250755e+06
2024-12-12,1.4618565e+06,1.5031558e+06,41299.25,1.411589e+06
2024-12-13,1.453673e+06,1.4929482e+06,39275.25,1.2807812e+06
2024-12-14,1.3248525e+06,1.3341492e+06,9296.75,784592.5
2024-12-15,1.2603235e+06,1.2985392e+06,38215.75,333381.0
2024-12-16,1.4418698e+06,1.4845745e+06,42704.75,381096.25
2024-12-17,1.436394e+06,1.4694545e+06,33060.5,765562.0
2024-12-18,1.4016548e+06,1.4360445e+06,34389.75,442971.25
2024-12-19,1.3827575e+06,1.435545e+06,52787.5,349666.0
2024-12-20,1.3808198e+06,1.4189038e+06,38084.0,480680.75
2024-12-21,1.2699015e+06,1.3181428e+06,48241.25,230113.25
2024-12-22,1.1880508e+06,1.2312345e+06,43183.75,356183.75
2024-12-23,1.2762222e+06,1.3215588e+06,45336.5,483749.75
2024-12-24,1.1309432e+06,1.1570658e+06,26122.5,791685.25
2024-12-25,1.0879172e+06,1.131888e+06,43970.75,828199.25
2024-12-26,1.072831e+06,1.0947852e+06,21954.25,917304.25
2024-12-27,1.1551512e+06,1.1737725e+06,18621.25,1.04458225e+06
2024-12-28,1.1506598e+06,1.1696562e+06,18996.5,1.03578125e+06
2024-12-29,1.179162e+06,1.1916398e+06,12477.75,784750.25
2024-12-30,1.278285e+06,1.3059395e+06,27654.5,659823.5
2024-12-31,1.2042795e+06,1.2283048e+06,24025.25,556833.75
2025-01-01,1.180492e+06,1.249835e+06,69343.0,151267.5
2025-01-02,1.3060062e+06,1.3204552e+06,14449.0,639133.0
2025-01-03,1.3667662e+06,1.4147808e+06,48014.5,560842.25
2025-01-04,1.2645645e+06,1.270472e+06,5907.5,920981.0
2025-01-05,1.2255718e+06,1.2426965e+06,17124.75,614012.5
2025-01-06,1.3465862e+06,1.4082735e+06,61687.25,260673.0
2025-01-07,1.4792298e+06,1.517188e+06,37958.25,470201.75
2025-01-08,1.5387665e+06,1.576488e+06,37721.5,842149.5
2025-01-09,1.4973768e+06,1.522594e+06,25217.25,1.03754525e+06
2025-01-10,1.5357968e+06,1.5708585e+06,35061.75,879665.0
2025-01-11,1.344364e+06,1.3726275e+06,28263.5,728238.0
2025-01-12,1.268635e+06,1.2929385e+06,24303.5,924281.0
2025-01-13,1.543399e+06,1.56631e+06,22911.0,1.1742998e+06
2025-01-14,1.6174775e+06,1.6556485e+06,38171.0,971044.75
2025-01-15,1.525815e+06,1.554333e+06,28518.0,1.3217205e+06
2025-01-16,1.5451038e+06,1.575202e+06,30098.25,1.289963e+06
2025-01-17,1.544152e+06,1.5749748e+06,30822.75,1.3574032e+06
2025-01-18,1.3249612e+06,1.3439425e+06,18981.25,1.172157e+06
2025-01-19,1.2529428e+06,1.2924232e+06,39480.5,1.00982325e+06
2025-01-20,1.518645e+06,1.5464048e+06,27759.75,1.3223975e+06
2025-01-21,1.531658e+06,1.5713195e+06,39661.5,1.2912358e+06
2025-01-22,1.5089158e+06,1.5366598e+06,27744.0,1.1211798e+06
2025-01-23,1.5261532e+06,1.5552655e+06,29112.25,747149.5
2025-01-24,1.486932e+06,1.5452602e+06,58328.25,520231.75
2025-01-25,1.2924318e+06,1.3122052e+06,19773.5,670278.5
2025-01-26,1.193862e+06,1.213174e+06,19312.0,729020.25
2025-01-27,1.4843115e+06,1.5437455e+06,59434.0,522782.0
2025-01-28,1.483767e+06,1.5133052e+06,29538.25,827640.25
2025-01-29,1.4916065e+06,1.5448812e+06,53274.75,676517.25
2025-01-30,1.4865542e+06,1.5135755e+06,27021.25,1.046112e+06
2025-01-31,1.4578458e+06,1.4910045e+06,33158.75,1.00233e+06
2025-02-01,1.2585048e+06,1.2906148e+06,32110.0,1.0256735e+06
2025-02-02,1.2158418e+06,1.250357e+06,34515.25,1.025461e+06
2025-02-03,1.4776605e+06,1.4942132e+06,16552.75,1.2817302e+06
2025-02-04,1.536943e+06,1.562691e+06,25748.0,1.1596092e+06
2025-02-05,1.5557968e+06,1.587564e+06,31767.25,1.1714522e+06
2025-02-06,1.5128022e+06,1.5351252e+06,22323.0,1.257803e+06
2025-02-07,1.5283015e+06,1.5683002e+06,39998.75,655260.0
2025-02-08,1.3196528e+06,1.358928e+06,39275.25,653283.25
2025-02-09,1.2450125e+06,1.2634075e+06,18395.0,810682.75
2025-02-10,1.5396635e+06,1.561921e+06,22257.5,836472.25
2025-02-11,1.5802435e+06,1.613996e+06,33752.5,880244.0
2025-02-12,1.5604508e+06,1.589315e+06,28864.25,1.0885605e+06
2025-02-13,1.5645198e+06,1.590732e+06,26212.25,1.3278748e+06
2025-02-14,1.5245798e+06,1.5545215e+06,29941.75,1.3951305e+06
2025-02-15,1.3073785e+06,1.322886e+06,15507.5,1.1975538e+06
2025-02-16,1.2569142e+06,1.3098675e+06,52953.25,918511.75
2025-02-17,1.4935402e+06,1.5249105e+06,31370.25,1.1905825e+06
2025-02-18,1.527676e+06,1.5549642e+06,27288.25,1.0489818e+06
2025-02-19,1.5332092e+06,1.5702332e+06,37024.0,722454.25
2025-02-20,1.5436212e+06,1.5660968e+06,22475.5,856560.75
2025-02-21,1.436871e+06,1.4712495e+06,34378.5,737980.75
2025-02-22,1.2668288e+06,1.314402e+06,47573.25,533691.25
2025-02-23,1.141099e+06,1.1798535e+06,38754.5,635572.0
2025-02-24,1.4410092e+06,1.4905545e+06,49545.25,609320.25
2025-02-25,1.4044815e+06,1.426692e+06,22210.5,1.1068462e+06
2025-02-26,1.4342238e+06,1.4662928e+06,32069.0,1.1706942e+06
2025-02-27,1.4382648e+06,1.4785998e+06,40335.0,1.088478e+06
2025-02-28,1.4222335e+06,1.4462958e+06,24062.25,1.1746568e+06
2025-03-01,1.244284e+06,1.26228e+06,17996.0,997256.25
2025-03-02,1.1827455e+06,1.2236662e+06,40920.75,684314.75
2025-03-03,1.4057312e+06,1.4457155e+06,39984.25,785520.75
2025-03-04,1.4479028e+06,1.4844105e+06,36507.75,855387.75
2025-03-05,1.4473702e+06,1.4887715e+06,41401.25,681183.75
2025-03-06,1.398046e+06,1.4364098e+06,38363.75,799482.0
2025-03-07,1.3293255e+06,1.3737485e+06,44423.0,894437.5
2025-03-08,1.1469775e+06,1.1935975e+06,46620.0,665458.0
2025-03-09,1.0998175e+06,1.1460135e+06,46196.0,624958.5
2025-03-10,1.3440245e+06,1.3760758e+06,32051.25,1.04643575e+06
2025-03-11,1.3910075e+06,1.4262908e+06,35283.25,1.1194302e+06
2025-03-12,1.4181585e+06,1.4490468e+06,30888.25,1.2257622e+06
2025-03-13,1.4314505e+06,1.4629762e+06,31525.75,1.1922132e+06
2025-03-14,1.4166985e+06,1.441962e+06,25263.5,1.1541302e+06
2025-03-15,1.2024815e+06,1.2440258e+06,41544.25,737913.0
2025-03-16,1.1530888e+06,1.1990642e+06,45975.5,627503.25
2025-03-17,1.4015728e+06,1.441027e+06,39454.25,774133.5
2025-03-18,1.4022888e+06,1.443131e+06,40842.25,841070.5
2025-03-19,1.372994e+06,1.4147525e+06,41758.5,922440.0
2025-03-20,1.346672e+06,1.3864698e+06,39797.75,914173.0
2025-03-21,1.347446e+06,1.3865412e+06,39095.25,635511.0
2025-03-22,1.1855378e+06,1.245546e+06,60008.25,237982.0
2025-03-23,1.126025e+06,1.1536918e+06,27666.75,554597.25
2025-03-24,1.318668e+06,1.3470065e+06,28338.5,1.0795725e+06
2025-03-25,1.3885285e+06,1.432488e+06,43959.5,939442.5
2025-03-26,1.399177e+06,1.421595e+06,22418.0,1.01632925e+06
2025-03-27,1.3608752e+06,1.4000145e+06,39139.25,904486.0
2025-03-28,1.307689e+06,1.3572975e+06,49608.5,749221.0
2025-03-29,1.126671e+06,1.1685422e+06,41871.25,647163.5
2025-03-30,1.0784792e+06,1.1346128e+06,56133.5,203122.5
2025-03-31,1.3418685e+06,1.371434e+06,29565.5,759807.75
2025-04-01,1.3429e+06,1.378683e+06,35783.0,764299.25
2025-04-02,1.3170648e+06,1.3663408e+06,49276.0,478824.5
2025-04-03,1.298442e+06,1.344622e+06,46180.0,614022.5
2025-04-04,1.2670842e+06,1.3057345e+06,38650.25,751142.75
2025-04-05,1.102793e+06,1.1510822e+06,48289.25,396336.75
2025-04-06,1.053186e+06,1.1062502e+06,53064.25,424262.75
2025-04-07,1.293661e+06,1.332264e+06,38603.0,757761.5
2025-04-08,1.301073e+06,1.3377375e+06,36664.5,888584.5
2025-04-09,1.3269765e+06,1.3676962e+06,40719.75,805953.75
2025-04-10,1.3439845e+06,1.3811312e+06,37146.75,766272.0
2025-04-11,1.3178905e+06,1.3697248e+06,51834.25,540405.25
2025-04-12,1.0845082e+06,1.1271088e+06,42600.5,537686.25
2025-04-13,1.0725498e+06,1.1267525e+06,54202.75,345468.0
2025-04-14,1.268208e+06,1.301912e+06,33704.0,802986.25
2025-04-15,1.3324435e+06,1.3807742e+06,48330.75,561446.25
2025-04-16,1.3042412e+06,1.3331975e+06,28956.25,807916.0
2025-04-17,1.3283545e+06,1.3572138e+06,28859.25,783782.75
2025-04-18,1.079107e+06,1.108606e+06,29499.0,748792.0
2025-04-19,1.036645e+06,1.0823142e+06,45669.25,652315.5
2025-04-20,950209.75,999441.25,49231.5,512233.25
2025-04-21,982258.5,1.01546225e+06,33203.75,671937.5
2025-04-22,1.2287805e+06,1.2623108e+06,33530.25,897645.0
2025-04-23,1.2847998e+06,1.31648e+06,31680.25,907465.75
2025-04-24,1.3304038e+06,1.3496408e+06,19237.0,936151.25
2025-04-25,1.294835e+06,1.322592e+06,27757.0,957697.5
2025-04-26,1.075475e+06,1.120891e+06,45416.0,487543.25
2025-04-27,997387.5,1.0467165e+06,49329.0,400313.75
2025-04-28,1.23166e+06,1.2742675e+06,42607.5,755638.0
2025-04-29,1.2634968e+06,1.3010788e+06,37582.0,754080.75
2025-04-30,1.2313188e+06,1.2700442e+06,38725.5,757818.0
2025-05-01,960950.5,1.00657025e+06,45619.75,491363.5
2025-05-02,1.0967e+06,1.1405268e+06,43826.75,490064.75
2025-05-03,1.0342795e+06,1.0693638e+06,35084.25,516940.25
2025-05-04,1.01493825e+06,1.0700638e+06,55125.5,351443.25
2025-05-05,1.2437565e+06,1.2733108e+06,29554.25,683581.25
2025-05-06,1.2545628e+06,1.2890525e+06,34489.75,622961.25
2025-05-07,1.2577522e+06,1.2914665e+06,33714.25,737512.75
2025-05-08,1.2512535e+06,1.2798638e+06,28610.25,751974.75
2025-05-09,1.219278e+06,1.2599108e+06,40632.75,659270.25
2025-05-10,1.02345725e+06,1.0641038e+06,40646.5,503831.0
2025-05-11,940816.5,986481.0,45664.5,286365.75
2025-05-12,1.195099e+06,1.2321995e+06,37100.5,382225.5
2025-05-13,1.2321248e+06,1.2644335e+06,32308.75,610723.5
2025-05-14,1.2428198e+06,1.2822498e+06,39430.0,545009.25
2025-05-15,1.2409705e+06,1.2750518e+06,34081.25,473329.25
2025-05-16,1.226357e+06,1.2596748e+06,33317.75,558023.25
2025-05-17,1.055431e+06,1.0994225e+06,43991.5,429427.75
2025-05-18,990734.75,1.0365065e+06,45771.75,443601.25
2025-05-19,1.195071e+06,1.2281422e+06,33071.25,711196.5
2025-05-20,1.2413108e+06,1.2754228e+06,34112.0,705831.0
2025-05-21,1.2694195e+06,1.305547e+06,36127.5,480944.75
2025-05-22,1.286479e+06,1.324606e+06,38127.0,445897.5
2025-05-23,1.2368742e+06,1.270723e+06,33848.75,481122.5
2025-05-24,1.04281025e+06,1.0877098e+06,44899.5,319981.25
2025-05-25,1.036035e+06,1.0876635e+06,51628.5,315413.75
2025-05-26,1.2183532e+06,1.2510252e+06,32672.0,516968.75
2025-05-27,1.261378e+06,1.3037125e+06,42334.5,459293.0
2025-05-28,1.2646972e+06,1.297239e+06,32541.75,508042.5
2025-05-29,1.014487e+06,1.0601432e+06,45656.25,397231.25
2025-05-30,1.101298e+06,1.153944e+06,52646.0,286009.25
2025-05-31,1.0006745e+06,1.04700125e+06,46326.75,547886.0
2025-06-01,995327.75,1.0482615e+06,52933.75,406949.0
2025-06-02,1.2473055e+06,1.2820448e+06,34739.25,751599.0
2025-06-03,1.2684608e+06,1.3143992e+06,45938.5,653102.75
2025-06-04,1.305705e+06,1.3488485e+06,43143.5,673195.0
2025-06-05,1.284145e+06,1.3213085e+06,37163.5,629361.5
2025-06-06,1.2731108e+06,1.3297392e+06,56628.5,297030.25
2025-06-07,1.0546652e+06,1.09675e+06,42084.75,486215.0
2025-06-08,971869.0,1.03698425e+06,65115.25,166065.75
2025-06-09,950505.25,1.00252525e+06,52020.0,258352.25
2025-06-10,1.226133e+06,1.2767165e+06,50583.5,374582.25
2025-06-11,1.2263138e+06,1.2706938e+06,44380.0,521277.75
2025-06-12,1.2374688e+06,1.284524e+06,47055.25,464193.0
2025-06-13,1.2358548e+06,1.2831005e+06,47245.75,322057.25
2025-06-14,1.0795822e+06,1.1297188e+06,50136.5,303208.0
2025-06-15,1.027975e+06,1.0777088e+06,49733.75,522087.25
2025-06-16,1.2434038e+06,1.2783788e+06,34975.0,615365.75
2025-06-17,1.2499752e+06,1.2826002e+06,32625.0,688814.75
2025-06-18,1.2522492e+06,1.2904445e+06,38195.25,663869.25
2025-06-19,1.1040785e+06,1.148287e+06,44208.5,393967.0
2025-06-20,1.121291e+06,1.158365e+06,37074.0,533751.25
2025-06-21,1.01911475e+06,1.0619118e+06,42797.0,499419.75
2025-06-22,993786.75,1.03908425e+06,45297.5,360684.5
2025-06-23,1.3061355e+06,1.3469718e+06,40836.25,333020.0
2025-06-24,1.294413e+06,1.3345428e+06,40129.75,289868.5
2025-06-25,1.3108255e+06,1.343818e+06,32992.5,508295.25
2025-06-26,1.3275895e+06,1.3548532e+06,27263.75,653970.5
2025-06-27,1.2985265e+06,1.3298862e+06,31359.75,569576.75
2025-06-28,1.0802628e+06,1.1201318e+06,39869.0,290720.5
2025-06-29,1.02350925e+06,1.0691552e+06,45646.0,303798.0
2025-06-30,1.2632622e+06,1.290682e+06,27419.75,676903.75
2025-07-01,1.3446482e+06,1.374975e+06,30326.75,761716.5
2025-07-02,1.3595342e+06,1.3888808e+06,29346.5,714292.5
2025-07-03,1.3361398e+06,1.3721948e+06,36055.0,630311.25
2025-07-04,1.2673492e+06,1.3044055e+06,37056.25,670941.5
2025-07-05,1.0849272e+06,1.1347745e+06,49847.25,326588.25
2025-07-06,1.0296955e+06,1.0674882e+06,37792.75,480086.75
2025-07-07,1.2815628e+06,1.3081698e+06,26607.0,757363.25
2025-07-08,1.2825585e+06,1.3177212e+06,35162.75,624838.0
2025-07-09,1.2693335e+06,1.2990962e+06,29762.75,712996.0
2025-07-10,1.2526392e+06,1.2842892e+06,31650.0,762789.75
2025-07-11,1.2410922e+06,1.2742502e+06,33158.0,670789.0
2025-07-12,1.0724075e+06,1.1140175e+06,41610.0,575086.5
2025-07-13,1.00435725e+06,1.04601925e+06,41662.0,575208.5
2025-07-14,1.2600998e+06,1.2893315e+06,29231.75,848338.0
2025-07-15,1.25021e+06,1.2849802e+06,34770.25,729312.25
2025-07-16,1.2618388e+06,1.2882418e+06,26403.0,758616.5
2025-07-17,1.2564765e+06,1.2924872e+06,36010.75,669866.25
2025-07-18,1.2193218e+06,1.2451142e+06,25792.5,846385.0
2025-07-19,1.0562342e+06,1.09647e+06,40235.75,517267.5
2025-07-20,1.0067995e+06,1.0518802e+06,45080.75,464323.0
2025-07-21,1.2702832e+06,1.279655e+06,9371.75,902816.5
2025-07-22,1.2597852e+06,1.2971705e+06,37385.25,606939.5
2025-07-23,1.2759472e+06,1.314355e+06,38407.75,446039.25
2025-07-24,1.261473e+06,1.2772875e+06,15814.5,923722.75
2025-07-25,1.2351382e+06,1.254746e+06,19607.75,850175.5
2025-07-26,1.0541212e+06,1.0872472e+06,33126.0,745199.25
2025-07-27,986720.25,1.030564e+06,43843.75,634250.25
2025-07-28,1.2067305e+06,1.2421645e+06,35434.0,652956.0
2025-07-29,1.2273888e+06,1.2678765e+06,40487.75,525799.25
2025-07-30,1.2450422e+06,1.2827862e+06,37744.0,570991.75
2025-07-31,1.2389738e+06,1.27512e+06,36146.25,580815.75
2025-08-01,1.2104212e+06,1.2431568e+06,32735.5,731567.5
2025-08-02,1.03714175e+06,1.0824778e+06,45336.0,502528.25
2025-08-03,986008.25,1.04174575e+06,55737.5,373634.0
2025-08-04,1.1987745e+06,1.2330288e+06,34254.25,505689.75
2025-08-05,1.2394242e+06,1.2992142e+06,59790.0,391589.75
2025-08-06,1.2131632e+06,1.251862e+06,38698.75,479818.5
2025-08-07,1.220782e+06,1.25956e+06,38778.0,665451.5
2025-08-08,1.2071742e+06,1.2390415e+06,31867.25,657797.25
2025-08-09,1.049026e+06,1.0934968e+06,44470.75,548330.0
2025-08-10,978241.75,1.02841475e+06,50173.0,369614.5
2025-08-11,1.1877212e+06,1.225728e+06,38006.75,670460.5
2025-08-12,1.248859e+06,1.278886e+06,30027.0,696380.0
2025-08-13,1.2856705e+06,1.317763e+06,32092.5,735551.5
2025-08-14,1.3154382e+06,1.3447448e+06,29306.5,840708.75
2025-08-15,1.2457738e+06,1.2834495e+06,37675.75,669671.75
2025-08-16,1.0797285e+06,1.1131642e+06,33435.75,449201.25
2025-08-17,987634.75,1.02957375e+06,41939.0,502338.25
2025-08-18,1.2042142e+06,1.2369275e+06,32713.25,719896.0
2025-08-19,1.242634e+06,1.2767678e+06,34133.75,713870.75
2025-08-20,1.2636918e+06,1.290039e+06,26347.25,765204.75
2025-08-21,1.2644785e+06,1.2937432e+06,29264.75,688636.25
2025-08-22,1.2185988e+06,1.2466312e+06,28032.5,568171.25
2025-08-23,1.052485e+06,1.093566e+06,41081.0,429541.5
2025-08-24,969200.75,1.01097625e+06,41775.5,468979.0
2025-08-25,1.202712e+06,1.2260478e+06,23335.75,708378.25
2025-08-26,1.248516e+06,1.2715335e+06,23017.5,759444.0
2025-08-27,1.2936205e+06,1.321765e+06,28144.5,775581.0
2025-08-28,1.3188312e+06,1.337304e+06,18472.75,1.0529272e+06
2025-08-29,1.2566685e+06,1.2789158e+06,22247.25,791023.0
2025-08-30,1.0632872e+06,1.0974358e+06,34148.5,552458.25
2025-08-31,1.00604975e+06,1.052391e+06,46341.25,433563.0
