Date,Biomass,Hydropower,Wind_offshore,Wind_onshore,Photovoltaics,Other_renewable,Nuclear,Lignite,Hard_coal,Fossil_gas,Hydro_pumped_generation,Other_conventional,Grid_load,Grid_load_incl._hydro_pumped_storage,Hydro_pumped_storage,Residual_load,Total_generation,Renewables_total,Renewables_share,Residual_load_ratio,Fossil_total,Net_balance
2015-01-01,96341.25,27463.0,12508.5,298791.75,17080.25,2148.5,251485.25,314599.0,60725.25,23806.0,23683.5,134117.0,1096852.8,1122748.2,25895.5,768472.25,1262749.25,454333.25,0.35979688762436407,0.700615661463416,533247.25,165896.44999999995
2015-01-02,96247.25,27087.75,10329.25,591620.75,7759.0,2904.0,218435.5,257344.0,83617.25,29919.25,25524.75,148762.0,1288914.8,1316139.8,27225.0,679205.75,1499550.75,735948.0,0.49077898830699795,0.5269593847475411,519642.5,210635.94999999995
2015-01-03,95923.75,31135.75,12119.5,457043.5,7234.75,3245.0,245251.5,296727.5,60999.25,29790.75,26328.75,139297.0,1213309.5,1238003.8,24694.25,736911.75,1405097.0,606702.25,0.43178673785510896,0.607356779123546,526814.5,191787.5
2015-01-04,96885.0,42212.25,11538.5,379029.5,19982.5,3247.0,251627.75,287900.5,47224.5,21470.75,26499.25,132493.75,1177896.0,1202337.8,24441.75,767345.5,1320111.25,552894.75,0.41882436044689414,0.6514543728818164,489089.5,142215.25
2015-01-05,96449.0,38092.5,7745.5,219623.5,26522.25,3217.75,267081.0,405171.25,177046.75,35151.75,25738.5,207876.0,1425927.5,1451660.8,25733.25,1172036.2,1509715.75,391650.5,0.2594200265844746,0.8219465575914624,825245.75,83788.25
2015-01-06,94510.5,36153.0,6887.75,102706.75,32887.25,3246.25,273756.0,423603.75,259151.75,42873.25,19500.75,217470.5,1434875.0,1457167.8,22292.75,1292393.2,1512747.5,276391.5,0.1827082840989656,0.9007008972907047,943099.25,77872.5
2015-01-07,95730.5,35462.5,10693.25,210599.0,17114.75,3265.5,274628.5,432580.25,259317.75,56351.25,26789.75,225419.5,1548897.0,1563860.5,14963.5,1310490.0,1647952.5,372865.5,0.22625985882481442,0.8460795004445099,973668.75,99055.5
2015-01-08,95878.75,35839.25,12334.75,420530.25,8598.25,3004.0,272119.25,398987.0,223824.0,38659.5,30748.25,189578.0,1573448.5,1594302.0,20853.5,1131985.2,1730101.25,576185.25,0.33303556656004957,0.7194294570175,851048.5,156652.75
2015-01-09,97246.5,36483.5,8800.25,635351.75,6823.75,2994.25,265038.0,332049.25,120109.25,39516.0,32508.75,153610.25,1551795.5,1570288.2,18492.75,900819.75,1730531.5,787700.0,0.4551780767931702,0.5805015867103623,645284.75,178736.0
2015-01-10,97423.5,44021.25,6504.75,624062.5,20475.0,3190.75,260759.5,220411.25,46806.25,21427.5,27274.75,139439.5,1330121.5,1352037.2,21915.75,679079.25,1511796.5,795677.75,0.5263127345512442,0.5105392627665969,428084.5,181675.0
2015-01-11,97019.5,43132.75,9552.25,620424.5,19811.25,3252.5,245074.0,184685.5,39772.0,18218.0,21749.25,137690.25,1245315.5,1269080.2,23764.75,595527.5,1440381.75,793192.75,0.5506823104361048,0.4782141553686596,380365.75,195066.25
2015-01-12,97835.25,41993.0,11670.5,621972.25,11025.0,3156.75,260996.0,319847.75,116508.5,33819.75,25220.0,24344.0,1572223.0,1594650.0,22427.0,927555.25,1568388.75,787652.75,0.5022050496090334,0.5899641781095939,494520.0,-3834.25
2015-01-13,97231.0,40001.25,8940.75,508998.75,50283.75,2135.5,266823.25,349167.75,165980.25,37937.5,27453.0,23065.25,1557794.2,1574653.2,16859.0,989571.0,1578018.0,707591.0,0.4484048977895056,0.6352385957015375,576150.75,20223.800000000047
2015-01-14,96694.0,39135.0,8974.5,400045.75,18106.0,3017.0,269735.5,397912.0,217210.0,35094.5,28666.5,24753.0,1554254.2,1575571.2,21317.0,1127128.0,1539343.75,565972.25,0.36767112608863356,0.7251889684454448,674969.5,-14910.449999999953
2015-01-15,97259.75,39645.75,12271.25,536748.75,17155.0,3321.25,264059.0,380706.75,174614.5,36535.5,29153.0,145820.0,1580828.8,1604449.8,23621.0,1014653.75,1737290.5,706401.75,0.40661118563648396,0.6418492312387021,737676.75,156461.69999999995
2015-01-16,96885.25,39171.25,10403.25,257051.5,22817.75,3271.0,268893.0,413406.75,241881.5,36610.25,28506.75,200534.25,1534068.8,1552831.5,18762.75,1243796.2,1619432.5,429600.0,0.2652781144011868,0.8107825411741637,892432.75,85363.69999999995
2015-01-17,97477.75,39532.75,11518.5,122733.0,21405.5,3225.5,270262.0,430839.75,229075.0,30315.25,27817.75,162602.5,1329000.8,1350803.2,21802.5,1173343.8,1446805.25,295893.0,0.20451474032182285,0.8828766694497099,852832.5,117804.44999999995
2015-01-18,97890.5,38584.5,5238.5,126265.0,31259.0,3364.5,265666.5,424949.75,203581.75,35578.0,24383.75,151311.75,1243108.8,1265920.5,22811.75,1080346.2,1408073.5,302602.0,0.21490497477581957,0.8690680976596739,815421.25,164964.69999999995
2015-01-19,97017.5,39067.75,481.25,32878.5,23682.0,3308.5,273062.25,454009.25,276538.5,79073.75,29304.0,241982.0,1559946.0,1576548.8,16602.75,1502904.2,1550405.25,196435.5,0.126699454868332,0.9634334778255145,1051603.5,-9540.75
2015-01-20,97555.75,41197.25,1281.75,15892.0,10790.75,3259.5,273777.25,469374.75,287675.25,93643.75,35436.0,258606.25,1595471.5,1614518.8,19047.25,1567507.0,1588490.25,169977.0,0.10700537821997963,0.9824725794224466,1109300.0,-6981.25
2015-01-21,97672.0,42070.0,2322.25,45236.5,22120.75,3344.75,273968.75,455153.75,299765.0,92048.5,29634.5,251168.5,1594371.8,1615173.8,20802.0,1524692.2,1614505.25,212766.25,0.13178417970458753,0.9562965175375028,1098135.75,20133.449999999953
2015-01-22,97424.75,40761.5,1289.0,63024.5,12118.0,3343.75,274210.5,440998.5,320655.5,87350.5,36052.0,246308.75,1605934.0,1626908.0,20974.0,1529502.5,1623537.25,217961.5,0.13425100040051438,0.95240682369263,1095313.25,17603.25
2015-01-23,96673.75,39414.0,4399.0,31449.0,7013.0,3329.75,274205.25,443102.25,330013.25,73693.25,35249.5,235487.5,1580198.0,1600035.0,19837.0,1537337.0,1574029.5,182278.5,0.11580373811291339,0.9728761838706289,1082296.25,-6168.5
2015-01-24,96977.0,36880.75,11741.25,142059.0,9833.5,3314.5,272426.75,440764.25,254449.0,38135.25,23025.0,167761.5,1391848.5,1411224.2,19375.75,1228214.8,1497367.75,300806.0,0.2008898615587253,0.8824342591884102,901110.0,105519.25
2015-01-25,97662.75,33328.75,8604.25,107670.75,11570.0,3198.25,267070.25,430662.25,224340.25,34158.75,23280.75,162787.0,1265055.8,1283078.2,18022.5,1137210.8,1404334.0,262034.75,0.18659004909088578,0.8989412166641187,851948.25,139278.19999999995
2015-01-26,98079.5,33015.25,14427.25,204852.0,10595.0,3306.25,272757.0,416757.0,304283.5,57466.5,29058.25,234396.75,1581008.0,1597365.8,16357.75,1351133.8,1678994.25,364275.25,0.21696039161539712,0.8546027597583314,1012903.75,97986.25
2015-01-27,98047.25,34890.0,11132.25,266563.75,17572.5,3150.75,272870.25,394732.5,293353.0,50365.25,26024.5,240059.0,1592247.2,1610429.8,18182.5,1296978.8,1708761.0,431356.5,0.2524381701127308,0.814558694152516,978509.75,116513.80000000005
2015-01-28,97333.0,35021.75,13715.0,412118.25,16580.0,3223.75,271213.25,375403.5,261068.0,49441.0,25567.5,198105.0,1613410.8,1631835.5,18424.75,1170997.5,1758790.0,577991.75,0.32863033676561726,0.7257900467754399,884017.5,145379.19999999995
2015-01-29,97147.25,35600.0,10958.25,405875.0,27782.5,3091.0,270379.5,361412.5,236926.25,46946.0,35334.25,202850.0,1596585.2,1619049.0,22463.75,1151969.5,1734302.5,580454.0,0.33469017083236635,0.7215208433599409,848134.75,137717.30000000005
2015-01-30,97001.0,37945.5,1614.75,88741.5,13462.75,3310.5,264953.5,431751.25,305659.25,58158.75,32714.0,236388.0,1562849.2,1584589.5,21740.25,1459030.2,1571700.75,242076.0,0.15402168638018401,0.9335706861544927,1031957.25,8851.550000000047
2015-01-31,96732.5,36429.25,1974.5,131315.25,20211.75,3370.0,249181.25,415167.0,265512.25,42136.5,24233.75,190122.25,1345132.2,1361873.8,16741.5,1191630.8,1476386.25,290033.25,0.19644808396176813,0.8858837815346329,912938.0,131254.05000000005
2015-02-01,98474.75,32457.0,6004.0,114063.25,24681.0,3440.25,271631.25,422167.0,203939.75,39756.0,20531.75,155978.5,1250357.0,1270570.8,20213.75,1105608.8,1393124.5,279120.25,0.20035556764668197,0.8842345026260501,821841.25,142767.5
2015-02-02,98447.25,32058.75,8150.75,189803.5,20266.75,3406.75,273117.75,437696.75,294568.0,59962.25,28659.5,233172.25,1592531.0,1609208.8,16677.75,1374310.0,1679310.25,352133.75,0.20968951389417173,0.8629722121578794,1025399.25,86779.25
2015-02-03,98246.75,33587.25,7582.25,93829.75,27528.5,3382.0,271976.5,432664.25,330503.25,90401.25,25083.25,242037.25,1620916.5,1639237.8,18321.25,1491976.0,1656822.25,264156.5,0.15943563046669612,0.9204521022520284,1095606.0,35905.75
2015-02-04,97879.75,34923.75,2774.25,38859.5,31950.25,3332.0,273548.5,418455.25,349316.25,105697.0,24115.0,248121.75,1626316.2,1642986.2,16670.0,1552732.2,1628973.25,209719.5,0.12874336641194079,0.9547541861785549,1121590.25,2657.0500000000466
2015-02-05,97081.25,33822.75,5602.0,112927.75,29039.0,3410.0,272496.5,419037.0,339374.25,87585.5,31225.0,245107.75,1623523.2,1639476.0,15952.75,1475954.5,1676708.75,281882.75,0.16811670482425764,0.909105887738469,1091104.5,53185.55000000005
2015-02-06,96877.0,32300.5,1745.25,172794.5,46342.0,3428.25,272426.5,425162.25,320107.25,62735.25,30115.0,230200.5,1597303.0,1614342.5,17039.5,1376421.2,1694234.25,353487.5,0.20864145557203792,0.8617157796610913,1038205.25,96931.25
2015-02-07,97028.25,31498.75,13894.5,251384.0,46831.25,3102.5,266636.25,370363.75,197408.75,54030.0,27405.5,159861.25,1395147.2,1413342.2,18195.0,1083037.5,1519444.75,443739.25,0.29204039830997475,0.7762890539435552,781663.75,124297.55000000005
2015-02-08,97401.0,29634.5,15964.0,396206.5,52428.5,2788.5,244010.25,305876.0,108919.25,46476.0,22993.5,146572.5,1281069.0,1310176.5,29107.5,816470.0,1469270.5,594423.0,0.4045701591367961,0.6373349132638445,607843.75,188201.5
2015-02-09,96572.25,28714.5,17228.25,371386.0,15048.75,3144.5,270421.5,376337.5,238943.0,60929.25,27364.25,213573.25,1595861.8,1617299.2,21437.5,1192198.8,1719663.0,532094.25,0.3094177463840299,0.7470564180432165,889783.0,123801.19999999995
2015-02-10,97645.75,30728.75,10610.0,143115.5,24127.0,3334.75,272096.75,424264.5,323071.75,73138.75,22320.0,235290.5,1599749.5,1615662.0,15912.5,1421897.0,1659744.0,309561.75,0.18651174518479957,0.8888247816298739,1055765.5,59994.5
2015-02-11,97220.5,30882.75,760.75,26261.75,28009.5,3273.25,272679.25,425961.0,363684.0,84644.25,28984.5,245278.75,1594669.2,1609012.8,14343.5,1539637.2,1607640.25,186408.5,0.11595162537141006,0.9654900213787285,1119568.0,12971.050000000047
2015-02-12,96953.0,31503.25,824.75,22821.25,40587.0,3394.75,272747.5,427596.75,371705.5,68828.25,34890.5,240071.5,1593174.5,1609373.8,16199.25,1528941.5,1611924.0,196084.0,0.12164593367925534,0.9596823825638685,1108202.0,18749.5
2015-02-13,96844.25,32145.75,8094.0,83745.75,64533.0,3379.0,272253.25,425306.75,339556.0,56802.0,28420.0,233986.25,1562459.0,1576929.0,14470.0,1406086.2,1645066.0,288741.75,0.17551985756194585,0.8999187818688362,1055651.0,82607.0
2015-02-14,97068.5,29681.25,10480.75,106553.0,67186.0,3372.0,271013.25,398623.0,263928.25,44114.0,25967.0,179617.0,1347657.5,1373692.8,26035.25,1163437.8,1497604.0,314341.5,0.20989627431550664,0.8633037696892571,886282.25,149946.5
2015-02-15,96376.75,27404.5,17464.25,181931.0,60939.25,2814.75,269052.75,380060.0,182137.25,38659.0,17545.25,148541.25,1242427.5,1265493.8,23066.25,982093.0,1422926.0,386930.5,0.2719259469571854,0.7904630250054833,749397.5,180498.5
2015-02-16,95810.75,27673.25,12911.25,196276.25,60863.0,2775.5,266339.25,386119.75,305146.0,53211.75,22502.5,213222.75,1512297.8,1532250.2,19952.5,1242247.2,1642852.0,396310.0,0.24123292907699537,0.821430276497129,957700.25,130554.19999999995
2015-02-17,95982.25,30202.0,4633.5,62855.5,40311.25,3039.0,270188.25,418857.0,344595.75,65219.0,34787.25,240480.5,1581008.0,1598066.0,17058.0,1473207.8,1611151.25,237023.5,0.1471143693057992,0.9318155252851346,1069152.25,30143.25
2015-02-18,95458.25,32459.0,15271.25,112829.5,40083.75,3252.25,265235.5,422642.5,352509.5,61446.5,25792.25,233089.5,1589465.0,1608214.0,18749.0,1421280.5,1660069.75,299354.0,0.18032615798221732,0.8941879814906274,1069688.0,70604.75
2015-02-19,95072.25,32608.75,17781.25,221703.5,62936.75,3225.5,269745.75,404669.25,320790.75,59248.25,30235.75,223687.5,1595995.8,1614609.5,18613.75,1293574.2,1741705.25,433328.0,0.24879525396159885,0.8105122833030011,1008395.75,145709.44999999995
2015-02-20,95272.5,29757.25,12337.0,320161.75,79745.5,3012.5,266023.75,381130.0,276530.5,55250.75,21711.5,182648.0,1557110.2,1579669.2,22559.0,1144866.0,1723581.0,540286.5,0.31346742624802665,0.7352504658950921,895559.25,166470.80000000005
2015-02-21,95416.0,27946.25,4134.5,274206.25,49620.25,2371.0,262397.25,315799.25,222901.0,34447.0,30717.75,165255.75,1335687.2,1356719.0,21031.75,1007726.25,1485212.25,453694.25,0.3054743522348405,0.7544627589453579,738403.0,149525.05000000005
2015-02-22,95626.25,28054.0,14439.0,135206.75,52145.75,2413.0,261822.25,363470.5,195215.75,33650.25,23431.25,166883.5,1238835.2,1255863.0,17027.75,1037043.75,1372358.25,327884.75,0.2389206681272911,0.8371119499994835,759220.0,133523.05000000005
2015-02-23,95516.25,28641.75,16934.75,354994.75,28046.25,2442.5,261923.25,360109.0,253738.75,53687.5,32132.75,198405.25,1571784.2,1591508.0,19723.75,1171808.5,1686572.75,526576.25,0.31221674250339926,0.745527598508752,865940.5,114788.55000000005
2015-02-24,95486.25,32121.5,18267.5,301874.25,50806.0,2429.0,265700.0,398854.25,283582.5,43762.75,25534.25,204075.0,1584692.8,1607012.0,22319.25,1213745.0,1722493.25,500984.5,0.29084845470366866,0.7659181640757123,930274.5,137800.44999999995
2015-02-25,95745.5,31560.0,7703.0,107150.75,72248.25,2425.0,266781.0,419474.75,302799.0,54238.5,25690.75,239301.5,1563406.5,1582160.2,18753.75,1376304.5,1625118.0,316832.5,0.19495968908103903,0.8803241511404744,1015813.75,61711.5
2015-02-26,95407.5,31472.25,10017.0,158760.75,106263.0,2465.25,267122.5,431258.75,303458.5,44370.5,28883.25,214236.0,1561393.2,1583975.8,22582.5,1286352.5,1693715.25,404385.75,0.23875663279290896,0.823849175210959,993323.75,132322.05000000005
2015-02-27,94913.5,30837.25,5551.75,136599.0,65844.25,2534.75,267743.25,429540.75,320660.25,43079.25,35341.5,223579.75,1548504.5,1563356.8,14852.25,1340509.5,1656225.25,336280.5,0.20304031713077675,0.8656800803614068,1016860.0,107720.75
2015-02-28,95468.5,31476.75,15598.5,177401.75,82592.5,2506.0,261691.75,428260.5,177809.25,39984.5,23632.0,153534.5,1332163.8,1348547.0,16383.25,1056571.0,1489956.5,405044.0,0.27184954728544086,0.7931239386627981,799588.75,157792.69999999995
2015-03-01,96327.75,29791.5,19627.0,434905.25,36689.25,1912.25,243303.75,372489.75,61450.5,37809.25,26811.25,156072.25,1234739.0,1257324.8,22585.75,743517.5,1517189.75,619253.0,0.4081579116916655,0.602165720852747,627821.75,282450.75
2015-03-02,96179.75,32811.0,18369.25,483546.25,65600.25,2168.75,263067.75,406073.0,171471.0,49582.0,32483.75,164171.75,1527631.8,1553875.5,26243.75,960116.0,1785524.5,698675.25,0.39129972733502116,0.6284996162033285,791297.75,257892.69999999995
2015-03-03,95826.0,36694.75,15562.5,423001.75,101145.5,2540.5,261889.25,400688.25,186193.5,47628.75,30890.25,172452.5,1561668.8,1586661.2,24992.5,1021959.0,1774513.5,674771.0,0.380256898580935,0.6544018808597571,806963.0,212844.69999999995
2015-03-04,95813.75,34798.0,18913.75,362957.25,70461.0,2737.75,264458.5,434514.25,217247.0,43562.75,28395.75,173240.5,1572267.5,1589374.2,17106.75,1119935.5,1747100.25,585681.5,0.3352306199944737,0.7123059530264411,868564.5,174832.75
2015-03-05,95492.0,34738.5,11666.0,161206.0,68652.5,2936.0,265961.75,438038.75,311562.5,42947.75,31322.75,210794.75,1562429.2,1583596.2,21167.0,1320904.8,1675319.25,374691.0,0.22365349171508656,0.8454173795523023,1003343.75,112890.05000000005
2015-03-06,95660.25,35833.75,16065.0,119917.25,65593.75,3095.5,265357.5,426124.5,328365.5,40170.5,34283.5,203996.25,1530533.0,1547185.8,16652.75,1328957.0,1634463.25,336165.5,0.20567333037313626,0.8682968612894985,998656.75,103930.25
2015-03-07,95455.5,33823.5,20235.0,242499.5,114555.75,2186.75,248187.75,396709.25,158838.0,29638.75,25718.75,137104.75,1308026.8,1330577.5,22550.75,930736.5,1504953.25,508756.0,0.3380543548445774,0.7115576683902807,722290.75,196926.44999999995
2015-03-08,95487.5,31295.5,18338.75,190871.75,134966.5,1923.25,234835.75,402762.5,113141.75,29992.5,19062.5,133404.75,1175447.0,1202245.0,26798.0,831270.0,1406083.0,472883.25,0.3363124723078225,0.7071947948312429,679301.5,230636.0
2015-03-09,95469.25,31024.25,8102.25,64613.5,118812.25,2207.5,238260.5,424122.0,299322.25,40696.25,31140.75,213553.25,1480349.2,1496202.5,15853.25,1288821.2,1567324.0,320229.0,0.20431576368383308,0.8706197159426978,977693.75,86974.80000000005
2015-03-10,95487.25,31943.75,16433.5,128493.75,97028.75,2192.75,239012.75,417759.25,334352.0,37159.5,22352.75,214986.75,1525742.0,1545829.8,20087.75,1283786.0,1637202.75,371579.75,0.22696013062523868,0.8414174873602484,1004257.5,111460.75
2015-03-11,95021.0,31882.25,5509.75,124819.0,114653.25,2015.0,240035.5,416777.75,314527.75,49298.25,22891.0,211665.5,1520659.2,1541584.2,20925.0,1275677.2,1629096.0,373900.25,0.22951394515731424,0.838897499189825,992269.25,108436.80000000005
2015-03-12,93280.75,31626.25,5135.5,65247.0,104666.5,1408.25,240263.25,416405.5,336124.25,41251.75,23367.75,220004.0,1521546.2,1537986.8,16440.5,1346497.2,1578780.75,301364.25,0.19088416805183367,0.8849532140397709,1013785.5,57234.55000000005
2015-03-13,93673.5,31801.75,16207.75,138819.5,85051.75,1415.5,238941.0,407048.25,296920.0,47762.75,37484.25,215757.5,1508895.2,1521672.2,12777.0,1268816.2,1610883.5,366969.75,0.22780651114745418,0.8408908716788284,967488.5,101988.30000000005
2015-03-14,94425.25,32238.75,17424.25,128219.75,41483.75,2242.75,238919.25,387968.0,254355.75,48536.0,27993.75,180213.0,1317439.0,1331142.8,13703.75,1130311.2,1454020.25,316034.5,0.21735219987479543,0.8579609378498738,871072.75,136581.25
2015-03-15,94404.75,30331.75,19743.5,215616.0,63374.0,2839.25,233095.0,365408.5,128341.25,41167.25,21073.5,133293.5,1210941.2,1232634.8,21693.5,912207.75,1348688.25,426309.25,0.3160917654617366,0.7533047434507968,668210.5,137747.05000000005
2015-03-16,93805.75,30040.0,21364.25,315808.0,117277.0,2345.25,236451.5,346734.75,207643.5,52932.25,35614.0,175325.0,1491624.0,1510000.0,18376.0,1037174.75,1635341.25,580640.25,0.35505754532884193,0.6953325704064831,782635.5,143717.25
2015-03-17,94095.5,31362.0,12501.25,178212.0,131458.75,1952.25,237540.0,386895.25,257908.0,50008.75,32095.25,194087.25,1486214.0,1508972.5,22758.5,1164042.0,1608116.25,449581.75,0.2795704290656848,0.7832263725143216,888899.25,121902.25
2015-03-18,94861.5,32604.0,2474.25,115569.0,149835.5,2098.0,237125.5,427487.25,284444.75,48318.25,23937.5,207344.75,1476652.8,1500582.2,23929.5,1208774.0,1626100.25,397442.25,0.24441435883181248,0.8185905312338825,967595.0,149447.44999999995
2015-03-19,94731.25,32809.25,5836.0,42162.75,135883.25,2419.75,237845.75,434289.0,323672.5,37840.25,36574.0,224339.0,1486948.2,1507860.5,20912.25,1303066.2,1608402.75,313842.25,0.19512665593241493,0.8763359745820332,1020140.75,121454.55000000005
2015-03-20,95396.75,32165.0,6804.0,26563.5,123324.75,2666.0,237210.75,431248.25,312790.25,52417.5,32213.25,215854.0,1473212.0,1497238.5,24026.5,1316519.8,1568654.0,286920.0,0.18290840427525765,0.8936390689187979,1012310.0,95442.0
2015-03-21,95770.75,31723.75,16949.25,136436.0,75308.75,2649.5,228853.25,420486.25,215363.5,37715.5,27863.0,141038.5,1297006.0,1315444.8,18438.75,1068312.0,1430158.0,358838.0,0.2509079416400146,0.8236754494582138,814603.75,133152.0
2015-03-22,96167.75,33745.5,5133.5,137065.5,87079.75,2493.75,211994.5,396392.75,158132.25,36609.0,32882.0,132588.75,1178667.2,1201303.8,22636.5,949388.5,1330285.0,361685.75,0.2718859116655454,0.8054763040831203,723722.75,151617.80000000005
2015-03-23,95271.0,32382.25,15134.0,54606.5,113187.5,2808.5,218747.0,397491.75,308771.5,53570.75,33998.5,198713.0,1474552.5,1494748.8,20196.25,1291624.5,1524682.25,313389.75,0.20554430275554136,0.875943379432065,958547.0,50129.75
2015-03-24,95451.5,34454.75,1422.5,20841.75,117004.25,2599.25,218375.75,413611.25,346743.25,66248.0,29028.75,207476.75,1497185.5,1517615.2,20429.75,1357917.0,1553257.75,271774.0,0.17497031642043956,0.9069797964246915,1034079.25,56072.25
2015-03-25,95668.0,33655.0,8023.75,128680.75,97623.75,2286.75,202798.5,387404.5,335265.75,46447.75,24689.25,188347.25,1483083.0,1504961.8,21878.75,1248754.8,1550891.0,365938.0,0.2359533971117248,0.8419992677415897,957465.25,67808.0
2015-03-26,95189.0,33596.5,12772.75,109214.0,38510.5,2087.5,216036.25,395937.0,340923.0,74376.5,42799.0,205473.75,1502972.2,1523625.0,20652.75,1342475.0,1566915.75,291370.25,0.18595144633653723,0.8932134606348674,1016710.25,63943.55000000005
2015-03-27,95244.25,34146.0,8522.0,210946.0,76243.75,2426.0,227273.0,400329.75,288594.5,43383.75,28112.0,175148.5,1492776.2,1516909.0,24132.75,1197064.5,1590369.5,427528.0,0.2688230628165341,0.8019048669184302,907456.5,97593.30000000005
2015-03-28,94731.0,31772.5,17147.25,185383.75,115419.0,2473.5,226674.5,402325.75,144951.75,29136.25,22163.75,92508.25,1274739.8,1289759.5,15019.75,956789.75,1364687.25,446927.0,0.32749408335133195,0.7505765098100804,668922.0,89947.44999999995
2015-03-29,90711.0,29397.0,21215.5,462892.25,37867.5,2040.0,199451.5,260208.5,68187.25,26390.75,33471.0,92046.25,1136477.5,1160370.5,23893.0,614502.25,1323878.5,644123.25,0.4865425716937015,0.5407078010783319,446832.75,187401.0
2015-03-30,94919.0,39090.5,27639.5,495187.0,90401.75,2327.75,223267.0,268727.25,114732.75,31462.75,29037.5,128731.5,1490755.2,1515688.0,24932.75,877527.0,1545524.25,749565.5,0.48499109606335844,0.5886459426738877,543654.25,54769.05000000005
2015-03-31,95405.0,43001.25,21807.25,587563.25,69416.75,2204.0,233413.5,294732.5,99733.0,45854.25,20983.75,141181.0,1530603.5,1549862.2,19258.75,851816.25,1655295.5,819397.5,0.4950158446029727,0.5565231296021471,581500.75,124692.0
2015-04-01,95954.25,45680.25,24753.0,561974.25,98711.75,3137.25,236737.5,298598.75,83847.25,49334.0,27522.0,130190.0,1530356.5,1549820.8,19464.25,844917.5,1656440.25,830210.75,0.5012017487500681,0.552105016053449,561970.0,126083.75
2015-04-02,95671.0,43250.25,21618.75,405433.0,81687.0,3325.0,243586.0,343983.5,138629.75,35883.5,32839.5,136205.5,1495043.0,1520047.0,25004.0,986304.25,1582112.75,650985.0,0.41146561773173246,0.659716309163014,654702.25,87069.75
2015-04-03,95935.75,43028.25,8902.75,173752.5,140230.25,3565.75,229414.5,350189.25,103946.0,32644.0,30956.5,127336.25,1174168.0,1193382.5,19214.5,851282.5,1339901.75,465415.25,0.3473502814665329,0.725009112835642,614115.5,165733.75
2015-04-04,96550.25,41892.25,6519.25,80485.0,96848.75,4124.0,214026.25,386535.0,138124.75,34889.0,23294.75,135379.75,1170216.8,1187428.0,17211.25,986363.75,1258669.0,326419.5,0.2593370457205191,0.84288975342005,694928.5,88452.19999999995
2015-04-05,96452.5,39057.0,2589.5,71704.75,151389.25,3492.0,208145.5,347935.75,94296.75,31105.5,24298.5,126034.5,1078906.0,1101838.0,22932.0,853222.5,1196501.5,364685.0,0.3047927645723804,0.7908219066350544,599372.5,117595.5
2015-04-06,96175.5,38527.5,1411.5,78637.25,111569.0,3630.25,210426.0,359472.75,114228.75,31919.0,17313.25,130090.0,1103790.5,1121074.2,17283.75,912172.75,1193400.75,329951.0,0.2764796318420279,0.8264002543961014,635710.5,89610.25
2015-04-07,95937.5,38339.25,8714.5,136328.75,159794.25,3547.5,221939.5,381876.75,227317.25,34694.0,26660.25,179377.5,1446748.2,1462584.2,15836.0,1141910.8,1514527.0,442661.75,0.2922772258269413,0.7892947784555737,823265.5,67778.80000000005
2015-04-08,95131.0,37787.0,7174.75,83519.75,125822.75,4011.0,231791.5,379756.75,298939.25,37088.0,27415.0,208947.25,1458387.0,1474840.8,16453.75,1241869.8,1537384.0,353446.25,0.22990108522008815,0.8515365263129746,924731.25,78997.0
2015-04-09,95530.75,37424.0,413.75,24183.25,175448.25,3866.25,236685.5,389494.75,296474.0,32644.5,29016.0,208016.75,1430608.2,1451974.2,21366.0,1230563.0,1529197.75,336866.25,0.22028952762976534,0.8601677244685163,926630.0,98589.55000000005
2015-04-10,95881.5,39002.25,1407.0,31473.75,180738.5,3326.75,236795.75,366333.75,299593.5,31287.0,19679.75,185494.5,1403490.8,1423495.8,20005.0,1189871.5,1491014.0,351829.75,0.2359667648995918,0.8477942997560084,882708.75,87523.19999999995
2015-04-11,95566.25,40682.5,18923.0,315520.25,112847.75,2842.25,206129.0,327969.5,97976.25,25776.75,25902.25,111399.0,1220022.2,1236257.0,16234.75,772731.25,1381534.75,586382.0,0.4244424543067049,0.6333747451480801,563121.5,161512.55000000005
2015-04-12,96158.75,39753.75,27099.0,254870.75,159132.25,2859.0,207761.25,262834.5,58134.75,24943.0,27027.0,105333.0,1104281.5,1128783.8,24502.25,663179.5,1265907.0,579873.5,0.4580695896302019,0.6005529387207882,451245.25,161625.5
2015-04-13,95900.25,40416.0,19253.5,356613.5,144957.75,2959.25,219290.5,300063.75,171937.0,32390.0,29346.25,125896.5,1422882.2,1447726.0,24843.75,902057.5,1539024.25,660100.25,0.42890828393379765,0.6339649902149314,630287.25,116142.05000000005
2015-04-14,94181.25,41337.5,24728.0,182085.75,168192.0,3077.5,229286.0,382170.0,237856.25,31730.5,29668.25,139004.25,1451877.5,1471909.2,20031.75,1076871.8,1563317.25,513602.0,0.32853344386751954,0.7417098205599302,790761.0,111439.75
2015-04-15,93543.75,42238.0,25588.0,267059.25,193769.75,2914.0,231066.75,355365.75,198637.0,29467.75,34315.0,130778.5,1446631.5,1472629.8,25998.25,960214.5,1604743.5,625112.75,0.3895406025947449,0.6637588770879108,714249.0,158112.0
2015-04-16,93875.5,41352.0,11884.0,132417.25,147322.75,2677.5,235632.25,366564.5,264062.25,28164.0,34021.5,172451.0,1435797.0,1459778.5,23981.5,1144173.0,1530424.5,429529.0,0.28066003909372855,0.7968905075021051,831241.75,94627.5
2015-04-17,93684.25,42629.0,15815.25,132234.25,104331.75,2439.5,236762.5,355593.25,293171.25,25906.0,31895.0,187515.75,1420430.8,1438688.0,18257.25,1168049.5,1521977.75,391134.0,0.25699061632142783,0.8223205945689153,862186.25,101546.94999999995
2015-04-18,94910.75,47190.0,8745.0,82986.0,169882.25,2500.0,232637.25,306747.5,111957.5,22089.75,24351.5,127292.5,1204574.5,1229249.8,24675.25,942961.25,1231290.0,406214.0,0.32990928213499665,0.7828168784911187,568087.25,26715.5
2015-04-19,95886.25,41962.75,5858.0,42582.5,198880.5,2491.0,227557.5,302837.5,91474.0,23349.0,19463.75,129561.25,1098683.0,1116430.2,17747.25,851362.0,1181904.0,387661.0,0.32799702852346724,0.7748932130559952,547221.75,83221.0
2015-04-20,95014.25,40229.0,5606.25,108455.75,205496.5,2937.75,235244.0,350200.0,216984.75,27824.75,32184.0,175605.25,1399052.2,1419453.8,20401.5,1079493.8,1495782.25,457739.5,0.3060201443091065,0.7715893660007825,770614.75,96730.05000000005
2015-04-21,94217.0,40312.75,18501.25,198295.25,206990.5,3155.75,233257.0,338250.0,212594.75,27094.0,27520.0,163491.0,1421485.5,1444493.2,23007.75,997698.5,1563679.25,561472.5,0.3590714016317605,0.7018703321279042,741429.75,142193.75
2015-04-22,94137.25,39621.75,19311.5,100077.5,160095.5,3207.25,235084.25,351010.75,283854.0,26887.25,24773.75,181892.25,1399100.0,1413903.2,14803.25,1119615.5,1519953.0,416450.75,0.27398922861430586,0.8002397970123651,843644.25,120853.0
2015-04-23,93622.5,40269.25,5067.25,49211.0,175934.75,3208.75,236083.5,348893.25,300738.0,19734.0,28048.5,181983.0,1389804.8,1411640.8,21836.0,1159591.8,1482793.75,367313.5,0.24771718925845215,0.8343558750120881,851348.25,92988.94999999995
2015-04-24,94584.75,40383.75,4869.75,47188.25,199568.75,3240.75,234310.0,342147.75,278714.25,20127.75,31810.25,170835.75,1377649.8,1398162.8,20513.0,1126023.0,1467781.75,389836.0,0.26559534481199265,0.8173506793961717,811825.5,90131.94999999995
2015-04-25,95080.0,39392.0,23583.0,126243.25,94439.0,2924.25,227913.0,295230.25,144528.25,14330.25,24921.25,112119.5,1187569.5,1203469.2,15899.75,943304.25,1200704.0,381661.5,0.31786476933532326,0.7943149853545414,566208.25,13134.5
2015-04-26,94821.75,38457.25,3390.5,71348.5,128818.5,3017.25,226420.25,302627.0,89068.75,15700.75,25245.75,113509.25,1075979.2,1089717.5,13738.25,872421.75,1112425.5,339853.75,0.3055069755233047,0.8108165566769321,520905.75,36446.30000000005
2015-04-27,95349.25,41888.0,7775.25,117831.25,115393.75,3276.25,232424.75,315428.5,274875.75,20511.5,30994.75,160872.75,1413651.2,1429482.5,15831.25,1172651.0,1416621.75,381513.75,0.26931236231548755,0.8295193326331135,771688.5,2970.5500000000466
2015-04-28,95589.5,47208.25,14302.5,116806.5,106754.25,3335.75,234807.5,328383.0,315909.75,23588.75,22797.75,174153.0,1435329.8,1452619.2,17289.5,1197466.5,1483636.5,383996.75,0.2588213150593154,0.834279689587717,842034.5,48306.69999999995
2015-04-29,94916.25,46790.25,23490.0,125537.5,188718.75,3179.75,233810.5,333858.25,269676.75,29206.0,26899.5,154092.25,1432913.5,1454265.8,21352.25,1095167.2,1530175.75,482632.5,0.3154098475289521,0.7642940065816952,786833.25,97262.25
2015-04-30,95132.0,45922.25,11204.5,149524.0,131622.25,3295.0,233335.25,330392.5,286777.75,29893.75,33726.75,150109.5,1412109.2,1430386.8,18277.5,1119758.5,1500935.5,436700.0,0.2909518763464519,0.7929687732365174,797173.5,88826.30000000005
2015-05-01,95595.5,44797.0,4751.25,64240.75,103279.0,3011.0,231484.75,292070.25,89833.75,25059.25,26127.25,106475.0,1075570.5,1094434.0,18863.5,903299.5,1086724.75,315674.5,0.29048247957912066,0.8398329072803689,513438.25,11154.25
2015-05-02,95588.5,43972.5,3235.75,32342.25,143595.5,3059.0,220995.75,286803.75,83213.0,25516.25,23623.5,110221.25,1111235.5,1126429.8,15194.25,932062.0,1072167.0,321793.5,0.3001337478210018,0.8387619006052273,505754.25,-39068.5
2015-05-03,95365.0,46322.0,25290.0,187458.25,88594.25,2803.75,202600.25,260052.75,72949.0,23770.0,31205.75,115408.5,1091218.2,1109373.2,18155.0,789875.75,1151819.5,445833.25,0.3870686769932268,0.7238476685964366,472180.25,60601.30000000005
2015-05-04,94440.5,46411.25,24163.75,172313.5,138403.75,2826.75,229601.0,308251.0,240325.25,24637.75,32771.25,134327.75,1385776.0,1404814.0,19038.0,1050895.0,1448473.5,478559.5,0.3303888541971945,0.758344061377885,707541.75,62697.5
2015-05-05,94386.0,48636.75,33970.25,355272.75,107215.75,2742.25,231338.25,325503.0,136784.25,25215.75,35864.25,117638.25,1438372.5,1457730.2,19357.75,941913.75,1514567.5,642223.75,0.4240311177943538,0.6548468842389575,605141.25,76195.0
2015-05-06,93345.0,49234.75,33248.75,259048.5,145293.25,2815.5,232539.75,335768.0,135731.0,24714.0,23770.5,110852.5,1422623.0,1437664.2,15041.25,985032.5,1446361.5,582985.75,0.4030705670746905,0.692405858755271,607065.5,23738.5
2015-05-07,93797.5,48541.25,24880.25,264513.25,162957.25,2802.75,228883.75,333391.25,149385.25,24329.25,30114.0,121341.75,1423764.0,1442589.0,18825.0,971413.25,1484937.5,597492.25,0.40236861820783704,0.6822853014965964,628447.5,61173.5
2015-05-08,94274.0,48933.25,5199.25,37388.25,176127.5,2821.0,233722.25,319550.75,174205.25,25492.0,27311.25,126537.5,1384680.5,1400943.5,16263.0,1165965.5,1271562.25,364743.25,0.2868465543075064,0.8420465948643027,645785.5,-113118.25
2015-05-09,94066.75,49701.75,33443.5,237342.0,113681.75,2520.0,229457.5,265431.75,64516.75,29673.75,25777.5,108995.75,1187495.8,1203836.8,16341.0,803028.5,1254608.75,530755.75,0.4230448336981549,0.6762369180589943,468618.0,67112.94999999995
2015-05-10,95094.0,50469.25,19386.75,240479.5,181401.75,2519.0,197062.75,219770.5,44894.0,22632.5,27857.0,99101.5,1073386.0,1101875.2,28489.25,632118.0,1200668.5,589350.25,0.4908517629970304,0.5889009172841829,386398.5,127282.5
2015-05-11,94471.25,49420.5,25937.0,137913.5,189039.0,2512.5,232227.0,325603.5,134000.5,31581.25,29917.0,136790.5,1391791.0,1408913.5,17122.5,1038901.5,1389413.5,499293.75,0.35935576414076875,0.7464493591351,627975.75,-2377.5
2015-05-12,93615.5,49736.75,21720.25,251837.25,161219.5,2454.25,230248.5,318967.5,142209.0,35398.75,28601.0,118788.25,1417129.5,1435179.2,18049.75,982352.5,1454796.5,580583.5,0.3990822771432293,0.6931988219848645,615363.5,37667.0
2015-05-13,94410.75,50675.75,30379.0,202877.0,177508.5,2482.25,230957.0,310436.5,121878.0,34239.0,29276.25,129800.5,1393403.5,1409707.0,16303.5,982639.0,1414920.5,558333.25,0.3946039724493355,0.7052077879810119,596354.0,21517.0
2015-05-14,94063.0,50972.0,11681.0,72136.5,145414.75,2527.0,231216.5,299964.25,77799.0,25899.75,25319.75,103978.25,1089956.0,1113899.0,23943.0,860723.75,1140971.75,376794.25,0.33023977149302775,0.7896866937747946,507641.25,51015.75
2015-05-15,93876.75,50289.75,3928.0,51934.5,145866.5,2550.5,230278.25,314063.75,111691.25,22792.0,37944.75,110738.25,1231519.8,1249482.5,17962.75,1029790.75,1175954.25,348446.0,0.29630914638048206,0.8361950412815125,559285.25,-55565.55000000005
2015-05-16,94288.5,49900.0,17997.75,156868.5,138179.75,2533.25,228351.0,262796.0,52824.75,26068.75,23108.5,110236.0,1144990.5,1159067.5,14077.0,831944.5,1163152.75,459767.75,0.39527718951788576,0.7265951114878245,451925.5,18162.25
2015-05-17,94555.5,50963.25,21044.75,220352.5,149477.25,2540.25,216897.25,215908.0,40489.0,24277.25,25230.75,102468.25,1061435.2,1082833.5,21398.25,670560.75,1164204.0,538933.5,0.46292015832276817,0.6317491166676967,383142.5,102768.80000000005
2015-05-18,95184.25,51808.0,17098.25,129047.75,182097.5,2464.0,227177.0,311842.25,153710.25,35321.25,27728.25,132177.0,1371581.5,1395206.8,23625.25,1043338.0,1365655.75,477699.75,0.349795144200872,0.7606824676477483,633050.75,-5925.75
2015-05-19,94866.25,52194.0,18660.0,233109.0,125099.25,2465.75,226328.0,305813.5,184265.5,29838.25,26545.75,145613.75,1428677.5,1447899.8,19222.25,1051809.2,1444799.0,526394.25,0.3643373576532099,0.7362117762756115,665531.0,16121.5
2015-05-20,94953.0,48444.75,11145.5,82522.25,105491.75,2471.25,228266.5,306847.75,247550.75,28695.25,32768.75,184011.0,1406578.5,1427112.2,20533.75,1207419.0,1373168.5,345028.5,0.25126450249914706,0.8584085424311547,767104.75,-33410.0
2015-05-21,94739.25,47347.25,7215.0,67080.5,140319.25,2456.75,229943.75,298451.5,247702.0,28738.25,37922.5,182111.25,1405156.2,1422665.0,17508.75,1190541.5,1384027.25,359158.0,0.2595021160168631,0.8472663039169596,757003.0,-21128.949999999953
2015-05-22,94718.5,49966.5,9962.25,31278.75,176991.25,2554.75,229285.25,273232.0,249153.75,30128.75,28028.0,149485.75,1380327.5,1398172.0,17844.5,1162095.2,1324785.5,365472.0,0.27587258465615755,0.8418981727162576,702000.25,-55542.0
2015-05-23,95924.75,51973.5,8162.0,62002.5,119797.25,2564.25,226591.75,248663.25,105664.25,30449.5,23633.5,118907.25,1162168.0,1177663.2,15495.25,972206.25,1094333.75,340424.25,0.31107900126446797,0.8365453617721362,503684.25,-67834.25
2015-05-24,96940.75,51065.25,5296.25,18131.25,143268.75,2555.75,218632.0,227559.0,84443.0,27108.5,25257.25,101267.75,1004036.25,1018049.0,14012.75,837340.0,1001525.5,317258.0,0.31677476010346217,0.8339738729552842,440378.25,-2510.75
2015-05-25,97206.0,53103.5,6160.25,63300.75,113395.25,2537.0,224728.0,234526.75,99653.0,19520.5,23328.0,104976.0,1032525.75,1048730.5,16204.75,849669.5,1042435.0,335702.75,0.3220371054310341,0.8229039324200873,458676.25,9909.25
2015-05-26,95803.25,51819.25,19153.0,121745.5,110495.0,2546.5,225751.5,274074.75,239327.5,22899.0,34316.75,155984.0,1353657.8,1374994.2,21336.5,1102264.2,1353916.0,401562.5,0.2965933632514868,0.8142857079536644,692285.25,258.19999999995343
2015-05-27,95319.0,48507.0,12678.0,113729.0,117913.25,2561.0,225302.0,310235.0,265069.25,30273.75,37569.25,158582.75,1394642.0,1416020.2,21378.25,1150321.8,1417739.25,390707.25,0.2755847028993519,0.8248151138428357,764160.75,23097.25
2015-05-28,95534.25,48370.0,28737.0,232526.0,165646.0,2541.75,221794.0,305458.75,220590.5,33801.5,32897.75,128295.25,1402278.5,1426294.2,24015.75,975369.5,1516192.75,573355.0,0.37815442660572013,0.6955604753264063,688146.0,113914.25
2015-05-29,96021.25,48547.75,20312.5,129572.25,147593.5,2467.75,221465.75,312746.25,223938.5,32994.25,31883.25,142803.25,1377218.0,1393835.2,16617.25,1079739.8,1410346.25,444515.0,0.3151814669624569,0.7840006447780962,712482.25,33128.25
2015-05-30,95984.25,48712.75,29997.25,233138.75,140754.0,2419.5,193348.5,274429.25,60440.75,32278.75,30651.5,117731.75,1184791.2,1206356.0,21564.75,780901.25,1259887.0,551006.5,0.4373459683289057,0.6591045325117202,484880.5,75095.80000000005
2015-05-31,96504.0,47212.75,30318.25,236140.0,155473.0,2425.5,194312.5,257589.0,40856.75,32796.75,22556.5,103956.0,1068924.8,1099656.8,30732.0,646993.5,1220141.0,568073.5,0.46558020753339163,0.6052750389924529,435198.5,151216.19999999995
2015-06-01,94493.5,46664.25,22989.5,141256.0,132071.0,2300.5,221646.25,307574.0,218214.75,29014.0,30957.75,143409.5,1357172.0,1371128.0,13956.0,1060855.5,1390591.0,439774.75,0.3162502489948518,0.7816662147465465,698212.25,33419.0
2015-06-02,92154.75,49281.75,29596.25,424788.0,154355.25,2288.75,216259.75,304462.0,85315.0,29207.0,29393.0,122203.75,1426045.2,1448214.2,22169.0,817305.75,1539305.25,752464.75,0.48883400482133094,0.5731275207826513,541187.75,113260.05000000005
2015-06-03,89222.0,50739.25,26823.25,323231.0,177704.75,2241.0,217771.25,311277.25,108388.5,27350.25,31036.75,133985.0,1406184.2,1426377.8,20193.5,878425.25,1499770.25,669961.25,0.44670925430078373,0.6246871853630556,581001.0,93586.05000000005
2015-06-04,93640.0,50534.0,2418.5,41775.0,218297.75,2241.5,215275.75,336703.0,107379.5,28634.5,33074.0,112596.0,1196726.5,1213464.0,16737.5,934235.25,1242569.5,408906.75,0.32908159261916536,0.7806589475540151,585313.0,45843.0
2015-06-05,92216.25,49059.0,18600.75,134855.25,216419.25,2225.0,216137.25,333919.75,103980.75,28426.0,37450.75,126992.0,1310531.8,1329014.5,18482.75,940656.5,1360282.0,513375.5,0.37740372952079054,0.7177670164127264,593318.5,49750.19999999995
2015-06-06,92023.0,48586.5,24224.25,168864.75,181009.75,2249.0,214536.5,303521.75,77564.0,26261.5,30245.0,97962.5,1174324.0,1201061.5,26737.5,800225.25,1267048.5,516957.25,0.4080011538626974,0.6814348084515006,505309.75,92724.5
2015-06-07,92687.5,46499.5,19004.75,90963.75,186589.75,2212.5,210763.0,281204.75,60139.0,26271.0,28583.75,99463.0,1052549.5,1081688.5,29139.0,755991.25,1144382.25,437957.75,0.3827023269541274,0.718247692863851,467077.75,91832.75
2015-06-08,91577.5,46392.0,15803.5,142078.75,119035.5,2268.75,217632.0,330963.0,216731.25,29736.0,27415.0,153079.25,1373450.0,1390311.0,16861.0,1096532.2,1392712.5,417156.0,0.29952772018632706,0.7983779533292075,730509.5,19262.5
2015-06-09,90151.5,45652.0,11313.75,101304.0,97875.5,2524.0,219514.5,341631.75,245201.75,32515.5,32838.5,192883.75,1413813.2,1428073.2,14260.0,1203320.0,1413406.5,348820.75,0.24679435816942968,0.8511166821755519,812232.75,-406.69999999995343
2015-06-10,89954.5,48729.5,9874.0,74324.5,143399.0,2868.75,217880.0,349217.75,253309.0,28644.5,29281.25,188483.5,1418292.2,1433043.8,14751.5,1190694.8,1435966.25,369150.25,0.25707446118597843,0.8395271439834472,819654.75,17674.050000000047
2015-06-11,91738.5,50428.25,4710.25,55090.5,172317.75,2838.25,216931.25,329313.25,266220.75,28220.75,32084.25,186848.25,1404924.2,1418290.5,13366.25,1172805.8,1436742.0,377123.5,0.26248519219177835,0.834782260850799,810603.0,31817.800000000047
2015-06-12,92208.5,49637.25,8783.0,46994.0,199814.75,2813.0,215402.0,327440.25,272733.25,28199.25,30970.75,176483.0,1396584.2,1410582.2,13998.0,1140992.5,1451479.0,400250.5,0.2757535589560717,0.8169879768079863,804855.75,54894.80000000005
2015-06-13,91771.0,50103.75,23139.5,114343.5,143344.0,2541.0,206699.0,311725.5,87656.75,22813.5,22887.25,106759.25,1183551.0,1197290.2,13739.25,902724.0,1183784.0,425242.75,0.35922326201401605,0.7627250536732257,528955.0,233.0
2015-06-14,92758.0,50527.25,14474.25,103283.25,166147.25,2542.5,203701.0,283104.5,61658.75,24163.0,24254.5,107221.25,1055201.2,1076306.5,21105.25,771296.5,1133835.5,429732.5,0.3790078013962343,0.7309473302342719,476147.5,78634.30000000005
2015-06-15,92328.0,51296.75,19495.25,97091.75,133095.75,2721.5,209943.75,324649.25,224080.0,27879.0,28590.0,154806.25,1354365.8,1362592.8,8227.0,1104683.0,1365977.25,396029.0,0.2899235693713054,0.815645965070884,731414.5,11611.449999999953
2015-06-16,92054.25,52145.0,13948.0,77089.0,137919.5,2784.75,213264.0,329922.75,265613.25,26777.5,23269.0,164608.25,1379174.2,1388312.8,9138.5,1150217.8,1399395.25,375940.5,0.26864497360556283,0.8339902240050605,786921.75,20221.050000000047
2015-06-17,91517.25,52912.0,30859.75,90243.75,192863.0,2840.5,213903.25,322231.75,234241.25,28103.75,27048.25,142959.5,1383312.0,1394956.2,11644.25,1069345.5,1429724.0,461236.25,0.3226050972075729,0.7730327648426385,727536.25,46412.0
2015-06-18,90885.25,52878.25,32746.5,186895.25,87712.25,2750.25,212884.5,342852.5,256004.25,21392.0,33308.75,162254.75,1398559.0,1414092.0,15533.0,1091205.0,1482564.5,453867.75,0.30613693367135125,0.7802352278309317,782503.5,84005.5
2015-06-19,90775.0,52199.75,36075.5,186404.75,104665.0,2833.75,200087.5,332797.75,253086.75,26189.25,28499.25,146798.0,1383682.8,1398570.0,14887.25,1056537.5,1460412.25,472953.75,0.3238494815419413,0.7635691503862012,758871.75,76729.44999999995
2015-06-20,91015.0,53231.0,15562.75,127453.5,107566.75,2880.5,180704.0,300758.0,101467.0,22773.5,25802.25,108629.25,1158266.5,1171687.5,13421.0,907683.5,1137843.5,397709.5,0.3495291751457911,0.7836568699863115,533627.75,-20423.0
2015-06-21,91858.25,53412.5,10671.0,63819.25,107638.0,2687.75,177535.5,302685.25,71014.5,21358.25,29336.25,108550.75,1066681.5,1085750.2,19068.75,884553.25,1040567.25,330086.75,0.3172180846552686,0.8292571400178966,503608.75,-26114.25
2015-06-22,91203.5,52469.75,6750.25,119582.25,90984.0,2707.75,183632.5,326170.0,256820.25,28282.0,38097.0,177330.25,1364658.0,1377189.2,12531.25,1147341.5,1374029.5,363697.5,0.2646940986347091,0.8407538738643675,788602.5,9371.5
2015-06-23,91188.0,51108.0,23737.0,168245.0,126520.5,2973.0,204960.5,348373.25,280781.75,26941.75,16589.5,166094.0,1403901.2,1418672.2,14771.0,1085398.8,1507512.25,463771.5,0.3076402861734623,0.7731304738538581,822190.75,103611.05000000005
2015-06-24,87949.5,50963.75,27716.5,162552.75,132834.25,2963.25,216097.75,352062.0,258697.0,26408.5,28401.75,164344.5,1418049.0,1431257.0,13208.0,1094945.5,1510991.5,464980.0,0.3077317112637629,0.7721492698771341,801512.0,92942.5
2015-06-25,91990.5,50585.0,2865.75,48914.0,175956.75,2955.75,215983.5,346084.25,285539.5,21981.75,31549.0,178515.0,1400194.0,1416283.5,16089.5,1172457.5,1452920.75,373267.75,0.25690854095104637,0.8373536095712452,832120.5,52726.75
2015-06-26,91940.0,51532.5,2245.75,25408.75,157908.75,2849.75,214712.5,344033.5,296206.75,17634.0,29922.75,173287.25,1374364.8,1387432.8,13068.0,1188801.5,1407682.25,331885.5,0.2357673402502589,0.864982499551793,831161.5,33317.44999999995
2015-06-27,92399.0,50768.5,8142.75,150722.0,112502.75,2661.5,209958.75,347437.25,127723.5,14786.25,24640.0,110572.25,1177172.8,1196592.0,19419.25,905805.25,1252314.5,417196.5,0.3331403573143967,0.7694751781556625,600519.25,75141.69999999995
2015-06-28,92888.0,50727.0,11208.75,61313.25,186137.75,2610.0,195677.25,323802.5,79084.75,31827.25,22327.75,105319.5,1049237.0,1073300.8,24063.75,790577.25,1162923.75,404884.75,0.3481610466722345,0.7534782418080949,540034.0,113686.75
2015-06-29,92172.25,50934.0,5667.5,46859.75,182153.75,2707.0,198881.5,356216.0,291929.5,26985.0,33727.25,174144.75,1360981.8,1372353.0,11371.25,1126300.8,1462378.25,380494.25,0.26018866869771895,0.8275649240864206,849275.25,101396.44999999995
2015-06-30,91406.75,51478.5,2119.75,37789.0,207983.25,2714.5,196911.0,331747.5,319439.5,26347.25,35321.5,185654.75,1382484.2,1395163.5,12679.25,1134592.2,1488913.25,393491.75,0.264281179578461,0.8206908983118939,863189.0,106429.05000000005
2015-07-01,91089.5,51458.0,26174.75,118749.25,217829.0,2297.25,206299.75,333022.5,291209.75,32562.25,35284.75,162994.25,1423537.0,1440539.0,17002.0,1060784.0,1568971.0,507597.75,0.3235227101074526,0.7451748707620526,819788.75,145434.0
2015-07-02,90944.75,52177.25,36830.5,185107.75,212960.75,2279.5,206343.0,347933.25,258314.25,30436.0,45542.25,162765.0,1461593.8,1482163.2,20569.5,1026694.75,1631634.25,580300.5,0.3556559933698376,0.702448758334908,799448.5,170040.44999999995
2015-07-03,90570.75,51039.5,6006.0,80498.75,189465.75,2505.5,175014.25,341379.75,268038.25,52350.25,39999.5,178117.0,1433013.2,1454055.0,21041.75,1157042.8,1474985.25,420086.25,0.2848070853589892,0.8074194989969388,839885.25,41972.05000000005
2015-07-04,89963.25,50181.25,9806.5,72082.75,196261.5,2100.75,151614.25,329540.0,190187.0,28916.5,30099.5,140078.0,1216157.2,1238600.0,22442.75,938006.5,1290831.25,420396.0,0.32567851142432447,0.7712872151725123,688721.5,74674.05000000005
2015-07-05,89429.75,49270.5,6067.75,80317.5,174594.0,2085.5,153796.75,329517.75,136384.0,27361.0,28524.25,102302.0,1106196.8,1128977.2,22780.5,845217.5,1179650.75,401765.0,0.3405796164669925,0.7640751627558495,595564.75,73453.94999999995
2015-07-06,90811.0,48862.25,26693.25,163693.5,190644.25,2195.75,156094.0,358495.75,214223.0,36284.5,41057.75,164797.0,1407216.5,1427464.2,20247.75,1026185.5,1493852.0,522900.0,0.35003467545647093,0.7292307189405468,773800.25,86635.5
2015-07-07,90662.25,49112.0,15158.0,85404.75,184434.5,2176.25,155877.5,365025.0,248633.25,45177.0,29221.0,173792.5,1438257.8,1455871.8,17614.0,1153260.5,1444674.0,426947.75,0.2955322446448126,0.8018454688721313,832627.75,6416.199999999953
2015-07-08,89981.25,48988.75,45049.5,366535.0,127194.25,2249.25,150446.0,353150.75,197440.0,27054.0,22896.25,126688.5,1436067.2,1453350.0,17282.75,897288.5,1557673.5,679998.0,0.43654719682911725,0.6248234762272964,704333.25,121606.30000000005
2015-07-09,89734.25,47660.0,49376.75,372870.75,137694.0,2310.25,146972.5,335797.0,172600.5,30480.75,23959.25,122709.25,1411164.2,1427532.0,16367.75,851222.75,1532165.25,699646.0,0.4566387339746806,0.6032060266268093,661587.5,121001.05000000005
2015-07-10,90102.0,47376.0,22914.0,215243.75,200968.5,2404.0,153994.75,330701.25,207760.75,28177.0,25730.5,126376.25,1376786.0,1400013.5,23227.5,937659.75,1451748.75,579008.25,0.39883502568884593,0.6810497419352027,693015.25,74962.75
2015-07-11,92336.5,45791.25,5651.5,43630.5,193950.0,2289.75,157331.5,318507.0,171898.25,25411.75,25134.5,114741.0,1170569.2,1182283.2,11714.0,927337.25,1196673.5,383649.5,0.3205966372615421,0.7922105331320866,630558.0,26104.300000000047
2015-07-12,92527.5,44706.25,11963.0,101833.25,140937.5,2247.0,154393.25,335896.0,111361.5,24893.75,17085.0,95537.75,1082322.5,1105043.5,22721.0,827588.75,1133381.75,394214.5,0.3478214643918521,0.7646415463043593,567689.0,51059.25
2015-07-13,91337.75,44010.25,2707.0,111312.0,75684.25,2385.5,157424.0,383175.5,252772.5,25897.0,30952.25,166376.75,1386611.5,1398114.5,11503.0,1196908.2,1344034.75,327436.75,0.24362223521378445,0.8631892927471032,828221.75,-42576.75
2015-07-14,91091.25,46137.25,1972.0,115347.75,108583.5,2420.0,157281.75,383020.75,279159.0,25403.75,27500.75,175934.5,1422298.5,1437278.0,14979.5,1196395.2,1413852.25,365551.75,0.2585501773611776,0.8411702606731287,863518.0,-8446.25
2015-07-15,92049.75,45533.25,6927.25,46167.75,162619.5,2282.0,157184.5,373437.75,283844.25,40422.0,30589.0,198508.25,1419442.8,1434897.8,15455.0,1203728.2,1439565.25,355579.5,0.24700478147829702,0.8480286771682521,896212.25,20122.449999999953
2015-07-16,92082.25,45070.25,7481.0,30693.5,183513.25,2345.0,155645.5,357600.5,283319.0,40093.5,37933.25,196024.5,1422858.8,1438484.5,15625.75,1201171.0,1431801.5,361185.25,0.25225930410046365,0.8441955027441935,877037.5,8942.699999999953
2015-07-17,91253.0,44371.0,37793.25,148407.75,168474.25,2332.25,153522.5,355815.0,265098.75,27846.25,32797.75,179435.25,1411155.8,1432769.8,21614.0,1056480.5,1507147.0,492631.5,0.3268636038820367,0.7486632588690774,828195.25,95991.19999999995
2015-07-18,91930.5,44210.75,27817.0,127152.25,148599.75,2179.75,153407.75,351624.75,205230.0,26334.25,24351.0,117825.25,1173462.0,1193324.8,19862.75,869893.0,1320663.0,441890.0,0.3345970925209535,0.7413047887362352,701014.25,147201.0
2015-07-19,91585.25,41754.5,16706.75,116474.5,108780.25,2167.5,155378.75,352109.0,158590.0,35125.25,19022.5,100673.75,1075339.2,1092167.2,16828.0,833377.75,1198368.0,377468.75,0.3149856721808326,0.7749905797166141,646498.0,123028.80000000005
2015-07-20,90157.0,43225.75,15827.75,110661.0,145534.0,2366.75,154806.25,383832.0,233139.0,49842.75,34855.75,164527.25,1375381.8,1389595.8,14214.0,1103359.0,1428775.25,407772.25,0.28539985557560577,0.8022201544327545,831341.0,53393.44999999995
2015-07-21,88590.0,44170.0,37421.75,166761.75,172693.5,2401.5,148792.25,365307.5,264349.25,56961.5,31765.75,162608.75,1432158.8,1452616.8,20458.0,1055281.8,1541823.5,512038.5,0.33209929670938343,0.7368469194896544,849227.0,109664.69999999995
2015-07-22,89044.5,43724.25,14400.75,68519.75,165599.0,2438.5,150936.5,398677.0,277226.0,65358.5,20835.25,179008.75,1435284.0,1452083.5,16799.5,1186764.5,1475768.75,383726.75,0.26001821084773613,0.8268499474668428,920270.25,40484.75
2015-07-23,89822.75,44128.75,10328.0,68933.0,132928.5,2480.5,152975.5,404047.5,274455.5,69783.5,22567.75,175609.5,1407231.0,1422670.0,15439.0,1195041.5,1448060.75,348621.5,0.24075060386796618,0.849214876590979,923896.0,40829.75
2015-07-24,90694.75,43569.0,10409.75,74287.0,169176.5,2490.25,174189.25,384870.75,251373.25,49009.5,26915.0,166014.5,1380103.8,1395285.5,15181.75,1126230.5,1442999.5,390627.25,0.27070504875434814,0.8160476769935711,851268.0,62895.69999999995
2015-07-25,90776.5,42415.25,37347.0,405351.25,135593.25,2227.75,170105.5,292918.5,49112.25,30248.25,15243.75,101004.75,1203321.0,1225831.8,22510.75,625029.5,1372344.0,713711.0,0.5200671260267105,0.5194204206525108,473283.75,169023.0
2015-07-26,90503.0,41215.25,27926.0,245750.0,177346.75,2257.0,164869.0,274977.0,57138.25,37022.75,23509.5,97306.25,1056176.2,1076630.5,20454.25,605153.5,1239820.75,584998.0,0.4718407882752406,0.572966423594851,466444.25,183644.55000000005
2015-07-27,89642.5,39462.25,26008.0,247722.0,113896.0,2330.75,186283.25,382828.5,155203.75,25434.25,22433.5,111630.5,1352494.0,1374466.2,21972.25,964868.0,1402875.25,519061.5,0.36999833021503514,0.7133990982584766,675097.0,50381.25
2015-07-28,88924.5,39918.75,37309.75,394006.0,123038.25,2241.25,182843.25,358624.75,95416.0,31038.5,23460.5,98557.0,1388360.8,1404521.5,16160.75,834006.75,1475378.5,685438.5,0.46458485059935467,0.6007132656006997,583636.25,87017.69999999995
2015-07-29,89253.5,39549.0,47368.25,344947.0,118725.0,2257.25,178988.25,377086.25,117944.5,39368.0,21501.0,93239.25,1378486.0,1398061.0,19575.0,867445.75,1470227.25,642100.0,0.4367352053908673,0.6292742545082068,627638.0,91741.25
2015-07-30,89678.25,41001.75,52908.5,334285.25,151512.0,2258.5,177096.25,361922.25,119212.0,43813.75,22346.25,86384.0,1377652.8,1398106.8,20454.0,838947.0,1482418.75,671644.25,0.45307322913987697,0.6089683844870057,611332.0,104765.94999999995
2015-07-31,89987.0,39088.25,27556.0,112514.25,188271.5,2346.75,187622.5,407860.0,133899.75,27613.25,24936.5,87824.0,1334274.0,1352715.0,18441.0,1005932.25,1329519.75,459763.75,0.34581189937193485,0.7539172988456644,657197.0,-4754.25
2015-08-01,88882.0,37143.75,4535.5,58927.0,157697.0,2253.5,185608.25,372276.0,78492.25,32308.5,25862.75,85284.0,1140056.5,1156323.0,16266.5,918897.0,1129270.5,349438.75,0.3094375971036169,0.8060100530105306,568360.75,-10786.0
2015-08-02,88203.25,39845.25,3960.0,36617.0,183835.25,2204.75,176628.25,330760.0,48840.25,42788.0,20834.5,87573.25,1040171.75,1060509.0,20337.25,815759.5,1062089.75,354665.5,0.3339317604750446,0.7842546194895218,509961.5,21918.0
2015-08-03,88370.5,39499.5,22996.0,102528.25,203408.25,2170.25,186830.25,389429.25,158360.5,26479.25,30937.25,109881.0,1341428.5,1359616.8,18188.25,1012496.0,1360890.25,458972.75,0.3372591948542507,0.7547893905638653,684150.0,19461.75
2015-08-04,87616.0,39605.75,13808.25,153487.5,139899.75,2221.75,188275.5,388384.5,221276.0,28164.25,22645.75,112758.5,1378695.0,1399113.8,20418.75,1071499.5,1398143.5,436639.0,0.3122991309547267,0.7771838586489398,750583.25,19448.5
2015-08-05,88262.0,41123.0,10566.5,54508.0,194809.0,2237.5,189266.0,393377.0,252300.0,24681.25,25192.25,110401.5,1356978.8,1374823.2,17844.5,1097095.2,1386724.0,391506.0,0.2823243846648648,0.8084836697522466,780759.75,29745.199999999953
2015-08-06,88661.75,41190.5,17846.0,81220.0,190601.5,2194.0,188083.75,385273.25,262892.75,23514.5,33426.25,115849.25,1385305.2,1407985.5,22680.25,1095637.8,1430753.5,421713.75,0.2947494100136746,0.7908999403164011,787529.75,45448.30000000005
2015-08-07,88408.75,40427.5,3273.0,69198.25,176365.25,2131.5,200423.0,386070.75,273294.75,25864.25,27524.5,110807.75,1359287.2,1379361.8,20074.5,1110450.8,1403789.25,379804.25,0.2705564599529452,0.8169361118091895,796037.5,44502.05000000005
2015-08-08,89192.5,40438.5,7884.25,121174.0,157084.0,1988.25,199568.5,353650.25,132633.75,28359.25,22139.0,91578.5,1189120.2,1206328.8,17208.5,902978.0,1245690.75,417761.5,0.335365338467834,0.7593664627007429,606221.75,56570.55000000005
2015-08-09,89308.5,39368.25,2431.0,65743.0,171796.75,1889.0,207397.5,342596.75,89138.75,31342.0,24222.25,86137.0,1077699.8,1097265.8,19566.0,837729.0,1151370.75,370536.5,0.3218220542774775,0.7773305701643445,549214.5,73670.94999999995
2015-08-10,88761.25,40724.5,2987.25,72776.5,149189.5,2162.75,214911.0,382184.75,248397.5,24709.75,35812.75,109472.5,1349076.0,1366099.0,17023.0,1124122.8,1372090.0,356601.75,0.2598967633318514,0.8332538715387421,764764.5,23014.0
2015-08-11,87966.25,41849.5,3992.25,78365.0,166505.5,2212.25,217792.5,382863.75,292769.25,24389.0,30663.75,117576.0,1389722.0,1410708.0,20986.0,1140859.2,1446945.0,380890.75,0.263237890866619,0.8209261996284148,817598.0,57223.0
2015-08-12,88764.0,41182.75,6187.75,69161.5,154921.25,2155.5,218576.75,387138.75,316812.0,26414.5,27560.0,120435.75,1387330.0,1405230.5,17900.5,1157059.5,1459310.5,362372.75,0.24831778432348703,0.8340189428614677,850801.0,71980.5
2015-08-13,89034.75,38838.0,32308.5,158313.0,182843.5,2162.0,233095.5,376479.5,274749.75,33929.75,21206.5,105132.75,1393746.2,1416657.2,22911.0,1020281.25,1548093.5,503499.75,0.32523859185507853,0.7320423546266889,790291.75,154347.30000000005
2015-08-14,89117.75,37900.25,35026.75,174742.0,146496.0,2186.25,239852.5,361568.0,246148.25,27482.75,24574.0,104068.0,1370371.8,1390589.5,20217.75,1014107.0,1489162.5,485469.0,0.3260013598247337,0.7400232550027663,739267.0,118790.69999999995
2015-08-15,89143.0,37490.0,8104.25,61800.75,121590.25,2076.5,248789.75,322192.75,173262.5,30370.25,19002.5,86110.75,1153315.5,1169124.0,15808.5,961820.25,1199933.25,320204.75,0.26685213531669366,0.8339610887046953,611936.25,46617.75
2015-08-16,88903.25,38797.25,19145.5,72583.5,56385.75,2041.25,252442.0,310469.5,149385.0,34295.0,11441.25,89473.75,1063923.5,1078721.8,14798.25,915808.75,1125363.0,277856.5,0.2469038879010595,0.8607843985023359,583623.25,61439.5
2015-08-17,89313.25,41627.5,24232.75,115278.5,49826.25,2113.0,253164.25,376461.0,237353.5,30173.0,28999.5,127384.5,1347075.8,1364296.5,17220.75,1157738.2,1375927.0,322391.25,0.23430839717514082,0.859445474412056,771372.0,28851.199999999953
2015-08-18,90391.0,43765.25,25358.0,90762.0,94327.5,2130.25,253495.25,382902.5,261598.0,23198.5,25635.25,129369.25,1363137.8,1381710.2,18572.5,1152690.2,1422932.75,346734.0,0.24367560589212667,0.8456153149006651,797068.25,59794.94999999995
2015-08-19,90633.75,43310.75,7516.5,27790.75,104524.0,2127.75,254817.25,415275.5,253869.75,23078.75,24020.5,127675.0,1355961.0,1372572.2,16611.25,1216129.8,1374640.25,275903.5,0.2007096038399865,0.8968766800815068,819899.0,18679.25
2015-08-20,91024.5,43762.75,3796.0,22609.25,123529.25,2116.5,253930.75,418866.5,273452.5,21460.25,20834.25,123106.25,1363692.5,1383308.8,19616.25,1213758.0,1398488.75,286838.25,0.2051058687458158,0.8900525595029671,836885.5,34796.25
2015-08-21,91515.5,40020.0,8559.0,42197.0,173469.25,2105.5,240423.25,416273.0,242863.5,24579.5,22825.5,109803.0,1342451.8,1359164.2,16712.5,1118226.5,1414634.0,357866.25,0.25297444427321836,0.8329732955775395,793519.0,72182.19999999995
2015-08-22,91308.5,36996.25,22112.75,95013.75,186346.75,1810.25,250049.5,390368.0,101922.25,23083.75,19507.0,83025.75,1156390.2,1173992.2,17602.0,852917.0,1301544.5,433588.25,0.3331336346932433,0.7375685127736296,598399.75,145154.30000000005
2015-08-23,91184.25,34285.0,48513.5,248168.25,171316.75,1799.25,235772.25,317846.25,50668.25,22200.5,22516.75,88123.25,1069342.2,1097704.8,28362.5,601343.75,1332394.25,595267.0,0.446764912112162,0.562349218051995,478838.25,263052.05000000005
2015-08-24,91406.0,33299.25,33374.25,221302.75,120085.25,2208.25,247707.5,404601.75,193070.5,24714.5,28851.5,108456.5,1374361.5,1390567.8,16206.25,999599.25,1509078.0,501675.75,0.33243858170353024,0.7273190132290522,730843.25,134716.5
2015-08-25,90677.0,36485.75,49973.0,351305.75,127302.0,2250.75,242005.25,369354.5,155283.0,24043.0,26295.5,113171.0,1409083.5,1432889.5,23806.0,880502.75,1588146.5,657994.25,0.41431583925034626,0.6248762049942391,661851.5,179063.0
2015-08-26,91211.0,38503.5,52252.25,232381.25,180242.5,2253.25,242533.5,402496.25,198035.25,22062.0,23649.5,108156.0,1411981.2,1434926.0,22944.75,947105.25,1593776.25,596843.75,0.37448402810620374,0.670763357189175,730749.5,181795.05000000005
2015-08-27,91247.0,38317.25,43390.5,194794.25,119739.5,2248.0,247130.5,392138.0,264777.25,22193.0,32812.5,114680.25,1414906.0,1430254.2,15348.25,1056981.8,1563468.0,489736.5,0.3132373032259055,0.7470332304760882,793788.5,148562.0
2015-08-28,91660.25,38685.0,22164.25,68404.75,107128.75,2160.25,251412.5,398004.5,343916.5,34220.25,31218.0,111026.0,1380512.8,1397466.0,16953.25,1182815.0,1500001.0,330203.25,0.22013535324309783,0.8567939391797019,887167.25,119488.19999999995
2015-08-29,90989.0,37302.25,13413.0,28552.75,172191.5,1778.75,250378.0,399092.75,170404.5,31530.75,23660.25,100693.25,1174553.5,1192668.2,18114.75,960396.25,1319986.75,344227.25,0.2607808373834056,0.8176692249437765,701721.25,145433.25
2015-08-30,91333.5,34355.25,5002.5,38570.0,162396.25,1765.0,248220.5,366891.5,122391.25,30750.25,23119.25,90488.5,1079632.2,1102377.2,22745.0,873663.5,1215283.75,333422.5,0.274357737441976,0.8092232706656952,610521.5,135651.55000000005
2015-08-31,90458.0,35328.0,16268.25,78775.0,166717.25,2014.25,248900.25,374879.25,320576.25,31909.5,46144.25,112852.0,1395918.0,1413540.5,17622.5,1134157.5,1524822.25,389560.75,0.2554794501457465,0.8124814638109116,840217.0,128904.25
2015-09-01,90532.5,38358.75,45362.0,169191.0,94595.5,2036.75,250476.25,358430.25,348013.5,40904.25,29846.0,121820.75,1435239.8,1456428.5,21188.75,1126091.2,1589567.5,440076.5,0.2768529804490844,0.7846014303672459,869168.75,154327.69999999995
2015-09-02,90828.75,39312.25,55391.75,139936.5,120105.0,2013.25,252864.0,386878.75,301666.25,22318.0,23469.75,171922.75,1410018.2,1430693.8,20675.5,1094585.0,1606707.0,447587.5,0.2785744382765495,0.7762913982245052,882785.75,196688.80000000005
2015-09-03,91341.0,39213.5,51440.75,60937.75,91535.5,1994.0,250230.25,395783.75,344939.25,35695.5,28790.5,128997.0,1400276.0,1415496.2,15220.25,1196362.0,1520898.75,336462.5,0.22122610068553217,0.8543758516178239,905415.5,120622.75
2015-09-04,91866.75,43017.75,35458.75,185877.25,123201.0,1965.5,251945.75,384412.75,276820.5,21677.25,24222.75,131713.0,1384113.2,1402696.0,18582.75,1039576.25,1572179.0,481387.0,0.30619096171619137,0.7510774769000108,814623.5,188065.80000000005
2015-09-05,92042.0,40010.0,46857.75,389602.75,95646.25,2003.25,242819.5,303601.5,61527.75,22748.5,23380.25,92270.5,1188822.8,1211798.2,22975.5,656716.0,1412510.0,666162.0,0.47161577617149614,0.5524086516510283,480148.25,223687.19999999995
2015-09-06,92457.0,40508.0,40376.25,458040.25,97597.75,2009.75,210430.75,238293.75,50793.75,19645.75,17439.75,101112.0,1099124.2,1130981.5,31857.25,503110.0,1368704.75,730989.0,0.5340735465409907,0.45773716928441754,409845.25,269580.55000000005
2015-09-07,92086.25,37257.5,22301.75,139803.0,89034.5,2103.5,252832.25,391034.0,282896.25,23661.75,26983.5,117954.5,1382586.8,1395594.5,13007.75,1131447.5,1477948.75,382586.5,0.258863170999671,0.818355491315265,815546.5,95361.94999999995
2015-09-08,91980.0,38357.0,11571.75,69665.75,117961.25,2122.5,252415.75,428175.5,343414.75,24059.25,25944.0,121169.75,1414328.0,1429964.5,15636.5,1215129.2,1526837.25,331658.25,0.217219124042199,0.8591565747125136,916819.25,112509.25
2015-09-09,92178.75,36326.0,5157.75,83773.75,142308.25,2141.25,252758.75,448891.25,329660.75,29310.5,19709.25,118220.75,1401616.0,1419239.5,17623.5,1170376.2,1560437.0,361885.75,0.2319130794770952,0.8350191493247794,926083.25,158821.0
2015-09-10,92361.75,35106.5,16624.75,130173.0,141591.5,2228.0,252322.25,435335.5,279040.75,25255.0,24129.5,119867.5,1404584.0,1421231.2,16647.25,1116194.8,1554036.0,418085.5,0.26903205588544926,0.7946799906591561,859498.75,149452.0
2015-09-11,93806.0,34886.0,32165.0,117658.75,138020.25,2242.5,251336.5,431158.75,268119.25,24639.0,29461.0,108476.5,1393470.2,1406304.5,12834.25,1105626.2,1531969.5,418778.5,0.27335955448199195,0.7934336880688228,832393.5,138499.30000000005
2015-09-12,94777.75,33543.5,27647.0,117242.25,131438.0,1992.75,250851.75,410380.0,193317.5,22498.0,17900.75,84464.5,1196281.2,1214993.2,18712.0,919954.0,1386053.75,406641.25,0.29338057777340887,0.7690114999717458,710660.0,189772.55000000005
2015-09-13,94369.25,30490.0,16807.75,113834.5,96787.5,1896.0,240394.0,416142.5,131324.0,21659.25,13265.0,78524.75,1093266.2,1112933.0,19666.75,865836.5,1255494.5,354185.0,0.28210796622366724,0.7919722570770047,647650.5,162228.30000000005
2015-09-14,94157.5,32278.25,25995.75,192470.25,70733.0,1970.25,247540.25,431489.5,257513.75,24122.5,29003.75,112979.0,1407604.8,1424613.8,17009.0,1118405.8,1520253.75,417605.0,0.2746942738999986,0.794545315560163,826104.75,112648.94999999995
2015-09-15,93538.25,39158.75,53067.5,309350.5,95002.5,1954.25,250891.75,387040.25,195537.25,30397.75,23054.75,108329.75,1447300.5,1465230.2,17929.75,989880.0,1587323.25,592071.75,0.3730001119809717,0.6839491867791105,721305.0,140022.75
2015-09-16,93212.75,37554.5,37471.25,267351.0,70322.75,2008.5,249725.75,419185.5,239973.0,33142.0,25629.25,405787.0,1450007.5,1463261.5,13254.0,1074862.5,1881363.25,507920.75,0.26997484403928906,0.7412806485483696,1098087.5,431355.75
2015-09-17,92594.25,36770.0,53627.5,391476.0,76104.5,1982.25,238955.5,379446.5,194574.5,42710.0,18598.5,111691.25,1458469.0,1472895.0,14426.0,937261.0,1638530.75,652554.5,0.39825587649178995,0.642633473868831,728422.25,180061.75
2015-09-18,92786.25,37116.5,25849.5,172997.5,111527.75,2053.5,249873.5,426199.75,281077.25,23905.5,21938.25,109922.25,1400770.5,1419061.5,18291.0,1090395.8,1555247.5,442331.0,0.28441196658409673,0.7784257306960706,841104.75,154477.0
2015-09-19,92993.75,35489.0,10885.75,76718.75,105756.5,1937.75,250695.25,439772.25,172295.0,21780.75,23387.0,491341.0,1186330.2,1203686.8,17356.5,992969.25,1723052.75,323781.5,0.1879115424643848,0.837009164901981,1125189.0,536722.55
2015-09-20,92635.25,33017.75,26053.0,140167.25,90975.25,1958.25,248258.25,421317.25,91608.5,21986.75,15393.0,76898.25,1090959.8,1119058.0,28098.25,833764.25,1260268.75,384806.75,0.30533705608426776,0.7642483710215536,611810.75,169308.94999999995
2015-09-21,92471.5,31812.5,18042.5,71340.0,133641.75,2221.0,249817.0,438085.75,316346.5,40277.75,27241.0,114519.25,1390748.5,1405586.5,14838.0,1167724.2,1535816.5,349529.25,0.2275852942066972,0.839637216937498,909229.25,145068.0
2015-09-22,92546.25,33554.75,27265.25,152469.25,66472.25,2207.0,247460.5,412417.75,342632.75,37890.5,24406.75,119422.0,1435608.0,1454946.2,19338.25,1189401.2,1558745.0,374514.75,0.24026684929221906,0.8284999804960685,912363.0,123137.0
2015-09-23,93403.5,36756.25,2167.25,75820.25,64207.0,2357.0,251582.0,443341.5,388991.0,52211.0,30659.0,115643.75,1434547.0,1458925.2,24378.25,1292352.5,1557139.5,274711.25,0.1764204491633537,0.900878465466799,1000187.25,122592.5
2015-09-24,92805.0,37948.5,35153.25,157344.5,99773.0,2208.75,247256.25,419513.5,311845.25,37885.75,21940.75,113215.0,1433948.2,1457178.8,23230.5,1141677.5,1576889.5,425233.0,0.26966569312561217,0.7961776443528434,882459.5,142941.30000000005
2015-09-25,93162.5,36494.5,25134.5,60488.0,104588.5,2304.25,236004.0,441946.25,350781.0,33878.5,30750.0,112626.25,1413457.2,1428018.8,14561.5,1223246.2,1528158.25,322172.25,0.21082387900598645,0.8654285393289588,939232.0,114701.05000000005
2015-09-26,93676.5,35069.75,6739.25,57646.75,94858.5,2308.75,221873.25,429081.0,260299.0,22690.0,21408.25,83951.5,1212919.8,1231436.5,18516.75,1053675.2,1329602.5,290299.5,0.21833555517532496,0.8687097036424006,796021.5,116682.69999999995
2015-09-27,93933.75,31862.75,6856.5,84852.25,130183.75,2266.5,221354.25,421092.25,136771.0,22965.0,19260.0,80017.25,1095111.0,1119219.0,24108.0,873218.5,1251415.25,349955.5,0.2796477827803361,0.7973789871529005,660845.5,156304.25
2015-09-28,94387.0,31740.75,2541.5,83345.5,130786.5,2490.5,222612.0,443644.75,331334.25,33073.5,31343.25,118387.25,1407247.5,1427097.5,19850.0,1190574.0,1525686.75,345291.75,0.22631890196332896,0.8460302825195994,926439.75,118439.25
2015-09-29,94004.0,34661.75,1801.75,163113.25,142000.5,2490.5,223464.5,428696.75,325359.75,33368.25,29815.25,290363.25,1446055.0,1467745.0,21690.0,1139139.5,1769139.5,438071.75,0.24761854562627764,0.7877566897524645,1077788.0,323084.5
2015-09-30,93100.75,33542.5,2586.5,146542.75,159769.75,2464.0,223386.75,434234.0,343423.25,34042.5,33353.25,120321.75,1439201.0,1457965.0,18764.0,1130302.0,1626767.75,438006.25,0.2692494057618243,0.7853677144471134,932021.5,187566.75
2015-10-01,92475.5,32037.75,4214.75,103322.5,169808.0,2031.0,223653.25,426387.0,365198.0,27439.0,29846.0,123220.5,1411533.5,1434073.0,22539.5,1134188.2,1599633.25,403889.5,0.2524888126700292,0.8035149006382065,942244.5,188099.75
2015-10-02,92584.5,29878.5,5392.0,71689.25,160641.0,2097.0,223610.5,430142.0,384011.0,24288.5,31760.5,123100.0,1387105.2,1406952.8,19847.5,1149383.0,1579194.75,362282.25,0.22940948226936544,0.8286199201041132,961541.5,192089.55000000005
2015-10-03,93039.25,29876.75,6509.25,58469.75,134111.75,2099.5,222598.0,407282.0,216858.5,24735.0,24889.75,86493.75,1103941.8,1119600.8,15659.0,904851.0,1306963.25,324106.25,0.2479842107266597,0.8196546230969785,735369.25,203021.44999999995
2015-10-04,93024.5,28225.5,6293.75,49201.0,72106.75,2076.75,221415.75,419787.25,200254.25,22882.25,20047.25,86439.0,1081326.0,1101631.2,20305.25,953724.5,1221754.0,250928.25,0.20538361241297348,0.8819953464542608,729362.75,140428.0
2015-10-05,93471.0,28538.0,22887.75,94152.0,101552.75,2025.25,219754.75,420037.25,338782.5,29586.75,28483.25,108213.0,1381206.5,1394458.0,13251.5,1162614.0,1487484.25,342626.75,0.23033974981583838,0.8417380022465866,896619.5,106277.75
2015-10-06,93930.0,33211.5,59658.75,233524.5,56156.25,2003.25,186235.25,409419.75,326447.25,53657.5,25378.75,130580.25,1462233.2,1476693.8,14460.5,1112893.8,1610203.0,478484.25,0.2971577186230556,0.7610918696142313,920104.75,147969.80000000005
2015-10-07,94135.25,35618.0,41136.25,167183.0,37457.25,2049.75,191239.5,410042.5,345026.0,60594.5,29445.25,122156.0,1456866.0,1478759.5,21893.5,1211089.5,1536083.25,377579.5,0.24580666444998994,0.8312977995230859,937819.0,79217.25
2015-10-08,94951.5,39213.75,15636.25,43872.0,44709.5,2102.0,194268.75,435959.75,367430.25,75692.0,28851.5,124796.5,1451470.0,1472148.5,20678.5,1347252.2,1467483.75,240485.0,0.16387574990183026,0.9281984470915692,1003878.5,16013.75
2015-10-09,94784.5,37356.75,6674.0,37421.0,60436.25,2198.5,194171.0,443800.25,351865.5,70435.0,27658.5,128829.75,1423404.5,1442995.0,19590.5,1318873.2,1455631.0,238871.0,0.1641013416174841,0.926562477496734,994930.5,32226.5
2015-10-10,95038.0,34707.75,26065.0,154841.25,72660.5,2172.5,191794.75,432700.75,232143.0,26867.25,19850.5,89825.5,1210169.5,1226238.5,16069.0,956602.75,1378666.75,385485.0,0.2796070914163992,0.7904700539883049,781536.5,168497.25
2015-10-11,94874.25,30277.0,56997.0,267702.0,111137.25,1942.5,185662.75,408338.75,80935.75,23144.75,18720.75,83808.5,1111534.0,1141488.5,29954.5,675697.75,1363541.25,562930.0,0.41284412921134583,0.6078966095504051,596227.75,252007.25
2015-10-12,95435.0,27552.5,49690.75,176056.5,119868.75,2175.25,190002.5,425450.0,281815.0,41222.0,28051.75,136269.0,1420595.2,1444088.5,23493.25,1074979.2,1573589.0,470778.75,0.299175165815216,0.756710426728177,884756.0,152993.80000000005
2015-10-13,95507.0,30474.75,41860.0,92499.25,44310.0,2210.75,191173.5,433504.0,358394.25,79626.25,39487.75,163771.75,1490625.0,1507273.5,16648.5,1311955.8,1572819.25,306861.75,0.19510299737239356,0.8801380628930818,1035296.25,82194.25
2015-10-14,95540.75,33953.75,58198.0,75796.75,22928.5,2230.25,188252.0,432683.0,371685.0,96212.75,29705.25,168680.0,1523737.2,1546129.2,22392.0,1366814.0,1575866.0,288648.0,0.18316785818083517,0.897014262039412,1069260.75,52128.80000000005
2015-10-15,95343.75,35192.75,55160.5,117760.75,13683.0,2245.75,189621.25,406736.5,372569.75,106437.0,28916.0,166523.25,1521378.2,1543646.2,22268.0,1334774.0,1590190.25,319386.5,0.2008479802966972,0.8773452912628826,1052266.5,68812.05000000005
2015-10-16,94918.0,36384.5,54685.5,35579.0,16653.5,2269.5,194987.0,390528.0,406679.0,97450.25,34510.5,163446.75,1487050.2,1508496.8,21446.5,1380132.2,1528091.5,240490.0,0.15737931923579185,0.9281006115328184,1058104.0,41041.30000000005
2015-10-17,95062.0,35079.75,18162.75,10383.75,30161.5,2260.5,195398.75,373026.75,348733.25,46815.5,19552.25,134068.5,1259580.5,1274058.2,14477.75,1200872.5,1308705.25,191110.25,0.146030017072217,0.9533908313124886,902644.0,49124.75
2015-10-18,94975.25,32585.5,12551.0,18536.75,29224.75,2230.25,195294.0,368488.25,309911.25,29603.0,19587.25,106871.25,1155736.2,1176772.5,21036.25,1095423.8,1219858.5,190103.5,0.15584061594029144,0.9478147348850023,814873.75,64122.30000000005
2015-10-19,95330.5,33283.25,4820.0,17571.5,37181.25,2101.75,194707.25,403443.5,381021.5,81524.25,31559.5,159209.0,1460230.8,1479418.5,19187.75,1400658.0,1441753.25,190288.25,0.13198392304647136,0.9592031615824018,1025198.25,-18477.550000000047
2015-10-20,96359.75,34514.75,1960.0,24324.25,35196.5,1965.25,194887.75,422525.5,374541.25,81962.75,27524.0,158864.0,1490949.5,1511192.0,20242.5,1429468.8,1454625.75,194320.5,0.13358796927663352,0.9587640627667134,1037893.5,-36323.75
2015-10-21,96293.25,34541.5,38933.0,76030.5,42148.75,2233.0,221766.0,430919.75,357126.0,73103.5,31776.5,152589.5,1486456.2,1507365.2,20909.0,1329344.0,1557461.25,290180.0,0.18631603193979945,0.8943041846776245,1013738.75,71005.05000000005
2015-10-22,95928.0,31785.5,54439.25,204215.25,36772.75,2357.75,222251.75,415601.0,350648.5,48089.5,27791.5,147498.75,1495807.5,1514433.0,18625.5,1200380.2,1637379.5,425498.5,0.2598655351431968,0.8024964442282847,961837.75,141572.0
2015-10-23,96033.75,31313.5,31462.75,152957.75,62098.0,2325.5,225399.25,390335.25,339993.25,54582.5,32909.75,144257.75,1455423.0,1473314.5,17891.5,1208904.5,1563669.0,376191.25,0.24058240586722637,0.8306207198869332,929168.75,108246.0
2015-10-24,97001.75,31312.75,41229.25,92099.5,65284.5,2240.75,249490.0,407832.0,247971.0,33840.0,20368.75,133914.25,1245788.5,1265683.5,19895.0,1047175.25,1422584.5,329168.5,0.2313876609790139,0.840572256045067,823557.25,176796.0
2015-10-25,101354.5,30584.5,28327.75,93321.25,40375.75,2313.5,265692.0,429658.25,187054.25,28835.75,20018.75,331426.0,1197595.5,1218952.8,21357.25,1035570.75,1558962.25,296277.25,0.19004773848757403,0.8647082842245148,976974.25,361366.75
2015-10-26,97171.5,30523.25,21293.5,113701.0,77656.25,2352.5,258562.5,414880.0,315586.5,53844.5,27399.0,142900.25,1438709.2,1460096.8,21387.5,1226058.5,1555870.75,342698.0,0.22026122671179466,0.8521934105933291,927211.25,117161.55000000005
2015-10-27,95777.5,30635.25,26584.0,137088.0,64448.25,2310.25,256902.75,417496.5,334555.5,58762.75,32121.75,144080.0,1483668.2,1503304.0,19635.75,1255548.0,1600762.5,356843.25,0.22292079555836672,0.8462458115635288,954894.75,117094.30000000005
2015-10-28,94439.0,28550.5,37821.5,128440.25,50587.25,2263.25,253100.0,422404.75,320122.25,75224.75,27233.5,146252.25,1495979.2,1517318.2,21339.0,1279130.2,1586439.25,342101.75,0.21564125446341548,0.8550454444821158,964004.0,90460.05000000005
2015-10-29,95370.75,29959.5,6270.0,28269.0,30313.5,2277.25,258681.0,424080.5,344333.5,108996.75,41777.0,153842.25,1486544.2,1504952.8,18408.5,1421691.8,1524171.0,192460.0,0.12627192093275624,0.9563737156285027,1031253.0,37626.80000000005
2015-10-30,97054.25,31049.25,23095.0,61640.75,34646.5,2271.75,258947.5,417276.0,341231.0,86496.25,20728.0,153671.25,1464909.5,1487985.2,23075.75,1345527.2,1528107.5,249757.5,0.16344236253012304,0.9185053411149289,998674.5,63198.0
2015-10-31,97231.25,28852.0,30191.25,157230.75,72030.75,2272.25,254818.75,387935.75,203381.25,37413.0,16698.75,105752.0,1227707.8,1249066.8,21359.0,968255.0,1393807.75,387808.25,0.27823654302395723,0.788668932460965,734482.0,166099.94999999995
2015-11-01,96208.25,25963.25,3017.25,80399.0,87092.5,2346.75,257119.0,394366.75,158700.0,38342.25,17624.0,85205.25,1143829.8,1165218.0,21388.25,973321.0,1246384.25,295027.0,0.23670629663364248,0.8509316683303757,676614.25,102554.44999999995
2015-11-02,95520.25,25733.0,2545.0,33729.5,80937.25,2612.5,256261.0,423060.0,314397.0,76230.5,27037.25,149954.0,1459486.2,1475181.0,15694.75,1342274.5,1488017.25,241077.5,0.16201257075480813,0.9196897510918569,963641.5,28531.050000000047
2015-11-03,95934.25,26341.25,4224.75,23876.25,79487.75,2898.25,257139.25,418621.25,372983.5,88457.0,30245.75,167044.25,1501974.0,1522457.0,20483.0,1394385.2,1567253.5,232762.5,0.14851617814220866,0.9283684005182513,1047106.0,65279.5
2015-11-04,95902.0,26951.25,11985.25,73628.75,60406.0,2919.25,255829.0,415620.25,362874.75,82172.75,24646.0,167048.75,1501964.2,1521693.2,19729.0,1355944.2,1579984.0,271792.5,0.1720223116183455,0.9027806388461189,1027716.5,78019.80000000005
2015-11-05,95741.0,26913.0,25959.0,76045.75,67525.75,2694.0,255889.75,397034.75,357524.75,75762.0,20838.25,150348.75,1480819.0,1501375.2,20556.25,1311288.5,1552276.75,294878.5,0.1899651592410954,0.8855157179911927,980670.25,71457.75
2015-11-06,96129.75,26603.75,39368.0,171464.5,40380.5,2402.5,251633.0,399998.75,325179.5,49128.25,21045.0,141408.5,1462573.5,1481291.0,18717.5,1211360.5,1564742.0,376349.0,0.2405182451803556,0.8282390594387222,915715.0,102168.5
2015-11-07,96008.0,25873.75,52232.0,287437.75,28780.75,1882.25,245439.25,389475.75,169294.5,33595.0,21222.5,108052.0,1266163.8,1287719.2,21555.5,897713.25,1459293.5,492214.5,0.3372964383107305,0.7090024608190504,700417.25,193129.69999999995
2015-11-08,96609.75,23255.5,48035.0,275020.5,68163.0,1791.75,240075.75,325711.0,104612.25,31347.75,25677.75,91340.25,1150594.2,1177575.0,26980.75,759375.75,1331640.25,512875.5,0.38514568780870057,0.6599857273746035,553011.25,181046.05000000005
2015-11-09,95793.0,23570.25,65466.0,505473.5,33545.5,1851.25,238969.0,312513.5,187502.75,39839.25,32502.0,108817.25,1480767.0,1506501.2,25734.25,876282.0,1645843.25,725699.5,0.44092868503729016,0.5917757486491798,648672.75,165076.25
2015-11-10,95274.0,24519.75,66739.25,527157.5,33651.75,1696.25,240567.25,281687.0,201175.75,57981.5,24455.5,108894.0,1518108.0,1542996.8,24888.75,890559.5,1663799.5,749038.5,0.45019757488808,0.5866246011482714,649738.25,145691.5
2015-11-11,94745.75,24357.75,67601.75,322908.5,44773.5,1966.75,247617.25,373126.75,285486.25,56259.25,23655.0,134791.5,1507564.2,1530678.2,23114.0,1072280.5,1677290.0,556354.0,0.3316981559539495,0.7112668899938059,849663.75,169725.80000000005
2015-11-12,95577.75,24698.5,58719.0,229355.0,47089.0,2043.75,248139.0,373491.25,326482.0,78554.25,28470.5,142731.0,1509683.5,1531591.2,21907.75,1174520.5,1655351.0,457483.0,0.27636616040948414,0.7779912147148723,921258.5,145667.5
2015-11-13,95964.75,25910.5,63715.0,388542.25,36629.0,1768.75,246621.0,344280.0,249894.25,47727.0,24909.25,135979.75,1510891.8,1533326.2,22434.5,1022005.5,1661941.5,612530.25,0.36856306314030907,0.6764253403188766,777881.0,151049.69999999995
2015-11-14,95570.75,25314.75,60124.25,525075.75,41390.25,1654.5,248010.25,272927.0,77510.5,37441.25,25542.75,104164.25,1301251.2,1322928.5,21677.25,674661.0,1514726.25,749130.25,0.4945647769687757,0.5184709916117657,492043.0,213475.05000000005
2015-11-15,95493.5,24331.5,22061.25,509004.5,21280.0,1546.25,242941.75,318688.75,57499.5,30862.0,23044.0,106306.25,1208250.2,1234197.8,25947.5,655904.5,1453059.25,673717.0,0.4636541834064922,0.5428548656561365,513356.5,244809.05000000005
2015-11-16,95898.5,23592.75,57403.0,378139.25,45787.5,1799.75,247057.5,376523.75,217412.0,54948.25,26162.25,120488.5,1494604.2,1515611.2,21007.0,1013274.5,1645213.0,602620.75,0.3662873743399791,0.6779550733230911,769372.5,150608.80000000005
2015-11-17,96505.0,25322.0,49961.5,428771.75,15269.5,1801.0,251903.0,388949.5,238966.5,58740.25,28927.75,133151.5,1540540.2,1560153.0,19612.75,1046537.5,1718269.25,617630.75,0.3594493412484685,0.6793315098171407,819807.75,177729.05000000005
2015-11-18,95894.25,24946.75,57819.25,632262.75,42715.5,1753.5,238770.75,299451.5,128712.5,56972.0,32436.25,111668.0,1537272.5,1563937.2,26664.75,804475.0,1723403.0,855392.0,0.4963389294320597,0.5233132056938506,596804.0,186130.5
2015-11-19,96145.0,23482.25,53413.25,611417.25,30483.5,1706.0,248950.75,301973.25,139833.0,62878.5,29654.25,108018.0,1561215.0,1584847.2,23632.25,865901.0,1707955.0,816647.25,0.47814330588335174,0.5546327699900399,612702.75,146740.0
2015-11-20,95615.5,27206.25,33428.75,281717.0,12019.5,1842.0,252373.25,409615.0,294202.75,80066.5,29131.75,139099.5,1522261.0,1543317.5,21056.5,1195095.8,1656317.75,451829.0,0.2727912563878519,0.7850794311882128,922983.75,134056.75
2015-11-21,96685.0,37007.25,37923.75,158621.0,28132.5,2624.0,256660.0,445246.75,224179.25,44151.5,26653.75,113269.5,1314882.2,1342296.0,27413.75,1090205.0,1471154.25,360993.5,0.24538113525485175,0.8291275066313926,826847.0,156272.05000000005
2015-11-22,96924.25,30836.75,53811.25,241014.5,22312.75,3023.0,250805.5,436984.5,142975.75,57399.5,21623.5,103459.5,1231515.8,1258287.8,26772.0,914377.25,1461170.75,447922.5,0.3065504151379981,0.7424811358490082,740819.25,229654.94999999995
2015-11-23,96725.0,29205.75,30536.0,124040.5,26795.25,3053.75,258019.5,439717.75,331533.75,110794.5,33258.25,163929.0,1543575.5,1562917.2,19341.75,1362203.8,1647609.0,310356.25,0.1883676588316767,0.882498977212323,1045975.0,104033.5
2015-11-24,96126.5,29913.0,56976.0,346650.25,37326.25,3100.25,249729.0,377813.75,309760.5,74898.25,20186.0,161010.75,1613177.5,1637668.0,24490.5,1172225.0,1763490.5,570092.25,0.32327491982519896,0.7266559321587364,923483.25,150313.0
2015-11-25,95882.25,31239.75,25577.25,158258.75,11463.75,3061.25,259084.25,408484.5,369012.25,119440.75,40464.75,169526.75,1601158.2,1621686.8,20528.5,1405858.5,1691496.25,325483.0,0.1924231283397761,0.8780259814426832,1066464.25,90338.05000000005
2015-11-26,96409.75,31226.5,25640.0,72568.75,23363.25,3104.0,259835.75,421230.0,387450.5,132728.25,35248.25,169431.5,1579375.0,1603242.5,23867.5,1457803.0,1658236.5,252312.25,0.1521569751962401,0.9230252473288484,1110840.25,78861.5
2015-11-27,96865.0,30772.5,59627.5,179343.0,32102.0,2998.5,255350.75,403140.25,356208.5,80164.5,25498.75,145760.25,1554779.0,1575432.5,20653.5,1283706.5,1667831.5,401708.5,0.24085676520679697,0.825652070165599,985273.5,113052.5
2015-11-28,96740.5,29829.75,63482.75,418329.75,17983.5,2450.75,246664.5,363688.75,168436.5,50280.25,17678.25,109387.5,1359668.8,1381062.5,21393.75,859872.75,1584952.75,628817.0,0.3967417956150428,0.632413386259948,691793.0,225283.94999999995
2015-11-29,97820.75,27459.0,52505.0,644023.5,7668.25,1908.25,220642.0,243153.0,61957.75,31294.75,24821.75,107118.5,1271987.2,1296731.2,24744.0,567790.5,1520372.5,831384.75,0.546829642077846,0.44638067112625035,443524.0,248385.30000000005
2015-11-30,97500.75,29112.75,43694.5,556539.25,11928.25,2040.0,237035.5,312851.25,190917.0,63316.5,28681.5,120701.75,1560671.5,1583214.0,22542.5,948509.5,1694319.0,740815.5,0.4372349598865385,0.6077573019049813,687786.5,133647.5
2015-12-01,98521.25,34696.25,47378.25,365596.25,14228.25,2741.0,252986.0,371064.75,300884.0,74067.75,27819.5,151090.0,1573020.2,1596715.5,23695.25,1145817.5,1741073.25,563161.25,0.3234563795635824,0.728418808607798,897106.5,168053.05000000005
2015-12-02,110166.75,38873.5,58105.75,289012.5,11214.25,2958.0,256568.75,378105.5,308356.25,70401.75,28194.5,141824.75,1564814.2,1587305.5,22491.25,1206481.8,1693782.25,510330.75,0.3012965509586607,0.7710064236380268,898688.25,128968.05000000005
2015-12-03,109844.0,36106.5,57991.0,219089.5,32060.25,2974.25,257751.75,397368.0,350099.75,87520.5,28848.75,140587.5,1546209.0,1568282.0,22073.0,1237068.2,1720241.75,458065.5,0.26627972492819685,0.8000653210529753,975575.75,174032.75
2015-12-04,110649.75,34027.0,60465.75,445323.0,18361.25,2280.5,247949.0,348119.25,272015.75,55128.5,25449.75,115722.5,1543396.5,1563564.0,20167.5,1019246.5,1735492.0,671107.25,0.3866956747711888,0.6603918694904388,790986.0,192095.5
2015-12-05,111283.5,32750.0,47751.25,530753.0,37127.25,2496.25,242769.75,271242.0,110647.75,53082.75,19510.0,86251.5,1327450.0,1356229.5,28779.5,711818.5,1545665.0,762161.25,0.49309601368990047,0.5362299898301254,521224.0,218215.0
2015-12-06,111296.5,30404.0,43050.25,558232.5,39065.25,2349.5,238048.0,220375.25,84608.75,27536.75,18632.75,97124.75,1228762.5,1251871.2,23108.75,588414.5,1470724.25,784398.0,0.5333413112621214,0.47886755984171064,429645.5,241961.75
2015-12-07,111884.0,28894.75,12267.5,112432.5,37846.0,2806.5,257022.0,396283.5,338142.0,78037.25,32776.5,145391.75,1511653.2,1529855.2,18202.0,1349107.2,1553784.25,306131.25,0.19702301011224693,0.8924713684329183,957854.5,42131.05000000005
2015-12-08,111114.0,30187.25,28751.25,181074.5,42705.0,2744.0,255181.0,425920.25,350677.0,66532.0,30743.0,145284.0,1559995.2,1584088.8,24093.5,1307464.5,1670913.25,396576.0,0.23734086733706852,0.8381208480641479,988413.25,110918.05000000005
2015-12-09,110943.0,28809.25,33606.5,245593.75,21605.75,2748.25,252267.75,413223.25,331656.5,85650.75,21208.25,129033.25,1561420.5,1585009.8,23589.25,1260614.5,1676346.25,443306.5,0.2644480518270017,0.8073510627021997,959563.75,114925.75
2015-12-10,110419.5,30680.0,34763.25,345120.0,38635.0,2980.25,248998.0,386937.75,293379.25,72021.0,26587.0,123867.5,1583296.0,1605925.8,22629.75,1164777.8,1714388.5,562598.0,0.3281624905906683,0.7356664830833907,876205.5,131092.5
2015-12-11,111416.5,30080.5,50368.5,463058.25,21610.25,2090.5,250225.5,370027.5,238515.75,65760.5,20122.0,122540.25,1572780.8,1593613.2,20832.5,1037743.75,1745816.0,678624.5,0.38871479010388266,0.6598146098935084,796844.0,173035.19999999995
2015-12-12,112229.25,28319.0,48414.25,372762.5,25050.75,3219.5,252735.5,354048.75,194482.0,44492.25,24727.25,89624.75,1319755.5,1341334.2,21578.75,873528.0,1550105.75,589995.25,0.3806161289318487,0.6618862357459393,682647.75,230350.25
2015-12-13,112601.5,26071.5,24335.0,286228.5,23285.5,3556.5,253863.25,359117.5,211008.75,48159.0,19099.0,94035.5,1224080.0,1249307.0,25227.0,890231.0,1461361.5,476078.5,0.32577736583316314,0.7272653748121037,712320.75,237281.5
2015-12-14,111895.25,25706.0,18682.5,87813.0,27408.25,4180.25,259225.0,437994.25,353281.0,114884.5,30263.25,146223.75,1530778.8,1550053.5,19274.75,1396875.0,1617557.0,275685.25,0.17043309756626815,0.9125257026031455,1052383.5,86778.19999999995
2015-12-15,110698.5,28290.5,15562.5,65506.25,18890.25,4156.25,259451.75,427430.25,327118.75,133770.25,39746.0,156407.75,1546101.0,1566123.0,20022.0,1446142.0,1587029.0,243104.25,0.1531819834420165,0.9353476907394795,1044727.0,40928.0
2015-12-16,110490.25,28164.0,52126.75,193459.25,11903.75,4144.25,256504.75,410049.0,320833.0,88604.5,29368.0,152722.25,1544798.8,1566304.2,21505.5,1287309.0,1658369.75,400288.25,0.241374548709659,0.8333182288852115,972208.75,113570.94999999995
2015-12-17,110701.5,29912.75,57563.0,287142.25,14895.0,3788.5,253282.0,379749.5,290504.0,67697.0,25541.5,134632.0,1491738.5,1512890.8,21152.25,1132138.2,1655409.0,504003.0,0.30445829399260244,0.7589387818307297,872582.5,163670.5
2015-12-18,110424.5,29352.0,58481.25,273944.0,13019.25,3614.0,240544.5,399495.25,291636.0,55250.25,24503.75,135912.0,1451211.2,1473652.8,22441.5,1105766.8,1636176.75,488835.0,0.2987666216379129,0.7619613189313865,882293.5,184965.55000000005
2015-12-19,110891.75,28702.25,61333.25,252706.25,28491.0,3639.0,246828.75,400407.0,166849.0,40091.0,21321.5,94090.0,1250281.8,1268740.2,18458.5,907751.25,1455350.75,485763.5,0.33377761340350426,0.7260373221460954,701437.0,205068.94999999995
2015-12-20,110814.75,27280.75,65291.5,303692.25,31767.5,3474.75,246868.75,335661.25,80188.5,39955.25,18615.5,86841.25,1162253.5,1184546.2,22292.75,761502.25,1350452.0,542321.5,0.40158517296431123,0.655194628366359,542646.25,188198.5
2015-12-21,111050.75,27124.75,61208.75,506234.0,13836.75,3321.0,243800.5,351745.25,110683.75,40438.75,24684.0,97650.5,1388590.8,1416093.2,27502.5,807311.25,1591778.75,722776.0,0.4540681297573548,0.5813888800069826,600518.25,203187.94999999995
2015-12-22,110689.0,25793.0,61644.0,581799.75,26538.5,3370.75,233301.75,304778.75,77725.25,44254.0,28868.5,136323.25,1371253.2,1395640.2,24387.0,701271.0,1635086.5,809835.0,0.49528572341585597,0.5114088339046355,563081.25,263833.30000000005
2015-12-23,110932.75,25901.5,63047.5,503958.0,28189.0,3257.75,243305.75,310936.0,71442.0,45269.25,33164.5,108161.5,1313767.5,1336765.0,22997.5,718573.0,1547565.5,735286.5,0.4751246393125202,0.5469559872656311,535808.75,233798.0
2015-12-24,111127.5,25995.75,63689.0,375098.5,36869.5,3547.25,241902.0,312801.5,39831.75,33914.25,17532.5,74287.25,1121023.0,1149567.5,28544.5,645366.0,1336596.75,616327.5,0.4611170122926006,0.5756938082447907,460834.75,215573.75
2015-12-25,110665.25,25837.75,59681.25,359646.75,32055.25,3130.75,234619.75,247410.5,36813.0,25970.25,26103.25,62794.75,1035062.0,1058706.8,23644.75,583678.75,1224728.5,591017.0,0.48256981037021673,0.5639070413173317,372988.5,189666.5
2015-12-26,111494.5,24165.75,56392.0,556411.0,43835.25,3012.75,201245.0,189965.0,37606.5,34621.75,29421.75,72119.25,1041610.5,1067326.0,25715.5,384972.25,1360290.5,795311.25,0.5846627981302523,0.3695932884701143,334312.5,318680.0
2015-12-27,110843.5,24614.0,52426.75,400234.0,38623.0,2985.75,250673.0,244359.75,48759.5,33069.5,16484.25,73011.5,1067574.5,1083809.8,16235.25,576290.75,1296084.5,629727.0,0.48586878401832595,0.5398131465298206,399200.25,228510.0
2015-12-28,110683.0,24900.0,38687.5,159962.5,41696.0,3632.75,252708.5,340855.75,155852.75,44635.75,31696.75,93745.75,1211307.2,1232647.8,21340.5,970961.25,1299057.0,379561.75,0.292182521629151,0.8015813412155067,635090.0,87749.80000000005
2015-12-29,111826.5,24584.75,55179.0,257706.75,32623.75,3976.75,251416.0,335639.0,177313.5,47814.75,29363.5,85070.5,1223232.8,1250317.2,27084.5,877723.25,1412514.75,485897.5,0.34399463793209945,0.7175439131455599,645837.75,189281.94999999995
2015-12-30,112762.0,23792.75,54911.5,251939.0,27268.5,3880.25,251906.75,332966.25,149061.25,47178.25,20556.5,88383.0,1230753.5,1252341.2,21587.75,896634.5,1364606.0,474554.0,0.34775898684308876,0.7285248427081459,617588.75,133852.5
2015-12-31,109917.0,23849.5,60106.5,258919.5,20224.25,3811.75,249009.5,304085.75,114063.25,46143.75,20435.25,88739.5,1164582.5,1203239.8,38657.25,825332.25,1299305.5,476828.5,0.36698720970549265,0.708693673483845,553032.25,134723.0
2016-01-01,110686.75,24758.75,21020.75,86528.25,18562.75,4380.25,252942.75,361983.25,120139.25,47647.0,20841.0,79025.0,1056996.2,1086068.5,29072.25,930884.5,1148515.75,265937.5,0.23154884902536166,0.8806885966099027,608794.5,91519.55000000005
2016-01-02,110221.5,25084.75,64458.0,341620.25,9403.5,4113.75,248804.75,303554.0,80671.75,46823.25,19540.5,85479.0,1194341.5,1223455.2,29113.75,778859.75,1339775.0,554901.75,0.41417532794685674,0.6521248319680761,516528.0,145433.5
2016-01-03,109189.75,25720.25,63146.75,356507.75,13518.5,4203.5,251785.75,310616.5,73569.0,48986.25,19351.5,75070.0,1179005.8,1209116.2,30110.5,745832.75,1351665.5,572286.5,0.42339358369359875,0.63259464033171,508241.75,172659.69999999995
2016-01-04,109618.5,29636.5,63842.25,233462.5,10079.0,4298.25,252100.0,381006.75,238157.5,85539.25,32037.75,134605.0,1443721.0,1472111.2,28390.25,1136337.2,1574383.25,450937.0,0.2864213653187685,0.7870891952115402,839308.5,130662.25
2016-01-05,109873.0,30292.0,62487.25,160886.25,12550.5,4408.25,254040.0,390902.75,318650.5,78214.0,27249.25,136950.5,1496659.0,1525201.8,28542.75,1260735.0,1586504.25,380497.25,0.23983374138455665,0.8423662303838082,924717.75,89845.25
2016-01-06,109286.5,27886.5,62393.75,104122.25,12592.25,4343.25,257284.0,374664.5,355182.75,89580.25,27954.75,140502.5,1446303.8,1476069.8,29766.0,1267195.5,1565793.25,320624.5,0.2047680943828312,0.876161356970783,959930.0,119489.44999999995
2016-01-07,109748.0,28245.25,64368.25,247711.25,14635.75,4361.5,244078.5,380160.0,324671.25,61108.5,24254.25,144127.25,1538899.0,1572883.5,33984.5,1212183.8,1647469.75,469070.0,0.284721464536754,0.7876954887877632,910067.0,108570.75
2016-01-08,109877.75,29981.25,41995.25,440490.25,40971.25,4139.5,249881.0,343586.0,257393.0,62457.25,22940.5,130434.75,1519486.8,1554587.5,35100.75,996030.0,1734147.75,667455.25,0.3848894939891944,0.6555042136595066,793871.0,214660.94999999995
2016-01-09,110455.25,32810.75,38656.0,163748.75,23890.0,4397.25,256700.0,368733.75,270182.0,53872.75,17931.5,106833.75,1300208.2,1325542.8,25334.5,1073913.5,1448211.75,373958.0,0.2582205261074563,0.8259550278178526,799622.25,148003.55000000005
2016-01-10,110469.0,33901.0,58803.5,294443.0,18899.5,4243.25,254729.0,357635.5,95983.5,42628.5,13018.25,90580.5,1217998.2,1264668.2,46670.0,845852.25,1375334.5,520759.25,0.3786418867555493,0.6944610016665049,586828.0,157336.30000000005
2016-01-11,109892.75,35093.0,29980.25,172182.75,10177.5,4383.5,256440.0,427319.75,301029.75,72924.5,25818.75,135329.5,1545820.8,1571679.5,25858.75,1333480.2,1580572.0,361709.75,0.2288473729763655,0.8626356949007284,936603.5,34751.19999999995
2016-01-12,110465.5,36496.0,25906.5,277630.75,15133.75,4419.5,256229.75,420982.0,315690.75,61737.75,28483.75,152240.5,1570874.0,1601498.5,30624.5,1252203.0,1705416.5,470052.0,0.2756229929756162,0.7971377717117987,950651.0,134542.5
2016-01-13,109818.5,35433.75,26409.0,320110.25,12163.0,4483.25,255935.5,412841.0,339551.0,76435.25,19172.75,152720.25,1584378.0,1617710.5,33332.5,1225695.8,1765073.5,508417.75,0.28804338742834223,0.7736132412845925,981547.5,180695.5
2016-01-14,110655.0,34112.75,26714.5,210985.0,44550.0,4525.75,256939.0,421748.75,364613.75,86748.25,22931.75,153528.75,1571944.5,1603073.5,31129.0,1289695.0,1738053.25,431543.0,0.24829101179725074,0.8204456327815645,1026639.5,166108.75
2016-01-15,111080.75,33658.25,19333.0,140966.5,8688.75,4523.75,257402.0,429090.75,382305.75,101164.25,36956.0,156870.75,1573183.0,1602322.5,29139.5,1404194.8,1682040.5,318251.0,0.18920531342735208,0.8925819818800483,1069431.5,108857.5
2016-01-16,111486.75,33160.5,26024.5,108512.5,8772.75,4514.5,256962.0,437865.5,329687.5,56684.0,18267.5,122146.25,1352447.8,1385683.8,33236.0,1209138.0,1514084.25,292471.5,0.19316725604932486,0.8940367236354704,946383.25,161636.44999999995
2016-01-17,111516.25,30414.5,22668.75,88703.25,8732.0,4546.25,256957.0,440770.25,287090.25,60054.25,18192.25,118023.0,1264881.2,1308492.5,43611.25,1144777.2,1447668.0,266581.0,0.18414512167154348,0.9050472091766405,905937.75,182786.80000000005
2016-01-18,111055.25,29568.25,28262.5,58690.5,19420.5,4554.25,258455.25,438116.5,405098.5,145294.25,36060.5,160583.75,1601320.8,1630375.2,29054.5,1494947.2,1695160.0,251551.25,0.14839380943391775,0.9335713368614208,1149093.0,93839.19999999995
2016-01-19,110424.0,31477.25,39264.25,131615.75,20783.0,4546.75,258065.75,422071.75,426636.5,162321.75,32145.75,162567.25,1645530.0,1678232.8,32702.75,1453867.0,1801919.75,338111.0,0.18763932189543958,0.8835250648727158,1173597.25,156389.75
2016-01-20,110070.0,32575.25,13905.75,104564.25,14240.25,4548.0,257591.5,427044.75,412243.0,175295.25,37337.75,175381.5,1635927.2,1674208.2,38281.0,1503217.0,1764797.25,279903.5,0.15860377162305755,0.9188776859997193,1189964.5,128870.05000000005
2016-01-21,110495.25,34787.75,15289.75,30331.25,19336.5,4567.25,252507.5,426521.0,365688.25,179287.25,44673.25,160132.0,1626742.2,1664726.8,37984.5,1561784.8,1643617.0,214807.75,0.13069209554293976,0.960069026303,1131628.5,16874.800000000047
2016-01-22,110378.5,33339.75,47906.25,150193.0,35197.75,4514.5,257697.75,416369.75,361371.0,143024.75,28572.0,162207.75,1618786.8,1652818.2,34031.5,1385489.8,1750772.75,381529.75,0.21792077241321012,0.8558815774875357,1082973.25,131985.94999999995
2016-01-23,110558.5,29399.75,37202.0,247503.5,10632.5,4490.25,256597.0,401969.25,268471.5,60966.0,17703.25,115178.25,1387336.2,1418870.5,31534.25,1091998.2,1560671.75,439786.5,0.28179308044757007,0.7871186522776527,846585.0,173335.55000000005
2016-01-24,110465.5,28022.5,56633.0,204481.75,17407.0,4512.75,254585.25,386362.25,192581.5,56246.5,10182.5,107358.0,1257062.5,1289389.8,32327.25,978540.75,1428838.5,421522.5,0.2950105977687471,0.7784344453835828,742548.25,171776.0
2016-01-25,109640.75,28610.5,56678.25,253673.0,33784.25,4462.25,249124.25,388462.25,305850.25,87316.0,29210.75,133134.0,1529881.5,1554132.2,24250.75,1185746.0,1679946.5,486849.0,0.28980030018813097,0.7750574145775343,914762.5,150065.0
2016-01-26,108486.25,29769.25,62379.5,421768.75,41686.75,4200.5,240095.0,373011.75,233992.0,72565.75,21520.0,123058.25,1558803.5,1593628.5,34825.0,1032968.5,1732533.75,668291.0,0.3857304367086644,0.6626675523887392,802627.75,173730.25
2016-01-27,108157.75,31328.5,57138.0,608016.25,24514.0,3991.75,239892.5,323030.75,152294.25,47472.0,18366.0,106767.5,1571806.8,1605927.5,34120.75,882138.5,1720969.25,833146.25,0.48411454765969814,0.5612257816927627,629564.5,149162.44999999995
2016-01-28,109355.25,32810.25,64589.75,416045.0,36614.5,4249.25,242685.75,354507.75,233297.75,62521.25,33682.75,124937.5,1550571.5,1579459.0,28887.5,1033322.25,1715296.75,663664.0,0.3869091456041061,0.6664138029107333,775264.25,164725.25
2016-01-29,110950.25,33850.5,63989.75,582146.0,49518.5,4444.25,240177.0,308388.75,128523.0,49680.25,18796.0,106942.5,1536184.2,1572755.8,36571.5,840530.0,1697406.75,844899.25,0.4977588606855723,0.547154436297418,593534.5,161222.55000000005
2016-01-30,111533.0,33984.0,65480.5,618684.5,27900.5,3636.75,243614.5,256915.25,62034.0,42533.75,25536.25,103415.25,1345614.2,1379936.5,34322.25,633548.75,1595268.25,861219.25,0.539858578643435,0.4708249585951159,464898.25,249654.05000000005
2016-01-31,111900.0,37475.75,59400.0,443345.75,19957.5,3542.5,243064.75,276425.5,62929.75,39254.0,20276.5,98607.75,1229194.5,1271464.5,42270.0,706491.25,1416179.75,675621.5,0.4770732670058303,0.5747595274791744,477217.0,186985.25
2016-02-01,111992.5,43912.0,48074.5,504298.0,14783.5,3701.25,249591.75,329838.75,135228.25,50818.25,31752.0,120489.5,1539382.5,1571706.0,32323.5,972226.5,1644480.25,726761.75,0.4419400901895903,0.631569151916434,636374.75,105097.75
2016-02-02,111682.0,42240.0,48937.0,653291.25,25385.5,3367.75,247145.75,284067.0,83527.25,50498.25,33589.75,110238.75,1575889.5,1613608.5,37719.0,848275.75,1693970.25,884903.5,0.522384321684516,0.5382837756073633,528331.25,118080.75
2016-02-03,111820.0,40038.0,62151.75,485201.25,30858.25,3705.25,253649.0,314582.5,184436.75,53958.5,26738.5,114502.75,1574476.8,1610312.5,35835.75,996265.5,1681642.5,733774.5,0.436343931602585,0.6327597205624116,667480.5,107165.69999999995
2016-02-04,112532.75,39825.25,37613.25,340832.25,15194.75,3960.0,255790.5,373965.0,311496.75,52346.25,29287.0,141187.5,1574177.5,1606880.5,32703.0,1180537.2,1714031.25,549958.25,0.3208566063191672,0.7499390634156567,878995.5,139853.75
2016-02-05,112898.75,40050.25,46324.5,220825.25,22660.75,4542.25,252913.25,397035.25,322898.75,63003.5,27807.5,139189.5,1531236.0,1558813.0,27577.0,1241425.5,1650149.5,447301.75,0.2710674093468501,0.8107342695704647,922127.0,118913.5
2016-02-06,113074.0,39580.75,64381.25,344605.5,60223.0,4157.5,250880.75,358608.75,67509.5,40601.25,18875.75,100019.25,1301268.0,1328704.0,27436.0,832058.25,1462517.25,626022.0,0.42804418204298106,0.6394211261630963,566738.75,161249.25
2016-02-07,113249.0,38016.5,66275.25,455016.75,38073.0,3321.0,239439.25,280946.75,44267.5,35083.5,21466.0,96805.5,1205885.2,1254659.5,48774.25,646520.25,1431960.0,713951.5,0.49858341015112156,0.5361374780949297,457103.25,226074.80000000005
2016-02-08,112635.75,37469.5,65496.75,682469.5,32281.0,3420.75,240921.25,266421.5,81301.25,45073.5,26452.0,107342.75,1505158.0,1538154.2,32996.25,724910.75,1701285.5,933773.25,0.5488633448060305,0.48161771056593394,500139.0,196127.5
2016-02-09,112818.0,39282.25,47099.25,575170.0,22973.5,3716.5,239952.75,304482.0,163769.5,47681.5,27787.25,110989.0,1553398.2,1587633.8,34235.5,908155.5,1695721.5,801059.5,0.47240039121990257,0.5846250497779643,626922.0,142323.30000000005
2016-02-10,112818.75,40856.5,33983.0,379021.25,28640.75,3906.0,253371.25,390875.5,244308.75,62279.25,30386.0,136278.75,1575404.0,1605274.5,29870.5,1133759.0,1716725.75,599226.25,0.34905182146886304,0.7196623850136219,833742.25,141321.75
2016-02-11,113161.0,40062.25,28528.5,302371.5,44044.25,3876.5,255073.75,403518.5,272767.75,67246.5,24676.5,139676.0,1548130.2,1581930.2,33800.0,1173186.0,1695003.0,532044.0,0.31388970992971693,0.7578083548786788,883208.75,146872.80000000005
2016-02-12,113136.0,37955.25,3484.5,85501.0,66407.75,4378.5,255284.5,448999.5,332738.75,77117.25,26371.25,137013.75,1527371.5,1550669.2,23297.75,1371978.2,1588388.0,310863.0,0.19570973842663128,0.8982609666345089,995869.25,61016.5
2016-02-13,113120.5,36817.0,26451.0,131809.75,49372.0,4378.0,254923.5,427278.5,198562.75,55270.5,16417.25,111485.75,1333147.5,1355348.2,22200.75,1125514.8,1425886.5,361948.25,0.2538408561971798,0.8442537678688967,792597.5,92739.0
2016-02-14,112589.25,36899.0,65868.75,225743.5,26909.75,4100.5,251137.0,388116.75,115407.5,51267.0,19174.5,93045.75,1232865.5,1273782.8,40917.25,914343.5,1390259.25,472110.75,0.33958468537432857,0.7416409170343399,647837.0,157393.75
2016-02-15,111625.75,37500.0,44282.25,174019.25,23474.0,4344.0,254694.75,425864.25,313748.75,60877.0,27473.25,142171.25,1554765.0,1579493.0,24728.0,1312989.5,1620074.5,395245.25,0.2439673298974831,0.8444938624165067,942661.25,65309.5
2016-02-16,112350.0,39383.0,12293.25,63667.75,47474.25,4351.25,255505.0,433875.0,375842.25,99837.25,33611.0,148271.5,1583499.5,1612299.2,28799.75,1460064.2,1626461.5,279519.5,0.17185743406775997,0.9220490439056027,1057826.0,42962.0
2016-02-17,111688.25,38232.25,45524.75,157294.25,44220.5,4349.75,254908.75,430432.0,330359.25,78268.0,21776.5,137863.75,1597377.8,1631560.2,34182.5,1350338.2,1654918.0,401309.75,0.2424952474986676,0.845346792724927,976923.0,57540.19999999995
2016-02-18,112250.0,38175.75,25063.5,57410.5,63591.75,4380.75,254961.25,422491.5,359792.75,81658.0,24652.0,143875.75,1560715.5,1588496.8,27781.25,1414649.8,1588303.5,300872.25,0.18942994836943947,0.9064110659502005,1007818.0,27588.0
2016-02-19,112579.0,38882.75,27347.0,83383.5,35426.75,4370.75,254582.5,426329.0,355744.75,71563.5,27114.75,148493.75,1559821.0,1584226.8,24405.75,1413663.8,1585818.0,301989.75,0.1904315312349841,0.9062987355600418,1002131.0,25997.0
2016-02-20,112753.75,37397.5,69424.5,535350.0,17515.5,3505.5,245381.5,321809.0,67709.5,43629.75,15483.25,98225.0,1385359.5,1410824.5,25465.0,763069.5,1568184.75,775946.75,0.49480569811688324,0.5508097356678898,531373.25,182825.25
2016-02-21,112769.25,41962.5,56880.25,581942.75,22521.0,3034.25,227532.5,251847.0,40358.0,33878.0,16584.75,97533.5,1240377.2,1285757.0,45379.75,579033.25,1486843.75,819110.0,0.5509052312995228,0.4668202946652035,423616.5,246466.55000000005
2016-02-22,112300.5,41294.25,65445.0,496595.5,50116.0,3626.5,231379.25,343842.5,161301.0,47026.75,25118.0,112144.5,1538585.0,1572579.8,33994.75,926428.5,1690189.75,769377.75,0.4552019972905409,0.6021302040511249,664314.75,151604.75
2016-02-23,112313.0,39500.5,60160.75,239066.0,37722.75,4341.75,248525.0,398033.25,274311.0,56684.75,34251.25,129311.25,1558182.8,1584728.5,26545.75,1221233.2,1634221.25,493104.75,0.3017368364289719,0.783754768695945,858340.25,76038.44999999995
2016-02-24,112666.0,40340.5,47084.0,217500.5,74176.0,4396.5,250473.5,361709.75,312357.75,66436.5,23339.25,129697.75,1548715.0,1584583.2,35868.25,1209954.5,1640178.0,496163.5,0.30250588655621524,0.7812634990944105,870201.75,91463.0
2016-02-25,112412.5,38813.75,33413.5,129905.75,60593.75,4410.0,251915.75,364683.75,361093.5,74759.0,28450.0,138086.75,1555622.8,1580059.0,24436.25,1331709.8,1598538.0,379549.25,0.23743523769844696,0.856062150799024,938623.0,42915.19999999995
2016-02-26,112458.25,39338.0,10994.75,83341.5,77859.5,4472.75,254315.25,352508.5,375639.5,73232.25,24810.0,148830.75,1514776.0,1539380.0,24604.0,1342580.2,1557801.0,328464.75,0.210851546506903,0.8863225981927361,950211.0,43025.0
2016-02-27,112727.5,36071.75,704.0,112073.25,110026.0,4522.75,230187.75,348002.5,214681.0,47251.5,11051.25,114016.0,1294879.5,1320187.2,25307.75,1072076.2,1341315.25,376125.25,0.28041524913699445,0.8279351090197968,723951.0,46435.75
2016-02-28,113266.75,33806.0,7203.25,177703.75,71204.0,4520.5,250831.5,365925.5,135284.25,43551.75,13534.0,96533.75,1208862.2,1239770.0,30907.75,952751.25,1313365.0,407704.25,0.31042722320147104,0.7881388383225152,641295.25,104502.80000000005
2016-02-29,112854.75,34689.25,5621.0,245315.5,43417.25,4503.25,253515.75,385860.0,292513.0,54100.0,25531.25,145610.0,1518861.5,1544585.5,25724.0,1224507.8,1603531.0,446401.0,0.2783862613195504,0.8062010920679733,878083.0,84669.5
2016-03-01,112614.0,48689.75,51356.0,184072.0,47931.25,4696.75,252443.25,399896.0,317231.75,48516.5,29486.0,163874.25,1582560.8,1607807.5,25246.75,1299201.5,1660807.5,449359.75,0.27056702838829905,0.8209488697053535,929518.5,78246.69999999995
2016-03-02,112508.0,47366.75,32211.0,337946.5,33766.75,4590.0,251264.25,376518.5,290879.25,46019.25,22557.5,141416.0,1567465.0,1602264.0,34799.0,1163540.8,1697043.75,568389.0,0.33492890209813386,0.7423073561451133,854833.0,129578.75
2016-03-03,111640.25,52322.5,9419.25,97876.5,52007.25,4590.25,253105.75,379917.5,364701.75,62646.25,29912.75,160451.25,1551639.8,1580309.2,28669.5,1392336.8,1578591.25,327856.0,0.20768897585109508,0.8973324865732369,967716.75,26951.449999999953
2016-03-04,112876.0,49038.75,42744.25,237401.0,74040.0,4696.25,252125.75,368784.0,273244.25,47429.75,16844.0,128135.75,1530989.0,1552803.2,21814.25,1176803.8,1607359.75,520796.25,0.3240072734184118,0.7686559472341081,817593.75,76370.75
2016-03-05,113388.0,49431.25,15705.75,77219.75,41605.0,4775.25,253190.25,335627.5,228534.0,46540.0,21346.0,115749.0,1305330.0,1329424.2,24094.25,1170799.5,1303111.75,302125.0,0.23184888019005276,0.8969375560203167,726450.5,-2218.25
2016-03-06,113225.75,50338.25,11269.5,104469.5,49202.5,4773.0,252651.75,311750.0,186812.5,42691.75,13570.5,100966.75,1209940.2,1245693.0,35752.75,1044998.75,1241721.75,333278.5,0.2684003078789592,0.8636780148308156,642221.0,31781.550000000047
2016-03-07,112923.75,48039.75,9414.5,52878.0,72459.75,4777.75,254076.25,366657.5,360375.0,78728.25,28927.5,151038.25,1502170.8,1521300.8,19130.0,1367418.5,1540296.25,300493.5,0.19508812022362582,0.9102949544752168,956799.0,38125.44999999995
2016-03-08,112321.5,48090.5,11066.0,55098.75,75800.0,4755.75,254217.25,389359.25,390249.0,84352.25,26495.75,164774.5,1548290.8,1575435.2,27144.5,1406326.0,1616580.5,307132.5,0.1899889921968006,0.9083086975650827,1028735.0,68289.69999999995
2016-03-09,111826.0,45100.0,41257.75,197477.75,119005.25,4681.75,251684.5,383331.0,294332.0,45100.25,21444.5,149601.25,1541114.0,1572174.5,31060.5,1183373.2,1664842.0,519348.5,0.3119506235426545,0.7678686975785048,872364.5,123728.0
2016-03-10,112550.25,45054.0,20936.5,106896.5,96695.0,4675.75,253020.75,386451.25,315717.0,47489.75,19875.75,155365.5,1528542.5,1555819.2,27276.75,1304014.5,1564728.0,386808.0,0.24720462597972298,0.8531097434320603,905023.5,36185.5
2016-03-11,113929.0,46830.5,8463.5,85351.5,68224.25,4773.0,253240.5,372470.25,303298.0,56068.5,27535.0,157134.75,1506180.0,1526587.0,20407.0,1344140.8,1497318.75,327571.75,0.21877222201351582,0.8924171081809611,888971.5,-8861.25
2016-03-12,113641.25,45171.75,5296.5,81123.25,62817.25,4758.25,253134.0,314122.0,228728.25,41377.25,13804.25,122255.25,1300580.0,1315888.5,15308.5,1151343.0,1286229.25,312808.25,0.2431978980418926,0.8852535022835966,706482.75,-14350.75
2016-03-13,113794.0,43555.5,3533.75,130389.25,61351.75,4807.0,251474.0,262717.0,138329.0,37905.0,11706.5,86063.25,1187959.5,1229294.8,41335.25,992684.75,1145626.0,357431.25,0.31199645434024714,0.8356217110095083,525014.25,-42333.5
2016-03-14,112978.75,44000.0,3299.25,91215.5,132421.5,4734.25,252275.0,301978.25,263415.25,49055.0,21426.25,132790.0,1475316.0,1494337.0,19021.0,1248379.8,1409589.0,388649.25,0.27571813486058705,0.8461779035813345,747238.5,-65727.0
2016-03-15,111620.5,45678.0,16720.25,139956.5,35239.25,4740.5,252572.75,381320.0,320574.0,64263.5,30646.25,152310.75,1537672.0,1560460.8,22788.75,1345756.0,1555642.25,353955.0,0.22752981927560786,0.8751905477891254,918468.25,17970.25
2016-03-16,112162.0,43598.0,12016.0,248274.0,108366.0,4618.5,250850.5,405926.5,275930.25,48557.5,20540.25,146452.5,1534324.2,1564395.5,30071.25,1165668.2,1677292.0,529034.5,0.3154098988130868,0.759727442218535,876866.75,142967.80000000005
2016-03-17,112067.5,42144.75,12397.25,69682.25,157922.25,4497.25,251437.75,415478.0,310959.0,50339.0,22710.0,146308.5,1502820.2,1525301.0,22480.75,1262818.5,1595943.5,398711.25,0.24982792310630045,0.8402991256039811,923084.5,93123.30000000005
2016-03-18,113199.0,42014.75,31990.75,106601.5,111764.25,4672.0,250757.5,412568.25,302563.0,47870.5,22555.25,145453.75,1496240.5,1518645.0,22404.5,1245884.0,1592010.5,410242.25,0.25768815595123273,0.8326762976941207,908455.5,95770.0
2016-03-19,113575.5,39296.75,38037.75,84271.25,74603.25,4691.0,249340.5,388080.75,250226.0,44210.75,9537.75,123533.5,1292633.8,1308984.0,16350.25,1095721.5,1419404.75,354475.5,0.2497353203869439,0.847665827707739,806051.0,126770.94999999995
2016-03-20,113149.25,38851.75,53805.5,235849.25,63358.25,4744.25,247908.5,361798.5,123658.25,39840.5,15981.5,98353.5,1195019.8,1228097.8,33078.0,842006.75,1397299.0,509758.25,0.3648168716931738,0.7045964845101311,623650.75,202279.19999999995
2016-03-21,112442.75,39665.75,58318.5,265770.25,62179.75,4430.25,247234.0,371226.75,267189.75,43962.0,23090.0,125518.0,1487546.5,1508628.0,21081.5,1101278.0,1621027.75,542807.25,0.33485376792593463,0.7403318148373849,807896.5,133481.25
2016-03-22,112923.0,40048.0,30214.5,155450.25,69933.75,4701.5,249337.0,397408.25,315145.0,57667.5,24756.75,156337.0,1509273.8,1533792.2,24518.5,1253675.2,1613922.5,413271.0,0.2560661989655637,0.8306479579782011,926557.75,104648.69999999995
2016-03-23,112603.5,40730.5,23748.0,115957.0,62734.25,4690.0,249526.5,393501.0,334611.25,59662.75,21999.25,155439.0,1501967.0,1525606.5,23639.5,1299527.8,1575203.0,360463.25,0.22883606112989882,0.8652172784089132,943214.0,73236.0
2016-03-24,112901.0,38286.25,12120.75,61611.5,72095.5,4777.75,248744.25,394643.25,326431.0,59069.0,27145.0,151744.5,1473992.2,1493586.8,19594.5,1328164.5,1509569.75,301792.75,0.19991971222263827,0.9010661657504022,931887.75,35577.55000000005
2016-03-25,113954.75,37445.75,24114.75,156888.0,34324.5,4694.75,248440.25,367292.25,221260.0,35089.75,18772.75,116065.75,1193680.5,1214774.0,21093.5,978353.25,1378343.25,371422.5,0.26947024988151536,0.8196106495833684,739707.75,184662.75
2016-03-26,112829.75,41453.25,43843.25,190213.75,126358.25,4368.75,240905.5,324687.0,68446.75,31435.75,14077.25,317401.0,1171675.0,1194802.0,23127.0,811259.75,1516020.25,519067.0,0.3423879067578418,0.6923931550984701,741970.5,344345.25
2016-03-27,108545.75,39207.75,56903.5,332887.0,88525.75,3668.5,209383.5,206621.5,41927.25,24501.0,21371.25,367124.25,1039634.75,1073467.0,33832.25,561318.5,1500667.0,629738.25,0.41963890056888037,0.5399189474957431,640174.0,461032.25
2016-03-28,113004.75,41109.25,63808.25,434391.5,93273.0,3782.0,219000.75,197570.25,43811.0,26483.75,16374.0,287259.75,1119207.8,1160690.2,41482.5,527735.0,1539868.25,749368.75,0.48664471781920304,0.4715254843649231,555124.75,420660.44999999995
2016-03-29,112896.5,41896.75,48554.5,384218.5,106980.25,4101.25,245298.5,309139.75,140271.75,33192.25,28518.75,105982.0,1420080.2,1447304.8,27224.5,880327.0,1561050.75,698647.75,0.44754967127109735,0.6199135795288182,588585.75,140970.55000000005
2016-03-30,112622.5,42087.75,47656.25,265739.25,69885.75,4268.5,244372.5,359132.75,239800.25,49283.0,19620.25,139840.25,1469200.2,1500605.2,31405.0,1085919.0,1594309.0,542260.0,0.34012227240767,0.7391225511676354,788056.25,125108.80000000005
2016-03-31,112589.0,43938.25,13070.25,96523.25,89281.75,4290.75,244212.0,386953.5,280741.75,57222.75,25107.0,158445.5,1458785.0,1478636.8,19851.75,1259909.8,1512375.75,359693.25,0.237833256715469,0.8636706574306701,883363.5,53590.75
2016-04-01,113493.25,48267.25,8470.0,88797.5,105434.0,4374.0,239687.5,370026.75,287695.0,52905.75,27590.25,159999.25,1448453.8,1473450.8,24997.0,1245752.2,1506740.5,368836.0,0.24479065904181907,0.8600565651455365,870626.75,58286.69999999995
2016-04-02,113428.5,50973.5,21332.0,152470.75,141476.5,4251.5,212786.0,308545.0,153907.5,27641.0,16651.0,94920.75,1220290.0,1244538.0,24248.0,905010.75,1298384.0,483932.75,0.3727192802745567,0.7416357996869597,585014.25,78094.0
2016-04-03,112661.25,49844.75,22719.75,90055.0,124607.5,3857.0,210349.0,310557.0,102046.0,24880.25,17438.25,76135.75,1103710.8,1142431.5,38720.75,866328.5,1145151.5,403745.25,0.3525692888670189,0.7849234600223174,513619.0,41440.69999999995
2016-04-04,110338.5,49866.0,32033.0,109277.0,114353.75,3770.5,211473.0,357765.25,282585.5,43091.0,23764.5,120069.25,1390255.2,1412226.2,21971.0,1134591.5,1458387.25,419638.75,0.28774164749451836,0.816103043527548,803511.0,68132.05000000005
2016-04-05,107967.75,53916.0,17815.25,106046.75,97347.0,3753.25,212381.5,364199.75,307139.5,46923.5,24304.5,133061.0,1436506.5,1460667.0,24160.5,1215297.5,1474855.75,386846.0,0.2622941260526665,0.8460090504289399,851323.75,38349.25
2016-04-06,111459.75,53761.0,54423.75,349582.75,111123.0,3887.25,210622.5,351037.75,182539.25,29343.25,21461.75,113851.0,1466539.8,1493894.0,27354.25,951410.25,1593093.0,684237.5,0.42950254630457857,0.6487449232540433,676771.25,126553.19999999995
2016-04-07,111664.25,53854.0,65991.0,312922.25,95246.5,3916.5,195900.25,333128.75,257622.0,29111.25,22830.75,104261.0,1464194.8,1491701.8,27507.0,990035.0,1586448.5,643594.5,0.40568256706725747,0.6761634449186679,724123.0,122253.69999999995
2016-04-08,111810.75,52395.5,15144.75,90483.0,112624.0,3934.0,175048.25,368480.75,324002.0,49719.5,30193.25,103475.0,1427241.8,1451983.0,24741.25,1208990.0,1437310.75,386392.0,0.26882982681372136,0.8470814125539204,845677.25,10068.949999999953
2016-04-09,112856.75,50688.5,14147.0,48373.0,114946.0,3879.25,160680.0,369278.0,223270.5,31056.25,12310.5,84114.75,1202734.5,1221475.0,18740.5,1025268.5,1225600.5,344890.5,0.28140531927002316,0.852447901012235,707719.5,22866.0
2016-04-10,112500.0,48837.5,36290.0,118200.25,128074.5,3970.25,156727.25,339604.0,108348.5,30933.5,9650.75,71330.0,1094757.8,1130986.8,36229.0,812193.0,1164466.5,447872.5,0.3846160452018156,0.7418928643394913,550216.0,69708.69999999995
2016-04-11,111634.5,47966.0,57293.75,181478.75,159551.75,4025.0,158990.25,358421.0,220523.0,28421.75,23022.75,112184.75,1399090.8,1411777.2,12686.5,1000766.5,1463513.25,561949.75,0.3839731208446524,0.715297749081046,719550.5,64422.44999999995
2016-04-12,111464.0,50455.5,36465.0,73035.0,125520.5,3951.75,159061.25,381994.25,321293.25,57141.0,24629.75,123547.5,1424561.0,1447932.5,23371.5,1189540.5,1468558.75,400891.75,0.27298312035524624,0.8350225086886416,883976.0,43997.75
2016-04-13,111583.25,53339.0,4791.75,43180.0,105104.75,4044.25,159117.25,388381.25,342649.0,63856.75,27615.0,138707.0,1445908.5,1464916.0,19007.5,1292832.0,1442369.25,322043.0,0.22327361734867823,0.8941312676424545,933594.0,-3539.25
2016-04-14,111926.75,54487.25,2021.75,51601.25,125471.25,4107.5,158484.25,415444.75,315157.5,61007.25,23167.25,135899.25,1443869.8,1472264.2,28394.5,1264775.5,1458776.0,349615.75,0.23966376606141038,0.8759622924449282,927508.75,14906.199999999953
2016-04-15,111938.25,53106.5,4529.75,202050.5,77301.5,4127.25,158861.0,402585.5,231930.5,51462.75,24496.25,118077.5,1426265.2,1448108.5,21843.25,1142383.5,1440467.25,453053.75,0.3145186049873748,0.8009614901913052,804056.25,14202.050000000047
2016-04-16,111537.75,53024.5,34536.0,294114.0,94122.5,4069.5,153383.75,328495.75,78456.25,24488.75,16308.5,86377.0,1218591.0,1249240.2,30649.25,795818.5,1278914.25,591404.25,0.4624268202500676,0.6530644818482986,517817.75,60323.25
2016-04-17,113462.5,52146.25,46440.5,154027.0,87316.25,3821.75,157111.25,317442.0,68969.0,20685.5,16726.5,71995.75,1103354.2,1134150.0,30795.75,815570.5,1110144.25,457214.25,0.4118512076245947,0.7391737848099912,479092.25,6790.050000000047
2016-04-18,111861.25,62492.75,56209.25,196635.25,119691.75,4061.75,158541.25,368675.5,181180.0,43769.25,30284.5,105886.75,1401868.2,1418871.5,17003.25,1029332.0,1439289.25,550952.0,0.3827944938795312,0.7342573288986797,699511.5,37421.05000000005
2016-04-19,109572.5,62333.5,55823.75,344897.5,127561.5,3989.75,155570.0,357682.5,155684.75,31107.5,19508.75,99860.5,1433439.5,1463234.5,29795.0,905156.75,1523592.5,704178.5,0.4621829655895523,0.631457937359756,644335.25,90153.0
2016-04-20,109124.25,58953.0,25573.5,176335.75,191526.25,4129.25,155722.75,378021.25,187512.75,34148.0,18352.5,108270.5,1417926.2,1437882.8,19956.5,1024490.75,1447669.75,565642.0,0.3907258544291611,0.7225275546780926,707952.5,29743.550000000047
2016-04-21,109593.75,59888.5,13348.5,82554.75,208647.75,4061.5,157871.0,387062.75,257442.25,34745.0,24625.25,108735.25,1408797.5,1425823.0,17025.5,1104246.5,1448576.25,478094.75,0.3300445868831551,0.7838220184235136,787985.25,39778.75
2016-04-22,109799.75,58160.5,31435.25,128681.75,171501.0,4018.25,157003.0,390126.75,259017.25,33391.75,18304.0,119898.25,1392434.8,1413432.0,20997.25,1060816.8,1481337.5,503596.5,0.3399606774283376,0.7618430679842245,802434.0,88902.69999999995
2016-04-23,110404.0,56448.75,31694.5,160853.75,89697.0,4078.0,156366.5,343781.25,160884.5,25669.0,15814.25,88974.75,1207675.8,1231116.0,23440.25,925430.5,1244666.25,453176.0,0.36409439076539596,0.7662905061109944,619309.5,36990.44999999995
2016-04-24,112137.5,57432.75,20169.75,162649.75,136642.25,4192.0,153888.5,290291.25,95535.5,26619.0,21987.0,84900.5,1111727.2,1157034.8,45307.5,792265.5,1166445.75,493224.0,0.4228434970078977,0.7126438032639663,497346.25,54718.55000000005
2016-04-25,111452.5,56738.0,18710.25,223380.5,119736.0,4204.0,157724.5,371056.0,248545.75,37531.25,25084.25,124692.75,1436783.0,1456076.0,19293.0,1074956.2,1498855.75,534221.25,0.35641938859026295,0.7481687909726104,781825.75,62072.75
2016-04-26,109394.5,56667.5,13357.5,257021.0,96568.0,4094.0,157791.75,356867.75,304330.75,42850.0,31308.75,136667.0,1473761.2,1502592.0,28830.75,1106814.8,1566918.5,537102.5,0.34277628351442657,0.7510136649003923,840715.5,93157.30000000005
2016-04-27,109599.0,56803.75,42500.5,353589.5,106075.25,3884.0,157500.0,358183.5,263538.5,40504.25,19505.0,131865.25,1494339.5,1526910.0,32570.5,992174.25,1643548.5,672452.0,0.40914642920485766,0.663955045021563,794091.5,149209.0
2016-04-28,109992.5,55200.25,17098.0,175709.0,146864.5,3943.75,157431.25,367155.75,310763.75,40149.25,29037.0,147660.25,1465108.0,1485120.8,20012.75,1125436.5,1561005.25,508808.0,0.32594893578993406,0.7681594121389004,865729.0,95897.25
2016-04-29,109552.0,53880.5,54443.5,242445.75,161029.75,4176.5,156389.25,347735.0,258772.5,37273.0,25317.75,129529.25,1426454.2,1455307.5,28853.25,968535.25,1580544.75,625528.0,0.3957673454041716,0.678980965529773,773309.75,154090.55000000005
2016-04-30,109497.0,50412.25,32769.75,117954.25,156373.25,3919.25,154991.25,360419.0,177960.5,30534.5,16469.25,80078.0,1189434.2,1211695.8,22261.5,882337.0,1291378.25,470925.75,0.36466910450133416,0.7418123675946093,648992.0,101944.05000000005
2016-05-01,109409.75,49209.25,2557.0,189391.25,147930.75,3762.5,150175.25,326704.75,103239.5,28863.25,10666.0,84400.75,1061586.8,1113131.8,51545.0,721707.75,1206310.0,502260.5,0.41636105147101493,0.6798386622742483,543208.25,144723.19999999995
2016-05-02,109227.0,55545.75,22377.75,58045.75,197182.75,3848.0,154578.5,377271.0,239682.0,35018.0,28867.0,109091.25,1374225.2,1389527.2,15302.0,1096619.0,1390734.75,446227.0,0.3208570146104424,0.7979907514430677,761062.25,16509.550000000047
2016-05-03,109305.25,53269.0,28072.25,181848.75,139148.75,3628.75,154143.25,372710.0,252736.5,38724.0,19047.75,121160.75,1442984.0,1468544.5,25560.5,1093914.2,1473795.0,515272.75,0.3496230819075923,0.7580917044125229,785331.25,30811.0
2016-05-04,110393.25,54802.25,4895.75,85465.5,174183.25,3917.5,153574.0,366351.25,290433.75,37846.25,20989.5,124438.0,1418535.5,1441180.8,22645.25,1153991.0,1427290.25,433657.5,0.30383273479238015,0.8135087207898568,819069.25,8754.75
2016-05-05,110590.0,51464.75,19025.25,116279.25,212709.5,3888.75,151967.75,309311.75,94293.5,31345.5,19741.25,74996.75,1124218.8,1156916.5,32697.75,776204.75,1195614.0,513957.5,0.4298690881839791,0.6904392187712926,509947.5,71395.19999999995
2016-05-06,109824.5,48945.0,44026.25,208298.5,217568.25,3681.75,150770.75,311766.0,91100.0,31675.75,24713.25,85823.0,1255859.5,1279857.0,23997.5,785966.5,1328193.0,632344.25,0.476093647534658,0.6258395146909348,520364.75,72333.5
2016-05-07,109136.0,49841.25,50785.25,262491.25,215961.5,3513.25,148773.0,250450.5,67184.5,23484.25,23513.0,69764.5,1160427.0,1199507.0,39080.0,631189.0,1274898.25,691728.5,0.5425754565119216,0.5439282264201023,410883.75,114471.25
2016-05-08,108159.25,49202.75,54632.25,344521.5,217820.0,3492.75,137526.75,193517.75,41742.75,22661.75,19986.0,71509.25,1073956.5,1122047.0,48090.5,456982.75,1264772.75,777828.5,0.6149946699911111,0.42551327730685556,329431.5,190816.25
2016-05-09,107845.0,53184.25,53627.5,314632.75,207426.25,3557.75,151000.75,314515.75,122129.5,34413.0,32849.75,96414.25,1395779.2,1417473.2,21694.0,820092.75,1491596.5,740273.5,0.4962960827542838,0.5875519208195681,567472.5,95817.30000000005
2016-05-10,107657.0,56320.5,47679.5,220305.25,157709.75,3567.75,151164.5,339797.0,216479.5,44024.25,29387.25,110926.5,1424022.5,1454303.0,30280.5,998328.0,1485018.75,593239.75,0.3994830031607345,0.7010619565350968,711227.25,60996.25
2016-05-11,107912.5,58561.75,55565.25,240473.5,180637.75,3615.5,151620.25,342101.5,201656.25,29200.75,22662.0,100593.5,1428687.2,1455698.5,27011.25,952010.75,1494600.5,646766.25,0.4327352024838744,0.6663535237104385,673552.0,65913.30000000005
2016-05-12,107713.25,62448.75,46709.75,292183.25,129859.25,3495.5,166812.0,341897.75,211246.5,36096.0,26843.25,106332.75,1449162.2,1477210.5,28048.25,980410.0,1531638.0,642409.75,0.41942662038941314,0.6765357252624999,695573.0,82475.80000000005
2016-05-13,108374.5,64730.5,32104.75,181450.75,135923.75,3570.25,163802.75,331283.75,206462.0,38806.5,27422.0,102125.75,1401479.2,1422672.5,21193.25,1052000.0,1396057.25,526154.5,0.376886048190359,0.7506354714361797,678678.0,-5421.949999999953
2016-05-14,108494.0,65913.0,56762.75,328700.5,132004.75,3554.0,151571.5,255211.0,41024.25,28211.25,20256.75,67493.0,1187984.2,1212780.5,24796.25,670516.25,1259196.75,695429.0,0.5522798561860964,0.5644151243762333,391939.5,71212.55000000005
2016-05-15,109561.0,64097.75,56444.25,341448.5,130934.75,3529.0,143438.25,200738.5,35382.0,21875.75,20909.25,67540.5,1054865.5,1096871.2,42005.75,526038.0,1195899.5,706015.25,0.5903633624731844,0.49867779351964775,325536.75,141034.0
2016-05-16,110429.5,60937.0,34777.25,236067.5,115657.25,3700.25,164669.25,303197.5,57120.5,23698.5,19895.25,66468.0,1074460.8,1101842.8,27382.0,687958.75,1196617.75,561568.75,0.46929669060984597,0.6402827818381089,450484.5,122156.94999999995
2016-05-17,109131.25,62773.75,28152.5,181207.75,113156.0,3930.0,176455.0,331678.25,220532.0,46167.0,28840.5,115241.0,1377848.5,1396508.0,18659.5,1055332.2,1417265.0,498351.25,0.35162884146578094,0.7659276037967889,713618.25,39416.5
2016-05-18,108289.5,62885.25,10533.0,75549.5,151709.0,3708.0,174209.75,370619.25,248957.75,52414.25,23893.0,134725.25,1421227.2,1447897.0,26669.75,1183435.8,1417493.5,412674.25,0.2911295536804931,0.832685864723107,806716.5,-3733.6999999999534
2016-05-19,108266.75,62101.75,5495.0,52632.5,119794.75,3693.5,182014.0,367292.25,263706.75,61674.75,20560.5,143262.5,1432925.5,1458186.5,25261.0,1255003.2,1390495.0,351984.25,0.2531359336063776,0.8758328329002449,835936.25,-42430.5
2016-05-20,107874.75,65779.25,30276.25,154591.25,144397.5,3546.25,182825.5,366064.25,212594.5,50162.75,21507.25,133119.5,1419263.5,1445117.0,25853.5,1089998.5,1472739.0,506465.25,0.3438934189968487,0.7680029113691714,761941.0,53475.5
2016-05-21,107843.25,62399.25,25773.0,94387.75,186839.5,3460.0,173919.75,334440.25,85412.75,31552.5,22867.25,81056.75,1187445.5,1212894.0,25448.5,880445.25,1209952.0,480702.75,0.39729076029462324,0.7414616081327522,532462.25,22506.5
2016-05-22,106279.75,58471.0,16866.5,203846.75,185443.0,3431.75,151931.75,274644.5,57755.0,21410.75,16527.0,67805.25,1090591.0,1123171.5,32580.5,684434.75,1164413.0,574338.75,0.49324316200523355,0.6275815131428739,421615.5,73822.0
2016-05-23,106220.5,64212.75,27120.25,142368.25,83885.0,3609.0,154813.0,338460.0,256444.25,50008.75,23259.25,135305.75,1398614.2,1421939.5,23325.25,1145240.8,1385706.75,427415.75,0.30844603304414875,0.818839677160435,780218.75,-12907.449999999953
2016-05-24,106240.0,68603.5,32180.5,166278.0,57671.0,3493.5,157058.25,355034.0,276709.75,64794.5,15788.0,142821.5,1438137.5,1462702.5,24565.0,1182008.0,1446672.5,434466.5,0.30032125446498775,0.8219019391400335,839359.75,8535.0
2016-05-25,107047.75,68062.0,2810.75,27372.75,100660.25,3502.0,155646.75,369558.25,308450.75,68637.75,18606.5,153954.0,1413216.5,1433667.8,20451.25,1282372.8,1384309.5,309455.5,0.2235450237103769,0.9074142567681598,900600.75,-28907.0
2016-05-26,107649.25,67019.25,1749.25,16823.75,169097.0,3607.0,154057.0,359049.25,234677.0,47435.25,16860.5,111309.25,1219604.0,1241880.2,22276.25,1031934.0,1289333.75,365945.5,0.28382527022192666,0.8461221839219943,752470.75,69729.75
2016-05-27,107982.75,66020.0,3824.5,31468.0,143397.25,3655.5,153578.25,356670.25,250046.75,36112.25,21398.25,126065.25,1308596.8,1333495.5,24898.75,1129907.0,1300219.0,356348.0,0.2740676762914555,0.8634493069217347,768894.5,-8377.800000000047
2016-05-28,107597.25,68544.25,14949.5,60362.5,160592.75,3476.5,151348.75,334549.25,117061.25,31028.5,15825.5,78713.5,1180774.0,1203607.0,22833.0,944869.25,1144049.5,415522.75,0.36320347152811133,0.8002117678742926,561352.5,-36724.5
2016-05-29,107146.5,67891.25,33785.5,123694.75,124927.0,3472.0,151030.0,304332.0,50021.5,29537.5,18435.0,68418.75,1095992.2,1126557.0,30564.75,813585.0,1082691.75,460917.0,0.42571396706403275,0.7423273632786803,452309.75,-13300.449999999953
2016-05-30,106097.0,68335.25,57786.5,194424.75,121134.0,3592.0,152052.0,326797.25,196987.0,39900.0,26658.5,96823.0,1400425.5,1428710.5,28285.0,1027080.25,1390587.25,551369.5,0.3965011904143375,0.7334058470086413,660507.25,-9838.25
2016-05-31,106356.0,65191.0,35602.5,81006.5,141403.0,3624.0,153103.0,332836.5,275519.0,51448.25,23369.0,142501.75,1434484.5,1455639.2,21154.75,1176472.5,1411960.5,433183.0,0.3067954096449582,0.820136083729033,802305.5,-22524.0
2016-06-01,105016.25,62157.0,47218.5,122098.5,99115.25,3543.75,160512.0,331599.0,264050.0,51656.5,24983.25,133714.5,1420657.2,1443761.8,23104.5,1152225.0,1405664.5,439149.25,0.3124139864099862,0.8110506883715509,781020.0,-14992.699999999953
2016-06-02,104211.75,62645.0,47735.0,66561.75,119311.25,3623.75,182005.25,322982.0,261790.5,49008.75,26830.25,124180.75,1413640.0,1441159.5,27519.5,1180032.0,1370886.0,404088.5,0.29476448078104234,0.8347471774992219,757962.0,-42754.0
2016-06-03,105069.75,63572.75,17145.5,84538.0,135721.75,3509.75,184193.5,335876.5,258150.0,38276.5,22243.5,115413.0,1385412.5,1410866.5,25454.0,1148007.2,1363710.5,409557.5,0.30032583895188897,0.8286392680880242,747716.0,-21702.0
2016-06-04,104637.0,64512.5,7330.25,47918.25,163818.75,3170.75,184038.0,321000.0,146750.0,27335.5,20538.75,73985.0,1171161.5,1190323.0,19161.5,952094.25,1165034.75,391387.5,0.3359449149478159,0.8129487265419841,569070.5,-6126.75
2016-06-05,103753.75,63870.5,10500.5,38721.0,169854.0,3197.5,180632.25,294398.5,89332.25,26826.75,17710.75,64002.75,1068275.8,1099109.8,30834.0,849200.25,1062800.5,389897.25,0.3668583614704735,0.7949260387626491,474560.25,-5475.300000000047
2016-06-06,103843.25,64374.75,4012.0,60352.75,217344.25,3168.75,187348.75,292338.5,265994.25,31041.25,20345.75,113776.75,1367203.2,1384331.8,17128.5,1085494.2,1363941.0,453095.75,0.33219600407935534,0.7939523547048456,703150.75,-3262.1999999999534
2016-06-07,103798.75,65486.75,3606.0,46855.25,214922.0,3172.5,211812.5,317787.5,288597.25,29285.75,20422.0,110592.75,1398812.8,1421674.5,22861.75,1133429.5,1416339.0,437841.25,0.3091359130829554,0.8102796171153137,746263.25,17526.199999999953
2016-06-08,103463.0,66058.75,37328.75,120507.25,160186.0,3180.0,215021.5,339409.75,258299.75,30457.25,17489.75,108638.0,1402531.5,1423835.5,21304.0,1084509.5,1460039.75,490723.75,0.33610300678457555,0.7732514385594904,736804.75,57508.25
2016-06-09,105055.5,63488.75,20119.5,78251.25,155236.5,3170.75,215292.75,338456.0,259155.25,43416.75,19737.25,122270.5,1393012.2,1413839.2,20827.0,1139405.0,1423650.75,425322.25,0.29875462784675244,0.8179433030091194,763298.5,30638.550000000047
2016-06-10,105751.0,60473.5,27432.75,126094.5,220841.75,3150.75,214986.0,325747.75,181939.5,29470.25,21666.25,96659.5,1365924.8,1386348.0,20423.25,991555.75,1414213.5,543744.25,0.38448526336370004,0.7259226496217068,633817.0,48288.69999999995
2016-06-11,105772.75,64158.5,5472.0,34276.25,134774.5,3207.5,187133.0,321437.0,169692.0,26971.75,13507.25,71865.25,1157344.8,1174721.5,17376.75,982822.0,1138267.75,347661.5,0.3054303348223649,0.8492041438299113,589966.0,-19077.050000000047
2016-06-12,105388.5,65891.25,22689.0,63345.0,120360.0,3184.5,183028.25,321689.75,76925.5,26576.25,15600.0,67842.5,1073732.5,1109488.8,35756.25,867338.5,1072520.5,380858.25,0.3551057998425205,0.8077789393540756,493034.0,-1212.0
2016-06-13,105682.5,68427.75,32052.0,77039.0,116441.5,3160.0,183403.0,343395.0,260425.75,47377.25,25541.5,115328.25,1370793.5,1391989.8,21196.25,1145261.0,1378273.5,402802.75,0.29225168299325205,0.8354730307664867,766526.25,7480.0
2016-06-14,105414.0,67328.0,12707.75,57016.5,135005.75,3158.0,183581.25,328483.75,312349.5,50241.75,24881.75,138868.75,1399323.0,1424146.8,24823.75,1194593.0,1419036.75,380630.0,0.2682312491202219,0.8536935360885228,829943.75,19713.75
2016-06-15,105410.5,64440.0,740.25,51433.0,142131.75,3120.0,183380.25,333593.25,322621.5,52450.75,27655.25,140115.0,1392808.8,1418347.0,25538.25,1198503.8,1427091.5,367275.5,0.2573594615341763,0.8604941324322477,848780.5,34282.69999999995
2016-06-16,105665.25,64894.25,171.5,33995.0,136231.25,3061.5,207459.0,352107.75,323073.0,36293.0,23015.25,93001.5,1400860.8,1423566.2,22705.5,1230463.0,1378968.25,344018.75,0.2494754683438143,0.8783620756609078,804475.25,-21892.550000000047
2016-06-17,106035.25,57907.25,5704.5,142427.0,117882.5,3095.25,205741.0,365809.75,245066.75,39944.5,24167.25,110245.75,1394368.5,1423760.5,29392.0,1128354.5,1424026.75,433051.75,0.30410366237853326,0.8092225979000529,761066.75,29658.25
2016-06-18,105685.0,53335.5,22543.75,129828.0,166886.25,3146.0,212392.0,330316.5,95110.0,32176.75,22746.25,68353.5,1177430.8,1200896.2,23465.5,858172.75,1242519.5,481424.5,0.3874583054833345,0.7288519631047531,525956.75,65088.69999999995
2016-06-19,105498.5,59528.75,20697.5,74136.75,138537.5,3208.0,211974.5,294907.25,66123.25,31631.5,26570.25,70152.75,1070321.0,1109829.0,39508.0,836949.25,1102966.5,401607.0,0.3641153199122548,0.7819609724559268,462814.75,32645.5
2016-06-20,104783.0,59978.0,46874.0,164831.0,185489.0,3162.0,211293.0,303623.25,162394.25,37232.5,23706.25,111125.25,1364073.5,1391397.0,27323.5,966879.5,1414491.5,565117.0,0.3995195446561538,0.7088177433254147,614375.25,50418.0
2016-06-21,104168.0,63302.5,5942.25,105394.0,131173.5,3129.75,209934.5,299389.75,270357.75,50287.5,31932.25,143129.0,1381672.0,1404635.2,22963.25,1139162.2,1418140.75,413110.0,0.29130394849735475,0.8244809187708805,763164.0,36468.75
2016-06-22,103792.5,64453.25,9467.25,43811.25,185632.25,3054.5,209326.75,298287.75,320222.0,38219.0,32151.0,156754.75,1392829.5,1419835.0,27005.5,1153918.8,1465172.25,410211.0,0.27997459001834085,0.8284709650391523,813483.5,72342.75
2016-06-23,102320.25,65047.75,18683.25,118786.25,229712.0,3018.75,207719.75,286932.25,312401.75,38515.5,32575.25,126852.0,1414736.2,1447543.0,32806.75,1047554.75,1542564.75,537568.25,0.3484899094187132,0.7404594227531607,764701.5,127828.55000000005
2016-06-24,102644.5,65253.25,16487.5,96114.25,198066.25,3016.5,207009.0,300010.75,295046.5,35643.75,26921.25,114711.75,1409257.0,1433416.8,24159.75,1098589.0,1460925.25,481582.25,0.32964195122235035,0.7795519199124078,745412.75,51668.25
2016-06-25,104363.0,63657.25,5849.0,111968.25,134963.75,3037.25,208526.0,304057.25,155781.25,28018.25,27611.75,75089.5,1199839.8,1220053.0,20213.25,947058.75,1222922.5,423838.5,0.3465783808867692,0.7893209993534136,562946.25,23082.699999999953
2016-06-26,105188.5,62147.0,21498.75,158147.25,160403.75,3083.5,195980.75,272515.75,57258.25,26517.0,22014.5,73603.25,1073412.2,1115995.0,42582.75,733362.5,1158358.25,510468.75,0.4406829666038119,0.6832067867311364,429894.25,84946.05000000005
2016-06-27,104764.5,59803.25,30330.75,144637.25,168832.25,3041.0,207312.0,337515.75,177847.25,34533.75,21794.25,112426.75,1386973.5,1412661.0,25687.5,1043173.25,1402838.75,511409.0,0.36455294665905114,0.7521219763751795,662323.5,15865.25
2016-06-28,104731.0,64019.25,9146.5,56530.75,177451.75,3002.25,204372.75,330380.75,266938.25,49157.5,28256.75,125925.25,1408773.5,1428880.5,20107.0,1165644.5,1419912.75,414881.5,0.29218802352468487,0.8274179632141008,772401.75,11139.25
2016-06-29,104864.25,67458.25,31335.75,208022.75,181636.25,2992.25,205507.0,321005.25,213514.0,31830.25,24214.0,122448.75,1430363.5,1459867.2,29503.75,1009368.75,1514828.75,596309.5,0.3936481268922312,0.7056728936385751,688798.25,84465.25
2016-06-30,105082.5,68299.75,25305.75,125623.5,123377.25,3002.5,206758.5,315747.75,283641.75,46520.5,33442.75,133551.5,1418121.2,1444864.2,26743.0,1143814.8,1470354.0,450691.25,0.30651887232598407,0.8065705526438784,779461.5,52232.80000000005
2016-07-01,104684.25,68331.0,42032.5,200987.25,167246.75,2580.0,205489.25,316559.5,210374.25,29661.25,22941.25,100978.0,1392166.2,1422686.8,30520.5,981899.75,1471865.25,585861.75,0.39804034370673536,0.705303540626112,657573.0,79699.05000000005
2016-07-02,105380.75,69030.75,53624.25,219409.75,105326.75,2605.25,204442.75,316419.5,56735.75,25713.5,17173.5,75687.0,1191320.8,1212442.0,21121.25,812960.0,1251549.5,555377.5,0.44375192511362915,0.6824022547075481,474555.75,60228.69999999995
2016-07-03,105456.75,66576.5,43877.5,159069.75,161292.5,2616.5,205394.25,253427.0,67156.25,25913.75,18450.5,71239.25,1066202.0,1109714.8,43512.75,701962.25,1180470.5,538889.5,0.4565039956525809,0.6583764146006104,417736.25,114268.5
2016-07-04,104233.5,68912.75,11011.75,49478.25,183602.75,2583.0,206636.0,302811.25,245408.75,44004.25,31055.75,173958.25,1368641.0,1390151.0,21510.0,1124548.2,1423696.25,419822.0,0.29488172073221375,0.8216531581327755,766182.5,55055.25
2016-07-05,103729.0,67995.0,38882.75,258876.25,166213.25,2565.25,206255.75,323051.5,172298.5,37002.75,23473.25,104455.75,1436211.0,1460454.8,24243.75,972238.75,1504799.0,638261.5,0.42415066729842327,0.6769470154455021,636808.5,68588.0
2016-07-06,104700.25,67989.75,61583.0,398791.5,182115.5,2585.5,212648.75,282398.25,84224.75,33863.5,25867.25,79022.25,1427476.5,1462879.0,35402.5,784986.5,1535790.25,817765.5,0.5324721263206352,0.5499120300754513,479508.75,108313.75
2016-07-07,104828.0,67969.5,34236.5,93178.25,217734.75,2576.5,215230.75,348861.75,198907.0,32617.0,24365.25,87282.0,1399665.5,1424727.8,25062.25,1054516.0,1427787.25,520523.5,0.3645665697042749,0.7534057244391607,667667.75,28121.75
2016-07-08,104272.75,66531.5,34884.0,174634.0,170853.25,2557.25,214876.25,363428.25,194235.75,32664.5,25287.25,88909.5,1406298.5,1426744.2,20445.75,1025927.25,1473134.25,553732.75,0.37588749973059143,0.7295231062253141,679238.0,66835.75
2016-07-09,104592.0,66196.5,32608.25,194242.25,180613.0,2546.25,214131.25,344780.5,53351.25,28714.0,30783.0,70962.25,1189873.5,1218307.5,28434.0,782410.0,1323520.5,580798.25,0.4388282992216592,0.6575572949561445,497808.0,133647.0
2016-07-10,103457.75,64786.75,48326.0,133867.75,213022.25,2551.25,208445.75,325499.75,50417.75,27737.5,25592.5,65314.0,1090268.5,1131993.0,41724.5,695052.5,1269019.0,566011.75,0.4460230697885532,0.6375058070557849,468969.0,178750.5
2016-07-11,101283.25,66286.0,59701.75,275330.0,167830.25,2544.75,209768.25,364473.25,129479.75,35609.25,26280.25,91280.75,1403743.2,1431402.0,27658.75,900881.25,1529867.5,672976.0,0.43989168996661476,0.641770695665703,620843.0,126124.30000000005
2016-07-12,102322.0,65103.0,31576.25,140231.25,118049.5,2548.25,213502.25,373845.0,234991.5,36841.75,25019.25,122294.75,1417873.2,1440446.0,22572.75,1128016.2,1466324.75,459830.25,0.31359373153866493,0.7955691665517057,767973.0,48451.55000000005
2016-07-13,101803.5,60275.25,5486.5,55341.75,123383.75,2561.75,216202.0,375979.75,279286.75,47432.25,18760.75,128766.5,1395361.0,1413244.2,17883.25,1211149.0,1415280.5,348852.5,0.24649000675131183,0.8679825507520993,831465.25,19919.5
2016-07-14,103935.5,57342.75,50990.0,239022.75,117363.25,2549.5,214368.75,373573.25,118243.5,34297.5,17436.25,91668.75,1409371.0,1432738.8,23367.75,1001995.0,1420791.75,571203.75,0.4020320008192615,0.7109519069145029,617783.0,11420.75
2016-07-15,104110.25,60867.0,50172.0,273185.75,129006.0,2620.75,204821.0,350981.75,99877.0,33809.0,29160.0,97725.0,1382135.2,1404791.2,22656.0,929771.5,1436335.5,619961.75,0.4316273948530827,0.6727066208862925,582392.75,54200.30000000005
2016-07-16,103633.0,64555.25,34587.75,98933.75,157543.0,2651.25,182907.25,365042.25,95804.25,31338.25,18430.75,78114.75,1168759.5,1190316.8,21557.25,877695.0,1233541.5,461904.0,0.37445355506888095,0.7509628798739176,570299.5,64782.0
2016-07-17,103090.0,66354.0,15394.5,91407.75,140821.75,2595.25,183228.75,367329.0,90673.25,28608.25,17867.75,76801.75,1073286.8,1106807.2,33520.5,825662.75,1184172.0,419663.25,0.3543938296125901,0.7692843608996216,563412.25,110885.19999999995
2016-07-18,102506.5,67867.25,17614.25,91207.5,185381.75,2552.0,189862.5,361017.25,227063.5,39202.0,28003.75,128060.5,1364769.0,1380581.5,15812.5,1070565.5,1440338.75,467129.25,0.3243190187030655,0.7844298192587903,755343.25,75569.75
2016-07-19,102593.75,69305.5,4655.0,36659.25,208400.75,2590.0,189543.75,351297.0,251490.5,55844.5,28442.75,146433.25,1399456.0,1418104.0,18648.0,1149741.0,1447256.0,424204.25,0.29310933932904754,0.8215628072622505,805065.25,47800.0
2016-07-20,102019.75,68229.5,38330.75,93552.25,221744.0,2601.5,188345.25,363628.5,236286.5,47494.0,26062.25,144985.75,1422831.0,1446966.0,24135.0,1069204.0,1533280.0,526477.75,0.3433669975477408,0.7514624013674147,792394.75,110449.0
2016-07-21,102224.0,68913.25,8871.75,87654.5,139662.25,2574.0,188304.0,370533.5,264257.5,53534.0,26538.25,140959.0,1418433.2,1441193.2,22760.0,1182244.8,1454026.0,409899.75,0.28190675407454885,0.8334864130365816,829284.0,35592.80000000005
2016-07-22,102452.5,68463.75,9646.0,56599.0,172881.25,2666.0,187988.75,360243.5,288891.75,46457.5,20906.0,134044.75,1385972.8,1405383.8,19411.0,1146846.5,1451240.75,412708.5,0.2843832079549861,0.8274668160875884,829637.5,65267.94999999995
2016-07-23,103265.25,68214.5,4250.25,39820.5,138544.0,2656.25,187874.25,340381.0,209340.75,26290.0,18306.75,84269.5,1175111.8,1189226.8,14115.0,992497.0,1223213.0,356750.75,0.2916505547275904,0.8445979352773072,660281.25,48101.19999999995
2016-07-24,103252.0,68810.25,510.5,17008.5,164821.5,2663.5,187576.5,326408.5,173964.75,24539.25,12135.5,67482.5,1069917.2,1101652.0,31734.75,887576.75,1149173.25,357066.25,0.31071576892344127,0.8295751764715998,592395.0,79256.05000000005
2016-07-25,102510.25,69907.5,12767.0,31041.0,159208.75,2668.25,188301.5,327500.5,292607.0,52553.75,26277.75,136426.0,1371152.0,1385261.2,14109.25,1168135.2,1401769.25,378102.75,0.2697325183870313,0.8519370573065568,809087.25,30617.25
2016-07-26,102216.75,70506.5,4689.25,36016.25,151242.75,2671.75,187762.5,329287.0,324646.75,54695.75,21560.5,136262.5,1395741.0,1414384.5,18643.5,1203792.8,1421558.25,367343.25,0.25840886224676335,0.8624757745169054,844892.0,25817.25
2016-07-27,102544.0,71030.25,16692.75,66366.0,144980.0,2668.0,188549.5,339223.0,329596.5,55719.5,17966.0,135522.75,1391807.5,1413527.5,21720.0,1163768.8,1470858.25,404281.0,0.27486061284287594,0.8361564368635749,860061.75,79050.75
2016-07-28,103181.25,71365.0,3478.0,44607.0,143427.5,2698.75,189043.0,347713.25,309940.5,54561.0,21127.25,147036.25,1379001.2,1398653.0,19651.75,1187488.8,1438178.75,368757.5,0.25640588835010947,0.8611223833597825,859251.0,59177.55000000005
2016-07-29,102354.5,71784.5,7482.25,115064.25,149903.25,2683.75,188256.75,354491.5,261750.5,33680.5,22071.5,124613.5,1351715.0,1370925.5,19210.5,1079265.2,1434136.75,449272.5,0.31327033492447637,0.7984413874226445,774536.0,82421.75
2016-07-30,102492.5,68766.0,10948.75,108116.0,163954.5,2659.75,180694.5,348362.75,167758.5,20654.75,18613.25,82145.25,1152753.2,1175541.8,22788.5,869734.0,1275166.5,456937.5,0.3583355585329445,0.7544841341581182,618921.25,122413.30000000005
2016-07-31,102451.75,66271.75,7204.5,52296.0,96641.0,2684.75,177580.0,358077.75,162884.5,21659.25,8966.5,70197.25,1053883.2,1078741.0,24857.75,897741.75,1126915.0,327549.75,0.2906605644613835,0.8518417885397547,612818.75,73031.80000000005
2016-08-01,104701.25,69396.75,25573.75,119175.5,171733.75,3047.5,190220.5,356739.25,191334.5,41325.5,16874.0,102843.25,1314456.2,1332882.0,18425.75,997973.25,1392965.5,493628.5,0.35437238036405067,0.75922898762241,692242.5,78509.30000000005
2016-08-02,104499.5,69482.0,7860.25,76135.75,82123.25,3083.25,191094.25,354250.0,258101.75,48963.5,20296.5,138505.75,1361784.2,1380537.8,18753.5,1195665.0,1354395.75,343184.0,0.253385319615777,0.878013564851171,799821.0,-7388.449999999953
2016-08-03,105063.0,68393.25,46494.75,222777.5,101856.75,3062.25,189984.75,354258.75,238394.25,43974.75,18960.75,111273.0,1382698.5,1402471.2,19772.75,1011569.5,1504493.75,547647.5,0.3640078265529518,0.7315907987171463,747900.75,121795.25
2016-08-04,105058.5,67134.75,55252.5,197602.25,136499.75,3025.75,188522.5,340568.75,231399.5,50367.25,23749.5,111227.75,1381693.2,1402641.0,20947.75,992338.75,1510408.75,564573.5,0.3737885522710326,0.7182048446066029,733563.25,128715.55000000005
2016-08-05,105507.5,64968.5,26970.75,109953.75,104523.25,3160.5,189458.5,337757.25,222222.75,49840.25,26047.5,111650.75,1334061.2,1360093.8,26032.5,1092613.5,1352061.25,415084.25,0.3070010696630792,0.8190130257892216,721471.0,18000.050000000047
2016-08-06,105320.25,62242.75,26624.25,139533.25,141835.75,3066.75,203856.0,301813.0,92805.25,25758.75,15261.0,69745.5,1133940.2,1155199.0,21258.75,825947.0,1187862.5,478623.0,0.40292794831051576,0.7283867350324118,490122.5,53922.30000000005
2016-08-07,105250.25,68352.5,57484.0,152434.25,198063.75,3152.0,193731.75,237812.0,50882.25,23620.75,18076.25,64926.5,1033703.25,1075985.5,42282.25,625721.25,1173786.25,584736.75,0.4981628895380228,0.6053199987520597,377241.5,140083.0
2016-08-08,104799.5,71724.0,71437.25,290219.75,172574.75,3136.5,210013.25,327552.0,98867.0,29062.0,22229.5,77542.0,1337129.2,1359893.0,22763.75,802897.5,1479157.5,713891.75,0.48263403322499465,0.6004636649921339,533023.0,142028.30000000005
2016-08-09,105400.5,71054.25,59324.25,134772.25,110443.25,3043.75,218919.25,342843.25,168677.5,44076.75,22068.0,93425.75,1348911.8,1369405.8,20494.0,1044372.0,1374048.75,484038.25,0.3522715260284615,0.7742329780197638,649023.25,25136.949999999953
2016-08-10,106369.0,69148.75,53628.75,125795.5,127482.75,3055.25,220986.75,323274.5,151551.5,47187.0,26404.0,94586.75,1346039.0,1372213.8,26174.75,1039132.0,1349470.5,485480.0,0.3597559190808543,0.7719924905593374,616599.75,3431.5
2016-08-11,106937.0,70382.5,25774.0,169186.0,145302.25,3095.0,221010.5,322496.75,146218.25,40037.25,25069.75,103527.25,1339807.2,1367575.8,27768.5,999545.0,1379036.5,520676.75,0.3775656046812394,0.7460364446466626,612279.5,39229.30000000005
2016-08-12,106981.25,72365.25,36737.0,151057.75,63613.75,3066.0,220449.5,326272.75,162010.5,29718.0,28433.25,103627.75,1344232.2,1364569.0,20336.75,1092823.8,1304332.75,433821.0,0.33259994430102285,0.8129724909134003,621629.0,-39899.44999999995
2016-08-13,106853.25,70637.75,48802.0,226259.5,175705.75,3039.0,219494.25,308009.5,57111.0,22896.5,24027.5,68339.75,1156851.0,1186693.0,29842.0,706083.75,1331175.75,631297.25,0.47424034730199977,0.610349777110449,456356.75,174324.75
2016-08-14,106438.25,68625.25,19591.0,83095.75,166927.75,3020.75,218201.5,322501.75,75905.25,24067.0,13228.25,66717.5,1044811.0,1082523.8,37712.75,775196.5,1168320.0,447698.75,0.3831987383593536,0.7419490223590678,489191.5,123509.0
2016-08-15,104833.25,66718.25,6257.0,58938.75,173784.5,3035.75,217688.25,336727.0,151215.5,27297.75,19375.5,82860.0,1278615.0,1296098.5,17483.5,1039634.75,1248731.5,413567.5,0.3311900917050623,0.813094442032981,598100.25,-29883.5
2016-08-16,104781.5,67398.75,5556.75,56758.0,183882.75,3042.0,243459.0,363853.75,232359.75,58595.75,24744.25,90444.75,1343082.2,1361166.8,18084.5,1096884.8,1434877.0,421419.75,0.293697473720744,0.8166922322401414,745254.0,91794.80000000005
2016-08-17,104399.75,68075.0,4029.75,42965.5,188332.5,3036.25,251973.75,361147.5,227685.0,72313.5,27159.75,101166.25,1341612.5,1363530.5,21918.0,1106284.8,1452284.5,410838.75,0.2828913687366353,0.8245933904163834,762312.25,110672.0
2016-08-18,104821.0,67508.5,9157.5,41851.0,161677.25,3049.75,252225.0,363514.25,242985.5,82132.25,22348.25,122078.0,1357200.2,1380725.8,23525.5,1144514.5,1473348.25,388065.0,0.2633898672632217,0.8432908424269316,810710.0,116148.05000000005
2016-08-19,104358.0,66666.75,6587.5,31506.75,166275.75,3044.0,250029.25,361757.25,226757.5,80613.0,29647.0,117299.75,1342075.5,1366408.8,24333.25,1137705.5,1444542.5,378438.75,0.26197827339797897,0.847720936713322,786427.5,102467.0
2016-08-20,104633.75,64479.75,34212.0,112017.25,110186.0,3051.75,249220.25,331121.5,105321.0,33252.0,18206.25,86405.75,1168095.5,1189477.0,21381.5,911680.25,1252107.25,428580.5,0.34228737194836945,0.7804843439598903,556100.25,84011.75
2016-08-21,104865.75,62802.25,41979.5,204803.0,125987.0,3088.0,240218.5,277532.75,64748.0,22536.5,19357.0,81839.0,1055035.0,1103862.2,48827.25,682265.5,1249757.25,543525.5,0.4349048585235253,0.6466757027018061,446656.25,194722.25
2016-08-22,104958.25,63461.75,33516.0,150695.25,125144.75,3104.0,250496.0,345989.25,173209.75,76638.5,25705.75,118419.75,1362853.8,1386441.0,23587.25,1053497.8,1471339.0,480880.0,0.3268315459591569,0.7730086675474654,714257.25,108485.19999999995
2016-08-23,104316.25,63127.75,6234.25,59903.0,172383.0,3079.75,247552.0,345583.25,218369.0,110475.5,31149.25,125673.75,1386303.2,1405969.5,19666.25,1147783.0,1487846.75,409044.0,0.27492347582168664,0.8279451421593775,800101.5,101543.55000000005
2016-08-24,103467.75,61862.75,18562.0,85997.25,197841.0,3079.5,245943.0,353395.25,234632.75,106538.5,22535.5,123646.0,1393322.5,1421912.5,28590.0,1090922.2,1557501.25,470810.25,0.3022856321945167,0.7829646043898666,818212.5,164178.75
2016-08-25,102525.25,61635.5,11676.75,170826.25,199405.25,3078.25,246308.75,360895.5,231003.0,100939.75,25233.0,99147.75,1406600.8,1433598.5,26997.75,1024692.5,1612675.0,549147.25,0.3405194785062086,0.7284884951010976,791986.0,206074.19999999995
2016-08-26,102537.5,59236.5,19380.5,124745.25,191313.25,3059.0,244580.75,370279.0,214913.5,102098.75,26596.5,101508.0,1391936.0,1415242.2,23306.25,1056497.0,1560248.5,500272.0,0.32063610380013186,0.7590126270173342,788799.25,168312.5
2016-08-27,103167.0,57026.5,10313.0,66178.5,185593.0,3047.25,240634.25,371668.5,141109.25,58953.25,16879.0,93258.75,1195097.2,1216406.2,21309.0,933012.75,1347828.25,425325.25,0.3155633887329487,0.7807003062177704,664989.75,152731.05000000005
2016-08-28,102261.5,56260.0,41180.75,179103.25,162508.25,3005.25,232930.0,352540.75,89657.0,27981.75,18243.25,71262.25,1091525.2,1123888.0,32362.75,708733.0,1336934.0,544319.0,0.40713976905367055,0.649305210727155,541441.75,245408.80000000005
2016-08-29,103675.0,59854.5,41188.25,199330.0,109810.75,2985.75,241045.5,352615.0,211828.0,82417.0,30849.75,108558.0,1393193.0,1419147.8,25954.75,1042864.0,1544157.5,516844.25,0.33470954225848076,0.7485423771150157,755418.0,150964.5
2016-08-30,104181.75,60873.75,19973.75,74749.5,178617.0,3070.5,242636.0,358131.25,251371.25,102146.75,23211.0,129070.5,1381763.8,1405155.8,23392.0,1108423.5,1548033.0,441466.25,0.28517883662686777,0.8021801555374369,840719.75,166269.19999999995
2016-08-31,105163.0,58687.5,7944.0,56433.5,188464.75,3029.75,241237.25,370678.0,246860.0,101791.0,27656.5,132276.5,1384240.2,1408697.5,24457.25,1131398.0,1540221.75,419722.5,0.27250783856285626,0.8173422502828628,851605.5,155981.55000000005
2016-09-01,103684.75,59141.25,12956.25,64705.75,147092.75,2863.0,239208.75,369410.0,246487.0,102330.5,22737.25,150869.25,1391404.5,1417047.8,25643.25,1166649.8,1521486.5,390443.75,0.25661992400195466,0.838469187069612,869096.75,130082.0
2016-09-02,104744.25,57672.75,36476.0,65445.25,164306.25,2871.25,226649.25,351472.25,251776.75,76483.0,24150.25,143951.25,1365181.5,1384287.0,19105.5,1098954.0,1505998.5,431515.75,0.28653132788644875,0.8049874686992169,823683.25,140817.0
2016-09-03,104743.25,54418.0,13471.25,97063.25,136417.75,2895.5,214763.75,327761.0,170387.5,28725.0,24685.75,109564.0,1153044.0,1178504.2,25460.25,906091.75,1284896.0,409009.0,0.3183207045550768,0.7858258227786624,636437.5,131852.0
2016-09-04,104650.25,50483.5,22139.5,239946.0,77085.75,2928.75,216188.0,340412.25,99714.25,29435.25,18625.25,97428.0,1081507.8,1114382.5,32874.75,742336.5,1299036.75,497233.75,0.38277111867697355,0.6863903339393391,566989.75,217528.94999999995
2016-09-05,103841.75,53354.5,7501.75,152568.75,92802.5,2971.5,217589.5,365398.25,242484.0,74449.75,36964.0,147999.5,1364730.0,1383046.5,18316.5,1111857.0,1497925.75,413040.75,0.2757418049592912,0.8147084038601042,830331.5,133195.75
2016-09-06,103981.5,61776.75,9435.25,33932.0,160061.75,2964.5,217460.25,352171.5,274545.75,103572.5,20768.75,153052.75,1375685.8,1402555.0,26869.25,1172256.8,1493723.25,372151.75,0.24914370851494747,0.8521253908414261,883342.5,118037.44999999995
2016-09-07,104270.25,59792.75,4710.5,75651.0,178618.75,2933.5,215273.0,362184.25,255971.25,104053.25,21259.5,145686.75,1385419.8,1410618.2,25198.5,1126439.5,1530404.75,425976.75,0.27834254304294337,0.8130672739049926,867895.5,144984.94999999995
2016-09-08,103201.0,57521.5,16342.75,98587.5,177860.75,2926.25,216660.0,367910.0,236613.25,98774.0,32692.75,142892.0,1406419.5,1433890.5,27471.0,1113628.5,1551981.75,456439.75,0.29410123540434674,0.7918181595178394,846189.25,145562.25
2016-09-09,103274.25,56153.25,10405.75,58997.75,154785.0,2907.0,217050.25,376124.75,244493.0,103347.0,25807.75,139000.5,1375679.2,1401210.8,25531.5,1151490.8,1492346.25,386523.0,0.2590035656939534,0.8370343899944116,862965.25,116667.05000000005
2016-09-10,103319.75,51567.25,17796.0,34509.25,162472.5,2924.25,213559.5,367530.75,179523.75,59180.0,15925.0,103893.25,1153325.0,1175674.5,22349.5,938547.25,1312201.25,372589.0,0.2839419639327428,0.8137751717859233,710127.75,158876.25
2016-09-11,103038.0,49084.0,20435.5,54089.5,146759.75,2896.75,215617.75,359180.0,136287.0,55696.0,13790.75,84690.0,1059368.5,1097311.0,37942.5,838083.75,1241565.0,376303.5,0.3030880380809704,0.791116358472052,635853.0,182196.5
2016-09-12,102745.0,50034.25,13320.5,74680.25,164975.25,2916.25,212258.0,370236.75,248753.25,99306.75,32481.0,131285.75,1374399.0,1392884.0,18485.0,1121423.0,1502993.0,408671.5,0.27190512530663813,0.8159370022824521,849582.5,128594.0
2016-09-13,102380.0,53010.75,23970.5,126546.75,163843.5,3122.0,212531.5,333916.5,255112.5,105433.25,25057.75,126660.25,1412886.8,1441776.5,28889.75,1098526.0,1531585.25,472873.5,0.3087477500844305,0.7775046097111248,821122.5,118698.44999999995
2016-09-14,102546.5,50620.5,46153.75,179416.25,161425.5,3121.5,213319.75,351465.75,229031.5,96886.25,20738.25,130010.0,1407145.8,1434859.0,27713.25,1020150.25,1584735.5,543284.0,0.34282313988675084,0.7249783568980556,807393.5,177589.69999999995
2016-09-15,102197.0,48569.25,49200.0,227565.0,153040.0,3128.5,217702.0,340682.5,202219.75,78297.0,21352.75,135225.25,1411923.2,1434597.0,22673.75,982118.25,1579179.0,583699.75,0.36962228474416137,0.6955890022913428,756424.5,167255.80000000005
2016-09-16,103770.75,46348.0,18899.25,82582.25,99221.0,3311.75,221484.25,364767.25,270145.75,103714.5,27968.25,142201.0,1365390.5,1389189.2,23798.75,1164688.0,1484414.0,354133.0,0.23856754247804185,0.8530072532363452,880828.5,119023.5
2016-09-17,104635.25,54955.5,18614.0,152988.75,49467.5,3381.25,222149.75,360343.25,166982.25,57160.75,13687.0,95198.0,1161548.0,1182468.8,20920.75,940477.75,1299563.25,384042.25,0.29551639752816955,0.8096761821293653,679684.25,138015.25
2016-09-18,106200.25,58539.0,21873.75,179124.5,64650.5,3337.5,221200.75,385768.25,118668.25,42227.5,10638.0,99253.75,1069199.2,1107031.2,37832.0,803550.5,1311482.0,433725.5,0.33071403191198967,0.7515442398385633,645917.75,242282.80000000005
2016-09-19,106385.0,57862.5,3278.0,56218.0,60987.75,3714.5,222570.25,405982.25,286636.25,106344.5,22631.75,138044.75,1350639.2,1369696.8,19057.5,1230155.5,1470655.5,288445.75,0.19613413882449016,0.9107950517058886,937007.75,120016.30000000005
2016-09-20,105146.75,62660.0,4021.0,19781.5,79268.25,3645.5,222650.25,411262.25,303563.75,115896.25,20537.25,148591.5,1378416.2,1400500.0,22083.75,1275345.5,1497024.25,274523.0,0.18337912695803024,0.9252252694070194,979313.75,118608.05000000005
2016-09-21,104594.25,58066.25,3313.0,32751.25,130398.75,3845.5,222646.75,403096.75,291445.5,113248.75,19096.25,145995.0,1373305.5,1397574.5,24269.0,1206842.5,1528498.0,332969.0,0.2178406514107313,0.8787866210395283,953786.0,155192.5
2016-09-22,105728.5,54078.75,8141.25,24641.25,146985.0,3775.25,240247.25,399549.75,284790.75,105415.0,18663.5,128900.0,1370747.2,1389560.0,18812.75,1190979.8,1520916.25,343350.0,0.22575207543479137,0.868854446684261,918655.5,150169.05000000005
2016-09-23,105877.75,52440.0,14616.75,56637.75,123529.25,3696.75,255291.5,391343.75,290093.5,71374.5,20705.25,114034.0,1360808.5,1381937.2,21128.75,1166024.8,1499640.75,356798.25,0.2379224824345431,0.8568617847404687,866845.75,138832.25
2016-09-24,105628.75,49505.0,22120.5,57269.5,147247.0,3603.5,252009.25,388363.0,166124.25,59771.0,14980.75,82069.75,1148056.2,1174205.5,26149.25,921419.25,1348692.25,385374.25,0.2857392040326472,0.8025907181198969,696328.0,200636.05000000005
2016-09-25,105436.25,45093.5,44657.75,139049.25,153541.0,3459.5,249929.0,366572.0,101963.5,34903.25,15772.5,80051.5,1058535.2,1098999.2,40464.0,721287.25,1340429.0,491237.25,0.36647763514516624,0.6814012892533002,583490.25,281893.80000000005
2016-09-26,105841.25,46528.0,4797.25,55304.25,111499.0,3670.25,251924.0,370885.0,297023.75,99626.5,34607.0,134964.0,1365980.2,1387741.8,21761.5,1194379.8,1516670.25,327640.0,0.21602586323559786,0.8743756315062254,902499.25,150690.05000000005
2016-09-27,105463.0,48738.75,27905.5,41970.25,123346.0,3463.25,251050.25,379868.5,307418.5,103271.25,25955.25,150767.25,1406880.5,1434666.8,27786.25,1213658.8,1569217.75,350886.75,0.22360615663441227,0.8626594796075431,941325.5,162337.25
2016-09-28,105182.0,48037.25,73842.75,386929.5,101805.0,3157.75,243203.5,345563.75,120589.0,36567.5,24010.5,91346.5,1431522.8,1460451.5,28928.75,868945.5,1580235.0,718954.25,0.454966666350258,0.6070077961734176,594066.75,148712.19999999995
2016-09-29,105034.75,44201.75,74557.75,448645.75,127188.0,3267.25,249714.0,333768.5,111061.75,33489.0,17745.25,99424.5,1438366.8,1473221.2,34854.5,787975.25,1648098.25,802895.25,0.48716467601370245,0.547826361120126,577743.75,209731.44999999995
2016-09-30,105452.0,44564.25,66018.5,189932.0,87732.25,3462.0,252157.5,365461.5,200875.25,80860.0,29236.25,145027.0,1405323.2,1426924.2,21601.0,1061640.5,1570778.5,497161.0,0.31650611464315304,0.7554422356366137,792223.75,165455.30000000005
2016-10-01,105581.75,43212.25,12530.5,94293.0,65258.25,3646.75,252204.0,342829.75,167345.5,80764.0,17339.0,139807.5,1175306.0,1202355.2,27049.25,1003224.25,1324812.25,324522.5,0.2449573515039584,0.8535855768625362,730746.75,149506.25
2016-10-02,106110.0,40327.25,13050.25,172017.0,69869.5,3620.0,252380.25,334178.0,112812.75,74937.75,16474.5,337416.0,1071244.0,1101531.2,30287.25,816307.25,1533193.25,404994.0,0.26415065419835365,0.7620180369738361,859344.5,461949.25
2016-10-03,106863.0,41825.75,47061.5,142069.25,66700.0,3804.75,250069.0,371232.5,107119.0,77706.25,14649.75,93060.0,1091399.8,1115418.5,24018.75,835569.0,1322160.75,408324.25,0.3088310177109705,0.7655938731159745,649117.75,230760.94999999995
2016-10-04,106531.75,42230.25,59532.0,296689.5,77265.75,3875.25,251219.75,359436.0,168868.5,60485.75,21146.75,142376.0,1413398.5,1438359.0,24960.5,979911.25,1589657.25,586124.5,0.36871124262793126,0.6933014645197374,731166.25,176258.75
2016-10-05,106806.5,41609.25,60112.5,314971.5,108762.0,3888.0,252309.5,359687.75,168628.5,67741.5,21765.25,147843.5,1457658.2,1482609.5,24951.25,973812.25,1654125.75,636149.75,0.38458366904692703,0.6680662517454367,743901.25,196467.55000000005
2016-10-06,107302.0,40750.75,62223.75,295008.5,28995.5,3838.75,250011.5,369765.75,228432.75,98931.0,26644.25,148435.0,1494171.2,1523439.5,29268.25,1107943.5,1660339.5,538119.25,0.32410193818794286,0.7415104105874882,845564.5,166168.30000000005
2016-10-07,107845.25,45018.5,40631.75,114202.0,43970.0,3906.75,254293.0,404674.0,266825.25,121647.0,26565.25,167627.5,1462671.2,1487051.0,24379.75,1263867.5,1597206.25,355574.25,0.22262262622626225,0.8640817567201706,960773.75,134535.05000000005
2016-10-08,107796.25,41942.5,33553.75,107297.0,56456.5,3956.5,254629.0,386071.0,211234.25,74327.25,14981.75,136943.5,1237930.5,1260810.0,22879.5,1040623.25,1429189.25,351002.5,0.24559553607053788,0.8406152445553284,808576.0,191258.75
2016-10-09,107551.25,37575.25,27546.75,45967.5,68378.0,3979.5,255563.25,379266.0,201019.0,84106.5,17369.0,140531.5,1141063.0,1171993.8,30930.75,999170.75,1368853.5,290998.25,0.21258538623746076,0.8756490658272155,804923.0,227790.5
2016-10-10,107281.0,39846.75,16851.75,14483.25,64503.25,3984.5,255501.0,385642.5,322806.5,124482.5,35314.25,175013.75,1444387.2,1475599.2,31212.0,1348549.0,1545711.0,246950.5,0.15976498840986444,0.9336478473362267,1007945.25,101323.80000000005
2016-10-11,107043.0,39714.0,64106.25,106724.0,48842.75,3879.75,250041.75,376814.0,319608.75,109030.0,22338.5,177418.75,1488559.0,1525066.5,36507.5,1268886.0,1625561.5,370309.75,0.22780420796137213,0.8524257352244687,982871.5,137002.5
2016-10-12,107017.5,37640.75,71095.75,131442.5,47868.5,3905.5,251708.75,391654.0,295923.25,100501.0,25214.5,179900.25,1494246.0,1520086.2,25840.25,1243839.2,1643872.25,398970.5,0.24270164545937192,0.8324192937441358,967978.5,149626.25
2016-10-13,107065.0,35685.5,65048.75,255866.0,53252.75,3958.5,251787.0,377626.5,232785.25,76158.25,24562.0,169556.5,1505236.2,1537552.8,32316.5,1131068.8,1653352.0,520876.5,0.3150427132274313,0.7514227999565783,856126.5,148115.80000000005
2016-10-14,108048.75,31815.0,75780.0,355408.0,69784.0,3920.0,254407.5,372640.5,156624.5,58524.5,21837.25,143585.5,1475549.0,1512109.8,36560.75,974577.0,1652375.5,644755.75,0.39019929186798036,0.6604843349831148,731375.0,176826.5
2016-10-15,108148.25,33269.25,57640.5,183777.75,55677.5,3846.25,252692.25,400567.5,139423.25,55590.25,24268.5,125375.5,1243965.2,1284879.8,40914.5,946869.5,1440276.75,442359.5,0.30713506970101406,0.7611704089471314,720956.5,196311.55000000005
2016-10-16,107664.75,32589.75,35473.25,75066.5,97232.25,3900.75,252284.25,386082.25,128204.25,59993.25,16806.75,128999.75,1120324.0,1156496.2,36172.25,912552.0,1324297.75,351927.25,0.26574631724625375,0.814542935793574,703279.5,203973.75
2016-10-17,106875.75,32703.25,32090.75,116676.5,46779.5,3913.75,252793.75,387637.25,282148.5,116440.0,39936.25,190103.25,1443161.5,1470565.8,27404.25,1247614.8,1608098.5,339039.5,0.2108325453944519,0.8645011663628777,976329.0,164937.0
2016-10-18,106833.75,34957.5,41414.75,109347.75,42428.0,3959.5,252512.0,391934.0,284763.75,108947.75,29398.5,205339.75,1486735.0,1526291.2,39556.25,1293544.5,1611837.0,338941.25,0.21028258440524694,0.8700572058907606,990985.25,125102.0
2016-10-19,107241.75,34951.5,18826.25,185476.75,38170.0,4046.5,253719.25,393457.5,298075.25,109321.0,18163.25,200947.5,1497224.0,1536338.0,39114.0,1254751.0,1662396.5,388712.75,0.23382673748410804,0.83805162086635,1001801.25,165172.5
2016-10-20,107647.75,36256.0,60252.0,95963.75,38409.25,4074.75,254288.5,395809.5,304141.5,108151.75,24603.25,195976.75,1505546.8,1532677.0,27130.25,1310921.8,1625574.75,342603.5,0.21075837945932663,0.8707280305069228,1004079.5,120027.94999999995
2016-10-21,108760.75,38826.25,58150.5,62800.5,28980.0,4011.5,254121.5,383506.75,321342.75,105574.0,25761.25,195436.0,1480401.0,1506254.2,25853.25,1330470.0,1587271.75,301529.5,0.18996715590761318,0.8987227109411572,1005859.5,106870.75
2016-10-22,109036.0,39327.75,42253.0,42796.0,42324.5,4096.5,254532.5,366372.5,254145.5,77557.0,18578.5,137569.5,1248418.2,1271124.8,22706.5,1121044.8,1388589.25,279833.75,0.2015237767395938,0.8979721699026817,835644.5,140171.05000000005
2016-10-23,108842.75,35655.75,20736.5,43817.0,60492.75,4083.0,253890.25,373986.25,181607.0,79824.75,12760.5,128745.0,1142074.8,1174530.0,32455.25,1017028.5,1304441.5,273627.75,0.20976621028999767,0.8905095358027337,764163.0,162366.69999999995
2016-10-24,108360.25,32501.25,35671.25,77838.0,34942.5,3909.75,252175.75,382152.75,311049.0,116497.25,29177.25,170773.0,1469809.0,1495232.2,25423.25,1321357.2,1555048.0,293223.0,0.1885620250950453,0.8989992577266842,980472.0,85239.0
2016-10-25,108480.75,39474.5,7944.5,40151.25,24539.75,3904.0,252553.25,385191.25,316491.5,126972.0,33190.0,181577.25,1491681.0,1527227.2,35546.25,1419045.5,1520470.0,224494.75,0.14764826007747606,0.9513062779508488,1010232.0,28789.0
2016-10-26,107759.75,47562.5,35182.75,28639.5,35981.0,3935.75,253522.25,390063.25,298881.25,118275.75,22877.75,179751.0,1481022.2,1517640.0,36617.75,1381219.0,1522432.5,259061.25,0.1701627165736412,0.9326119486932741,986971.25,41410.30000000005
2016-10-27,108525.0,43812.25,61706.75,150219.5,46394.0,4243.75,251375.0,403355.25,260087.5,89055.5,25827.25,159635.5,1493275.2,1527313.2,34038.0,1234955.0,1604237.25,414901.25,0.25862836061187333,0.8270109889992147,912133.75,110962.05000000005
2016-10-28,108437.75,38461.5,73844.5,314564.5,40015.0,4161.0,248570.75,368580.0,170492.5,77026.75,23681.25,138738.0,1479059.0,1509173.2,30114.25,1050635.0,1606573.5,579484.25,0.36069576026244676,0.7103401554637103,754837.25,127514.5
2016-10-29,108711.0,37787.75,54558.75,227123.0,49989.75,4269.5,251907.25,357202.75,130718.25,48983.0,18189.0,341602.25,1241806.0,1277131.5,35325.5,910134.5,1631042.25,482439.75,0.29578617598655094,0.7329119846417235,878506.25,389236.25
2016-10-30,113614.75,36296.5,9924.5,100188.25,65406.25,4595.75,251216.5,407130.75,173476.0,43780.25,16534.25,131443.75,1169491.5,1205158.5,35667.0,993972.5,1353607.5,330026.0,0.24381218336925586,0.8499185329692435,755830.75,184116.0
2016-10-31,108907.5,34388.25,9826.5,43104.25,62066.75,4731.25,252882.5,424104.0,264189.25,84716.75,22588.5,147421.5,1315915.5,1338846.5,22931.0,1200918.0,1458927.0,263024.5,0.18028626517982052,0.9126102701883214,920431.5,143011.5
2016-11-01,108876.25,34057.0,69289.5,170005.5,54057.0,4407.5,252835.5,427434.0,156405.5,46218.5,16251.0,128551.5,1288546.8,1316085.0,27538.25,995194.75,1468388.75,440692.75,0.30011994439483414,0.7723388471416016,758609.5,179841.94999999995
2016-11-02,108560.5,32802.0,60428.75,373325.0,39837.5,4433.75,252356.25,368745.75,207799.5,55087.0,21282.0,145472.0,1508419.0,1544644.2,36225.25,1034827.75,1670130.0,619387.5,0.3708618490776167,0.6860346826710616,777104.25,161711.0
2016-11-03,109771.5,34380.0,20664.25,100495.0,54630.75,4716.5,253335.5,414448.5,334004.75,96747.75,32034.75,185276.75,1520645.0,1551355.2,30710.25,1344855.0,1640506.0,324658.0,0.1979011353814006,0.8843977391172825,1030477.75,119861.0
2016-11-04,110041.5,35138.75,56235.25,201097.5,46152.5,4689.75,253055.25,421411.0,282058.5,63883.0,26830.0,168676.75,1512504.2,1547783.8,35279.5,1209019.0,1669269.75,453355.25,0.2715889687691279,0.7993491852782955,936029.25,156765.55000000005
2016-11-05,110461.5,35239.25,21965.25,158144.25,18560.0,4716.0,252583.75,429317.75,238795.75,54366.0,21540.5,151280.25,1307853.5,1338407.2,30553.75,1109184.0,1496970.25,349086.25,0.23319518206858153,0.8480949892323567,873759.75,189116.75
2016-11-06,110066.5,36511.0,38551.0,161572.25,23130.75,4672.0,251519.0,439529.25,153165.0,54312.25,15804.0,142905.25,1206282.2,1252457.0,46174.75,983028.25,1431738.25,374503.5,0.26157260239432734,0.8149239456571605,789911.75,225456.05000000005
2016-11-07,110222.75,41608.0,54741.0,111629.5,22876.0,4401.5,252599.5,429146.5,282271.5,105282.75,26204.5,173870.25,1518218.8,1546249.0,28030.25,1328972.2,1614853.75,345478.75,0.21393810430201496,0.875349587292688,990571.0,96634.94999999995
2016-11-08,110095.5,42588.0,17734.25,91495.5,27039.0,4788.5,252568.25,427144.0,340493.5,133690.75,33727.5,202117.0,1566023.8,1602976.2,36952.5,1429755.0,1683481.75,293740.75,0.17448407147864833,0.9129842087968267,1103445.25,117457.94999999995
2016-11-09,108759.25,41062.0,15689.75,108634.75,37870.0,4752.0,252640.25,422900.75,332098.25,132621.0,29936.75,194385.25,1576230.8,1612506.2,36275.5,1414036.2,1681350.0,316767.75,0.18840083861182977,0.8970997140774054,1082005.25,105119.19999999995
2016-11-10,109422.25,41001.0,19740.5,109551.75,19279.5,4791.5,251640.25,425912.0,339111.25,128885.75,29429.0,199049.0,1573750.2,1611355.0,37604.75,1425178.5,1677813.75,303786.5,0.18106091930644863,0.9055938483756826,1092958.0,104063.55000000005
2016-11-11,109253.0,43781.5,20834.0,91140.75,21117.0,4811.0,252528.5,393286.0,356291.25,140275.75,29286.0,195075.5,1560388.8,1588817.2,28428.5,1427297.0,1657680.25,290937.25,0.1755086664029447,0.9147060014786058,1084928.5,97291.44999999995
2016-11-12,110125.25,41759.75,50686.5,60060.5,33756.75,4810.75,253045.75,402461.25,255973.25,86838.25,12932.5,150803.25,1354084.5,1377740.8,23656.25,1209580.8,1463253.75,301199.5,0.2058422881198835,0.893283100131491,896076.0,109169.25
2016-11-13,109519.75,39524.5,35729.75,123144.0,45873.75,4814.5,251627.25,412654.0,179697.0,65283.25,16118.5,161177.25,1255347.2,1303249.2,47902.0,1050599.8,1445163.5,358606.25,0.2481423382198623,0.8368997835817853,818811.5,189816.30000000005
2016-11-14,108111.25,36969.0,63617.75,196363.25,67961.25,4695.25,249597.5,422127.5,259022.75,100228.5,26157.5,178086.0,1576275.0,1604531.8,28256.75,1248332.8,1712937.5,477717.75,0.2788880213084249,0.7919511506558183,959464.75,136662.5
2016-11-15,108255.75,36138.0,47881.5,335755.75,15411.0,4712.25,249499.25,373974.25,259061.25,96294.5,27070.0,182186.75,1615614.2,1642740.0,27125.75,1216566.0,1736240.25,548154.25,0.3157133639771339,0.7530052657373276,911516.75,120626.05000000005
2016-11-16,108258.25,37685.5,53736.25,324846.5,11124.75,4729.75,245173.75,369507.5,239235.5,95853.5,15764.75,188104.75,1580987.0,1611109.2,30122.25,1191279.5,1694020.75,540381.0,0.31899314102262327,0.7535036657480422,892701.25,113033.75
2016-11-17,108233.0,43657.0,68171.5,449076.5,22845.0,4698.0,242677.25,352372.25,183312.5,67133.5,26276.0,150591.25,1577907.2,1614148.0,36240.75,1037814.25,1719043.75,696681.0,0.4052724079884529,0.6577156438604248,753409.5,141136.55000000005
2016-11-18,108369.25,43084.0,71640.5,560642.0,26263.0,4404.0,245009.5,285696.25,133935.5,62400.75,26324.75,137436.5,1549997.8,1584478.0,34480.25,891452.25,1705206.0,814402.75,0.4775978679408822,0.5751313001863615,619469.0,155208.19999999995
2016-11-19,109838.25,40360.75,70211.5,336303.25,15962.75,4715.75,248212.5,321775.75,131931.0,51180.0,26862.75,113181.5,1338721.8,1371206.0,32484.25,916244.25,1470535.75,577392.25,0.3926407433481301,0.6844172179761321,618068.25,131813.94999999995
2016-11-20,107957.5,40422.5,69836.25,571320.25,46874.5,4017.75,210675.5,222039.5,31535.5,44389.5,13780.0,87847.25,1235993.5,1293412.2,57418.75,547962.5,1450696.0,840428.75,0.5793279570633681,0.4433376874554761,385811.75,214702.5
2016-11-21,108606.25,39895.5,46144.0,347422.5,32607.5,4448.75,244346.75,353038.0,195556.5,80171.5,33410.0,155323.5,1539927.0,1563420.8,23493.75,1113753.0,1640970.75,579124.5,0.3529157969451924,0.7232505177193465,784089.5,101043.75
2016-11-22,109333.25,40638.75,60888.25,191823.75,26528.75,4360.0,245742.5,408208.5,293580.25,100835.75,24102.75,171853.0,1548662.0,1588064.0,39402.0,1269421.2,1677895.5,433572.75,0.2584027133990168,0.819688996049493,974477.5,129233.5
2016-11-23,109432.0,41553.5,17147.75,62343.25,36894.0,4602.75,247639.75,410514.75,346177.0,117187.75,32156.0,199875.25,1545209.8,1576175.5,30965.75,1428824.8,1625523.75,271973.25,0.1673142271837,0.9246801308145988,1073754.75,80313.94999999995
2016-11-24,109287.25,42446.0,20035.0,210747.5,29135.25,4780.0,247595.25,407346.25,309880.5,110076.0,24389.5,197413.25,1565551.5,1604520.2,38968.75,1305633.8,1713131.75,416431.0,0.24308171277544766,0.8339769084568601,1024716.0,147580.25
2016-11-25,110430.5,41672.0,4912.5,136999.5,28021.0,4899.75,247604.75,410646.5,321089.5,110263.5,27652.5,203275.25,1544863.8,1573466.0,28602.25,1374930.8,1647467.25,326935.25,0.19844719219759907,0.8900013062640215,1045274.75,102603.44999999995
2016-11-26,111184.5,42177.25,42337.0,98407.5,12378.75,4828.25,242401.0,373890.25,267290.0,84987.5,21590.0,159599.5,1339438.8,1364923.2,25484.5,1186315.5,1461071.5,311313.25,0.2130718790969504,0.8856810031186195,885767.25,121632.69999999995
2016-11-27,111033.25,38802.25,49289.75,228059.0,28532.75,4866.5,241691.25,322937.0,167906.0,55916.0,11937.5,134655.0,1233376.5,1279690.2,46313.75,927495.0,1395626.25,460583.5,0.33001922971855824,0.7519966530901148,681414.0,162249.75
2016-11-28,109730.25,36487.75,28203.75,181897.25,62711.25,4959.5,246879.0,382031.25,315742.75,97291.5,30401.5,175624.75,1565451.0,1593964.0,28513.0,1292638.8,1671960.5,423989.75,0.2535883772373809,0.8257293265646769,970690.25,106509.5
2016-11-29,110741.25,41494.0,44728.25,167423.5,70377.25,4982.5,246152.5,379157.25,342295.25,121792.25,32486.0,179250.5,1629888.8,1659081.0,29192.25,1347359.8,1740880.5,439746.75,0.2526001928334541,0.8266574995791124,1022495.25,110991.69999999995
2016-11-30,111203.5,41487.75,75851.25,410074.25,43078.75,4884.25,240817.25,343512.75,238781.0,66862.75,25447.5,162067.0,1641499.8,1677816.2,36316.5,1112495.5,1764068.0,686579.75,0.3892025420788768,0.6777311212587416,811223.5,122568.19999999995
2016-12-01,112941.75,40230.25,75408.75,583399.0,16608.75,4644.5,239543.25,311231.25,166017.75,66440.25,27794.5,131383.5,1628088.2,1667165.8,39077.5,952671.75,1775643.5,833233.0,0.46925692009685505,0.5851475061363384,675072.75,147555.30000000005
2016-12-02,113655.75,38240.0,48057.25,277512.75,33939.5,4832.25,244048.5,346210.75,290712.75,99108.75,33894.0,155566.5,1578841.8,1610631.8,31790.0,1219332.2,1685778.75,516237.5,0.3062308740100087,0.7722953623345923,891598.75,106936.94999999995
2016-12-03,112809.25,35752.25,7862.75,61885.25,56021.25,4863.25,246250.5,393761.0,280311.5,98166.0,19395.25,156327.0,1354400.8,1386980.0,32579.25,1228631.5,1473405.25,279194.0,0.18948894066992092,0.9071402645361698,928565.5,119004.44999999995
2016-12-04,113386.0,34869.0,5098.5,86400.25,48037.25,4890.75,244360.5,401997.0,262624.0,85954.25,15774.0,164665.0,1282686.8,1314348.2,31661.5,1143150.8,1468056.5,292681.75,0.19936681592295663,0.8912158447408985,915240.25,185369.69999999995
2016-12-05,113170.25,39675.5,13461.75,70644.0,40089.25,4894.5,246411.75,400474.25,365507.0,138002.0,43227.25,199201.75,1598669.8,1633816.0,35146.25,1474474.8,1674759.25,281935.25,0.16834374851191297,0.9223135384180022,1103185.0,76089.44999999995
2016-12-06,113341.75,42798.5,13162.75,65822.25,30851.75,4906.0,246086.5,411913.75,376263.75,144508.25,33744.0,217671.5,1648448.5,1685107.2,36658.75,1538611.8,1701070.75,270883.0,0.1592426417302161,0.93336965031058,1150357.25,52622.25
2016-12-07,113759.25,38652.25,58506.5,251294.0,22856.0,4795.25,243266.0,413227.0,298203.25,133001.75,25404.5,200829.75,1673365.5,1705239.8,31874.25,1340709.0,1803795.5,489863.25,0.2715736068750587,0.8012051162761513,1045261.75,130430.0
2016-12-08,114489.25,36518.25,48540.75,434353.0,39196.75,4631.5,236622.75,359669.0,234558.0,79355.0,21776.5,156650.0,1627262.5,1660389.0,33126.5,1105172.0,1766360.75,677729.5,0.38368691106842134,0.6791602461188653,830232.0,139098.25
2016-12-09,114476.5,35158.25,59453.0,365592.25,20610.25,4532.25,236313.0,356298.5,257871.25,88113.25,30930.0,158004.75,1573114.8,1600900.0,27785.25,1127459.2,1727353.25,599822.5,0.34724946967274933,0.7167049728347861,860287.75,154238.44999999995
2016-12-10,114034.75,35819.25,51345.75,348174.5,40235.75,4448.5,236675.25,344146.5,144768.0,62553.5,26054.25,122735.0,1332806.0,1367797.5,34991.5,893050.0,1530991.0,594058.5,0.38802220261255616,0.6700525057660305,674203.0,198185.0
2016-12-11,114666.25,34447.5,62365.75,461748.5,11372.5,4263.25,229372.75,357568.5,88064.5,48913.0,9838.0,108859.0,1254417.0,1304758.0,50341.0,718930.25,1531479.5,688863.75,0.449802788741214,0.5731190266075794,603405.0,277062.5
2016-12-12,114094.75,35516.0,17501.75,159807.75,15057.5,4774.25,215641.75,410309.0,328751.5,112279.75,39610.75,178516.5,1562111.8,1587062.8,24951.0,1369744.8,1631861.25,346752.0,0.2124886536768981,0.8768545247529659,1029856.75,69749.44999999995
2016-12-13,113805.25,42978.0,17190.5,86696.75,21872.0,4745.75,216257.75,418379.75,373275.5,125604.25,38850.25,195172.75,1598476.0,1637011.8,38535.75,1472716.8,1654828.5,287288.25,0.1736060564584185,0.921325562598375,1112432.25,56352.5
2016-12-14,114226.75,42573.0,14675.0,46953.75,16449.75,4641.5,216816.0,423955.75,342547.75,151446.25,34124.25,192591.75,1583530.2,1619531.8,36001.5,1505451.8,1601001.5,239519.75,0.14960619961942573,0.9506934569356493,1110541.5,17471.300000000047
2016-12-15,113617.0,40908.5,44361.0,136423.5,15773.0,4783.75,212573.75,421041.25,334304.75,141739.75,30076.0,195740.75,1594408.2,1629689.2,35281.0,1397850.8,1691343.0,355866.75,0.21040483804881682,0.8767207795343752,1092826.5,96934.80000000005
2016-12-16,114977.25,38531.25,19369.5,117752.5,28826.5,4845.75,213826.25,420075.75,325714.0,140071.25,36044.5,195972.75,1562717.2,1596865.0,34147.75,1396768.8,1656007.25,324302.75,0.1958341365957184,0.8938077855673439,1081833.75,93290.05000000005
2016-12-17,115119.75,36550.75,21208.0,64309.75,18207.75,4839.0,216141.75,415003.75,303835.25,125955.5,18532.25,172047.0,1362884.0,1388841.2,25957.25,1259158.5,1511750.5,260235.0,0.17214150086274158,0.9238926423672154,1016841.5,148866.5
2016-12-18,115238.0,33615.0,19743.5,110577.75,8437.75,4828.0,214398.25,378722.5,264275.0,114019.5,20769.5,154056.5,1262507.0,1296135.0,33628.0,1123748.0,1438681.25,292440.0,0.2032694872474358,0.8900924905762899,911073.5,176174.25
2016-12-19,113929.0,34789.5,5860.0,61151.5,18001.25,4865.5,216081.75,428443.0,362594.25,146212.75,32864.75,187628.0,1533962.8,1564005.8,30043.0,1448950.0,1612421.25,238596.75,0.1479742033913284,0.9445796208356552,1124878.0,78458.44999999995
2016-12-20,114600.25,38953.0,23474.5,131653.5,26453.0,4886.75,215440.5,412056.0,328776.75,143865.25,40636.0,190518.75,1562480.5,1598838.0,36357.5,1380899.5,1671314.25,340021.0,0.2034452826570467,0.8837867096581365,1075216.75,108833.75
2016-12-21,113985.0,41672.75,70375.75,233225.75,22973.5,4903.75,181676.5,388075.25,268418.0,117754.25,30206.5,176006.75,1567720.5,1601467.2,33746.75,1241145.5,1649273.75,487136.5,0.29536424744527706,0.7916879954047932,950254.25,81553.25
2016-12-22,114327.25,39217.5,63321.25,191527.5,20108.25,4900.25,182651.75,380801.5,301754.25,128535.5,26692.5,187582.75,1517440.5,1552730.5,35290.0,1242483.5,1641420.25,433402.0,0.26404085120797066,0.8188021210716334,998674.0,123979.75
2016-12-23,114220.0,36423.5,73768.0,305230.5,16111.75,4864.25,180917.75,338952.25,174518.75,111205.25,27251.75,151018.5,1408382.0,1439321.2,30939.25,1013271.75,1534482.25,550618.0,0.35882982680314485,0.7194580376630773,775694.75,126100.25
2016-12-24,113630.25,33498.75,70949.75,599515.75,12844.0,4747.25,164154.5,205554.25,55620.0,47473.0,22629.0,105961.5,1205798.0,1242491.5,36693.5,522488.5,1436578.0,835185.75,0.5813716693420058,0.4333134571462218,414608.75,230780.0
2016-12-25,113026.0,30682.25,66919.0,650148.0,6607.75,3754.75,132917.25,151388.5,40836.75,35339.5,21219.25,89613.0,1113553.2,1162892.0,49338.75,389878.5,1342452.0,871137.75,0.6489153802147116,0.3501211257800705,317177.75,228898.80000000005
2016-12-26,112290.0,31321.0,53414.0,660967.25,15464.0,3696.75,121938.5,149815.0,43129.5,34170.0,23985.25,94023.5,1122408.2,1164166.5,41758.25,392563.0,1344214.75,877153.0,0.6525393356976629,0.34975065221369556,321138.0,221806.55000000005
2016-12-27,112077.25,33250.5,61700.75,590620.5,23447.0,4259.75,134885.75,193270.75,80232.0,60629.0,22599.5,114779.75,1288163.5,1326357.2,38193.75,612395.25,1431752.5,825355.75,0.5764653807134962,0.4754018026438414,448911.5,143589.0
2016-12-28,112533.75,34018.75,24474.0,206175.75,19449.5,4610.5,153312.5,330128.75,174050.5,101376.5,28244.5,123184.0,1283015.2,1318425.2,35410.0,1032916.0,1311559.0,401262.25,0.305942965585231,0.805069183903667,728739.75,28543.800000000047
2016-12-29,113365.0,34503.0,48664.5,112694.0,42910.0,4690.0,155565.0,400227.5,190704.5,107162.0,25402.5,139331.75,1276759.5,1308084.5,31325.0,1072491.0,1375219.75,356826.5,0.2594687140000716,0.8400101976918911,837425.75,98460.25
2016-12-30,114543.25,33042.0,61155.75,172638.5,48546.75,4762.25,156425.0,388195.25,157330.5,92118.5,23437.0,136593.25,1277306.0,1305376.8,28070.75,994965.0,1388788.0,434688.5,0.31299845620785893,0.7789558649219529,774237.5,111482.0
2016-12-31,115278.75,32637.75,77424.0,232349.75,34578.5,4727.25,156332.5,324592.5,147517.25,61086.5,22578.0,29597.0,1201752.2,1225498.8,23746.5,857400.0,1238699.75,496996.0,0.40122394470492145,0.7134582320714703,562793.25,36947.55000000005
2017-01-01,115249.75,26913.5,51770.5,254395.5,35291.5,4559.0,155921.75,318616.5,144332.5,54888.0,25241.25,35365.25,1135124.5,1162570.8,27446.25,793667.0,1222545.0,488179.75,0.3993143401674376,0.6991893840719674,553202.25,87420.5
2017-01-02,115467.25,27450.5,60845.0,225582.25,12480.0,4614.5,154483.25,333813.0,294633.25,92650.0,37009.0,38820.75,1435520.5,1459270.2,23749.75,1136613.2,1397848.75,446439.5,0.31937611275898053,0.7917777558732181,759917.0,-37671.75
2017-01-03,114169.5,27570.0,74271.25,560809.25,9350.5,4398.25,144938.0,291813.5,198174.5,76436.25,21261.75,37970.0,1536784.8,1556279.2,19494.5,892353.75,1561162.75,790568.75,0.5063973951466623,0.5806627902618505,604394.25,24377.949999999953
2017-01-04,112255.5,27349.5,69998.75,620445.25,12814.25,4495.0,142945.75,289908.5,176793.5,78426.0,19400.0,38725.5,1569338.5,1590765.8,21427.25,866080.25,1593557.5,847358.25,0.5317399905557221,0.5518759974345879,583853.5,24219.0
2017-01-05,113106.0,28065.25,34381.25,242259.5,20795.5,4611.75,152877.75,364915.5,341310.0,128649.0,29578.5,39764.25,1543378.0,1565264.2,21886.25,1245941.8,1500314.25,443219.25,0.29541761001070277,0.8072823378329872,874638.75,-43063.75
2017-01-06,113319.0,27792.75,39175.0,69146.0,33343.0,4560.75,169650.75,413285.25,347636.25,135533.25,30541.75,37775.0,1494316.8,1511755.2,17438.5,1352652.8,1421758.75,287336.5,0.20209933647322376,0.9051981480767666,934229.75,-72558.05000000005
2017-01-07,114056.5,26083.25,57525.25,196535.5,8386.5,4564.25,193680.5,407560.25,261923.5,93226.0,30176.5,30525.25,1407603.2,1430898.8,23295.5,1145156.0,1424243.25,407151.25,0.28587198851038964,0.813550295992507,793235.0,16640.050000000047
2017-01-08,114363.0,27167.75,6980.25,37257.5,4990.25,4522.25,188620.25,424815.75,316589.75,91906.25,26682.25,30754.25,1285285.8,1308332.2,23046.5,1236057.8,1274649.5,195281.0,0.1532036846207526,0.9616987910393159,864066.0,-10636.300000000047
2017-01-09,113711.5,27883.75,55889.75,117976.25,7071.25,4548.25,183517.25,419054.5,318015.25,144593.5,37771.25,35198.5,1590808.0,1617810.5,27002.5,1409870.8,1465231.0,327080.75,0.22322811215432925,0.8862608184017179,916861.75,-125577.0
2017-01-10,113010.5,28900.75,46164.0,238999.0,13042.5,4609.75,177022.0,398025.5,293798.0,155971.25,39669.75,33289.25,1638876.2,1662847.0,23970.75,1340670.8,1542502.25,444726.5,0.28831497652596616,0.8180427539310169,881084.0,-96373.94999999995
2017-01-11,112794.0,28487.75,74425.0,534019.5,7378.0,4565.5,169535.0,344917.0,199870.5,99062.75,17544.25,35697.75,1648811.0,1673953.0,25142.0,1032988.5,1628297.0,761669.75,0.46777077523326516,0.6265050997355064,679548.0,-20514.0
2017-01-12,112471.0,27999.75,62968.25,527834.75,17864.0,4555.5,179486.25,343923.75,194970.0,90630.75,30291.5,33659.25,1621140.5,1645964.5,24824.0,1012473.5,1626654.75,753693.25,0.46333940868521734,0.6245439553203439,663183.75,5514.25
2017-01-13,113312.75,28752.75,46104.0,461396.0,14310.25,4600.0,201693.75,358512.25,239384.0,88444.25,23078.75,34374.25,1613152.0,1642822.8,29670.75,1091341.8,1613963.0,668475.75,0.4141828220349537,0.6765275683878519,720714.75,811.0
2017-01-14,113943.75,28584.25,70290.25,416698.5,16767.25,4625.25,178189.75,391117.75,137675.0,65947.0,18067.25,30995.5,1396103.2,1423119.0,27015.75,892347.25,1472901.5,650909.25,0.44192313606850153,0.6391699768326582,625735.25,76798.30000000005
2017-01-15,113664.25,26712.0,29126.5,212679.75,16106.5,4675.5,183704.25,417587.25,193433.25,71172.0,17640.25,32490.0,1291623.5,1319086.8,27463.25,1033710.75,1318991.5,402964.5,0.30550955028898974,0.8003189396910168,714682.5,27368.0
2017-01-16,113850.0,27293.0,4783.75,63848.0,17601.5,4784.0,187749.75,404826.5,404137.0,157519.25,45230.5,38761.5,1599776.0,1616876.5,17100.5,1513542.8,1470384.75,232160.25,0.15789081735239704,0.9460967035384954,1005244.25,-129391.25
2017-01-17,113809.25,29755.5,8292.0,66954.75,22907.75,4791.0,187197.5,423044.25,405102.0,164569.75,31841.5,39054.75,1648519.8,1678121.2,29601.5,1550365.2,1497320.0,246510.25,0.16463431330644085,0.9404589499016026,1031770.75,-151199.80000000005
2017-01-18,113593.5,29134.75,42065.5,108439.75,22709.25,4773.0,186930.25,405825.0,392434.25,161394.5,40304.25,40427.25,1657286.0,1684278.2,26992.25,1484071.5,1548031.25,320715.75,0.20717653471142783,0.8954830367238967,1000081.0,-109254.75
2017-01-19,114153.5,29239.5,21153.0,110561.0,38191.5,4809.25,186489.75,383909.5,405659.75,161421.0,40752.5,41353.5,1662051.5,1692587.2,30535.75,1492146.0,1537693.75,318107.75,0.206873280196398,0.8977736249448347,992343.75,-124357.75
2017-01-20,114431.75,28507.25,10283.0,102133.5,39631.75,4811.5,185962.0,404432.75,412948.75,151133.75,32812.0,40524.25,1625953.2,1655508.8,29555.5,1473905.0,1527612.25,299798.75,0.19625317223006034,0.9064867303683771,1009039.5,-98340.94999999995
2017-01-21,114812.5,27695.5,3425.75,75572.25,45478.25,4808.75,185249.25,379849.5,366796.5,134370.25,19718.25,38653.25,1401151.5,1423257.0,22105.5,1276675.2,1396430.0,271793.0,0.19463417428728974,0.9111614268692572,919669.5,-4721.5
2017-01-22,114706.0,24783.25,6537.75,45711.75,47384.5,4824.75,185493.75,395098.25,328183.75,107264.25,22186.5,34964.0,1305092.0,1325586.2,20494.25,1205458.0,1317138.5,243948.0,0.18521059098948212,0.9236574892804492,865510.25,12046.5
2017-01-23,113987.25,26264.25,9636.75,29754.5,30939.25,4699.75,185121.25,419162.75,407372.5,159470.25,54016.75,36172.5,1637208.5,1659595.0,22386.5,1566878.0,1476597.75,215281.75,0.14579579983783666,0.9570424292324404,1022178.0,-160610.75
2017-01-24,114141.5,28951.75,9687.0,20556.25,10297.75,4539.25,184543.5,396525.5,420780.75,181724.5,42915.5,37589.75,1668254.8,1698721.0,30466.25,1627713.8,1452253.0,188173.5,0.1295734971798991,0.975698556359616,1036620.5,-216001.80000000005
2017-01-25,115111.25,29517.25,17596.5,50099.75,17721.0,4526.75,184485.5,400961.25,412812.75,163689.75,42725.25,37522.0,1667021.2,1696900.2,29879.0,1581604.0,1476769.0,234572.5,0.1588417010378739,0.948760579649497,1014985.75,-190252.19999999995
2017-01-26,114639.25,27667.25,55063.25,174996.5,56486.75,4512.75,210631.75,381047.75,350324.25,128800.75,28462.75,34827.0,1654513.2,1687439.2,32926.0,1367966.8,1567460.0,433365.75,0.27647643321041687,0.8268092391163758,894999.75,-87053.19999999995
2017-01-27,115218.25,26334.0,49273.0,209549.5,68626.75,4534.25,217273.0,357234.0,332464.5,126605.75,27790.75,34684.25,1634617.2,1659654.0,25036.75,1307168.0,1569588.0,473535.75,0.30169429812154525,0.799678358945446,850988.5,-65029.19999999995
2017-01-28,115612.5,25921.5,44668.25,157740.75,65965.5,4610.5,217566.5,340621.0,303465.25,103713.25,20210.25,34304.25,1406187.5,1427252.5,21065.0,1137813.0,1434399.5,414519.0,0.288984345016852,0.8091474287746122,782103.75,28212.0
2017-01-29,116160.25,25660.5,64850.25,240698.0,53853.25,4475.5,213858.5,332197.0,197806.5,79975.5,17646.75,29891.5,1303333.2,1334382.8,31049.5,943931.75,1377073.5,505697.75,0.3672264044003461,0.7242443835544127,639870.5,73740.30000000005
2017-01-30,115271.75,25082.25,49609.25,284933.25,18574.25,4491.0,215190.5,356197.5,344802.5,121696.25,29749.25,36063.0,1606158.0,1627352.8,21194.75,1253041.2,1601660.75,497961.75,0.3109033857513209,0.7801481547892548,858759.25,-4497.25
2017-01-31,114455.0,29564.75,53971.25,79443.5,12062.0,4510.25,214501.75,381819.5,385218.0,155468.75,43606.75,36194.0,1616210.0,1641477.0,25267.0,1470733.2,1510815.5,294006.75,0.19460135933209582,0.9099889247065666,958700.25,-105394.5
2017-02-01,117847.75,39995.25,69173.75,142717.75,23815.25,6060.0,214032.0,394272.0,351070.5,127567.25,21214.25,35212.0,1622537.0,1651843.0,29306.0,1386830.2,1542977.75,399609.75,0.25898607416730407,0.8547294761228865,908121.75,-79559.25
2017-02-02,118364.5,36531.75,70644.5,185856.5,42217.75,6040.75,209333.5,384333.5,325921.0,98855.5,23801.75,33713.25,1615873.5,1637408.2,21534.75,1317154.8,1535614.25,459655.75,0.2993302191614854,0.8151348481177518,842823.25,-80259.25
2017-02-03,118979.5,35896.75,35438.75,151322.75,24221.0,6066.5,194056.0,367843.0,363628.5,100841.25,29929.0,34893.5,1574060.0,1602351.2,28291.25,1363077.5,1463116.5,371925.25,0.2542007078725447,0.8659628603738104,867206.25,-110943.5
2017-02-04,118844.0,35085.0,22811.0,191035.25,49254.75,6040.5,161477.0,353245.0,314816.5,71071.25,23828.25,33232.0,1354101.5,1382407.5,28306.0,1091000.5,1380740.5,423070.5,0.3064084091109082,0.8057006804881318,772364.75,26639.0
2017-02-05,118929.75,33263.75,33572.0,90587.5,46216.75,6099.75,159009.0,356905.0,308672.25,71826.75,14149.5,33550.5,1242321.5,1277243.8,34922.25,1071945.2,1272782.5,328669.5,0.2582291161294251,0.8628565150003441,770954.5,30461.0
2017-02-06,118204.5,33043.25,64618.25,82969.25,28574.0,6096.0,159113.0,393786.25,378266.75,133747.25,36430.25,41575.25,1567637.0,1589213.2,21576.25,1391475.5,1476424.0,333505.25,0.22588717739619513,0.88762608945821,947375.5,-91213.0
2017-02-07,118251.75,32792.75,89077.5,168047.25,29269.5,6111.25,159199.0,394620.5,331319.25,141661.25,27027.75,40057.75,1626650.5,1653504.5,26854.0,1340256.2,1537435.5,443550.0,0.2884999078010102,0.8239361805132694,907658.75,-89215.0
2017-02-08,118116.25,31742.75,77010.25,144565.25,30997.5,6130.75,159529.25,399573.75,341957.25,134487.75,27087.5,39543.0,1628985.0,1657427.0,28442.0,1376412.0,1510741.25,408562.75,0.2704386009185888,0.8449506901536846,915561.75,-118243.75
2017-02-09,118434.75,32381.0,58515.0,141450.5,45277.5,6207.0,159917.25,394472.0,363109.5,147939.75,34702.25,41402.75,1638221.0,1662097.0,23876.0,1392978.0,1543809.25,402265.75,0.26056700333930505,0.8502991965064542,946924.0,-94411.75
2017-02-10,118979.75,31202.5,83378.0,207315.25,33902.0,6135.25,159907.25,373701.25,368169.0,123236.0,28399.75,38761.25,1629580.5,1654738.5,25158.0,1304985.2,1573087.25,480912.75,0.30571269966112813,0.8008105153442864,903867.5,-56493.25
2017-02-11,119447.25,29782.75,87949.25,233858.0,56392.0,6176.25,159507.0,357967.0,284476.5,67079.25,16275.25,34371.25,1389586.8,1413611.5,24024.75,1011387.5,1453281.75,533605.5,0.3671727798136872,0.7278332666948188,743894.0,63694.94999999995
2017-02-12,119640.25,28874.0,92867.0,253403.5,37666.5,6195.5,159210.25,396393.25,201839.5,68161.25,17618.0,34592.25,1281746.5,1316454.2,34707.75,897809.5,1416461.25,538646.75,0.3802763753685461,0.7004579298636665,700986.25,134714.75
2017-02-13,119167.0,26875.75,69899.75,267736.5,89581.25,6194.0,155887.0,405828.0,306697.0,102565.25,23202.75,42488.25,1607320.8,1631593.8,24273.0,1180103.2,1616122.5,579454.25,0.3585459951210382,0.7342051443619717,857578.5,8801.699999999953
2017-02-14,119055.25,26339.25,48649.25,164575.0,110285.0,6162.0,157481.25,421947.0,346908.0,101864.25,28985.5,35396.25,1610666.2,1635567.2,24901.0,1287157.0,1567648.0,475065.75,0.303043636071363,0.7991457199511606,906115.5,-43018.19999999995
2017-02-15,118720.75,26448.0,19663.25,74031.0,113904.0,6127.5,158203.0,425168.0,369136.0,114569.0,33962.75,33731.25,1587081.5,1610223.2,23141.75,1379483.2,1493664.5,358894.5,0.24027785356082307,0.8691949342236047,942604.25,-93417.0
2017-02-16,119320.5,26066.5,82256.5,196704.0,92427.5,6095.5,156740.5,409273.0,304846.5,103744.25,25594.5,35886.5,1583331.8,1608939.8,25608.0,1211943.8,1558955.75,522870.5,0.33539790978672746,0.7654389307408592,853750.25,-24376.050000000047
2017-02-17,119756.5,27107.0,47750.5,215000.5,31449.0,6137.5,156795.0,405722.75,316545.5,118997.25,28536.0,38719.0,1564808.0,1590077.2,25269.25,1270608.0,1512516.5,447201.0,0.29566685718800423,0.8119897137540196,879984.5,-52291.5
2017-02-18,118739.75,29403.0,46108.75,107805.0,34515.0,6169.75,156726.5,409062.25,304603.5,76940.0,22402.0,36345.0,1331260.0,1355072.8,23812.75,1142831.2,1348820.5,342741.25,0.254104419379747,0.8584583026606373,826950.75,17560.5
2017-02-19,118302.5,29173.0,72658.5,277506.25,58421.25,6087.75,156629.5,386165.75,137998.25,58803.0,21381.75,33055.0,1246304.2,1276508.5,30204.25,837718.25,1356182.5,562149.25,0.4145085561862065,0.6721619408808861,616022.0,109878.30000000005
2017-02-20,117636.0,27545.75,91097.75,549260.25,31767.5,6037.5,155552.25,360966.5,151242.5,64038.5,21247.25,34905.0,1569014.5,1593194.2,24179.75,896889.0,1611296.75,823344.75,0.5109826914254001,0.5716256924330527,611152.5,42282.25
2017-02-21,117097.5,29881.5,83945.25,502962.5,35745.75,5975.5,154775.5,333589.0,183491.25,63138.75,31808.25,34635.75,1574285.8,1598396.5,24110.75,951632.25,1577046.5,775608.0,0.4918104824429717,0.6044850623692344,614854.75,2760.6999999999534
2017-02-22,116641.25,39760.75,96052.0,722701.25,25272.5,5914.5,152345.75,325706.75,101984.0,56303.25,24272.25,33568.25,1592311.2,1620056.0,27744.75,748285.5,1700522.5,1006342.25,0.591784142814929,0.4699367184002725,517562.25,108211.30000000005
2017-02-23,116742.5,36900.75,71306.75,623879.5,50722.75,5862.0,153083.25,349530.5,98929.0,65187.25,28449.75,34859.25,1575758.2,1604094.0,28335.75,829849.25,1635453.25,905414.25,0.553616711452926,0.5266348923331003,548506.0,59695.05000000005
2017-02-24,117814.25,35770.0,60709.75,479897.5,70544.5,6023.0,149783.25,338355.0,151848.75,69117.0,27339.5,34809.25,1534550.8,1564300.5,29749.75,923399.0,1542011.75,770759.0,0.49983990070114576,0.6017389583974672,594130.0,7460.949999999953
2017-02-25,117881.5,34686.0,73553.75,332272.75,97579.75,6143.5,154155.25,348679.5,85882.75,61772.75,18876.75,33206.75,1328360.0,1347650.2,19290.25,824953.75,1364691.0,662117.25,0.48517741378817625,0.6210317609684122,529541.75,36331.0
2017-02-26,116425.5,31629.0,93144.25,466996.0,59447.25,5990.25,154488.0,286912.5,54748.75,54484.25,24641.0,32790.25,1207422.5,1240192.8,32770.25,587835.0,1381697.0,773632.25,0.5599145471112696,0.48685112294992017,428935.75,174274.5
2017-02-27,116098.75,31949.25,85849.0,463202.25,86393.5,5851.0,163914.25,375609.25,84697.5,54596.75,32652.75,34065.75,1471699.5,1500432.8,28733.25,836254.75,1534880.0,789343.75,0.5142706595955384,0.5682238459685554,548969.25,63180.5
2017-02-28,116161.5,33638.25,71718.5,536938.25,49108.0,5710.25,152702.75,357869.0,101588.0,69532.0,35041.5,34493.25,1544725.2,1570339.0,25613.75,886960.5,1564501.25,813274.75,0.5198300416826129,0.5741865931882253,563482.25,19776.050000000047
2017-03-01,115095.5,35655.0,63703.0,409129.75,55170.75,5628.25,163318.0,393235.25,143541.75,75359.75,30387.75,31521.5,1559537.5,1588732.8,29195.25,1031534.0,1521746.25,684382.25,0.44973480302645724,0.6614358423571091,643658.25,-37791.25
2017-03-02,115539.0,36917.5,60296.0,570784.5,79159.75,5730.25,174845.5,365332.25,119091.25,58807.75,20943.75,32983.0,1558101.0,1591986.2,33885.25,847860.75,1640430.5,868427.0,0.5293896937419781,0.5441628944465089,576214.25,82329.5
2017-03-03,116038.0,36314.25,60952.75,272531.0,94664.25,5526.25,173540.25,354874.5,179999.25,81755.0,31206.25,34524.25,1514346.0,1531074.8,16728.75,1086198.0,1441926.0,586026.5,0.40641926146001944,0.7172720104916578,651153.0,-72420.0
2017-03-04,116885.5,35241.5,40202.5,211292.75,99949.0,5332.75,154840.5,323524.0,140757.0,55843.5,25663.25,33360.0,1274440.0,1291528.2,17088.25,922995.75,1242892.25,508904.0,0.40945142267964096,0.7242363312513731,553484.5,-31547.75
2017-03-05,115939.0,34903.25,36590.25,343184.0,75046.0,5127.75,157018.75,329405.25,89399.0,43775.25,25310.0,32418.5,1200738.0,1236266.8,35528.75,745917.75,1288117.0,610790.25,0.4741729594439014,0.6212160771125758,494998.0,87379.0
2017-03-06,115727.25,33760.25,53667.75,191841.5,52156.75,5598.75,159421.75,408703.5,285473.75,98487.75,26976.5,36152.25,1519880.5,1543082.0,23201.5,1222214.5,1467967.75,452752.25,0.3084211148371618,0.8041517079796734,828817.25,-51912.75
2017-03-07,115334.25,35569.25,14262.0,91808.5,41360.75,5703.25,159212.75,411320.25,330187.75,138416.25,41797.75,38438.75,1555776.0,1579443.0,23667.0,1408344.8,1423411.5,304038.0,0.21359810567780294,0.905236229380065,918363.0,-132364.5
2017-03-08,114922.5,36398.25,50582.75,300480.0,53959.25,5512.0,158982.75,378328.0,235560.0,92936.75,19349.0,36298.75,1577271.8,1606115.5,28843.75,1172249.8,1483310.0,561854.75,0.3787844415530132,0.7432135666154686,743123.5,-93961.80000000005
2017-03-09,114717.5,42817.0,61420.75,273048.0,48423.75,5620.0,147329.5,376216.75,247221.5,92555.5,27698.25,37015.25,1558508.0,1584044.8,25536.75,1175615.5,1474083.75,546047.0,0.3704314629341786,0.7543211199429197,753009.0,-84424.25
2017-03-10,115072.0,46333.25,45015.0,277155.75,103546.0,5589.25,153989.5,343515.75,217054.75,75281.75,30630.5,36033.25,1503730.0,1532050.0,28320.0,1078013.2,1449216.75,592711.25,0.4089873029690003,0.716892793254108,671885.5,-54513.25
2017-03-11,116123.5,43132.75,38790.25,93437.5,119267.75,5588.5,158326.25,369573.5,179104.75,72370.5,18267.0,35769.5,1283655.2,1309878.2,26223.0,1032159.75,1249751.75,416340.25,0.3331383612785499,0.804078657570974,656818.25,-33903.44999999995
2017-03-12,115575.25,39872.75,75917.5,248978.25,145740.0,5643.5,154721.25,342305.25,86650.0,48499.5,21014.5,33782.0,1176189.8,1207442.5,31252.75,705554.0,1318699.75,631727.25,0.47905313548440426,0.5998640695574813,511236.75,142509.94999999995
2017-03-13,115606.25,39461.75,20813.75,92848.0,135050.25,5714.25,157409.75,404983.5,284886.0,78629.75,25984.0,35783.0,1474667.2,1491587.0,16919.75,1225955.2,1397170.25,409494.25,0.29308829757862365,0.8313436414670374,804282.25,-77496.94999999995
2017-03-14,115420.0,38347.0,72765.0,196147.75,109517.25,5600.25,157863.5,396305.5,245399.25,85991.5,23578.75,35131.0,1507547.2,1537539.2,29992.0,1129117.2,1482066.75,537797.25,0.36286978977161455,0.7489763504585462,762827.25,-25480.449999999953
2017-03-15,115511.0,38527.0,61995.0,256583.25,113661.25,5372.75,157403.75,364399.0,226966.5,73009.25,23849.25,34330.0,1495193.5,1523097.2,27903.75,1062954.0,1471608.0,591650.25,0.4020433770406249,0.7109140054447802,698704.75,-23585.5
2017-03-16,115864.0,37692.25,72585.0,155876.75,153451.75,5608.25,157381.75,399437.25,211341.25,71781.25,31664.0,35386.25,1482292.0,1506061.8,23769.75,1100378.5,1448069.75,541078.0,0.373654653030353,0.7423493481716154,717946.0,-34222.25
2017-03-17,116096.0,37565.5,83139.75,434881.75,93963.0,5492.75,156768.0,364413.25,112222.5,50561.0,30816.75,34835.25,1476445.0,1502492.8,26047.75,864460.5,1520755.5,771138.75,0.5070760881680191,0.5855013224332772,562032.0,44310.5
2017-03-18,115897.0,39645.25,65766.5,619658.0,39690.75,5329.5,151698.0,274135.5,59012.0,40006.75,29957.25,33577.5,1305311.5,1343301.2,37989.75,580196.25,1474374.0,885987.0,0.6009241888421798,0.4444887293186339,406731.75,169062.5
2017-03-19,116006.75,46690.25,67788.5,443006.25,36259.25,5600.0,154318.25,300571.0,48874.5,40027.25,18529.0,33454.75,1217752.2,1252115.0,34362.75,670698.25,1311125.75,715351.0,0.545600603145808,0.5507674303524149,422927.5,93373.55000000005
2017-03-20,115682.0,44803.25,61003.0,482010.5,61800.0,5430.0,155303.75,340506.5,121597.25,46932.5,36296.75,34843.5,1485622.5,1509998.2,24375.75,880809.0,1506209.0,770728.75,0.5117010653899957,0.592888839526865,543879.75,20586.5
2017-03-21,115045.0,43536.75,88780.0,342541.5,70295.5,5378.0,156065.5,355965.25,179760.5,63880.0,33427.25,35322.75,1515210.2,1535832.8,20622.5,1013593.25,1489998.0,665576.75,0.4466964049616174,0.6689456353976498,634928.5,-25212.199999999953
2017-03-22,115644.5,44534.75,40281.75,132712.5,87604.0,5530.25,155961.5,389686.25,286525.25,86060.5,37133.0,36066.25,1528492.5,1554689.5,26197.0,1267894.2,1417740.5,426307.75,0.3006951906925139,0.8295063273126954,798338.25,-110752.0
2017-03-23,115214.5,45555.0,50462.0,161095.75,95997.25,5576.5,156018.25,386268.25,303366.75,92824.5,29381.0,34748.25,1508632.0,1534874.8,26242.75,1201077.0,1476508.0,473901.0,0.3209606720722136,0.7961364998223556,817207.75,-32124.0
2017-03-24,115593.75,43543.75,5759.75,149646.0,120426.5,5368.5,155333.25,388328.0,305856.5,89099.25,28094.25,36929.5,1484296.8,1504250.5,19953.75,1208464.5,1443979.0,440338.25,0.30494782126332864,0.8141663446286483,820213.25,-40317.80000000005
2017-03-25,115233.5,42235.5,12467.5,191565.0,168359.75,5483.5,153255.25,371714.5,117183.0,57375.5,23184.25,31930.25,1241001.5,1268314.8,27313.25,868609.25,1289987.5,535344.75,0.41499995154991814,0.6999260274866711,578203.25,48986.0
2017-03-26,110314.5,37896.75,3217.5,76973.5,171808.5,5078.25,146766.5,379571.75,112320.0,45503.5,18893.25,30617.75,1076669.0,1107163.5,30494.5,824669.5,1138961.75,405289.0,0.3558407470663523,0.7659452440815143,568013.0,62292.75
2017-03-27,115077.0,40468.0,4463.0,68093.25,191732.0,5299.25,153513.25,409406.75,213916.5,81532.75,33638.75,33916.0,1436600.0,1458351.8,21751.75,1172311.8,1351056.5,425132.5,0.31466670712882844,0.8160321592649311,738772.0,-85543.5
2017-03-28,114226.5,42043.25,3432.0,94462.0,185230.25,5114.25,153776.75,416486.25,220553.0,80160.25,28339.25,33393.5,1459362.2,1483741.0,24378.75,1176238.0,1377217.25,444508.25,0.3227582648997462,0.8059945639266249,750593.0,-82144.94999999995
2017-03-29,114053.75,39948.5,40209.25,321205.0,115054.5,5177.25,152818.0,387827.0,188475.0,49639.75,26163.5,33568.75,1468616.5,1492866.5,24250.0,992147.75,1474140.25,635648.25,0.43119930413676716,0.6755662557243501,659510.5,5523.75
2017-03-30,113871.25,39326.5,69024.5,130336.25,142404.75,4906.0,152043.5,412449.5,213192.5,60387.5,26592.25,33414.0,1450695.8,1476629.0,25933.25,1108930.2,1397948.5,499869.25,0.35757343707582934,0.764412635646977,719443.5,-52747.30000000005
2017-03-31,113174.0,38559.25,61665.5,210960.75,169848.0,4771.5,151717.0,391366.0,180130.25,63670.75,25452.75,31753.75,1422424.5,1445687.2,23262.75,979950.25,1443069.5,598979.0,0.41507287071066223,0.688929535451618,666920.75,20645.0
2017-04-01,112976.75,38157.5,16290.25,71056.75,144802.0,4684.5,151674.25,376749.0,154376.25,49650.25,19959.5,30700.5,1195054.2,1215628.0,20573.75,962905.25,1171077.5,387967.75,0.331291268084307,0.8057419069361038,611476.0,-23976.699999999953
2017-04-02,112632.75,37010.25,14980.5,95776.5,134678.5,4795.5,152144.25,390298.25,132501.25,46796.25,21295.0,30775.0,1086902.2,1116116.0,29213.75,841466.75,1173684.0,399874.0,0.3406998817398891,0.7741881008245268,600370.75,86781.80000000005
2017-04-03,112760.75,38140.5,4205.0,57161.75,119691.0,4903.25,152095.0,428827.25,269861.25,77161.75,37871.5,33999.5,1393491.5,1416409.5,22918.0,1212433.8,1336678.5,336862.25,0.2520144148349809,0.8700690316374373,809849.75,-56813.0
2017-04-04,113622.75,41603.75,8835.25,33215.25,121474.5,4972.0,151484.25,424132.5,291589.0,85214.25,30525.0,37033.0,1414351.0,1439741.5,25390.5,1250826.0,1343701.5,323723.5,0.2409192071304527,0.8843815997584757,837968.75,-70649.5
2017-04-05,112798.5,41555.5,56877.0,233755.0,117910.0,4910.5,151503.75,406518.25,186972.5,66548.75,28055.5,32698.75,1451565.0,1473665.0,22100.0,1043023.0,1440104.0,567806.5,0.3942815935515768,0.7185506677275906,692738.25,-11461.0
2017-04-06,113221.5,39330.5,67555.5,336830.25,126859.0,4947.5,150818.0,348179.5,153639.75,62981.0,30789.25,35668.75,1465416.2,1493990.0,28573.75,934171.5,1470820.5,688744.25,0.46827213109961413,0.6374786221143182,600469.0,5404.300000000047
2017-04-07,113940.0,38562.75,59732.5,368195.75,97877.75,4957.5,128124.25,350539.25,195019.5,68933.5,25722.25,32564.25,1448936.2,1477209.0,28272.75,923130.25,1484169.25,683266.25,0.4603694962687039,0.6371089700153809,647056.5,35233.05000000005
2017-04-08,113435.5,36610.75,9084.0,73386.75,127616.0,4922.5,127058.25,379155.5,175770.0,69363.75,18346.75,32256.5,1207965.8,1224740.5,16774.75,997879.0,1167006.25,365055.5,0.3128136631658999,0.8260821622598917,656545.75,-40959.55000000005
2017-04-09,113347.75,35415.0,30182.25,38113.75,198080.0,4790.0,114634.0,383352.0,110857.75,42677.75,24334.75,32399.25,1102061.5,1131351.5,29290.0,835685.5,1128184.25,419928.75,0.3722164619830493,0.758292980927108,569286.75,26122.75
2017-04-10,112572.75,34964.5,89983.5,401385.25,155880.5,4684.5,123113.75,349317.0,109086.75,54053.0,28548.5,32190.5,1423260.8,1456926.0,33665.25,776011.5,1495780.5,799471.0,0.5344841706386733,0.5452349281312322,544647.25,72519.69999999995
2017-04-11,112734.0,35678.0,71880.75,295310.0,135411.0,4971.0,128112.5,350512.25,161878.75,65522.0,33044.25,33282.0,1449065.8,1469615.5,20549.75,946464.0,1428336.5,655984.75,0.45926485110476417,0.653154604849552,611195.0,-20729.300000000047
2017-04-12,113110.0,36087.0,88254.0,462170.25,114224.75,5015.0,132884.5,363131.5,116946.25,48032.0,25516.0,33976.75,1461880.8,1490232.0,28351.25,797231.75,1539348.0,818861.0,0.5319531386015378,0.545346617863782,562086.5,77467.19999999995
2017-04-13,113438.0,34550.25,83864.5,397346.75,100219.5,5008.25,156131.5,359179.25,118687.0,51930.0,27905.25,33469.75,1428851.2,1454426.2,25575.0,847420.5,1481730.0,734427.25,0.4956552475822181,0.5930782015650056,563266.0,52878.80000000005
2017-04-14,115055.25,33972.0,50772.75,223091.0,113621.75,5071.75,157692.75,369681.0,76369.0,44470.0,23367.0,31266.25,1141104.8,1164571.2,23466.5,753619.25,1244430.5,541584.5,0.4352067070037258,0.6604294802721011,521786.25,103325.69999999995
2017-04-15,114556.25,33131.0,86505.25,424804.75,85445.0,4965.75,154740.25,297788.75,49637.5,36057.5,22133.5,31208.0,1165573.8,1193723.0,28149.25,568818.75,1340973.5,749408.0,0.5588536984511625,0.488016074143053,414691.75,175399.69999999995
2017-04-16,115106.0,33030.0,42031.0,283392.75,101417.75,5118.25,157535.0,293852.25,47314.0,32009.5,25290.5,30168.0,1059660.8,1091181.0,31520.25,632819.25,1166265.0,580095.75,0.49739617496881067,0.5971903933787114,403343.75,106604.19999999995
2017-04-17,115379.75,35983.5,50383.5,156496.75,92951.25,5733.25,158195.25,368620.5,54074.25,38415.5,18512.0,31242.5,1078207.8,1107269.0,29061.25,778376.25,1125988.0,456928.0,0.40580183803024544,0.721916730708125,492352.75,47780.19999999995
2017-04-18,114418.75,39108.5,45899.5,241202.25,102212.75,5889.0,159248.75,373154.5,197554.25,69516.5,31369.0,34924.75,1425765.5,1446683.5,20918.0,1036451.0,1414498.5,548730.75,0.3879330730997594,0.726943526126842,675150.0,-11267.0
2017-04-19,115142.5,40742.0,6025.25,170549.25,123418.5,5961.25,158529.75,387843.0,264677.0,77289.0,27213.25,36386.75,1479442.2,1501339.8,21897.5,1179449.2,1413777.5,461838.75,0.32667003824859286,0.7972256030009148,766195.75,-65664.69999999995
2017-04-20,114971.25,39544.25,41039.75,69184.75,177032.25,5942.75,162615.25,418831.0,239605.75,79467.5,30883.25,36203.25,1479428.0,1501818.2,22390.25,1192171.2,1415321.0,447715.0,0.31633459829960836,0.8058325244621569,774107.5,-64107.0
2017-04-21,115003.0,36751.25,71009.0,347255.0,148601.25,5682.25,188395.25,375986.25,101258.25,54186.5,27172.5,34501.75,1473374.5,1495776.5,22402.0,906509.25,1505802.25,724301.75,0.4810072172491441,0.6152605803887606,565932.75,32427.75
2017-04-22,114828.0,35484.0,93209.5,461780.5,95933.5,5574.25,183434.5,275410.0,55301.5,43053.25,23091.25,31531.25,1268443.8,1292160.0,23716.25,617520.25,1418631.5,806809.75,0.5687239780027442,0.4868329601989461,405296.0,150187.69999999995
2017-04-23,115306.5,36244.0,76903.75,332500.25,130112.75,5512.75,186750.75,273918.25,49578.75,41361.75,22845.75,31582.0,1161452.0,1193169.0,31717.0,621935.25,1302617.25,696580.0,0.5347541651240992,0.5354808033392684,396440.75,141165.25
2017-04-24,115220.0,36726.5,65050.75,272176.25,192261.0,5666.75,186655.75,375746.0,115223.75,53539.75,34941.25,34519.0,1457233.8,1485637.8,28404.0,927745.75,1487726.75,687101.25,0.46184640425400697,0.6366485254459511,579028.5,30492.949999999953
2017-04-25,114841.0,37189.25,22367.5,217935.5,99271.5,5674.0,186674.5,406324.5,210397.0,70142.5,20841.0,35754.5,1480664.0,1505307.2,24643.25,1141089.5,1427412.75,497278.75,0.3483776854312111,0.7706606630538732,722618.5,-53251.25
2017-04-26,114256.75,44122.0,10809.0,48175.25,104559.75,5863.0,189399.5,411487.75,271923.75,101135.5,32393.5,37029.25,1489266.5,1506911.5,17645.0,1325722.5,1371155.0,327785.75,0.2390581298248557,0.8901848661740528,821576.25,-118111.5
2017-04-27,114338.0,46454.0,40538.5,73263.5,111663.5,5803.5,189534.25,399165.0,255318.75,82414.75,27607.5,36377.5,1485683.5,1501560.2,15876.75,1260218.0,1382478.75,392061.0,0.28359278578423,0.8482412303831872,773276.0,-103204.75
2017-04-28,114619.75,48687.0,16366.5,76525.75,105568.0,5651.5,188585.0,385517.25,242313.0,85842.0,29619.75,35799.75,1458961.8,1475226.2,16264.5,1260501.5,1335095.25,367418.5,0.275200215115738,0.8639715584054359,749472.0,-123866.55000000005
2017-04-29,114560.25,47275.5,16384.25,86685.0,146417.5,5655.75,188539.25,382549.25,134516.0,51733.0,22095.0,31477.25,1200254.0,1216428.5,16174.5,950767.25,1227888.0,416978.25,0.3395898078652125,0.7921383723778467,600275.5,27634.0
2017-04-30,113815.0,43511.5,58668.5,339669.25,231641.25,5153.5,147985.0,204979.0,39130.0,38158.75,29174.5,31293.5,1100540.8,1143288.0,42747.25,470561.75,1283179.75,792459.0,0.6175744279006897,0.42757319855838144,313561.25,182638.94999999995
2017-05-01,113557.0,41293.25,83469.0,370981.0,119735.5,4817.75,167652.5,217456.5,39712.75,35916.5,18796.75,29853.75,1112032.0,1142440.0,30408.0,537846.5,1243242.25,733853.5,0.5902739389688534,0.48366099177002103,322939.5,131210.25
2017-05-02,113227.5,45941.75,85877.25,311782.75,91068.5,5410.75,187257.75,382554.5,144872.5,54697.75,29060.5,32261.75,1449892.0,1473314.0,23422.0,961163.5,1484013.25,653308.5,0.44023090764182865,0.6629207554769596,614386.5,34121.25
2017-05-03,113217.25,45829.25,92495.0,208682.5,126099.25,5282.25,186888.5,400848.75,195437.75,69583.75,23924.5,32878.0,1481550.0,1500790.5,19240.5,1054273.2,1501166.75,591605.5,0.39409712478643694,0.7116014984306975,698748.25,19616.75
2017-05-04,113503.75,44999.25,91299.0,275945.75,84355.25,5401.5,187281.0,386299.5,201185.5,74890.0,25431.0,34380.25,1498432.0,1517258.2,18826.25,1046832.0,1524971.75,615504.5,0.4036169850359523,0.6986182889847521,696755.25,26539.75
2017-05-05,114034.5,45838.5,53310.75,108414.25,83799.0,5321.5,187101.5,390556.75,240768.75,81079.0,29988.0,33700.75,1447570.2,1472663.2,25093.0,1202046.2,1373913.25,410718.5,0.29894063544405003,0.8303888820037881,746105.25,-73656.94999999995
2017-05-06,113557.5,44602.0,12947.5,91215.0,163629.5,4953.5,185893.0,376060.25,127874.75,50883.25,15270.25,33751.0,1218287.8,1237853.8,19566.0,950495.75,1220637.5,430905.0,0.3530163541591996,0.780189828708783,588569.25,2349.6999999999534
2017-05-07,112673.0,44849.25,18701.5,77839.75,110393.75,4998.75,185580.5,362928.75,105380.5,48746.25,11045.0,33209.0,1120749.5,1139917.5,19168.0,913814.5,1116346.0,369456.0,0.3309511567202283,0.8153601674593653,550264.5,-4403.5
2017-05-08,112120.25,48891.0,61808.75,206660.0,63928.25,5416.0,185684.25,349959.0,213832.0,70413.75,28535.0,35370.25,1430854.0,1448993.2,18139.25,1098457.0,1382618.5,498824.25,0.36078227652819633,0.7676932796777309,669575.0,-48235.5
2017-05-09,111626.5,51508.25,20384.75,55658.75,150560.5,5720.25,186914.25,345696.25,266305.75,81201.5,31406.75,32535.5,1425571.5,1445584.5,20013.0,1198967.5,1339519.0,395459.0,0.29522462913926567,0.8410433990859104,725739.0,-86052.5
2017-05-10,111708.5,49896.25,25649.0,86609.5,204870.5,5682.0,186446.75,342701.75,249119.75,75774.25,25870.75,29134.0,1418788.2,1440784.8,21996.5,1101659.2,1393463.0,484415.75,0.3476344545926228,0.7764789698702033,696729.75,-25325.199999999953
2017-05-11,111148.75,47277.5,37438.0,139889.25,197323.5,5355.5,183091.0,331450.25,235946.5,66131.5,27899.0,31462.75,1411919.0,1430646.2,18727.25,1037268.25,1414413.5,538432.5,0.38067545311183754,0.7346513858089593,664991.0,2494.5
2017-05-12,110384.75,47704.0,72068.75,136278.5,147973.5,5113.5,184062.25,351616.5,229137.5,51548.75,33553.0,34778.75,1403146.2,1425760.0,22613.75,1046825.5,1404219.75,519523.0,0.3699727197256697,0.7460558992355893,667081.5,1073.5500000000466
2017-05-13,109925.0,48977.0,19805.0,62551.75,155426.5,4755.75,175597.5,358893.75,166867.25,45347.0,15844.0,32196.75,1187048.5,1212825.2,25776.75,949265.25,1196187.25,401441.0,0.3356004672345404,0.7996853119312312,603304.75,9138.75
2017-05-14,110173.0,47757.0,21054.0,62172.0,151418.5,4729.25,150971.75,353057.5,114041.25,42689.25,16092.25,31778.25,1070915.2,1097281.0,26365.75,836270.75,1105934.0,397303.75,0.3592472516443115,0.7808935291982035,541566.25,35018.80000000005
2017-05-15,109666.75,51293.75,14696.25,52787.5,192918.5,4819.0,163631.25,351758.0,243156.5,64907.0,28595.75,34132.5,1378793.5,1398706.2,19912.75,1118391.2,1312362.75,426181.75,0.3247438636916508,0.8111375633842196,693954.0,-66430.75
2017-05-16,109092.25,52336.75,60472.25,65151.0,179569.75,4648.25,185276.75,365646.5,250519.5,67009.75,24267.0,33983.0,1430398.5,1450999.2,20600.75,1125205.5,1397972.75,471270.25,0.33710975410643734,0.7866377796117655,717158.75,-32425.75
2017-05-17,109329.25,51500.75,27734.75,128913.0,220508.0,4456.25,185871.75,357062.5,225343.25,65855.0,26047.0,30276.0,1433972.5,1454033.0,20060.5,1056816.8,1432897.5,542442.0,0.3785630165451472,0.736985402439726,678536.75,-1075.0
2017-05-18,108855.75,51729.0,42810.0,176490.5,178859.0,4386.75,184648.0,358128.5,199875.75,61294.75,29830.5,28694.25,1434560.0,1453436.5,18876.5,1036400.5,1425602.75,563131.0,0.39501256573754506,0.7224518319205889,647993.25,-8957.25
2017-05-19,109677.75,52481.0,34483.75,162793.0,122883.25,4421.75,180871.5,368147.5,186165.5,58124.75,23408.5,27839.0,1410535.2,1433539.5,23004.25,1090375.2,1331297.25,486740.5,0.36561368995541754,0.773022325142967,640276.75,-79237.94999999995
2017-05-20,110747.0,51414.5,22240.0,153455.25,171477.75,4392.75,184255.25,359596.75,87003.75,37440.75,26545.0,29897.0,1184725.0,1210547.5,25822.5,837552.0,1238465.75,513727.25,0.4148094123717188,0.7069589989238009,513938.25,53740.75
2017-05-21,110940.5,47256.0,19067.5,50261.75,198571.5,4352.5,185210.75,340156.25,85026.5,36179.0,13786.75,29852.0,1070034.0,1104760.2,34726.25,802133.25,1120661.0,430449.75,0.3841034443065298,0.7496334228631988,491213.75,50627.0
2017-05-22,110839.25,46912.25,10191.5,53489.5,210583.75,4511.25,186457.5,361001.5,247335.25,58605.25,27138.5,32618.25,1368153.0,1382568.0,14415.0,1093888.2,1349683.75,436527.5,0.32342947005178063,0.7995364553525811,699560.25,-18469.25
2017-05-23,110697.5,49341.75,41941.0,176045.5,200260.0,4430.75,185999.25,356185.5,203344.25,63602.75,31072.25,32587.75,1415839.8,1431649.5,15809.75,997593.25,1455508.25,582716.5,0.4003525916118991,0.7045947218039781,655720.25,39668.44999999995
2017-05-24,111427.75,49724.25,26731.25,252401.5,144804.25,4640.25,186039.75,361798.75,182325.5,49614.0,30366.0,31812.75,1403588.2,1423998.0,20409.75,979651.25,1431686.0,589729.25,0.4119124235342107,0.6979620162095976,625551.0,28097.800000000047
2017-05-25,111042.25,50639.75,21716.0,129835.0,187870.25,4518.5,185625.0,339812.25,77676.0,29708.5,19438.25,29957.5,1103202.2,1132679.2,29477.0,763781.0,1187839.25,505621.75,0.4256651310351969,0.6923309253734266,477154.25,84637.05000000005
2017-05-26,110449.0,48426.75,5954.25,81325.5,231033.5,4607.0,184778.5,346891.0,96764.5,29294.5,32797.0,30911.75,1228912.8,1251889.8,22977.0,910599.5,1203233.25,481796.0,0.400417790981092,0.7409797505567522,503861.75,-25679.550000000047
2017-05-27,109102.75,49201.5,45167.75,147772.75,241582.25,4387.5,183446.75,310223.0,60503.75,24290.25,29074.75,30565.25,1156525.5,1183822.2,27296.75,722002.75,1235318.25,597214.5,0.48344991260349307,0.6242860620020916,425582.25,78792.75
2017-05-28,108260.75,48308.0,42344.5,140701.0,216449.75,4330.75,183256.0,296421.25,72230.25,26695.5,24471.5,29257.75,1079716.8,1109065.0,29348.25,680221.5,1192727.0,560394.75,0.4698432667324543,0.6299999222018218,424604.75,113010.19999999995
2017-05-29,107320.0,49465.25,8133.0,46207.0,208705.75,4316.5,181891.5,352360.0,235347.0,85544.5,44902.5,31451.0,1393973.8,1415721.2,21747.5,1130928.0,1355644.0,424147.5,0.31287528289137856,0.8112978880951708,704702.5,-38329.80000000005
2017-05-30,107258.5,51873.0,23383.25,169143.0,166432.0,4299.5,182130.0,349665.75,253258.25,99164.75,27954.5,31525.0,1434801.0,1459587.2,24786.25,1075842.8,1466087.5,522389.25,0.35631519264709643,0.7498202189711326,733613.75,31286.5
2017-05-31,107749.0,52837.5,63985.75,253357.25,197221.0,4281.75,180176.5,349139.0,196969.25,67437.0,23818.0,23589.75,1429540.8,1454294.8,24754.0,914976.75,1520561.75,679432.25,0.4468297653811166,0.640049413070267,637135.0,91020.94999999995
2017-06-01,108290.5,53531.0,12866.5,86654.75,224958.75,4297.5,201206.0,353749.25,201361.75,65637.75,24505.75,24736.0,1398639.0,1417489.0,18850.0,1074159.0,1361795.5,490599.0,0.3602589375570708,0.7680030372383438,645484.75,-36843.5
2017-06-02,107796.25,53388.0,3436.5,36313.5,209005.25,3968.25,215362.0,354550.25,229603.25,68306.75,24139.25,30343.0,1383745.2,1400234.8,16489.5,1134990.0,1336212.25,413907.75,0.3097619783084611,0.8202304875203903,682803.25,-47532.94999999995
2017-06-03,107215.25,53792.0,5479.5,97480.0,165066.75,4000.75,214919.75,314678.0,99858.25,54609.25,26522.0,29275.25,1172460.8,1188216.2,15755.5,904434.5,1172896.75,433034.25,0.36920065640901467,0.7713984979284595,498420.75,435.94999999995343
2017-06-04,106764.5,53894.75,27402.0,200795.0,121294.5,4053.75,207926.0,283239.75,49948.5,33996.5,15871.5,29452.75,1029996.25,1067834.2,37838.0,680504.75,1134639.5,514204.5,0.4531875542848632,0.6606866287134541,396637.5,104643.25
2017-06-05,107619.75,53221.25,36193.25,69342.0,162743.5,4034.5,215578.25,314652.75,55987.75,34175.75,31687.25,29285.25,1033638.75,1052612.0,18973.25,765360.0,1114521.25,433154.25,0.38864602177840935,0.7404521163704437,434101.5,80882.5
2017-06-06,106443.0,53023.75,94874.25,336369.5,126135.75,3989.5,215124.5,322341.0,57599.0,40213.0,33000.5,30951.75,1372512.2,1396711.8,24199.5,815132.75,1420065.5,720835.75,0.5076073955743591,0.5938983638906816,451104.75,47553.30000000005
2017-06-07,106763.0,54443.5,101505.5,567359.75,165245.0,3915.25,201384.25,266624.5,36672.5,35624.75,21706.5,29629.5,1429468.2,1466247.8,36779.5,595358.0,1590874.0,999232.0,0.6281025398617364,0.4164891530990336,368551.25,161405.80000000005
2017-06-08,107751.0,53667.5,64318.75,244711.75,191850.5,3872.5,216995.5,337714.5,81883.75,45673.5,32954.75,30504.0,1402126.0,1423091.8,20965.75,901245.0,1411898.0,666172.0,0.47182728497384374,0.6427703359041912,495775.75,9772.0
2017-06-09,107329.5,52026.25,33539.0,211785.75,164357.0,3943.25,217112.0,348721.5,107234.5,47323.0,30995.25,30987.0,1397782.2,1420543.5,22761.25,988100.5,1355354.0,572980.75,0.42275357581856843,0.7069059113787541,534266.0,-42428.19999999995
2017-06-10,107812.0,51326.75,22647.25,63320.5,214436.75,4007.75,216677.75,339228.75,79661.75,36038.25,28485.25,28690.75,1178109.2,1199587.5,21478.25,877704.75,1192333.5,463551.0,0.38877629455181795,0.7450113707625745,483619.5,14224.300000000047
2017-06-11,107488.5,49166.75,60824.75,126334.5,221956.75,3986.25,214071.5,315745.75,59666.75,32292.25,26977.0,28988.0,1079738.0,1112568.2,32830.25,670622.0,1247498.75,569757.5,0.4567198965129224,0.6210969698204565,436692.75,167760.75
2017-06-12,106503.5,48548.5,93475.75,399200.25,171740.5,3961.0,210271.25,311404.0,74055.75,38826.0,28550.25,29676.25,1411538.5,1442445.8,30907.25,747122.0,1516213.0,823429.5,0.543082996914022,0.5292962253597758,453962.0,104674.5
2017-06-13,107336.0,50430.0,55860.75,271706.75,177166.0,3963.25,212121.25,330008.0,139217.75,60695.75,28736.75,30012.5,1423391.2,1442143.5,18752.25,918657.75,1467254.75,666462.75,0.45422429199837316,0.6454007513886555,559934.0,43863.55000000005
2017-06-14,107245.5,51007.0,9233.0,62765.5,230812.0,3932.5,214296.0,346190.75,200905.75,66792.25,39160.25,28086.25,1375024.0,1392792.5,17768.5,1072213.5,1360426.75,464995.5,0.3418012031886318,0.7797780256926424,641975.0,-14597.25
2017-06-15,106993.75,50526.25,35928.25,98645.0,211230.0,3897.75,215336.75,351966.25,127625.75,56015.0,24012.0,25802.25,1219331.8,1235786.5,16454.75,873528.5,1307979.0,507221.0,0.38778986512780406,0.7163993426563631,561409.25,88647.19999999995
2017-06-16,107177.5,50506.5,75540.5,393121.0,165301.75,3904.25,210205.5,332263.5,40653.0,34584.25,32545.5,27622.75,1320771.2,1350372.2,29601.0,686808.0,1473426.0,795551.5,0.5399331218534219,0.520005281762655,435123.5,152654.80000000005
2017-06-17,108294.0,49207.0,28891.75,255160.5,158350.0,3989.0,216179.0,334168.5,69305.25,36666.75,27190.75,29851.25,1165404.0,1188002.0,22598.0,723001.75,1317253.75,603892.25,0.4584479262253002,0.6203872219419189,469991.75,151849.75
2017-06-18,108170.25,46793.5,9749.5,37695.75,219198.25,3932.25,212898.75,349890.5,80536.75,41779.5,18908.5,29496.5,1069156.8,1099616.2,30459.5,802513.25,1159050.0,425539.5,0.3671450757085544,0.7506038871005637,501703.25,89893.19999999995
2017-06-19,106615.0,45765.75,3900.5,27077.0,237841.75,3907.75,210791.0,365546.0,239666.25,80856.0,38432.25,30943.25,1386466.8,1401432.8,14966.0,1117647.5,1391342.5,425107.75,0.3055378168926774,0.8061119819097002,717011.5,4875.699999999953
2017-06-20,106198.5,47114.5,26188.75,110257.0,218023.0,3851.0,211194.0,348075.75,277143.75,82927.75,20632.25,31281.0,1436838.2,1461279.0,24440.75,1082369.5,1482887.25,511632.75,0.3450247144548583,0.753299501641869,739428.25,46049.05000000005
2017-06-21,107376.5,47821.0,7080.75,54737.75,218322.25,3846.5,210793.0,363110.5,277390.0,86753.5,29334.0,24905.75,1424777.8,1438233.2,13455.5,1144637.0,1431471.5,439184.75,0.3068064924799411,0.8033793058819417,752159.75,6693.699999999953
2017-06-22,105652.25,47281.0,47717.25,189943.5,188271.75,3840.25,212623.75,357215.5,212862.75,80271.0,25965.75,32178.75,1450917.2,1466325.0,15407.75,1024984.75,1503823.5,582706.0,0.3874829725695868,0.7064391751645097,682528.0,52906.30000000005
2017-06-23,105498.5,46089.0,70530.5,363395.5,169411.75,3832.5,207710.0,334327.75,119104.75,55650.25,26726.25,30927.5,1436031.8,1459732.8,23701.0,832694.0,1533204.25,758757.75,0.49488367254395493,0.5798576326791649,540010.25,97172.44999999995
2017-06-24,106534.75,45710.5,69575.0,314954.25,171519.25,3946.0,196505.0,323416.0,31628.75,29764.0,28895.75,22968.0,1217204.8,1240282.5,23077.75,661156.25,1345417.25,712239.75,0.5293820560127351,0.5431758484685568,407776.75,128212.44999999995
2017-06-25,107422.5,45640.25,66712.75,279171.75,121687.0,3982.75,207276.0,314066.5,29410.5,25520.0,19919.5,21041.75,1102096.8,1126480.8,24384.0,634525.25,1241851.25,624617.0,0.5029724775813529,0.5757436642588927,390038.75,139754.44999999995
2017-06-26,107162.75,49026.75,51367.75,174463.0,191584.25,3923.5,213337.5,365364.5,153241.5,68396.25,24912.0,26758.5,1391508.2,1408528.8,17020.5,974093.25,1429538.25,577528.0,0.40399618548157074,0.7000269563628875,613760.75,38030.05000000005
2017-06-27,107156.0,47795.25,15031.5,68622.25,151238.0,3898.25,213410.25,372691.25,233406.25,97715.25,39049.5,23694.0,1409199.8,1424624.8,15425.0,1174308.0,1373707.75,393741.25,0.2866266496640206,0.8333154744983642,727506.75,-35492.05000000005
2017-06-28,106742.75,48694.75,78612.5,188615.5,142153.75,3988.75,213253.0,371779.75,176866.0,80467.0,28927.5,31913.75,1420885.0,1438926.2,18041.25,1011503.25,1472015.0,568808.0,0.3864145406126976,0.7118825591092875,661026.5,51130.0
2017-06-29,107016.5,50367.75,8845.25,166937.25,105580.25,3988.5,212088.75,361777.0,195299.0,85537.25,25766.25,32272.25,1412884.5,1433835.2,20950.75,1131521.8,1355476.0,442735.5,0.3266273250135008,0.8008593766864879,674885.5,-57408.5
2017-06-30,106969.5,52489.75,30958.25,359574.75,150378.5,3934.25,211741.25,340556.75,91922.0,52842.25,28263.0,29255.0,1408837.0,1431439.2,22602.25,867925.5,1458885.25,704305.0,0.4827692925128964,0.6160581387342894,514576.0,50048.25
2017-07-01,106260.5,50566.5,50644.75,273282.25,109991.0,3740.0,213406.25,329770.75,43336.5,34987.75,18041.5,27110.0,1192496.5,1208042.2,15545.75,758578.5,1261137.75,594485.0,0.4713878400674312,0.6361263953395251,435205.0,68641.25
2017-07-02,106061.5,47515.25,55626.25,260821.5,106359.75,3758.25,209850.75,317484.75,42135.25,32674.75,11286.0,26364.5,1084960.5,1112881.8,27921.25,662153.0,1219938.5,580142.5,0.47555061177264263,0.6103014810216593,418659.25,134978.0
2017-07-03,106135.0,48788.5,55722.25,218539.25,196601.75,3752.5,213657.5,334953.5,112600.25,60823.25,23888.75,28420.75,1363750.8,1383447.2,19696.5,892887.5,1403883.25,629539.25,0.4484270682765109,0.654729221790374,536797.75,40132.44999999995
2017-07-04,105515.25,49333.75,32022.25,162286.0,193725.75,3732.75,212146.0,341597.25,179771.0,74654.25,25375.5,29934.5,1402995.2,1418001.5,15006.25,1014961.25,1410094.25,546615.75,0.3876448329606337,0.723424606156885,625957.0,7099.050000000047
2017-07-05,106139.0,47749.25,3702.75,28617.75,201440.5,3704.25,212451.25,361223.25,245959.25,87162.25,23757.0,30227.25,1412467.0,1427111.2,14644.25,1178706.0,1352133.75,391353.5,0.2894340149411994,0.834501620214844,724572.0,-60333.25
2017-07-06,105960.5,47189.0,3038.5,31231.25,217343.5,3733.25,213563.25,361649.5,249626.5,104442.0,27772.25,29950.0,1420254.0,1437625.5,17371.5,1168640.8,1395499.5,408496.0,0.2927238598079039,0.8228392949430172,745668.0,-24754.5
2017-07-07,106154.5,46589.0,4501.75,129851.25,173787.5,3761.75,205091.5,350857.75,226945.75,101159.0,30078.5,27207.25,1412710.8,1431080.0,18369.25,1104570.2,1405985.5,464645.75,0.33047691459122447,0.7818799148417355,706169.75,-6725.300000000047
2017-07-08,105647.5,46579.25,19554.75,110176.0,181670.0,3776.25,161496.5,338460.75,137357.75,65199.75,14250.75,27054.25,1205388.0,1225940.5,20552.5,893987.25,1211223.5,467403.75,0.38589389158978504,0.7416593246324005,568072.5,5835.5
2017-07-09,105709.0,46337.0,5160.0,38320.25,180651.0,3811.0,153041.0,341638.5,122820.0,50909.25,13163.25,29510.25,1086325.2,1101214.5,14889.25,862194.0,1091070.5,379988.25,0.3482710328984241,0.7936794617302444,544878.0,4745.300000000047
2017-07-10,105290.75,47633.0,2931.0,82353.0,127006.0,4023.25,153629.75,349747.25,225853.0,114270.0,41370.25,31507.75,1399031.0,1413899.2,14868.25,1186741.0,1285615.0,369237.0,0.2872065120584312,0.8482592594445727,721378.0,-113416.0
2017-07-11,105348.0,50070.5,28766.25,144592.75,152590.25,3891.5,153589.5,349028.0,178544.75,101452.5,17205.75,31501.5,1417698.5,1437585.8,19887.25,1091749.2,1316581.25,485259.25,0.3685752398494206,0.7700856000059251,660526.75,-101117.25
2017-07-12,105707.75,50075.5,59090.75,259512.75,90655.5,3913.75,154453.25,344029.25,133820.75,83846.25,23086.0,34020.75,1431333.2,1453358.5,22025.25,1022074.25,1342212.25,568956.0,0.4238942089822232,0.714071503406754,595717.0,-89120.94999999995
2017-07-13,106065.75,49014.75,34174.0,186766.5,200408.5,3992.25,155336.0,358150.0,128874.5,79120.75,24857.0,32888.25,1397837.8,1413457.2,15619.5,976488.75,1359648.25,580421.75,0.4268911095204219,0.6985708570765506,599033.5,-38189.55000000005
2017-07-14,106444.75,48661.75,17618.25,58256.5,149476.75,3797.25,154290.25,355031.25,154894.0,86808.0,18323.25,32660.5,1377236.0,1393481.0,16245.0,1151884.5,1186262.5,384255.25,0.32392092812509876,0.8363740854871642,629393.75,-190973.5
2017-07-15,106127.0,49395.0,13455.0,71156.75,154732.25,3802.5,154986.25,326464.5,117106.5,62495.25,12130.75,31175.5,1160168.8,1179004.2,18835.5,920824.75,1103027.25,398668.5,0.36143123390650594,0.7936989427745341,537241.75,-57141.55000000005
2017-07-16,106470.5,47007.5,44303.0,113516.0,152480.75,3781.0,154712.75,330894.0,87565.5,43878.0,16232.5,29527.0,1066155.8,1087847.0,21691.25,755856.0,1130368.5,467558.75,0.41363391672715577,0.7089545449173563,491864.5,64212.69999999995
2017-07-17,106146.0,46038.25,27918.0,70863.0,177550.5,3740.0,154508.25,336517.5,205766.75,90442.0,20809.25,30114.75,1363486.8,1376983.5,13496.75,1087155.2,1270414.25,432255.75,0.3402478758404985,0.797334598325411,662841.0,-93072.55000000005
2017-07-18,105889.25,45906.75,6873.75,57929.0,216312.25,3731.0,153674.75,332192.75,224289.5,99651.0,24095.5,28217.75,1400384.0,1419101.5,18717.5,1119269.0,1298763.25,436642.0,0.33619830250047494,0.7992586319181024,684351.0,-101620.75
2017-07-19,105334.5,46875.5,59329.5,169887.25,212238.75,3695.75,152662.25,328517.5,170315.0,89622.75,21705.75,29845.0,1423882.8,1442618.2,18735.5,982427.25,1390029.5,597361.25,0.4297471744304707,0.6899635630123491,618300.25,-33853.30000000005
2017-07-20,105045.5,46661.25,32385.25,134415.75,133954.25,3734.75,152773.25,313226.25,182218.0,99864.5,21376.25,33205.75,1406255.8,1427681.2,21425.5,1105500.5,1258860.75,456196.75,0.36238857236592686,0.786130446537536,628514.5,-147395.05000000005
2017-07-21,105989.5,48296.75,22312.75,82535.75,204260.25,3756.25,153480.0,326638.25,166952.25,84113.75,17213.5,30824.5,1372266.5,1387387.0,15120.5,1063157.8,1246373.5,467151.25,0.37480839411300065,0.7747458675118863,608528.75,-125893.0
2017-07-22,105837.25,47045.75,50634.5,121348.5,161241.75,3745.0,153087.5,336664.0,99159.25,50825.5,13905.75,29381.0,1180584.0,1195956.8,15372.75,847359.25,1172875.75,489852.75,0.4176510171686984,0.7177458359591524,516029.75,-7708.25
2017-07-23,105819.0,47260.75,27326.75,191503.25,141338.25,3762.0,146145.75,308788.5,65162.25,37078.25,11434.25,29563.0,1056104.8,1086436.5,30331.75,695936.5,1115182.0,517010.0,0.46361042412807957,0.6589653791934285,440592.0,59077.19999999995
2017-07-24,106241.75,48861.5,6703.75,70127.25,95695.25,3795.5,154860.75,346293.25,219359.75,93636.0,25561.0,32058.25,1347048.5,1361307.2,14258.75,1174522.2,1203194.0,331425.0,0.27545433238530115,0.871922725870672,691347.25,-143854.5
2017-07-25,106146.75,51430.5,40584.0,238058.5,72041.5,3959.75,155877.5,340525.5,174655.25,66091.75,13761.25,32814.75,1399315.2,1419277.8,19962.5,1048631.2,1295947.0,512221.0,0.39524841679482264,0.749388843914509,614087.25,-103368.19999999995
2017-07-26,105523.5,53109.25,8850.0,250352.25,83032.5,3938.25,155163.25,347220.75,171160.25,68484.5,26710.5,31242.75,1391781.8,1404987.8,13206.0,1049547.0,1304787.75,504805.75,0.3868872542679834,0.7541031216243811,618108.25,-86994.05000000005
2017-07-27,106112.75,49197.0,40885.0,142336.5,104742.75,3882.75,179728.25,365473.0,154299.0,64076.75,20135.5,28697.75,1389447.2,1409831.8,20384.5,1101483.0,1259567.0,447156.75,0.3550083084107475,0.79274908755079,612546.5,-129880.19999999995
2017-07-28,106123.75,52297.5,50136.25,229001.75,160097.0,3807.75,187083.75,344751.0,81195.5,41478.75,22369.0,28129.75,1346045.0,1365068.8,19023.75,906810.0,1306471.75,601464.0,0.46037275585943593,0.6736847579389991,495555.0,-39573.25
2017-07-29,106414.5,52513.0,58181.25,241750.5,168388.25,3798.5,181467.75,290283.5,39253.75,27923.5,28488.5,27392.75,1157980.2,1179656.0,21675.75,689660.25,1225855.75,631046.0,0.514779981249833,0.5955717118479228,384853.5,67875.55000000005
2017-07-30,105331.75,50638.25,39905.0,293999.25,183221.25,3737.25,173253.75,225635.5,40612.5,26337.5,18720.75,27023.5,1072144.5,1100893.5,28749.0,555019.0,1188416.25,676832.75,0.5695249875622282,0.5176718250198551,319609.0,116271.75
2017-07-31,105497.25,53488.0,32574.75,95986.75,183304.25,3976.75,215608.25,330730.25,117435.75,52882.75,32651.25,24573.0,1341043.5,1354383.2,13339.75,1029177.75,1248709.0,474827.75,0.380254927288904,0.7674454631784875,525621.75,-92334.5
2017-08-01,103872.75,52550.25,8914.0,92980.0,159888.25,4186.0,215255.75,344459.0,164069.0,65094.0,21428.5,31082.5,1378627.5,1396715.2,18087.75,1116845.2,1263780.0,422391.25,0.33422846539745843,0.8101138269764675,604704.5,-114847.5
2017-08-02,104394.5,52166.0,24428.5,72738.0,165589.75,4156.25,215182.0,351663.75,161774.0,67260.75,25066.0,33560.5,1381101.0,1395885.5,14784.5,1118344.8,1277980.0,423473.0,0.3313612106605737,0.8097487439369025,614259.0,-103121.0
2017-08-03,104333.5,51437.5,86327.0,297032.0,120165.75,4075.75,213204.75,339447.5,83061.25,40933.5,22882.25,29173.5,1402934.2,1422045.8,19111.5,899409.5,1392074.25,663371.5,0.476534567031895,0.64109172048126,492615.75,-10859.949999999953
2017-08-04,105744.5,49950.25,86610.75,369571.75,145631.0,4088.5,212404.75,333480.25,47940.75,35563.75,27759.0,29483.5,1374619.5,1397170.8,22551.25,772806.0,1448228.75,761596.75,0.5258815294199898,0.5621963023222063,446468.25,73609.25
2017-08-05,106100.5,50455.25,47317.75,192132.0,148608.5,4156.75,214195.0,361960.25,32546.25,29896.0,20397.75,28397.0,1148672.0,1165315.0,16643.0,760613.75,1236163.0,548770.75,0.44393073567159025,0.6621679208686204,452799.5,87491.0
2017-08-06,105578.0,50180.0,47750.25,136460.75,164459.75,4146.25,208406.75,331121.25,38535.75,28749.5,18327.25,27592.25,1026511.75,1059650.8,33139.0,677841.0,1161307.75,508575.0,0.43793301129696244,0.6603343800010083,425998.75,134796.0
2017-08-07,104980.25,47985.5,36568.5,73074.25,216117.5,4322.75,211509.75,384715.25,88404.75,50098.75,19442.75,30068.5,1307289.5,1325879.2,18589.75,981529.25,1267288.5,483048.75,0.3811671533356454,0.7508124634979475,553287.25,-40001.0
2017-08-08,104437.75,49064.5,37846.75,202846.75,143739.25,4298.0,210447.0,377844.75,114036.75,53667.0,21164.5,30804.75,1366418.5,1380441.2,14022.75,981985.75,1350197.75,542233.0,0.40159524780721934,0.7186566560684007,576353.25,-16220.75
2017-08-09,105305.75,51219.75,58887.5,163308.25,169033.75,4170.75,209843.75,382376.25,103997.75,45677.0,23760.0,30007.0,1374594.8,1392676.0,18081.25,983365.25,1347587.5,551925.75,0.4095657981392674,0.7153855448893012,562058.0,-27007.300000000047
2017-08-10,105689.75,51500.0,14467.0,85265.75,71162.5,4467.5,207989.25,383706.5,154388.75,64713.0,27837.0,31328.25,1366143.2,1385487.8,19344.5,1195248.0,1202515.25,332552.5,0.27654742840059615,0.8749068179675454,634136.5,-163627.94999999995
2017-08-11,107179.75,49953.0,5859.25,101913.25,42196.75,4468.25,214535.75,354188.25,172550.75,70491.0,28095.25,30171.5,1343946.2,1359979.5,16033.25,1193977.0,1181602.75,311570.25,0.2636844320140589,0.8884113069407095,627401.5,-162343.44999999995
2017-08-12,107496.0,51617.0,40498.0,255193.5,80903.0,4269.75,213493.0,324164.5,34277.5,27933.75,14256.0,27755.0,1142165.5,1167751.0,25585.5,765571.0,1181857.0,539977.25,0.4568888198826085,0.6702802702410465,414130.75,39691.5
2017-08-13,107381.75,53820.5,26612.5,97311.75,141156.25,4178.75,227101.5,316811.5,40127.0,22667.75,17843.75,28009.25,1027911.0,1050415.5,22504.5,762830.5,1083022.25,430461.5,0.39746321001253665,0.7421172650161346,407615.5,55111.25
2017-08-14,106466.75,53191.25,30090.5,81414.0,201026.25,4324.25,234355.0,352158.5,88663.75,38112.5,28539.5,28810.75,1294488.0,1313418.5,18930.5,981957.25,1247153.0,476513.0,0.38208062683568095,0.7585680593408359,507745.5,-47335.0
2017-08-15,105489.75,52059.25,24486.0,172571.5,172203.0,4195.0,232686.0,362692.0,89366.0,30227.75,25431.5,27893.25,1330151.5,1344371.5,14220.0,960891.0,1299301.0,531004.5,0.40868474664454196,0.7223921485635283,510179.0,-30850.5
2017-08-16,105887.0,52317.0,15819.25,53759.5,150676.75,4313.5,240682.25,391464.25,155462.5,45678.25,23864.5,28298.5,1365960.2,1385957.8,19997.5,1145704.8,1268223.25,382773.0,0.30181831156304695,0.8387541598942635,620903.5,-97736.94999999995
2017-08-17,106148.75,53434.5,59611.75,145973.5,143190.75,4199.75,240980.75,385517.25,148337.75,48707.5,25072.75,27924.75,1384666.0,1403108.0,18442.0,1035890.0,1389099.75,512559.0,0.3689864604755706,0.7481154300026144,610487.25,4433.75
2017-08-18,106475.0,52509.0,42527.0,143223.5,125638.0,4329.75,241583.5,391170.0,138281.5,49887.25,24823.5,27792.25,1373144.0,1387418.0,14274.0,1061755.5,1348240.25,474702.25,0.3520902524605685,0.7732295374702144,607131.0,-24903.75
2017-08-19,107299.75,52595.0,76217.0,284524.75,140370.0,4256.5,238954.75,298457.75,28818.75,24312.25,22845.25,26586.75,1150942.0,1182933.8,31991.75,649830.25,1305238.5,665263.0,0.5096869269485998,0.5646072955891782,378175.5,154296.5
2017-08-20,108049.25,50654.5,86701.5,233063.5,156867.25,4094.5,225182.75,251451.25,26424.0,22047.5,15181.25,25897.5,1046545.5,1078644.8,32099.25,569913.25,1205614.75,639430.5,0.5303771374728121,0.5445661464312828,325820.25,159069.25
2017-08-21,107234.0,48662.75,50729.75,177205.0,158356.0,4382.0,243518.5,377513.0,133708.25,30503.5,19402.5,27497.25,1340724.5,1360637.0,19912.5,954433.75,1378712.5,546569.5,0.39643471717272455,0.7118790996957242,569222.0,37988.0
2017-08-22,107187.5,48858.5,13856.0,77714.25,173373.25,4299.5,244206.25,379682.25,182491.5,31961.75,26891.75,28288.75,1352827.5,1366322.5,13495.0,1087884.0,1318811.25,425289.0,0.32247905073603217,0.8041557404768901,622424.25,-34016.25
2017-08-23,107636.75,48287.25,16862.25,51358.0,199193.25,4284.75,243829.0,390215.75,191130.0,30576.75,22255.0,28433.0,1353593.0,1366118.2,12525.25,1086179.5,1334061.75,427622.25,0.32054157163264746,0.8024417236200246,640355.5,-19531.25
2017-08-24,107384.5,46982.0,55469.25,141664.5,146339.0,4254.75,242728.25,371231.25,200506.0,35664.0,28772.75,28003.75,1378370.2,1395600.5,17230.25,1034897.5,1409000.0,502094.0,0.35634776437189497,0.7508124450165855,635405.0,30629.800000000047
2017-08-25,107381.25,49834.25,22042.0,69772.5,171903.75,4245.25,242498.0,371422.25,214744.5,35343.5,26554.25,28932.0,1360552.8,1375973.0,15420.25,1096834.5,1344673.5,425179.0,0.31619497223675486,0.806168272190539,650442.25,-15879.300000000047
2017-08-26,106583.5,47700.25,3658.5,41823.5,152021.25,4226.75,241396.0,367900.5,177415.25,26147.25,17165.75,27959.25,1155229.8,1172029.2,16799.5,957726.5,1213997.75,356013.75,0.2932573392331246,0.8290354871385762,599422.25,58767.94999999995
2017-08-27,106243.0,46181.25,20801.25,113025.0,147843.0,4116.25,240619.0,384536.5,76777.75,23297.5,16551.25,25989.25,1058742.8,1082813.0,24070.25,777073.5,1205981.0,438209.75,0.36336372629419533,0.73395871027411,510601.0,147238.19999999995
2017-08-28,105177.0,45184.0,2590.5,32813.75,178631.75,4264.5,242370.25,382828.0,217364.75,42124.25,31593.75,29191.0,1347122.5,1363354.5,16232.0,1133086.5,1314133.5,368661.5,0.28053580553269514,0.8411161568454242,671508.0,-32989.0
2017-08-29,104594.0,45833.25,16749.5,83221.75,193583.75,4268.0,241657.75,383837.75,230012.0,40008.25,28105.25,30283.0,1392030.8,1408197.2,16166.5,1098475.8,1402154.25,448250.25,0.3196868318874332,0.7891174534356568,684141.0,10123.449999999953
2017-08-30,103992.5,44597.75,28907.5,150543.25,152123.5,4346.25,239174.75,393546.75,228253.75,42687.0,26212.5,30677.5,1409701.2,1428851.2,19150.0,1078127.0,1445063.0,484510.75,0.3352869390469481,0.7647911486490896,695165.0,35361.80000000005
2017-08-31,104214.0,44338.75,35509.25,192116.75,70795.25,4340.5,241603.0,376527.0,250035.25,54010.5,17735.25,30919.75,1395636.0,1416735.5,21099.5,1097214.8,1422145.25,451314.5,0.31734768301620386,0.7861754784198746,711492.5,26509.25
2017-09-01,105746.25,49443.5,5329.25,32467.25,83406.75,4354.5,226576.25,388368.0,255565.5,56423.25,18636.0,33236.25,1343473.5,1362461.2,18987.75,1222270.2,1259552.75,280747.5,0.22289459492665153,0.90978363175753,733593.0,-83920.75
2017-09-02,106216.0,51645.75,3949.25,32335.75,106187.0,4331.5,211544.25,362966.0,176776.0,26801.25,15407.5,30901.0,1131756.0,1144926.2,13170.25,989284.0,1129061.25,304665.25,0.2698394351945034,0.8741142083629333,597444.25,-2694.75
2017-09-03,106660.5,46035.5,1641.75,22354.75,140194.0,4330.75,212586.75,369765.25,114284.0,27878.75,11385.25,30258.75,1037921.5,1063682.2,25760.75,873731.0,1087376.0,321217.25,0.2954058669678198,0.8418083641200226,542186.75,49454.5
2017-09-04,105283.75,49835.75,10079.75,66711.0,168123.0,4427.25,212671.25,358314.75,235016.75,50430.25,28847.25,32622.0,1341252.5,1357800.5,16548.0,1096338.8,1322362.75,404460.5,0.30586198832355194,0.8173992592744469,676383.75,-18889.75
2017-09-05,104514.75,52740.5,33714.75,70275.0,135541.5,4514.0,212682.75,356315.25,265391.5,50350.75,22081.0,32450.75,1387971.2,1408194.0,20222.75,1148440.0,1340572.5,401300.5,0.2993500910991386,0.8274235084993118,704508.25,-47398.69999999995
2017-09-06,104358.0,53752.5,56340.75,327469.75,92002.25,4409.0,209857.5,336700.0,145033.75,30876.25,25109.5,32640.5,1420780.0,1442585.0,21805.0,944967.25,1418549.75,638332.25,0.449989328890298,0.6651045552443025,545250.5,-2230.25
2017-09-07,105105.5,53336.25,51287.25,296746.75,100495.75,4431.25,210712.75,328000.0,160446.5,46593.25,27802.5,33715.25,1391289.2,1409168.8,17879.5,942759.5,1418673.0,611402.75,0.4309680595880798,0.6776157681666759,568755.0,27383.800000000047
2017-09-08,105670.75,52753.0,66465.5,443945.75,82393.5,4514.0,210276.25,331020.75,80670.5,29926.0,26895.0,32746.75,1413221.2,1440552.8,27331.5,820416.5,1467277.75,755742.5,0.5150643768707049,0.5805294316275471,474364.0,54056.55000000005
2017-09-09,106196.75,51926.25,13591.5,287917.25,63259.5,4468.75,211185.75,324914.5,70402.25,27385.75,28214.0,31223.0,1194369.5,1214813.0,20443.5,829601.25,1220685.25,527360.0,0.43201963814996536,0.6945934654225514,453925.5,26315.75
2017-09-10,105579.5,50935.5,71390.0,204011.5,113329.5,4510.0,193485.0,296869.0,41791.75,24661.5,17377.5,31224.0,1074977.8,1102943.5,27965.75,686246.75,1155164.75,549756.0,0.47591133645655304,0.6383822531032733,394546.25,80186.94999999995
2017-09-11,105245.25,50161.0,90404.25,489873.5,102464.0,4427.25,195576.25,285492.0,83047.0,31829.25,28013.75,32222.0,1402402.0,1434137.8,31735.75,719660.25,1498755.5,842575.25,0.5621832580430898,0.5131625953186034,432590.25,96353.5
2017-09-12,105415.5,50528.75,64986.25,405090.75,103032.5,4514.25,212053.5,313729.75,86008.5,33474.5,34875.75,33442.0,1436837.2,1461710.2,24873.0,863727.75,1447152.0,733568.0,0.5069045960617821,0.6011312555103668,466654.75,10314.800000000047
2017-09-13,104891.75,49713.75,67505.75,685568.5,76820.0,4405.75,203001.75,226652.75,66402.25,32769.0,28427.75,32974.25,1467493.0,1497099.8,29606.75,637598.75,1579133.25,988905.5,0.6262330933757491,0.4344816295546214,358798.25,111640.25
2017-09-14,85516.5,51515.75,72877.5,572510.75,64482.0,4574.75,211701.25,292473.25,71756.5,34578.0,28927.0,33907.0,1458805.5,1495284.0,36478.5,748935.25,1524820.25,851477.25,0.5584115570343455,0.5133893791872871,432714.75,66014.75
2017-09-15,86691.75,52215.5,56622.0,294158.5,120941.5,4479.0,213104.0,357128.25,158846.5,35019.25,28756.0,34452.0,1410921.2,1429574.8,18653.5,939199.25,1442414.25,615108.25,0.4264435476840304,0.6656638584777095,585446.0,31493.050000000047
2017-09-16,86401.0,52905.25,3866.25,78467.75,99446.75,3928.5,216490.75,379103.5,195589.5,30265.5,18298.5,31926.5,1190092.5,1208176.8,18084.25,1008311.75,1196689.75,325015.5,0.27159545738567575,0.8472549402672481,636885.0,6597.25
2017-09-17,85633.0,52557.25,2982.5,19782.75,119925.75,3932.5,213678.75,379655.25,174691.0,31523.25,14907.75,31450.25,1081908.8,1103558.5,21649.75,939217.75,1130720.0,284813.75,0.2518870719541531,0.8681117576638622,617319.75,48811.19999999995
2017-09-18,85271.75,51038.5,3833.25,50321.25,106991.5,3888.75,217729.25,370490.75,293230.25,89137.25,27290.0,34754.5,1390642.8,1410500.5,19857.75,1229496.8,1333977.0,301345.0,0.22589969692131123,0.8841212135855447,787612.75,-56665.80000000005
2017-09-19,85478.5,50906.75,19847.75,55957.25,93990.0,3930.75,217154.25,380582.75,294040.5,89302.25,26151.0,35377.0,1421501.5,1439199.8,17698.25,1251706.5,1352718.75,310111.0,0.22925016748677432,0.8805523596000426,799302.5,-68782.75
2017-09-20,86396.25,51102.5,39334.75,105437.75,85205.75,3927.25,215876.5,381523.75,287093.5,78489.75,27044.0,34838.5,1426918.2,1450657.0,23738.75,1196940.0,1396270.25,371404.25,0.26599739556149676,0.8388287429510676,781945.5,-30647.949999999953
2017-09-21,86381.0,51011.0,17451.25,33325.75,123772.25,4095.75,215237.25,390468.0,283498.5,73555.75,22024.5,33528.0,1413931.2,1435646.5,21715.25,1239382.0,1334349.0,316037.0,0.23684733154519544,0.876550429044921,781050.25,-79582.19999999995
2017-09-22,85870.0,50029.0,5385.5,11681.25,113891.25,4098.25,216512.25,388523.75,298141.5,74545.5,27318.5,33529.25,1395126.0,1410965.8,15839.75,1264168.0,1309526.0,270955.25,0.20691093571261662,0.9061317759112797,794740.0,-85600.0
2017-09-23,105763.5,48576.75,2452.75,22323.0,117185.0,3896.75,210742.0,368925.0,235036.5,57439.25,19802.0,31751.25,1192761.8,1206313.2,13551.5,1050801.0,1223893.75,300197.75,0.24528089141724926,0.8809814331746707,693152.0,31131.949999999953
2017-09-24,105253.0,47668.5,9314.75,39155.5,88861.0,3904.0,201514.0,352858.0,205684.5,40625.5,17374.25,31213.5,1098714.0,1116292.5,17578.5,961382.75,1143426.5,294156.75,0.25725899303540717,0.8750072812397038,630381.5,44712.5
2017-09-25,105239.0,46621.25,34188.25,69363.0,91454.5,3908.75,199450.75,358030.25,301823.75,94112.75,36200.0,33978.5,1412033.0,1433224.8,21191.75,1217027.2,1374370.75,350774.75,0.25522570965658287,0.8618971369649293,787945.25,-37662.25
2017-09-26,105881.5,47091.5,38256.5,97904.75,102236.25,4136.5,200396.0,357687.0,289964.75,101753.75,31512.75,35345.75,1438397.0,1460705.8,22308.75,1199999.5,1412167.0,395507.0,0.28007098310610573,0.8342616815802592,784751.25,-26230.0
2017-09-27,106420.5,46901.5,46115.5,97184.25,108036.75,4284.25,201473.25,353863.25,293744.0,99147.75,30652.0,35062.75,1445357.2,1467760.2,22403.0,1194020.8,1422885.75,408942.75,0.2874037848787227,0.8261077607666811,781817.75,-22471.449999999953
2017-09-28,106398.5,45292.25,41423.0,94593.75,84594.75,4058.0,230377.0,350983.75,257995.25,101879.5,26177.25,35057.0,1443722.8,1468115.2,24392.5,1223111.2,1378830.0,376360.25,0.27295623825997406,0.8471925497055252,745915.5,-64892.80000000005
2017-09-29,107051.0,43511.5,49018.75,118857.5,99957.25,4510.0,244268.75,364780.5,246913.75,89829.75,24441.75,35202.5,1426917.0,1450837.2,23920.25,1159083.5,1428343.0,422906.0,0.2960815434387959,0.8122991736730307,736726.5,1426.0
2017-09-30,107012.0,40830.75,29897.5,176491.25,91065.75,4424.5,240216.0,375300.25,127406.25,47632.0,20210.5,32270.25,1217713.0,1240710.8,22997.75,920258.5,1292757.0,449721.75,0.34787802348005076,0.7557269241602906,582608.75,75044.0
2017-10-01,105455.75,42390.5,59419.75,138674.75,87195.25,4491.25,243555.5,351541.5,46730.0,37313.0,23948.0,31946.0,1095927.5,1122987.5,27060.0,810637.75,1172661.25,437627.25,0.3731915333605506,0.7396819132652479,467530.5,76733.75
2017-10-02,105496.25,44386.25,105107.0,467738.75,55170.25,4494.75,232907.75,284382.75,33942.0,39492.75,29026.25,32379.0,1329822.2,1355848.5,26026.25,701806.25,1434523.75,782393.25,0.5454027861162982,0.5277444232770366,390196.5,104701.55000000005
2017-10-03,105671.75,46353.75,102976.25,361435.25,79475.25,4470.5,234684.25,286359.25,40392.25,38144.25,26731.5,24447.5,1180575.5,1210661.0,30085.5,636688.75,1351141.75,700382.75,0.5183636357917295,0.5393037124690458,389343.25,170566.25
2017-10-04,105317.25,49434.25,96178.25,522865.25,74265.75,4463.5,242350.25,298725.5,65156.5,60350.25,29846.75,31243.75,1441498.0,1474446.8,32948.75,748188.75,1580197.25,852524.25,0.5395049573716193,0.5190355796539433,455476.0,138699.25
2017-10-05,103791.0,47709.75,96083.0,650043.5,70284.75,4439.75,237499.5,278413.5,36648.25,46646.5,29534.75,31318.0,1484600.5,1509682.0,25081.5,668189.25,1632412.25,972351.75,0.5956533038759051,0.4500801730836006,393026.25,147811.75
2017-10-06,104509.75,48879.0,105247.5,500959.75,68365.0,4637.5,241076.5,310320.0,67436.25,53802.5,32426.75,32628.75,1476292.5,1495935.2,19642.75,801720.25,1570289.25,832598.5,0.5302198305184856,0.543063281836086,464187.5,93996.75
2017-10-07,106186.0,49012.0,105558.5,533859.0,52326.25,4540.5,229079.25,239294.25,34257.0,34712.0,15484.75,31740.5,1262325.8,1298244.0,35918.25,570582.0,1436050.0,851482.25,0.5929335677727099,0.4520085068371414,340003.75,173724.19999999995
2017-10-08,106228.25,48829.5,59499.5,285865.0,61002.25,4473.5,236617.75,303999.25,80358.75,34698.25,22528.75,31821.25,1147776.8,1170902.2,23125.5,741410.0,1275922.0,565898.0,0.44352084218314286,0.6459531156231769,450877.5,128145.19999999995
2017-10-09,105683.0,47776.5,16588.5,146300.5,68709.5,5048.75,247186.25,359549.75,281255.5,96073.0,36341.25,34023.0,1441126.8,1464264.2,23137.5,1209528.2,1444535.5,390106.75,0.2700568798759186,0.8392933918097977,770901.25,3408.6999999999534
2017-10-10,106014.5,47162.0,49635.75,263433.5,36635.5,5024.0,246409.75,365703.0,258270.25,64410.25,30507.75,33996.25,1495031.2,1520297.2,25266.0,1145326.5,1507202.5,507905.25,0.3369854083973454,0.7660886943362788,722379.75,12171.300000000047
2017-10-11,106045.0,44825.75,85668.0,432010.25,63035.75,4704.0,240462.5,341424.75,151539.0,46068.0,30506.0,31287.0,1501932.0,1522998.5,21066.5,921218.0,1577576.0,736288.75,0.4667215715756325,0.6133553316661473,570318.75,75644.0
2017-10-12,105692.75,42719.5,72734.75,566240.5,78488.5,4609.5,239532.75,279134.0,101082.75,50963.25,26718.25,31541.0,1489319.0,1522842.2,33523.25,771855.25,1599457.5,870485.5,0.544237968186088,0.5182605271268278,462721.0,110138.5
2017-10-13,107006.5,42140.75,80778.25,227896.25,91525.0,4636.5,243236.5,352949.75,220736.75,64668.25,38187.5,34658.75,1459194.0,1479932.8,20738.75,1058994.5,1508420.75,553983.25,0.367260427834873,0.7257393465159533,673013.5,49226.75
2017-10-14,106504.0,41222.75,95119.75,213995.5,110629.75,4599.25,240867.25,361072.75,108017.75,36702.75,24962.0,32185.75,1237910.2,1263310.0,25399.75,818165.25,1375879.25,572071.0,0.41578576026929687,0.6609245565631497,537979.0,137969.05000000005
2017-10-15,106148.25,38541.25,62025.75,146961.25,123717.75,4524.75,240317.0,360161.75,85378.5,33526.25,17636.25,32056.25,1109786.5,1132906.5,23120.0,777081.75,1250995.0,481919.0,0.38522855806777806,0.7002083283586528,511122.75,141208.5
2017-10-16,105192.75,36966.0,36691.5,216836.75,118553.5,4362.0,244235.0,370131.5,257019.75,75516.25,29982.0,33870.75,1424764.2,1446747.0,21982.75,1052682.5,1529357.75,518602.5,0.33909822603638684,0.738846821109065,736538.25,104593.55000000005
2017-10-17,104803.0,37564.25,78022.5,199977.25,106554.75,4240.5,240432.0,372077.25,264511.5,91689.75,28558.75,34236.75,1471694.8,1498474.8,26780.0,1087140.2,1562668.25,531162.25,0.33990723878852724,0.7386994912260341,762515.25,90973.44999999995
2017-10-18,105524.25,38857.5,20118.5,51345.0,98499.5,4453.0,244252.5,385576.25,306091.75,118186.0,40274.5,35687.5,1466244.2,1486416.2,20172.0,1296281.2,1448866.25,318797.75,0.22003255994126442,0.8840827469257849,845541.5,-17377.949999999953
2017-10-19,105382.75,38749.0,40446.75,102624.25,95179.5,4510.5,244500.0,384399.75,282568.5,111834.0,25383.5,35953.75,1466113.5,1486929.0,20815.5,1227863.0,1471532.25,386892.75,0.26291829485898116,0.8374951871052275,814756.0,5418.75
2017-10-20,106144.0,35996.25,69830.0,288268.75,62918.5,4473.25,241259.0,378161.25,185099.5,77651.0,22454.5,34970.5,1469513.8,1487188.2,17674.5,1048496.5,1507226.5,567630.75,0.3766061371665108,0.7134989137223482,675882.25,37712.69999999995
2017-10-21,106975.0,34614.0,64638.5,212062.25,44625.5,4536.5,238317.5,394100.5,122632.25,38114.75,23874.25,33866.0,1249010.0,1265408.0,16398.0,927683.75,1318357.0,467451.75,0.3545714476427857,0.7427352463150816,588713.5,69347.0
2017-10-22,106816.0,35141.0,74899.0,365208.75,46077.25,4593.25,241229.0,342281.75,44060.75,34877.25,18096.5,32349.25,1161997.2,1191975.0,29977.75,675812.25,1345629.75,632735.25,0.4702149681218032,0.5815954203676222,453569.0,183632.55000000005
2017-10-23,107074.5,36558.25,35170.25,240929.75,30341.0,4928.5,243607.25,401362.5,254494.75,96270.5,32147.25,36093.5,1468181.2,1488114.8,19933.5,1161740.2,1518978.0,455002.25,0.2995449901183559,0.7912784879686513,788221.25,50796.80000000005
2017-10-24,107074.25,39020.5,63882.75,201902.25,41478.75,4908.0,240812.75,404031.75,255090.0,83806.75,20714.5,31002.25,1498875.8,1520614.0,21738.25,1191612.0,1493724.5,458266.5,0.3067945260320762,0.7950038288696101,773930.75,-5151.300000000047
2017-10-25,105834.25,37358.5,73770.25,392518.75,52359.75,4735.25,242854.25,386428.75,150031.75,63150.25,23968.5,26310.0,1501802.8,1525106.0,23303.25,983154.0,1559320.25,666576.75,0.4274790569801168,0.6546491989494226,625920.75,57517.44999999995
2017-10-26,105965.75,37047.75,90391.75,228562.25,54839.5,4729.75,242238.75,389834.25,210523.75,97346.25,32009.5,27125.5,1477635.5,1498316.8,20681.25,1103842.0,1520614.75,521536.75,0.3429775687760493,0.7470326748376037,724829.75,42979.25
2017-10-27,106626.75,38879.75,79148.75,445186.75,52373.0,4866.75,239801.75,359340.25,92141.25,61217.75,30111.25,30154.25,1473236.8,1497008.8,23772.0,896528.25,1539848.25,727081.75,0.47217753437716997,0.6085432090754181,542853.5,66611.44999999995
2017-10-28,107090.75,40101.0,80341.75,704244.0,26801.25,4390.75,194305.25,177011.75,36931.0,42692.75,16559.0,29179.25,1289053.2,1318170.5,29117.25,477666.25,1459648.5,962969.5,0.6597269822152388,0.3705558855134916,285814.75,170595.30000000005
2017-10-29,109232.0,41170.5,71086.5,677514.0,52241.0,4379.0,182441.75,166524.25,28070.5,35289.0,16251.0,25661.5,1239575.8,1269002.5,29426.75,438734.25,1409861.0,955623.0,0.677813628435711,0.3539390249470827,255545.25,170285.19999999995
2017-10-30,106452.5,42917.0,86710.25,335628.5,69880.25,5125.0,240875.25,306271.0,66870.75,51773.0,28126.25,32179.5,1346184.0,1373071.5,26887.5,853965.0,1372809.25,646713.5,0.47108766203316305,0.6343597903406963,457094.25,26625.25
2017-10-31,108797.5,40924.25,52702.25,201861.25,56767.0,5443.25,244755.25,337570.25,96002.25,67677.25,22615.5,37361.5,1216251.0,1233641.5,17390.5,904920.5,1272477.5,466495.5,0.3666041246308874,0.7440244653447355,538611.25,56226.5
2017-11-01,111054.75,39630.25,87900.25,327571.75,37046.5,5309.25,242224.75,303369.5,92693.5,69962.0,21323.5,38152.5,1350412.2,1367621.5,17209.25,897893.75,1376238.5,608512.75,0.4421564648859918,0.6649034642903848,504177.5,25826.300000000047
2017-11-02,110679.5,38466.0,51151.25,302659.25,51505.0,5191.75,243355.75,348813.75,197499.25,72885.0,20660.0,37275.0,1463900.0,1483727.2,19827.25,1058584.5,1480141.5,559652.75,0.37810759984771725,0.7231262381310198,656473.0,16241.5
2017-11-03,111283.5,40451.0,32918.0,79295.25,50759.75,5209.75,244579.25,368945.5,319430.5,119382.25,33510.25,38748.5,1455230.8,1468770.2,13539.5,1292257.8,1444513.5,319917.25,0.2214705850793364,0.8880088299395532,846506.75,-10717.300000000047
2017-11-04,111615.75,37674.5,68091.0,235808.0,57358.25,5111.75,242758.25,375793.25,135728.0,48200.75,11171.75,36033.5,1287293.5,1307405.8,20112.25,926036.25,1365344.75,515659.25,0.3776769566807211,0.7193668343699398,595755.5,78051.25
2017-11-05,110789.25,36013.25,44222.5,226097.75,25259.25,5064.5,238604.5,401650.75,115791.5,47751.25,12499.25,35622.25,1180328.0,1213264.0,32936.0,884748.5,1299366.0,447446.5,0.3443575559157312,0.749578506991277,600815.75,119038.0
2017-11-06,110955.0,44190.75,25428.5,80122.5,40298.75,5290.5,216288.75,423152.75,277592.0,125903.75,37212.25,38917.75,1480689.8,1499816.8,19127.0,1334840.0,1425353.25,306286.0,0.21488427517880218,0.9014987474081336,865566.25,-55336.55000000005
2017-11-07,111200.0,46196.5,41011.5,108441.25,27300.25,5384.0,216531.75,412197.25,321149.75,130560.5,30738.0,39810.0,1527974.0,1551388.0,23414.0,1351221.0,1490520.75,339533.5,0.22779521855029525,0.8843219845363861,903717.5,-37453.25
2017-11-08,110698.0,45337.75,7484.0,61416.75,18330.75,5381.25,216531.5,398343.25,318214.75,143285.0,37484.0,41174.75,1524247.5,1544235.2,19987.75,1437016.0,1403681.75,248648.5,0.1771402242709218,0.9427707770555634,901017.75,-120565.75
2017-11-09,111371.0,43497.5,55985.5,141817.5,15288.25,5324.5,211634.25,394169.25,310681.0,127656.0,27752.75,39832.0,1528846.0,1549620.0,20774.0,1315754.8,1485009.5,373284.25,0.2513682572401052,0.8606195784271274,872338.25,-43836.5
2017-11-10,111852.75,41994.0,82305.0,537332.0,12772.5,5293.25,210451.75,348539.5,105094.75,77896.5,23978.0,35567.0,1549006.0,1565399.5,16393.5,916596.5,1593077.0,791549.5,0.4968683246321427,0.5917320526841084,567097.75,44071.0
2017-11-11,111553.5,42436.25,96974.5,451819.25,18164.0,5295.5,198919.0,336782.0,70679.75,57908.75,19096.75,34496.5,1349280.0,1380120.2,30840.25,782322.25,1444125.75,726243.0,0.5028945713349409,0.579807193466145,499867.0,94845.75
2017-11-12,112437.25,49124.25,65550.5,178645.5,15730.75,5333.75,209876.25,398960.75,111142.5,49972.0,21943.25,35423.75,1233206.0,1251134.5,17928.5,973279.25,1254140.5,426822.0,0.34033028994757764,0.7892268201744072,595499.0,20934.5
2017-11-13,112729.0,49269.5,61802.75,151640.75,36999.25,5341.0,215788.0,409717.75,265878.25,92726.0,23459.0,37954.25,1516068.0,1535080.8,19012.75,1265625.2,1463305.5,417782.25,0.2855058290972049,0.8348076735344324,806276.25,-52762.5
2017-11-14,114494.75,48401.5,46214.0,245608.5,38772.0,5358.5,213212.5,407089.25,268458.0,92637.5,17665.5,37250.5,1553916.2,1573126.2,19210.0,1223321.8,1535162.5,498849.25,0.32494882463582847,0.7872508182873698,805435.25,-18753.699999999953
2017-11-15,114658.0,50467.25,14564.5,88004.5,25803.0,5349.5,215995.25,382465.0,319629.0,129799.0,50377.0,38342.75,1519451.0,1536865.5,17414.5,1391079.0,1435454.75,298846.75,0.2081895998463205,0.9155142219130462,870235.75,-83996.25
2017-11-16,114819.25,49856.25,60639.5,110955.75,18145.0,5358.0,215282.5,377056.0,325126.75,127484.5,36119.25,40506.5,1557254.5,1586499.0,29244.5,1367514.2,1481349.25,359773.75,0.2428689588225059,0.8781571669884402,870173.75,-75905.25
2017-11-17,116247.0,47021.75,67140.0,134462.25,32918.75,5421.5,230541.0,395508.75,290017.5,95359.5,27033.75,37917.0,1538167.2,1557877.0,19709.75,1303646.2,1479588.75,403211.25,0.2725157581794265,0.8475321798566502,818802.75,-58578.44999999995
2017-11-18,116378.75,43885.75,72806.5,523816.5,18878.5,5479.0,242097.5,307985.0,67405.75,60761.0,21011.5,34552.5,1370874.5,1394578.2,23703.75,755373.0,1515058.25,781245.0,0.5156534410475637,0.5510154284728471,470704.25,144183.75
2017-11-19,116012.0,41306.5,86459.5,637086.0,28649.75,5019.75,217921.75,214021.25,58661.5,44896.5,9029.5,32016.75,1255469.0,1290032.8,34563.75,503273.75,1491080.75,914533.5,0.6133359980671738,0.40086513486195197,349596.0,235611.75
2017-11-20,115153.5,41868.25,38331.0,356614.25,14912.0,5544.25,238569.5,348486.25,267417.25,94231.25,31887.0,36789.5,1560655.2,1579359.2,18704.0,1150798.0,1589804.0,572423.25,0.36005900727385265,0.7373813254843222,746924.25,29148.800000000047
2017-11-21,115463.0,44436.0,20643.25,287914.25,11239.75,5441.75,244333.75,374460.75,310366.5,121689.5,37223.5,37932.5,1570964.0,1591651.5,20687.5,1251166.8,1611144.5,485138.0,0.30111389760508755,0.7964325089562841,844449.25,40180.5
2017-11-22,113459.75,43588.0,68444.0,513176.75,46148.0,5290.75,237590.75,354861.5,131376.75,72916.0,32741.25,34649.0,1553116.5,1579140.8,26024.25,925347.75,1654242.5,790107.25,0.4776248041021797,0.595800604783994,593803.25,101126.0
2017-11-23,114521.5,42193.0,78523.0,654766.75,42046.0,5037.75,239626.5,352889.75,100029.5,53356.0,20371.0,33820.25,1589295.8,1617032.8,27737.0,813960.0,1737181.0,937088.0,0.5394302608651603,0.512151356594537,540095.5,147885.19999999995
2017-11-24,115785.0,40781.5,50805.0,280103.5,30441.25,5068.5,243357.0,405635.0,237429.5,75360.5,32627.5,35900.25,1532763.2,1550095.5,17332.25,1171413.5,1553294.5,522984.75,0.33669387872035855,0.7642494939857638,754325.25,20531.300000000047
2017-11-25,115130.5,41582.5,46089.25,178001.5,13553.75,5469.0,243449.25,416923.5,229459.25,54934.5,18783.5,35096.75,1337525.8,1356718.8,19193.0,1099881.2,1398473.25,399826.5,0.2859021436412888,0.8223252216891815,736414.0,60947.44999999995
2017-11-26,115370.0,42183.5,93399.0,503340.5,22587.75,5557.25,243507.5,336609.25,63815.25,44958.75,17495.5,34849.25,1284080.2,1308718.2,24638.0,664753.0,1523673.5,782438.0,0.5135207772531319,0.517688069639264,480232.5,239593.30000000005
2017-11-27,114927.75,40735.5,92405.0,644080.0,21983.0,5395.25,239504.0,344504.0,88669.25,65642.75,26772.75,35917.0,1618756.0,1647108.0,28352.0,860288.0,1720536.25,919526.5,0.5344418055707922,0.531450076478481,534733.0,101780.25
2017-11-28,114773.5,42046.75,60493.25,475270.75,19658.5,5377.0,240681.75,367778.5,225638.75,89105.75,23667.75,37341.0,1623705.0,1644196.0,20491.0,1068282.5,1701833.25,717619.75,0.42167453832506796,0.6579289341352031,719864.0,78128.25
2017-11-29,115098.5,42975.0,11962.5,95153.25,24153.5,5518.25,245864.25,421847.5,308021.25,153152.0,40595.5,38864.0,1588537.8,1609231.5,20693.75,1457268.5,1503205.5,294861.0,0.19615481715573818,0.9173646985296793,921884.75,-85332.30000000005
2017-11-30,114888.0,45419.25,13227.0,52072.5,14313.75,5625.0,246437.5,432311.5,335186.5,160694.5,34318.25,39236.75,1596277.8,1619801.8,23524.0,1516664.5,1493730.5,245545.5,0.1643840706205035,0.9501256610848061,967429.25,-102547.30000000005
2017-12-01,114965.25,45455.25,25302.5,29000.75,19265.5,5708.5,246394.75,425928.5,340772.25,144849.0,27524.25,38369.75,1568503.0,1604103.2,35600.25,1494934.2,1463536.25,239697.75,0.1637798517119067,0.9530961687672895,949919.5,-104966.75
2017-12-02,116833.5,42299.0,49683.0,68567.5,16459.5,5708.25,245915.5,408125.75,281575.25,68824.25,17192.5,37132.5,1386410.0,1412679.5,26269.5,1251700.0,1358316.5,299550.75,0.22053089246872876,0.9028353805872722,795657.75,-28093.5
2017-12-03,116506.75,38659.25,90597.0,286044.0,12410.75,5673.5,243777.25,408979.25,122839.25,56818.75,14795.0,34659.0,1324614.8,1355201.0,30586.25,935563.0,1431759.75,549891.25,0.38406670532538717,0.7062906136938829,623296.25,107144.94999999995
2017-12-04,115195.25,37178.0,90270.25,387335.25,10746.75,5668.25,244556.25,404904.75,218506.0,72435.5,14651.0,36451.5,1632461.8,1669066.0,36604.25,1144109.5,1637898.75,646393.75,0.39464817346005054,0.7008491714783157,732297.75,5436.949999999953
2017-12-05,115119.75,37829.0,86261.5,517540.25,10951.25,5618.0,236136.5,377437.5,165783.5,80338.25,18284.75,32231.0,1656856.8,1687255.5,30398.75,1042103.75,1683531.25,773319.75,0.4593438642733837,0.6289642834552751,655790.25,26674.449999999953
2017-12-06,113835.75,37358.25,74294.5,558172.5,8008.25,5610.75,237215.25,327558.75,189535.25,85083.5,22575.75,31029.5,1635217.8,1672858.8,37641.0,994742.5,1690278.0,797280.0,0.4716857227036026,0.60832416330106,633207.0,55060.19999999995
2017-12-07,115026.5,37788.0,75366.0,653146.0,42996.0,5530.5,233341.5,341691.0,137199.0,82244.75,13951.5,33963.75,1640661.0,1680563.2,39902.25,869153.0,1772244.5,929853.0,0.5246753481249342,0.5297578232188124,595098.5,131583.5
2017-12-08,116337.25,39210.25,92877.25,565302.0,20502.5,5492.75,236863.25,358985.25,122390.0,84362.0,18070.5,33622.75,1623107.8,1659218.8,36111.0,944426.0,1694015.75,839722.0,0.495699051204217,0.581862769681718,599360.0,70907.94999999995
2017-12-09,116726.25,38513.75,99864.25,609999.25,12342.75,5664.0,231743.0,308236.25,56358.0,60816.5,17321.5,33363.75,1422785.2,1466694.8,43909.5,700579.0,1590949.25,883110.25,0.5550838595260031,0.4923996960328235,458774.5,168164.05000000005
2017-12-10,116575.0,37284.5,69428.25,552879.25,9921.25,5510.0,237427.0,332134.25,46201.75,55677.75,17974.5,34393.25,1328224.8,1373560.2,45335.5,695996.0,1515406.75,791598.25,0.522366849692335,0.5240046714983788,468407.0,187181.94999999995
2017-12-11,115649.75,40104.25,56602.5,360679.25,5666.5,5650.0,243291.0,402254.75,248285.75,91865.25,21448.5,36948.25,1620318.8,1659083.8,38765.0,1197370.5,1628445.75,584352.25,0.3588404771850705,0.7389721701679941,779354.0,8126.949999999953
2017-12-12,114584.75,47069.0,71876.75,520671.75,13248.0,5524.5,238465.75,366604.5,173923.75,77218.5,15808.75,36677.75,1657818.2,1689211.2,31393.0,1052021.8,1681673.75,772974.75,0.45964608176823835,0.6345821272803014,654424.5,23855.550000000047
2017-12-13,114856.5,46130.75,72517.75,630442.25,36879.25,5529.75,237970.25,333439.0,118433.75,67158.0,14661.0,36025.5,1660724.0,1694214.8,33490.75,920884.75,1714043.75,906356.25,0.5287824479392664,0.5545080037381287,555056.25,53319.75
2017-12-14,115339.0,44763.0,76560.25,611776.0,21028.25,5429.5,239163.75,320736.5,145671.25,74346.5,20040.75,36756.0,1651607.5,1687051.5,35444.0,942243.0,1711610.75,874896.0,0.5111536019506772,0.5705005577899107,577510.25,60003.25
2017-12-15,116302.5,46544.0,26462.75,160213.25,21653.0,5556.0,245162.5,390559.75,266884.5,111504.75,33496.25,38223.5,1573156.5,1610259.2,37102.75,1364827.5,1462562.75,376731.5,0.2575831361765504,0.8675726159476187,807172.5,-110593.75
2017-12-16,116605.5,44048.0,63008.5,206369.5,15902.5,5558.5,244008.25,386057.25,193799.5,66551.75,14649.5,35935.0,1384674.8,1421933.2,37258.5,1099394.2,1392493.75,451492.5,0.3242330531106513,0.7939728519649523,682343.5,7818.949999999953
2017-12-17,116567.0,41563.5,44780.0,206139.75,12620.0,5577.0,243525.25,385153.5,160938.0,64224.75,18445.5,35894.25,1298845.2,1329660.0,30814.75,1035305.5,1335428.5,427247.25,0.319932703248433,0.7970969134735995,646210.5,36583.30000000005
2017-12-18,115722.25,44265.0,33518.5,111936.5,15896.75,5583.0,244782.0,388357.75,287953.75,131554.25,33355.0,38076.0,1580095.8,1614426.2,34330.5,1418744.0,1451000.75,326922.0,0.2253079469462714,0.8978847991368625,845941.75,-129095.05000000005
2017-12-19,115440.75,46338.0,14555.75,85880.5,8795.75,5582.25,245003.75,393439.25,320754.5,146364.0,28291.75,39317.25,1584114.2,1623901.8,39787.5,1474882.2,1449763.5,276593.0,0.19078491078027554,0.9310453753902339,899875.0,-134350.69999999995
2017-12-20,115664.75,45550.0,20747.25,63781.0,8798.25,5597.25,244269.0,400840.25,331001.25,143098.5,24164.5,38242.5,1549672.5,1589392.2,39719.75,1456346.0,1441754.5,260138.5,0.18043189738613613,0.9397766302234827,913182.5,-107918.0
2017-12-21,115613.75,43335.75,27291.0,233068.75,7311.25,5506.0,243673.75,394478.25,277756.75,104297.0,17460.5,36969.0,1522612.5,1561722.8,39110.25,1254941.5,1506761.75,432126.5,0.28679152493750254,0.8242028093162246,813501.0,-15850.75
2017-12-22,116379.75,43606.0,36408.0,191325.25,10065.75,5313.5,243182.0,383781.5,227609.0,72936.5,21434.5,35400.5,1427108.0,1462784.8,35676.75,1189309.0,1387442.25,403098.25,0.2905333537305787,0.8333700042323356,719727.5,-39665.75
2017-12-23,115414.75,45909.25,79716.5,643333.75,8447.75,4795.0,228960.5,184067.5,55956.75,35498.0,10751.75,31311.75,1270888.5,1308599.2,37710.75,539390.5,1444163.25,897617.0,0.6215481525374642,0.4244200022267886,306834.0,173274.75
2017-12-24,115176.75,39668.75,81371.0,722831.5,9948.75,4162.25,153512.75,114504.75,35816.25,23164.75,16186.0,28342.0,1143063.2,1186210.8,43147.5,328912.0,1344685.5,973159.0,0.7237075137643709,0.28774611937467676,201827.75,201622.30000000005
2017-12-25,115302.5,38712.0,92113.25,497185.5,15763.5,4540.0,213454.5,179720.5,37817.75,26935.25,21674.75,29893.5,1114829.8,1153289.0,38459.25,509767.5,1273113.0,763616.75,0.5998028061923804,0.4572603818089541,274367.0,158283.19999999995
2017-12-26,114557.75,38825.75,88155.25,623768.0,30922.5,4447.75,217358.0,183486.5,40885.0,28306.25,11319.25,29786.0,1142822.0,1192117.5,49295.5,399976.25,1411818.0,900677.0,0.6379554588480951,0.34998998094191397,282463.75,268996.0
2017-12-27,114860.25,38492.5,53698.75,346923.75,16531.25,5419.75,239218.0,287897.0,79438.0,41941.25,19173.75,33629.25,1266886.8,1304822.5,37935.75,849733.0,1277223.5,575926.25,0.4509204927720168,0.6707252771123671,442905.5,10336.699999999953
2017-12-28,115354.0,39320.0,82777.5,410790.5,14350.75,5684.0,234819.5,296355.5,59548.0,58548.5,16379.0,33970.75,1315123.8,1350095.5,34971.75,807205.0,1367898.0,668276.75,0.4885428226373604,0.6137863218656677,448422.75,52774.19999999995
2017-12-29,115922.25,38862.75,90671.75,494512.25,30537.25,5419.5,225829.25,281006.75,50012.25,51867.5,23090.5,34186.25,1308705.8,1353443.8,44738.0,692984.5,1441918.25,775925.75,0.5381204863729272,0.5295189338963731,417072.75,133212.44999999995
2017-12-30,115840.25,39529.25,71053.5,638626.0,7464.75,4924.25,228012.5,202734.5,43705.75,34371.5,15822.5,30562.75,1224279.2,1268478.8,44199.5,507135.0,1432647.5,877438.0,0.6124591010698723,0.41423149229358797,311374.5,208368.30000000005
2017-12-31,114394.5,43924.25,85147.5,632875.75,19980.0,4240.75,193231.0,155968.25,34404.0,25837.0,15737.5,28704.5,1126564.2,1163959.2,37395.0,388561.0,1354445.0,900562.75,0.6648942924961885,0.3449079954786421,244913.75,227880.80000000005
2018-01-01,114527.0,40439.75,75969.0,613435.0,29486.0,4268.5,156724.25,199363.25,41482.75,63992.25,23552.0,30570.25,1147136.2,1203520.2,56384.0,428246.25,1393810.0,878125.25,0.6300179005746838,0.37331770194332636,335408.5,246673.80000000005
2018-01-02,116100.5,40841.0,63497.5,395677.75,16325.75,5370.5,220838.75,346229.0,102323.75,113800.0,39666.75,34412.25,1418023.0,1453464.8,35441.75,942522.0,1495083.5,637813.0,0.4266069420202952,0.6646732810398703,596765.0,77060.5
2018-01-03,115527.75,42709.0,91808.75,825386.25,13103.25,5129.75,195912.5,241781.5,62061.25,88898.0,29645.75,34566.25,1569615.0,1622640.2,53025.25,639316.75,1746530.0,1093664.75,0.6261929368519292,0.4073080022808141,427307.0,176915.0
2018-01-04,116167.0,45180.25,37370.5,555422.75,9263.5,5304.25,216736.5,311946.0,167961.0,109256.75,45128.25,34656.5,1540122.0,1583609.8,43487.75,938065.25,1654393.25,768708.25,0.4646466310231863,0.6090850270303262,623820.25,114271.25
2018-01-05,116471.5,45446.25,27849.75,515496.25,18380.0,5154.5,209575.25,330104.0,183418.75,119025.5,43035.0,32383.25,1509067.0,1552185.5,43118.5,947341.0,1646340.0,728798.25,0.44267784904697693,0.6277660302690338,664931.5,137273.0
2018-01-06,116144.5,44797.0,29257.25,173038.0,29154.5,4637.5,222618.5,379559.75,157074.5,103531.0,35368.75,31082.5,1291780.5,1333233.8,41453.25,1060330.8,1326263.75,397028.75,0.29935881908858625,0.8208289256572615,671247.75,34483.25
2018-01-07,116347.75,41865.75,33866.0,350667.0,17001.0,4671.75,222074.25,360170.25,66560.5,92120.5,24396.0,31262.0,1249975.8,1297454.2,47478.5,848441.75,1361002.75,564419.25,0.4147083832123043,0.6787665409202321,550113.25,111026.94999999995
2018-01-08,115819.25,41809.25,63118.25,475899.5,30372.0,5494.5,224668.75,401155.5,143659.5,136391.75,37926.75,33522.75,1584936.2,1624088.2,39152.0,1015546.5,1709837.75,732512.75,0.428410678147678,0.640749135517253,714729.5,124901.55000000005
2018-01-09,115715.75,46063.5,79408.25,457452.0,29452.75,5522.25,218569.75,383370.25,169046.75,146779.0,25291.5,33109.75,1625929.5,1661009.0,35079.5,1059616.5,1709781.5,733614.5,0.4290691529882619,0.6516989205251519,732305.75,83852.0
2018-01-10,116332.5,47494.0,25973.25,130235.5,37828.75,5527.5,224074.0,419896.0,295355.5,188311.5,30285.75,33885.25,1561369.5,1596641.0,35271.5,1367332.0,1555199.5,363391.5,0.23366230506118346,0.8757260853372633,937448.25,-6170.0
2018-01-11,116424.25,47562.0,10964.75,24308.0,21015.75,5555.25,225169.75,421093.25,348594.5,234798.75,30885.5,34734.75,1560737.5,1593910.8,33173.25,1504449.0,1521106.5,225830.0,0.14846429227670777,0.9639346783171417,1039221.25,-39631.0
2018-01-12,117030.75,48012.0,49457.0,78570.75,11010.5,5539.5,224486.5,409452.5,325887.5,202206.75,35152.0,33893.75,1555192.5,1583814.2,28621.75,1416154.2,1540699.5,309620.5,0.20096099206886223,0.9105973697789823,971440.5,-14493.0
2018-01-13,116587.75,45267.0,73133.75,253186.75,11431.0,5551.75,224009.0,410535.0,156956.5,127327.5,16652.25,32852.5,1379524.5,1408142.8,28618.25,1041773.0,1473490.75,505158.0,0.34283079143862966,0.7551681757011202,727671.5,93966.25
2018-01-14,116504.25,42188.75,78299.0,315142.25,33246.75,5540.5,220176.75,394500.5,80470.25,116490.25,21083.75,31383.25,1290511.5,1332025.5,41514.0,863823.5,1455026.25,590921.5,0.4061242881356951,0.6693652090663276,622844.25,164514.75
2018-01-15,115864.25,42132.5,85285.5,634250.25,30273.75,5506.75,218935.0,349909.75,106647.0,127123.0,30523.75,32218.75,1646259.2,1686542.2,40283.0,896449.75,1778670.25,913313.0,0.5134807871217276,0.5445374276420141,615898.5,132411.05000000005
2018-01-16,115824.0,44867.75,90000.25,597685.25,18544.5,5380.0,217157.5,349136.0,120815.75,118867.75,38185.0,32272.0,1656445.5,1691594.8,35149.25,950215.5,1748735.75,872301.75,0.4988185035960979,0.5736473068386494,621091.5,92290.25
2018-01-17,115499.0,48915.5,82366.0,570201.25,18862.5,5465.0,220035.5,386414.75,110538.5,125476.5,32690.5,32238.5,1662154.0,1700187.2,38033.25,990724.25,1748703.5,841309.25,0.4811045726162268,0.5960484106767484,654668.25,86549.5
2018-01-18,115654.5,48072.5,64893.5,630214.25,15810.5,5504.25,221479.75,354393.0,129575.25,120588.75,28472.75,32630.75,1667591.2,1703963.2,36372.0,956673.0,1767289.75,880149.5,0.49802218340258014,0.5736855651433037,637187.75,99698.55000000005
2018-01-19,116819.0,50974.75,35775.25,262474.5,26535.5,5534.75,224696.5,404148.0,229273.5,178814.0,35776.5,33328.0,1570304.5,1596469.8,26165.25,1245519.2,1604150.25,498113.75,0.3105156452769932,0.7931704965501913,845563.5,33845.75
2018-01-20,116049.0,48204.5,37278.25,179931.25,15012.75,5464.0,225316.25,420043.25,180833.75,129797.25,27201.75,33153.0,1368015.2,1398242.8,30227.5,1135793.0,1418285.0,401939.75,0.283398435434345,0.8302488159488287,763827.25,50269.80000000005
2018-01-21,115350.25,45348.25,17739.75,82989.0,18297.0,5525.25,225862.5,418836.25,144694.0,63131.75,21774.75,32854.25,1264311.5,1291694.0,27382.5,1145285.8,1192403.0,285249.5,0.2392223937712334,0.905857298616678,659516.25,-71908.5
2018-01-22,115390.0,46534.0,59321.5,253567.0,9660.5,5512.75,224850.5,392245.75,262090.0,172353.5,32187.0,34585.5,1578071.0,1611205.0,33134.0,1255522.0,1608298.0,489985.75,0.30466104540327726,0.7956055209176266,861274.75,30227.0
2018-01-23,115396.5,48576.0,59174.75,315352.5,18981.25,5477.25,221668.75,383764.25,254013.0,160539.25,32520.25,33811.5,1599982.5,1633517.8,33535.25,1206474.0,1649275.25,562958.25,0.34133674776238837,0.7540544974710661,832128.0,49292.75
2018-01-24,114551.75,45716.25,98304.25,658135.75,41025.25,5321.0,215635.0,341626.75,98753.25,103543.75,29435.75,32650.5,1640025.5,1686979.5,46954.0,842560.25,1784699.25,963054.25,0.5396171091571871,0.5137482618410506,576574.25,144673.75
2018-01-25,115545.0,44660.75,89517.25,331469.25,30154.75,5168.0,219532.0,374013.5,255019.75,152449.0,31708.25,32639.25,1579279.2,1612803.8,33524.5,1128138.0,1681876.75,616515.0,0.3665637211525755,0.7143372748783116,814121.5,102597.55000000005
2018-01-26,116559.0,46896.25,8033.25,45725.5,27650.75,5420.25,224416.75,410053.5,348485.5,187753.75,37909.75,36064.5,1522171.5,1548456.8,26285.25,1440762.0,1494968.75,250285.0,0.167418215263697,0.9465175244707972,982357.25,-27202.75
2018-01-27,116489.75,45743.0,58273.0,223475.5,25557.75,5328.25,219381.5,396141.25,164187.25,113357.5,19189.0,33450.5,1336982.5,1364176.2,27193.75,1029676.25,1420574.25,474867.25,0.33427837369289215,0.7701493849021958,707136.5,83591.75
2018-01-28,115684.5,41113.75,89077.75,749708.0,22198.75,4356.25,168162.5,169061.75,45038.5,67928.25,19481.25,30123.75,1292205.5,1342468.2,50262.75,431221.0,1521935.0,1022139.0,0.6716048977124516,0.333709305524547,312152.25,229729.5
2018-01-29,115939.5,42912.75,89651.5,803211.25,23738.75,4930.75,200812.25,253681.75,76287.75,96068.25,22234.0,31367.25,1613009.8,1653378.2,40368.5,696408.25,1760835.75,1080384.5,0.6135634740491838,0.43174458704466645,457405.0,147825.94999999995
2018-01-30,116618.75,45461.5,83154.75,401047.25,49857.5,5429.5,221033.0,330388.25,217955.25,155288.75,37375.25,33296.0,1597201.0,1619220.5,22019.5,1063141.5,1696905.75,701569.25,0.4134403162933475,0.6656278702555283,736928.25,99704.75
2018-01-31,115912.25,45184.75,92803.25,603766.75,30906.25,5453.5,219739.5,361418.25,116582.75,121183.5,20645.25,33972.0,1636434.8,1673795.2,37360.5,908958.5,1767568.0,894026.75,0.5057948265639568,0.5554504829645519,633156.5,131133.19999999995
2018-02-01,116369.75,45902.5,91295.5,432482.5,32594.0,5729.0,218468.0,381813.5,175137.25,140867.25,27988.75,30485.5,1621602.0,1651385.5,29783.5,1065230.0,1699133.5,724373.25,0.4263192091733816,0.6568997818206934,728303.5,77531.5
2018-02-02,117032.75,46716.0,55182.75,311073.75,38071.0,5820.75,221569.25,408070.25,275753.0,162090.25,24715.5,32553.0,1580525.0,1608763.8,28238.75,1176197.5,1698648.25,573897.0,0.33785511508930705,0.744181521962639,878466.5,118123.25
2018-02-03,116831.5,44857.25,26731.5,85287.25,25097.25,5819.25,224624.5,404267.75,255810.5,169383.0,24493.75,33442.25,1344159.0,1366475.2,22316.25,1207043.0,1416645.75,304624.0,0.21503188076482777,0.8979912346679225,862903.5,72486.75
2018-02-04,115940.25,42677.0,93955.5,154272.0,26188.5,5855.0,224359.0,414949.75,159125.25,141442.5,11813.75,31034.5,1281840.8,1319609.2,37768.5,1007424.75,1421613.0,438888.25,0.3087255462632939,0.785920334256797,746552.0,139772.19999999995
2018-02-05,116404.5,43242.25,33879.75,170796.5,53301.25,5831.25,225896.0,434243.25,337748.5,231497.75,32537.25,31744.0,1574648.8,1598970.2,24321.5,1316671.2,1717122.25,423455.5,0.24660765999625245,0.8361681665143363,1035233.5,142473.44999999995
2018-02-06,115800.0,45290.75,4849.0,91900.5,66492.25,5790.75,225530.25,434933.0,362363.75,256016.25,33740.0,28264.0,1604196.8,1638304.8,34108.0,1440955.0,1670970.5,330123.25,0.19756378104819924,0.8982407894093791,1081577.0,66773.69999999995
2018-02-07,115537.5,46459.5,7193.75,48549.25,55938.25,5748.25,225581.5,429694.25,377364.25,263841.5,42769.25,27522.0,1612236.2,1647216.0,34979.75,1500555.0,1646199.25,279426.5,0.16974038835213903,0.9307290085658665,1098422.0,33963.05000000005
2018-02-08,115486.5,45531.0,52355.25,33266.5,51719.25,5810.0,225205.75,422976.5,367156.75,254734.5,33588.25,29193.5,1607865.8,1642968.8,35103.0,1470524.8,1637023.75,304168.5,0.18580579542599795,0.9145818015408997,1074061.25,29157.949999999953
2018-02-09,115979.25,43670.5,81998.0,128660.5,42353.75,5805.5,224951.0,409469.0,341306.75,198941.0,36322.5,29657.5,1608111.5,1638280.5,30169.0,1355099.2,1659115.25,418467.5,0.25222328587480586,0.8426649520260255,979374.25,51003.75
2018-02-10,117250.0,42199.0,50335.0,106546.5,24428.5,5807.25,225384.5,402356.5,278995.25,173233.75,20835.0,29126.25,1387875.2,1408672.0,20796.75,1206565.2,1476497.5,346566.25,0.2347218671213463,0.8693614526724016,883711.75,88622.30000000005
2018-02-11,116121.75,38276.25,98181.0,523431.25,28514.75,5579.75,217613.0,272973.5,70768.5,115484.5,11149.0,27923.75,1323596.8,1371538.5,47941.75,673469.75,1526017.0,810104.75,0.5308622053358515,0.5088179043648338,487150.25,202420.19999999995
2018-02-12,116087.5,37670.5,93650.25,383203.75,47378.5,5761.5,220492.25,350097.5,225936.5,152937.5,23089.0,29800.5,1567984.5,1592404.2,24419.75,1043752.0,1686105.25,683752.0,0.40552154143402375,0.6656647434971456,758772.0,118120.75
2018-02-13,116596.25,40717.0,68547.75,193780.75,97674.75,5758.0,219165.25,397832.0,310411.25,177675.25,30626.0,29819.0,1568696.5,1597720.0,29023.5,1208693.2,1688603.25,523074.5,0.30976755493038405,0.7705079982010542,915737.5,119906.75
2018-02-14,116267.25,40178.0,75246.5,234590.75,113512.25,5677.25,221784.75,395754.5,296281.25,182881.75,25120.5,31716.0,1596079.0,1626917.8,30838.75,1172729.5,1739010.75,585472.0,0.33666956917891394,0.7347565502710078,906633.5,142931.75
2018-02-15,116382.25,39518.25,90552.25,421211.0,30741.75,5697.5,222771.75,367757.5,254252.25,160045.25,27855.75,31323.0,1647462.8,1674215.8,26753.0,1104957.8,1768108.5,704103.0,0.39822386465536475,0.6707027314971846,813378.0,120645.69999999995
2018-02-16,117993.25,43669.25,63301.25,272854.75,71702.5,5749.0,224584.25,356553.75,288833.75,187460.5,36058.0,32034.25,1580226.8,1607988.5,27761.75,1172368.2,1700794.5,575270.0,0.33823604203800045,0.7418986945418214,864882.25,120567.69999999995
2018-02-17,117903.25,46611.75,7095.5,69442.25,34461.75,5795.5,225741.25,381670.0,295608.25,175476.25,20508.25,31142.75,1371892.0,1392733.5,20841.5,1260892.5,1411456.75,281310.0,0.19930472541932298,0.9190902053514417,883897.25,39564.75
2018-02-18,117033.75,43600.0,28333.0,91104.0,59637.25,5787.5,224955.25,405951.25,249753.75,132391.0,11413.75,29148.75,1264739.8,1299590.0,34850.25,1085665.5,1399109.25,345495.5,0.24693961533025388,0.8584101646836764,817244.75,134369.44999999995
2018-02-19,116923.25,43681.0,7517.75,58548.0,58917.25,5813.25,225976.75,436648.25,350199.25,219564.0,45382.75,30858.25,1553542.2,1573914.2,20372.0,1428559.2,1600029.75,291400.5,0.18212192617043527,0.9195496588377193,1037269.75,46487.55000000005
2018-02-20,116991.25,47722.5,9255.75,94322.5,65834.0,5812.75,226022.25,436035.75,374977.25,244878.0,33365.75,31178.75,1591774.5,1623215.0,31440.5,1422362.2,1686396.5,339938.75,0.20157700161261008,0.8935701633617072,1087069.75,94622.0
2018-02-21,116486.25,44770.75,3814.0,146315.5,91726.75,5789.5,226655.75,429036.75,359062.25,237808.25,27832.5,33492.5,1597851.5,1630939.5,33088.0,1355995.2,1722790.75,408902.75,0.23734905124142325,0.8486365597804302,1059399.75,124939.25
2018-02-22,116938.75,41871.25,7712.0,250251.25,88681.0,5796.75,226457.25,426556.75,362733.75,192406.5,30026.75,32469.25,1610095.8,1642360.2,32264.5,1263451.5,1781901.25,511251.0,0.286913205768277,0.7847057920404488,1014166.25,171805.44999999995
2018-02-23,116890.25,41311.25,43694.0,311482.25,105663.25,5810.0,223542.75,423717.25,352175.5,159147.5,30677.75,32415.75,1609573.2,1635855.2,26282.0,1148733.8,1846527.5,624851.0,0.3383924691075546,0.713688448589974,967456.0,236954.30000000005
2018-02-24,116011.0,38417.5,98352.75,483951.75,109932.25,5660.5,180130.75,332172.75,117969.75,123866.75,11696.0,29806.5,1435885.5,1481934.8,46049.25,743648.75,1647968.25,852325.75,0.5171979193167101,0.5179025416720205,603815.75,212082.75
2018-02-25,116904.25,36153.0,68550.75,285573.75,122087.75,5727.0,188914.75,395593.75,180925.75,127450.0,11748.5,29796.0,1334158.5,1364710.5,30552.0,857946.25,1569425.25,634996.5,0.4046044881717049,0.6430617126825636,733765.5,235266.75
2018-02-26,116233.25,36166.0,86765.25,311206.0,81629.0,5735.25,192119.0,424768.0,363134.5,160123.75,30667.25,30518.25,1658546.0,1680963.8,22417.75,1178945.8,1839065.5,637734.75,0.346771091078594,0.7108309326361766,978544.5,180519.5
2018-02-27,115547.0,38302.25,89729.75,240467.75,97963.75,5840.75,193437.75,419136.75,385306.25,174468.75,35072.5,30990.5,1694430.0,1719442.8,25012.75,1266268.8,1826263.75,587851.25,0.32188737798688716,0.7473125475823729,1009902.25,131833.75
2018-02-28,114290.25,37815.0,101436.25,453620.75,108252.0,5791.5,192774.0,395655.5,292040.75,149338.25,26406.75,30267.75,1729547.2,1767121.8,37574.5,1066238.2,1907688.75,821205.75,0.4304715588431289,0.6164840138505616,867302.25,178141.55000000005
2018-03-01,114462.5,35053.75,98888.25,627597.5,110481.25,5571.25,192222.0,353518.25,189714.75,135635.5,24214.5,28650.0,1719266.2,1763871.5,44605.25,882299.25,1916009.5,992054.5,0.5177711801533343,0.5131836186856927,707518.5,196743.30000000005
2018-03-02,115823.75,36244.75,98108.25,438176.5,102090.75,5577.0,193156.25,405984.0,269309.75,131197.5,37686.5,27673.5,1698144.8,1719925.0,21780.25,1059769.2,1861028.5,796021.0,0.4277317623024043,0.6240746961036537,834164.75,162883.69999999995
2018-03-03,116108.25,36471.5,99327.5,321506.5,77040.25,5529.0,193753.0,423447.25,228370.0,116848.0,19923.75,30007.0,1466619.2,1490600.5,23981.25,968745.0,1668332.0,655983.0,0.39319691763989423,0.6605293316765525,798672.25,201712.80000000005
2018-03-04,115059.0,33859.25,93668.5,308809.25,100455.25,5460.25,192004.0,401605.5,166495.5,107325.75,8181.25,30231.25,1330239.5,1375954.0,45714.5,827306.5,1563154.75,657311.5,0.42050315235903546,0.6219229695103776,705658.0,232915.25
2018-03-05,114038.75,35357.5,77318.0,232104.0,104489.25,5374.0,190049.5,402102.0,309189.0,148363.75,29961.25,30955.0,1548953.5,1568994.8,20041.25,1135042.2,1679302.0,568681.5,0.3386415903750487,0.7327800350365585,890609.75,130348.5
2018-03-06,114024.0,39879.0,31447.5,109463.5,76481.0,5390.25,193229.5,408341.5,391371.0,205918.0,29578.5,28732.5,1560604.8,1589693.2,29088.5,1343212.8,1633856.25,376685.25,0.23054981122115242,0.8607001593228472,1034363.0,73251.44999999995
2018-03-07,113139.0,40134.75,12500.0,140564.75,56922.5,5380.5,192870.0,405538.75,390723.25,202015.75,33640.0,29960.25,1564247.0,1586098.5,21851.5,1354259.8,1623389.5,368641.5,0.22708136279063035,0.8657582849767332,1028238.0,59142.5
2018-03-08,113898.0,38835.75,36414.5,430033.5,93282.5,5368.5,192723.25,396183.0,287873.75,117572.0,20173.0,32939.75,1585318.5,1618221.8,32903.25,1025588.0,1765297.5,717832.75,0.4066355670927988,0.6469286771081016,834568.5,179979.0
2018-03-09,114675.25,35785.0,36689.0,339557.25,71754.25,5342.75,191663.0,379237.5,270690.75,129064.25,31374.5,32630.5,1568205.8,1595796.0,27590.25,1120205.2,1638464.0,603803.5,0.36851801443302995,0.7143228267616405,811623.0,70258.19999999995
2018-03-10,113869.75,35158.25,66654.5,225285.75,56037.0,5340.25,192052.0,383120.25,147306.0,102581.25,13016.5,32520.25,1324352.2,1353061.0,28708.75,976375.0,1372941.75,502345.5,0.36588988571437936,0.7372472367999993,665527.75,48589.55000000005
2018-03-11,112531.0,35178.5,58556.75,189433.0,84286.5,4988.5,191210.0,357112.5,76962.25,84335.0,14514.75,30612.75,1198449.5,1241315.2,42865.75,866173.25,1239721.5,484974.25,0.39119612751734967,0.7227448882910794,549022.5,41272.0
2018-03-12,113186.25,40655.75,5677.0,187575.0,49397.75,5121.0,192127.0,389047.5,283484.0,122293.25,39860.75,31383.5,1489348.8,1515890.5,26541.75,1246699.0,1459808.75,401612.75,0.2751132639806413,0.8370765800462591,826208.25,-29540.050000000047
2018-03-13,108176.25,42606.0,34041.5,398094.5,52338.5,5107.0,192220.5,385104.75,293562.0,109370.25,21463.0,27965.0,1564429.8,1597907.8,33478.0,1079955.2,1670049.25,640363.75,0.383440039268303,0.6903187346597462,816002.0,105619.44999999995
2018-03-14,111830.75,44101.5,25667.5,122363.0,71454.0,5399.25,192952.25,390451.5,359976.0,123628.0,36862.5,31415.0,1526836.8,1554814.0,27977.25,1307352.2,1516101.25,380816.0,0.25118111339859395,0.8562488145425889,905470.5,-10735.550000000047
2018-03-15,112707.5,41286.0,86757.75,548587.0,108585.25,5358.5,189653.5,316327.25,103568.5,113029.25,23124.25,29598.25,1595286.0,1635981.0,40695.0,851356.0,1678583.0,903282.0,0.5381217372033436,0.5336698247210845,562523.25,83297.0
2018-03-16,113203.5,42794.0,50940.5,531493.0,48726.0,5370.75,186379.75,302698.0,143159.0,124086.25,39325.5,29537.25,1581938.8,1613932.0,31993.25,950779.25,1617713.5,792527.75,0.48990612367393854,0.601021512336634,599480.5,35774.69999999995
2018-03-17,112128.0,39908.5,55327.75,728820.25,52766.75,5271.25,181580.5,176932.5,87972.5,85953.25,19670.25,27920.25,1450521.8,1481729.5,31207.75,613607.0,1574251.75,994222.5,0.631552418474364,0.4230250107237271,378778.5,123729.94999999995
2018-03-18,110885.25,36110.5,62768.75,688897.25,82333.5,4964.5,170628.0,194634.0,94270.5,79847.5,13761.25,26496.0,1366557.0,1414785.2,48228.25,532557.5,1565597.0,985959.75,0.6297659934197626,0.3897074911620957,395248.0,199040.0
2018-03-19,104507.0,37340.0,42928.25,207357.25,119135.25,5288.25,191699.25,379517.5,343819.25,159439.75,49102.5,28027.25,1573600.2,1592825.2,19225.0,1204179.5,1668161.5,516556.0,0.30965586965051045,0.7652385275497551,910803.75,94561.30000000005
2018-03-20,103968.0,37463.0,59531.0,284194.25,99836.0,5362.5,192185.75,381395.75,358322.0,170000.75,35936.0,28882.25,1607381.0,1639716.5,32335.5,1163819.8,1757077.25,590354.75,0.3359867928402123,0.724047254509043,938600.75,149696.25
2018-03-21,104902.25,35239.75,48032.0,146134.0,135522.25,5332.75,191039.0,402140.0,350205.0,194620.75,39679.0,28125.25,1581551.8,1607243.0,25691.25,1251863.5,1680972.0,475163.0,0.2826715733516085,0.7915412571374519,975091.0,99420.19999999995
2018-03-22,107461.5,33896.5,55413.5,355635.5,56306.5,5362.0,208527.5,389071.25,293865.25,165899.0,32826.25,27910.5,1611590.5,1645068.5,33478.0,1144235.0,1732175.25,614075.5,0.3545111847083602,0.7100035648013562,876746.0,120584.75
2018-03-23,108519.75,34778.25,41684.5,56714.25,44664.5,5368.25,223702.75,394586.5,377462.25,196575.5,34207.5,29849.25,1539705.2,1565864.0,26158.75,1396642.0,1548113.25,291729.5,0.18844196314449219,0.9070840314106883,998473.5,8408.050000000047
2018-03-24,108375.5,32353.5,11687.25,60391.0,144547.75,5371.75,223657.75,380751.0,345206.25,124040.5,14416.0,30228.5,1302289.2,1337828.2,35539.0,1085663.2,1481026.75,362726.75,0.24491573160309224,0.8336575316757598,880226.25,178737.55000000005
2018-03-25,102385.0,29464.5,3505.5,32312.0,158680.75,5065.0,213668.5,362525.0,248976.75,98689.75,13095.75,28442.5,1140354.0,1182470.0,42116.0,945855.75,1296811.0,331412.75,0.255559792444697,0.8294404632245777,738634.0,156457.0
2018-03-26,109795.5,31520.25,7131.75,57527.75,72805.25,5345.75,222008.75,392260.75,370476.75,185054.75,34060.75,29199.75,1479220.8,1501143.0,21922.25,1341756.0,1517187.75,284126.25,0.1872716478234154,0.9070694517005169,976992.0,37966.94999999995
2018-03-27,113985.25,32420.75,20384.0,88009.75,112027.0,5286.75,221275.5,379665.75,379591.0,181534.5,29410.25,30174.75,1504873.2,1537770.0,32896.75,1284452.5,1593765.25,372113.5,0.2334807463018785,0.8535287225528371,970966.0,88892.05000000005
2018-03-28,114219.25,33153.25,91634.75,334831.0,46284.0,5388.0,221403.25,374161.75,281685.5,140735.75,22470.75,30568.75,1569465.0,1604542.5,35077.5,1096715.2,1696536.0,625510.25,0.3686984832623652,0.6987828336407629,827151.75,127071.0
2018-03-29,109794.0,37126.25,31142.25,343676.75,95124.75,5352.5,221330.25,372002.25,256523.25,97678.25,28162.0,29646.75,1525851.2,1566114.5,40263.25,1055907.5,1627559.25,622216.5,0.38230036786679195,0.6920121044568435,755850.5,101708.05000000005
2018-03-30,113798.25,38822.0,81847.75,238937.75,145949.75,5235.25,205598.25,315180.0,108328.5,84254.5,16495.5,28905.0,1214219.0,1247148.0,32929.0,747483.75,1383352.5,624590.75,0.4515051297482023,0.6156086752060378,536668.0,169133.5
2018-03-31,112974.25,39403.0,91887.75,224863.75,74109.5,5331.5,219249.5,296541.75,65524.0,90147.25,28380.5,30474.5,1224080.0,1262616.0,38536.0,833219.0,1278887.25,548569.75,0.42894301276363495,0.680689987582511,482687.5,54807.25
2018-04-01,112628.5,39557.25,29489.0,334114.0,73510.5,5721.75,187511.5,239880.5,64130.0,81869.75,13658.5,30820.75,1139701.0,1199149.0,59448.0,702587.5,1212892.0,595021.0,0.4905803649459309,0.6164665118307345,416701.0,73191.0
2018-04-02,112942.75,38322.0,39235.25,187159.0,151579.0,5563.75,186642.0,300204.5,65260.25,81496.25,21235.75,30519.25,1132854.5,1176675.8,43821.25,754881.25,1220159.75,534801.75,0.43830469739720557,0.666353225414208,477480.25,87305.25
2018-04-03,111639.25,38045.75,75284.0,346171.75,142941.75,5315.5,185684.25,348417.75,147093.0,99200.5,33993.75,31241.25,1435934.0,1473353.8,37419.75,871536.5,1565028.5,719398.0,0.4596708622239148,0.6069474641592162,625952.5,129094.5
2018-04-04,110447.25,40923.0,51693.5,305878.0,138517.5,4740.75,184660.75,380001.25,175857.25,106760.25,36596.5,30506.5,1470133.2,1508601.8,38468.5,974044.25,1566582.5,652200.0,0.4163202384808971,0.6625551004494015,693125.25,96449.30000000005
2018-04-05,112027.0,44605.5,82853.25,562915.25,98874.25,5002.25,185499.75,349786.25,117312.5,91245.5,26322.75,30480.75,1519821.0,1572555.2,52734.25,775178.25,1706925.0,906277.5,0.5309416055186958,0.510045755388299,588825.0,187104.0
2018-04-06,112720.0,44084.75,55710.0,254059.75,216115.25,5342.5,185523.25,356360.25,127001.25,45608.25,27662.75,30555.5,1461539.0,1492760.0,31221.0,935654.0,1460743.5,688032.25,0.47101510292532534,0.6401840799321811,559525.25,-795.5
2018-04-07,112478.0,41725.5,73927.5,384574.25,212637.0,4767.0,183389.25,254395.0,40737.0,31497.25,19884.75,29842.5,1262965.5,1310226.0,47260.5,591826.75,1389855.0,830109.25,0.5972632037154955,0.46860088418883966,356471.75,126889.5
2018-04-08,109706.0,42812.0,13443.0,171417.25,197088.5,4767.25,184188.0,289303.0,101627.25,72212.25,13408.75,30766.0,1125020.8,1173896.5,48875.75,743072.0,1230739.25,539234.0,0.4381382977750974,0.6604962326029883,493908.5,105718.44999999995
2018-04-09,106689.5,46101.25,39997.0,98408.0,145757.75,4578.5,183588.5,385350.75,235941.75,119736.75,41249.75,30545.75,1390112.2,1416126.0,26013.75,1105949.5,1437945.25,441532.0,0.3070575879019038,0.7955829033080927,771575.0,47833.05000000005
2018-04-10,106111.0,45872.0,100207.0,320466.0,155789.5,4611.25,179624.0,378545.75,164769.5,34032.75,16965.5,29800.25,1471322.5,1506276.8,34954.25,894860.0,1536794.5,733056.75,0.4770037568458242,0.6082011251781986,607148.25,65472.0
2018-04-11,105867.5,46425.75,100830.0,310695.5,150465.75,4604.5,179902.25,379646.75,168511.0,48574.25,27481.75,31208.25,1489797.0,1519769.0,29972.0,927805.75,1554213.25,718889.0,0.4625420610717352,0.6227732704522831,627940.25,64416.25
2018-04-12,107802.25,46128.0,106888.25,375763.25,142465.25,4612.5,182697.75,355928.0,134721.75,86008.0,37762.25,31391.5,1479708.0,1526443.8,46735.75,854591.25,1612168.75,783659.5,0.486090243344563,0.5775404674435767,608049.25,132460.75
2018-04-13,108344.0,45456.5,50246.0,268065.75,85509.0,4612.25,182716.25,373492.75,213868.5,95330.75,35349.0,31221.5,1455806.5,1486549.0,30742.5,1051985.8,1494212.25,562233.5,0.3762741872849724,0.7226137539569991,713913.5,38405.75
2018-04-14,109164.25,44114.75,40130.5,223508.5,156291.25,4063.25,182367.75,358461.5,135572.25,61212.5,24372.5,27931.75,1228298.8,1265863.8,37565.0,808368.5,1367190.75,577272.5,0.4222325962927997,0.6581204019738519,583178.0,138891.94999999995
2018-04-15,108375.75,43362.5,11828.25,52700.25,142177.5,4053.75,180826.5,373385.0,115016.75,58485.5,9676.25,27711.75,1092876.0,1137128.2,44252.25,886170.0,1127599.75,362498.0,0.3214775455563909,0.8108605184851713,574599.0,34723.75
2018-04-16,107560.0,45821.25,23010.75,58693.75,101678.0,4574.5,182326.75,390485.0,313661.5,114227.0,38125.0,29781.75,1378759.2,1393872.0,15112.75,1195376.8,1409945.25,341338.25,0.24209326567822403,0.8669946137077454,848155.25,31186.050000000047
2018-04-17,107586.0,48951.25,41869.5,52663.5,195009.25,4646.0,182067.75,396484.75,308699.75,102457.25,26119.75,35280.75,1405467.5,1444273.0,38805.5,1115925.2,1501835.5,450725.5,0.30011642420225115,0.7939886194451312,842922.5,96368.0
2018-04-18,106081.5,49162.25,37204.75,66434.5,213960.75,4519.5,181179.0,403452.75,286755.25,93963.5,27258.25,31103.25,1401332.2,1433591.8,32259.5,1083732.2,1501075.25,477363.25,0.3180142034851351,0.7733585226971877,815274.75,99743.05000000005
2018-04-19,105528.5,50564.0,43681.75,152047.75,214802.75,4370.0,180065.5,404935.25,215654.0,90729.25,26989.75,33114.75,1409321.2,1442500.5,33179.25,998789.0,1522483.25,570994.75,0.3750417287021056,0.7087021752032113,744433.25,113162.05000000005
2018-04-20,105758.0,52102.5,45249.0,156295.75,212345.0,4393.5,179714.75,379216.25,198022.0,83278.5,30756.0,29280.0,1399266.0,1428489.0,29223.0,985376.25,1476411.25,576143.75,0.3902325656215367,0.704209385492108,689796.75,77145.25
2018-04-21,108280.25,53641.75,17021.5,74437.5,208750.25,4356.0,158017.25,344319.25,71227.0,51498.0,19859.5,28577.75,1203866.5,1244391.5,40525.0,903657.25,1139986.0,466487.25,0.40920436742205607,0.7506291187602612,495622.0,-63880.5
2018-04-22,101694.25,52919.75,41919.75,121535.0,197442.75,4429.5,152182.75,252722.25,51022.25,48384.5,13873.25,29735.25,1085216.5,1141233.2,56016.75,724319.0,1067861.25,519941.0,0.4868993982130169,0.667441934397422,381864.25,-17355.25
2018-04-23,100422.0,54034.75,70171.0,325683.5,139109.25,4396.0,152635.0,333732.0,122265.25,73706.5,30021.75,30346.75,1398507.0,1433749.2,35242.25,863543.25,1436523.75,693816.5,0.4829829649527201,0.6174751002318901,560050.5,38016.75
2018-04-24,101200.5,54198.0,83053.5,297773.75,142092.25,4651.75,153607.5,352115.5,118791.0,71359.25,26333.5,31011.5,1437132.8,1478741.8,41609.0,914213.25,1436188.0,682969.75,0.4755434177141154,0.6361369318131213,573277.25,-944.8000000000466
2018-04-25,100972.75,54417.25,56369.0,460703.5,138714.0,4551.25,152784.5,318192.25,85795.25,58951.25,26925.5,31212.25,1472154.8,1523300.8,51146.0,816368.25,1489588.75,815727.75,0.5476194352300258,0.5545396788435564,494151.0,17433.949999999953
2018-04-26,102212.75,54659.0,77331.75,373633.5,137872.25,4841.5,156066.0,365300.5,107109.25,68458.5,32153.75,32310.0,1468837.0,1515721.5,46884.5,879999.5,1511948.75,750550.75,0.4964128248394663,0.5991131078533561,573178.25,43111.75
2018-04-27,103662.5,55387.25,31881.0,135056.0,206520.5,4847.5,154564.25,371517.25,128304.25,78959.75,34324.5,30131.25,1408501.8,1436596.5,28094.75,1035044.25,1335156.0,537354.75,0.40246589162614704,0.7348547584390733,608912.5,-73345.80000000005
2018-04-28,103497.5,54262.25,25967.5,162031.75,178732.75,4622.25,155127.5,322619.5,65391.75,64689.25,29085.75,29957.0,1204455.0,1241456.2,37001.25,837723.0,1195984.75,529114.0,0.4424086511136534,0.6955203805870706,482657.5,-8470.25
2018-04-29,106755.0,54332.75,31822.5,149631.25,188282.5,4004.25,144296.25,261854.25,44858.75,48042.75,16848.75,27975.25,1084899.0,1122556.8,37657.75,715162.75,1078704.25,534828.25,0.4958061952569483,0.6591975382040172,382731.0,-6194.75
2018-04-30,110633.75,54759.5,93820.0,523393.25,152013.25,4037.75,141907.75,178440.75,41440.75,59467.75,37454.25,25392.0,1308527.5,1362919.5,54392.0,539301.0,1422760.75,938657.5,0.6597437411736302,0.41214342075348054,304741.25,114233.25
2018-05-01,111828.5,52645.25,54476.75,527945.0,149879.75,4168.5,135055.75,176822.75,42898.75,50599.0,18267.5,23592.5,1145401.5,1196877.0,51475.5,413100.0,1348180.0,900943.75,0.66826666320521,0.3606595591152971,293913.0,202778.5
2018-05-02,111814.75,53898.5,62537.5,145330.5,160143.0,4868.25,176650.25,329620.25,194411.75,81501.75,29346.25,26701.75,1384488.8,1411575.8,27087.0,1016477.75,1376824.5,538592.5,0.39118457000147805,0.7341899407203583,632235.5,-7664.300000000047
2018-05-03,110465.75,52849.0,27180.0,161546.75,169955.5,4877.25,154010.5,341984.5,223390.75,84765.0,26136.5,28171.5,1425210.2,1455431.0,30220.75,1066528.0,1385333.0,526874.25,0.3803231786148168,0.7483303164684059,678311.75,-39877.19999999995
2018-05-04,111494.5,54022.25,4742.25,145579.25,201184.5,4827.25,154433.75,340373.25,208270.0,84336.0,29852.0,28375.25,1402768.8,1431344.2,28575.5,1051262.8,1367490.25,521850.0,0.3816114959503368,0.7494198616336492,661354.5,-35278.55000000005
2018-05-05,111434.75,54614.5,6649.25,201066.0,223943.75,4766.5,153795.75,317967.0,51430.75,60442.25,21708.5,27667.5,1205892.5,1241932.0,36039.5,774233.5,1235486.5,602474.75,0.487641710370773,0.6420418901353148,457507.5,29594.0
2018-05-06,110875.75,52355.75,25942.5,204271.25,239474.25,4526.25,155796.5,242238.5,44494.0,52944.25,21402.5,26436.75,1086685.2,1145350.5,58665.25,616997.25,1180758.25,637445.75,0.5398613560396466,0.5677791967719814,366113.5,94073.05000000005
2018-05-07,110006.0,54217.5,35258.25,202961.25,237925.25,4532.0,183479.75,321583.75,101310.0,65586.5,34175.25,21741.25,1397346.0,1422412.8,25066.75,921201.25,1372776.75,644900.25,0.46977795187746296,0.6592506437203098,510221.5,-24569.25
2018-05-08,109552.75,56201.25,59562.75,252805.5,238656.75,4396.75,178490.25,335622.5,92076.75,62712.25,30960.5,25882.0,1435363.8,1477742.5,42378.75,884338.75,1446920.0,721175.75,0.49842130179968486,0.616107742162649,516293.5,11556.199999999953
2018-05-09,108590.0,54257.75,51754.5,177999.0,210975.5,4391.25,182950.25,350163.0,100518.0,73096.5,40171.5,27780.5,1420880.0,1452248.8,31368.75,980151.0,1382647.75,607968.0,0.43971286251324676,0.6898196892066888,551558.0,-38232.25
2018-05-10,108860.5,54429.0,42313.5,210060.25,146354.75,4293.25,183153.75,309030.75,40094.5,49577.75,10757.0,28206.5,1146080.2,1197808.0,51727.75,747351.75,1187131.5,566311.25,0.47704171778779353,0.6520937627227135,426909.5,41051.30000000005
2018-05-11,110691.5,55268.5,10378.25,62725.0,163235.75,4632.25,171230.75,336724.75,121699.5,65786.0,34697.75,28438.5,1253036.5,1267653.2,14616.75,1016697.5,1165508.5,406931.25,0.3491448153316771,0.8113869787512176,552648.75,-87528.0
2018-05-12,110154.5,54156.5,41443.75,105730.0,202809.25,4480.25,156595.5,312278.25,75458.25,52704.0,17607.75,28645.75,1160409.0,1179918.5,19509.5,810426.0,1162063.75,518774.25,0.44642494871731436,0.698396858349082,469086.25,1654.75
2018-05-13,108192.75,53154.0,69644.0,265192.25,177558.5,4278.0,155615.5,230947.0,37897.25,46421.0,14933.25,28049.0,1094570.2,1146399.2,51829.0,582175.5,1191882.5,678019.5,0.5688643805073067,0.5318758906463925,343314.25,97312.30000000005
2018-05-14,107903.25,55570.5,41852.75,304878.0,178179.75,4348.5,155820.5,331548.75,118292.0,71886.5,32204.25,29108.75,1419001.8,1450778.5,31776.75,894091.25,1431593.5,692732.75,0.48388928141962084,0.630084648236528,550836.0,12591.699999999953
2018-05-15,105759.0,57667.25,18218.75,184107.0,173235.75,4367.5,156368.25,348590.75,219014.75,76113.5,34697.0,28532.5,1425043.0,1456791.0,31748.0,1049481.5,1406672.0,543355.25,0.38627004020837835,0.7364560227305421,672251.5,-18371.0
2018-05-16,103416.5,58577.5,71633.0,169187.0,117913.75,4473.0,156441.0,360309.0,196895.0,81947.75,27160.75,28297.75,1426115.8,1464289.5,38173.75,1067382.0,1376252.0,525200.75,0.38161670246437424,0.7484539474283926,667449.5,-49863.80000000005
2018-05-17,110575.25,57231.5,90555.25,316149.0,150093.75,4450.0,154813.5,348528.25,99141.0,71468.5,18841.75,28523.5,1451346.2,1494323.0,42976.75,894548.25,1450371.25,729054.75,0.5026676790511395,0.6163575926956643,547661.25,-974.9499999999534
2018-05-18,112014.25,58169.5,33292.75,107090.0,172559.5,4708.5,157434.0,369661.75,135304.25,77848.5,42550.0,29525.25,1405818.5,1432648.5,26830.0,1092876.2,1300158.25,487834.5,0.37521163289161147,0.7773949482098862,612339.75,-105660.25
2018-05-19,111944.0,57855.25,2400.5,48416.0,185187.5,4655.0,155445.5,333578.75,76877.5,65166.75,19133.5,28249.75,1182992.5,1211880.5,28888.0,946988.5,1088910.0,410458.25,0.37694414598084325,0.8005025391116174,503872.75,-94082.5
2018-05-20,110214.75,54450.25,32671.25,217787.75,200004.75,4536.0,150459.75,196875.75,43021.25,51610.5,24139.75,26977.25,1031701.75,1076558.0,44856.25,581238.0,1112749.0,619664.75,0.5568773820511185,0.563377933593696,318484.75,81047.25
2018-05-21,108412.5,50099.75,72237.0,322284.25,239371.0,4440.25,136465.75,179446.75,42295.75,49461.75,17116.0,26478.25,1074362.8,1126276.0,51913.25,440470.5,1248109.0,796844.75,0.6384416345046787,0.40998301504854784,297682.5,173746.19999999995
2018-05-22,106538.0,51798.75,37921.0,142289.0,204837.75,4623.25,155101.75,363337.5,199212.0,78318.0,34621.5,27927.5,1381063.8,1404218.8,23155.0,996016.0,1406526.0,548007.75,0.38961793098741154,0.7211947775330871,668795.0,25462.199999999953
2018-05-23,106971.5,55035.25,33496.5,204139.5,182998.75,4509.5,154474.25,382084.0,189125.75,78698.25,26909.5,28293.25,1437866.8,1473048.5,35181.75,1017232.0,1446736.0,587151.0,0.40584529589365304,0.7074591332103919,678201.25,8869.199999999953
2018-05-24,108774.75,56693.5,60205.0,289462.75,145901.25,4529.5,154045.5,370202.25,152477.25,79648.75,32579.75,28690.0,1455184.2,1485622.5,30438.25,959615.25,1483210.25,665566.75,0.44873392022472874,0.6594458969524271,631018.25,28026.050000000047
2018-05-25,109070.75,57144.5,79511.75,189901.25,199527.5,4452.5,147019.5,389833.75,139847.5,70938.0,31164.5,28739.5,1419862.8,1452899.0,33036.25,950922.25,1447151.0,639608.25,0.44197754760906083,0.669728265294365,629358.75,27288.199999999953
2018-05-26,108639.5,58001.0,34490.25,97121.75,227438.5,4374.75,137317.5,354703.0,85372.25,54768.5,19928.75,24807.0,1205044.5,1234285.0,29240.5,845994.0,1206962.75,530065.75,0.43917324706168437,0.7020437834453417,519650.75,1918.25
2018-05-27,107933.0,55536.0,47528.25,122142.0,190192.5,4281.25,148020.25,352984.75,47214.0,52348.5,11157.75,28774.5,1100481.8,1150024.8,49543.0,740619.0,1168112.75,527613.0,0.4516798571028353,0.6729952280900965,481321.75,67630.94999999995
2018-05-28,104838.25,57169.75,32791.75,140483.0,225637.5,4344.25,148397.25,394047.75,175629.5,77702.75,31599.25,29360.25,1420998.8,1438634.5,17635.75,1022086.5,1422001.25,565264.5,0.3975133636485903,0.7192733026938517,676740.25,1002.4499999999534
2018-05-29,102769.5,56446.0,62766.75,225493.25,201697.5,4457.0,152375.0,388174.5,176231.75,77458.75,24927.5,28743.25,1464564.5,1501378.2,36813.75,974607.0,1501540.75,653630.0,0.43530620131355074,0.6654585714729532,670608.25,36976.25
2018-05-30,101979.25,57773.75,29558.0,85051.25,208338.0,4534.25,155752.75,382456.0,206076.25,88934.5,36544.5,24870.5,1433399.8,1459961.0,26561.25,1110452.5,1381869.0,487234.5,0.35259094747765524,0.7746983779403346,702337.25,-51530.80000000005
2018-05-31,103026.25,55938.0,27808.25,86799.25,206267.25,4559.75,155694.75,366259.0,146773.5,59271.25,10989.25,24782.0,1251888.5,1284217.2,32328.75,931013.75,1248168.5,484398.75,0.38808762598959995,0.7436874370201499,597085.75,-3720.0
2018-06-01,105634.25,57171.25,13583.25,121293.75,163687.5,4002.75,155167.25,367358.5,195713.25,67022.5,21526.25,23898.5,1318399.2,1346726.8,28327.5,1019834.75,1296059.0,465372.75,0.35906756559693653,0.773540176602049,653992.75,-22340.199999999953
2018-06-02,105050.5,55786.0,9448.0,97646.25,152733.75,4009.75,156214.5,344885.75,123266.25,63363.25,16202.75,25285.25,1169852.0,1184759.8,14907.75,910024.0,1153892.0,424674.25,0.36803639335397076,0.7778966912053833,556800.5,-15960.0
2018-06-03,100252.5,55391.75,8163.0,38920.25,189435.75,3940.25,156163.5,343841.0,86621.25,58581.25,9427.25,24591.0,1074054.5,1117355.2,43300.75,837535.5,1075328.75,396103.5,0.3683557237728462,0.7797886420102518,513634.5,1274.25
2018-06-04,103485.5,54812.25,23067.0,86692.75,208777.0,3908.75,155605.75,384569.25,190731.0,34577.25,26039.5,23273.5,1389459.5,1401649.0,12189.5,1070922.8,1295539.5,480743.25,0.3710757178766066,0.7707477619894643,633151.0,-93920.0
2018-06-05,106510.0,54264.0,11409.0,85631.0,197095.25,3900.0,156057.0,362136.0,223888.75,47388.25,27255.0,27829.25,1434556.2,1457541.5,22985.25,1140421.0,1303363.5,458809.25,0.3520194097809245,0.7949643241582309,661242.25,-131192.69999999995
2018-06-06,100515.25,53827.5,20177.25,188157.0,232623.5,3919.0,154430.75,360809.75,232462.25,97996.0,16375.0,28018.25,1453896.8,1487005.5,33108.75,1012939.0,1489311.5,599219.5,0.4023466548133147,0.6967062586560476,719286.25,35414.69999999995
2018-06-07,100445.75,55329.0,17497.75,128225.75,201237.25,3923.5,155692.25,400026.75,253212.0,111888.25,25206.5,28821.25,1453601.2,1474623.2,21022.0,1106640.5,1481506.0,506659.0,0.3419891650793179,0.7613095668880846,793948.25,27904.800000000047
2018-06-08,107558.75,56332.25,6136.25,72696.75,195109.5,3913.5,155823.75,402221.75,269170.0,120497.0,22487.75,22409.0,1428687.2,1453060.2,24373.0,1154744.8,1434356.25,441747.0,0.30797579053320956,0.8082558589451911,814297.75,5669.050000000047
2018-06-09,106536.5,56268.75,13525.5,75864.75,189703.75,3898.5,155859.0,382703.5,150706.25,76534.5,16286.5,23533.25,1223534.8,1238230.8,14696.0,944440.75,1251420.75,445797.75,0.35623330522528096,0.7718952905957395,633477.5,27885.949999999953
2018-06-10,107275.5,55183.0,24306.25,79800.75,174511.75,3867.0,155167.0,353593.25,99843.5,65026.0,11717.25,23160.0,1104430.0,1148499.2,44069.25,825811.25,1153451.25,444944.25,0.38575037306518156,0.747726202656574,541622.75,49021.25
2018-06-11,106189.5,56659.75,46750.5,129769.75,169021.75,3836.25,155181.5,374804.5,212677.0,121293.25,29416.25,25360.75,1436745.5,1452427.2,15681.75,1091203.5,1430960.75,512227.5,0.3579605520277198,0.7594967236716593,734135.5,-5784.75
2018-06-12,107460.0,57570.0,65603.0,153401.0,121266.25,3885.25,155570.0,399445.0,237462.5,120594.5,17576.25,25888.75,1450667.0,1478845.0,28178.0,1110396.8,1465722.5,509185.5,0.34739556771489827,0.7654387947061594,783390.75,15055.5
2018-06-13,107613.5,55794.5,54620.0,168902.25,88829.0,3917.5,158467.5,417017.5,231358.25,122488.0,24260.25,24191.5,1438883.8,1462135.2,23251.5,1126532.5,1457459.75,479676.75,0.32911835129580763,0.7829211087094038,795055.25,18575.949999999953
2018-06-14,108330.0,57550.5,76179.75,131656.0,187829.5,3922.0,193040.5,413861.5,164540.75,100358.25,14399.25,24417.25,1438511.2,1467448.8,28937.5,1042846.0,1476085.25,565467.75,0.3830861056297392,0.7249481269245592,703177.75,37574.05000000005
2018-06-15,108834.5,63137.75,9520.0,32176.75,183205.0,3924.5,220387.5,415564.75,204281.5,109081.75,21943.25,24167.0,1411192.2,1429001.0,17808.75,1186290.5,1396224.25,400798.5,0.28705883027028073,0.8406300006476793,753095.0,-14967.949999999953
2018-06-16,108403.75,62125.5,9311.25,59904.5,193544.0,3938.5,221176.75,384827.5,84924.0,65672.25,18293.0,20897.75,1192190.8,1210514.8,18324.0,929431.0,1233018.75,437227.5,0.3545992305469807,0.7795992050936813,556321.5,40827.94999999995
2018-06-17,108510.5,58764.75,44293.0,168303.5,170763.25,3966.75,218288.25,284900.0,46305.0,30219.25,8851.5,17402.25,1089970.8,1136321.8,46351.0,706611.0,1160568.0,554601.75,0.4778709649068387,0.6482843393602837,378826.5,70597.19999999995
2018-06-18,108790.75,58579.0,48246.5,140938.5,166398.25,3983.75,219658.25,391893.25,130274.25,35190.25,16907.5,20932.25,1413108.0,1428245.2,15137.25,1057524.8,1341792.5,526936.75,0.39271105629223596,0.748367994519881,578290.0,-71315.5
2018-06-19,104884.0,57083.75,47571.5,170406.5,151570.0,3983.25,220264.75,399490.25,168245.0,98572.25,30752.0,20890.5,1466885.2,1490052.2,23167.0,1097337.2,1473713.75,535499.0,0.36336703786607133,0.7480729916696958,687198.0,6828.550000000047
2018-06-20,100056.25,57858.25,75787.5,115644.75,215129.25,3966.0,219200.0,409215.25,162006.5,97726.75,33961.5,21581.75,1467840.5,1494697.8,26857.25,1061279.0,1512133.75,568442.0,0.3759204501585921,0.7230206551733652,690530.25,44293.25
2018-06-21,103427.75,54673.25,66939.5,423728.5,181051.5,3959.25,210654.25,335895.25,107278.75,87966.5,18404.0,19363.5,1482940.5,1532329.2,49388.75,811221.0,1613342.0,833779.75,0.516802853951611,0.5470354339907771,550504.0,130401.5
2018-06-22,109728.25,58263.0,106934.75,474081.5,160950.0,4038.5,211126.0,265165.0,34923.75,83857.75,27012.5,19071.0,1434533.5,1470487.8,35954.25,692567.25,1555152.0,913996.0,0.5877213288475982,0.48278220759570967,403017.5,120618.5
2018-06-23,110632.25,55751.25,94432.0,395888.0,148412.5,4052.25,209813.25,227264.5,32689.75,61509.25,28319.75,18268.0,1199012.0,1242000.8,42988.75,560279.5,1387032.75,809168.25,0.5833807817443387,0.46728431408526355,339731.5,188020.75
2018-06-24,109668.5,50247.75,67619.25,166621.25,129418.25,3978.0,213849.0,297393.25,29117.5,65473.5,13686.75,18831.25,1071918.2,1111220.5,39302.25,708259.5,1165904.25,527553.0,0.4524839839978283,0.6607402505153845,410815.5,93986.05000000005
2018-06-25,108134.0,51855.75,66310.5,131502.75,158806.25,3937.25,217228.5,347704.0,152796.5,110276.5,22927.25,20772.5,1394140.0,1411596.5,17456.5,1037520.5,1392251.75,520546.5,0.3738881994581799,0.7442010845395728,631549.5,-1888.25
2018-06-26,108872.0,56189.25,26020.25,69551.0,171637.25,3916.25,220749.5,388625.5,207388.75,126356.5,22600.75,20765.5,1416181.2,1437326.2,21145.0,1148972.8,1422672.5,436186.0,0.3065962124100944,0.8113176477699323,743136.25,6491.300000000047
2018-06-27,108104.5,52344.0,3072.25,130442.75,216262.5,3926.0,219103.0,405757.25,200509.25,92726.5,16263.0,21606.75,1418567.2,1440432.5,21865.25,1068789.8,1470117.75,514152.0,0.34973525079878803,0.753429093806765,720599.75,51550.55000000005
2018-06-28,108005.5,52027.0,9067.25,198739.75,161518.75,3936.0,220256.75,420611.0,165923.0,103550.75,26111.5,19433.25,1440380.0,1461164.8,20784.75,1071054.2,1489180.5,533294.25,0.3581125659381116,0.7435914133770255,709518.0,48800.5
2018-06-29,107708.25,51180.75,32102.25,163896.5,212039.25,3904.5,219118.0,407357.0,151356.5,78587.5,19078.5,19126.25,1419141.8,1445694.0,26552.25,1011103.75,1465455.25,570831.5,0.38952502984993914,0.7124754904689581,656427.25,46313.44999999995
2018-06-30,107981.0,47180.0,26542.5,213921.25,244754.5,3873.75,219243.5,344513.75,64462.5,57787.5,20868.0,19045.25,1191701.0,1226928.8,35227.75,706482.75,1370173.5,644253.0,0.4701981172457357,0.5928355770449131,485809.0,178472.5
2018-07-01,108174.5,43607.75,32280.75,255799.0,255425.5,3674.0,208318.5,277161.25,42346.25,58018.5,14600.0,18615.5,1081028.0,1128535.0,47507.0,537522.75,1318021.5,698961.5,0.5303111519804495,0.4972329578882323,396141.5,236993.5
2018-07-02,107914.25,46853.0,14000.0,140097.0,257689.0,3663.0,219220.0,372254.0,199288.5,95075.5,24464.25,20908.75,1391561.8,1408351.2,16789.5,979775.75,1501427.25,570216.25,0.3797828033292988,0.7040835340550452,687526.75,109865.44999999995
2018-07-03,107794.5,51060.75,18906.5,70655.5,241389.75,3667.5,219358.5,387864.25,249111.75,117211.0,22312.75,24831.5,1442748.0,1462277.5,19529.5,1111796.2,1514164.25,493474.5,0.32590552841278614,0.7706101134778908,779018.5,71416.25
2018-07-04,107346.25,55777.0,6720.0,35834.25,200332.25,3658.0,218391.0,386902.25,271148.75,125487.75,29810.75,24985.5,1449918.0,1465717.8,15799.75,1207031.5,1466393.75,409667.75,0.27937090566568495,0.8324825955674735,808524.25,16475.75
2018-07-05,107869.25,51193.5,26423.0,107430.0,169760.25,3706.75,218564.0,378321.75,285326.75,125453.25,17141.25,19583.25,1456236.0,1478300.5,22064.5,1152622.8,1510773.0,466382.75,0.30870471606257194,0.7915082445427802,808685.0,54537.0
2018-07-06,109379.25,53555.0,58487.75,227836.0,156512.0,3782.25,211219.75,395328.5,148474.0,37138.5,14456.75,16172.25,1441871.0,1459841.2,17970.25,999035.25,1432342.0,609552.25,0.4255633431121897,0.6928742238383323,597113.25,-9529.0
2018-07-07,110261.75,51378.25,55277.5,240391.5,236100.25,3761.25,215470.25,346819.75,29850.0,37228.25,19165.5,22632.25,1206949.5,1242311.8,35362.25,675180.25,1368336.5,697170.5,0.5095022313590261,0.5594105221469499,436530.25,161387.0
2018-07-08,108975.25,51292.75,21155.75,145947.0,228021.75,3745.75,217067.25,358329.5,57957.0,64694.75,14941.25,22879.75,1080675.8,1119806.0,39130.25,685551.25,1295007.75,559138.25,0.43176440449873754,0.6343727230682874,503861.0,214331.94999999995
2018-07-09,103196.0,49276.0,75749.25,212364.75,192349.25,3762.0,217602.5,357253.75,171702.5,95207.25,15271.75,25529.5,1382068.5,1402783.0,20714.5,901605.25,1519264.5,636697.25,0.4190825560657805,0.6523593078056551,649693.0,137196.0
2018-07-10,109207.5,50314.5,44899.0,133389.5,123843.75,3733.5,219294.5,379275.25,238733.0,126572.25,17715.75,24702.0,1387295.0,1404450.8,17155.75,1085162.8,1471680.5,465387.75,0.31622879422537703,0.7822148858029475,769282.5,84385.5
2018-07-11,108450.0,49852.5,34604.25,87583.5,131810.75,3773.0,219645.0,404025.75,246519.0,145482.0,18205.0,24635.75,1382192.0,1398787.2,16595.25,1128193.5,1474586.5,416074.0,0.28216316913249917,0.8162350093185318,820662.5,92394.5
2018-07-12,108006.25,48833.5,26541.5,128973.25,163327.25,3727.0,219156.25,399971.25,236164.25,142901.25,16565.25,24442.25,1392975.0,1413907.0,20932.0,1074133.0,1518609.25,479408.75,0.31568933878152,0.7711071627272564,803479.0,125634.25
2018-07-13,102338.0,46684.0,20760.75,119209.75,218135.0,3723.75,210555.75,392057.75,220430.25,140888.5,13133.25,24478.0,1371282.5,1388339.8,17057.25,1013177.0,1512394.75,510851.25,0.3377763973327731,0.738853591437213,777854.5,141112.25
2018-07-14,102668.0,44450.25,10269.5,79721.25,208149.25,3681.75,186157.5,394753.0,173286.5,94586.25,7877.5,21666.75,1165606.5,1178831.8,13225.25,867466.5,1327267.5,448940.0,0.3382437978779711,0.7442189967197335,684292.5,161661.0
2018-07-15,102310.25,42049.25,4089.75,56332.0,207458.0,3684.0,186592.25,380992.25,139277.25,77072.25,8415.5,14487.25,1059533.8,1090056.0,30522.25,791654.0,1222760.0,415923.25,0.34015117439235826,0.7471720109353756,611829.0,163226.19999999995
2018-07-16,101148.75,42340.25,5151.25,46340.0,209685.0,3703.5,186857.0,397458.5,250165.0,134542.5,14060.0,23119.5,1341619.2,1349745.8,8126.5,1080443.0,1414571.25,408368.75,0.28868729659251874,0.8053276220256836,805285.5,72952.05000000005
2018-07-17,99908.0,43081.75,16780.0,102069.75,205622.75,3697.25,184583.5,403460.0,243349.0,132382.5,7349.25,16196.5,1388514.5,1399847.2,11332.75,1064042.0,1458480.25,471159.5,0.32304825519577657,0.7663168083588612,795388.0,69965.75
2018-07-18,100127.5,39853.0,19325.0,204970.75,215612.5,3669.0,185282.75,400442.75,213194.75,129956.75,9609.75,26610.5,1403032.5,1416452.5,13420.0,963124.25,1548655.0,583557.75,0.3768158498826401,0.6864589736873522,770204.75,145622.5
2018-07-19,100829.0,41994.5,12042.0,115164.75,223635.0,3685.25,187074.0,394068.75,226522.75,127317.25,9483.75,25094.5,1390890.0,1401246.8,10356.75,1040048.25,1466911.5,497350.5,0.339046016068454,0.7477573711796044,773003.25,76021.5
2018-07-20,100973.25,42956.5,6016.25,68769.0,211037.0,3669.25,186184.5,397966.5,206337.0,128696.0,13045.75,26508.0,1358023.2,1369624.5,11601.25,1072201.0,1392159.0,433421.25,0.3113302790845011,0.7895306943209807,759507.5,34135.80000000005
2018-07-21,100086.75,44449.5,10200.75,75295.0,125103.0,3707.0,179550.75,387256.75,185238.75,112612.75,11952.5,27998.0,1157853.8,1165406.8,7553.0,947255.0,1263451.5,358842.0,0.2840172337442316,0.8181127876421013,713106.25,105597.69999999995
2018-07-22,99756.75,44183.75,5123.0,69809.0,136164.5,3647.5,171661.0,343424.25,165903.25,69396.5,6655.0,20957.75,1068034.2,1098951.5,30917.25,856937.75,1136682.25,358684.5,0.3155538850017232,0.802350477166368,599681.75,68648.05000000005
2018-07-23,99654.25,45838.5,2898.5,41417.25,200091.75,3626.75,182954.75,367790.0,258270.25,130640.5,26998.0,29309.75,1366034.8,1377519.0,11484.25,1121627.2,1389490.25,393527.0,0.2832168127844006,0.8210824497296847,786010.5,23455.449999999953
2018-07-24,98070.75,47377.0,2967.0,27405.0,227121.5,3612.0,185311.75,369046.25,280004.0,156531.0,21858.0,30986.0,1408588.8,1422330.8,13742.0,1151095.2,1450290.25,406553.25,0.2803254383045049,0.817197467422714,836567.25,41701.44999999995
2018-07-25,96737.5,45405.75,8029.75,65193.5,207921.5,3606.0,184890.75,377253.5,270733.5,154988.75,20744.5,34821.25,1430633.8,1451281.2,20647.5,1149489.0,1470326.25,426894.0,0.29033964400757994,0.8034823446782817,837797.0,39692.44999999995
2018-07-26,96285.0,45282.75,29081.75,113898.5,222217.0,3605.0,183231.75,365777.5,260686.25,150656.0,14804.5,37736.75,1431494.2,1448798.2,17304.0,1066297.0,1523262.75,510370.0,0.3350505354378291,0.7448839122086558,814856.5,91768.55000000005
2018-07-27,102896.0,43058.0,62731.5,175536.25,209754.5,3602.5,181274.75,366362.0,217361.5,127877.75,15752.0,35860.5,1418512.2,1437461.0,18948.75,970490.0,1542067.25,597578.75,0.38751795682062506,0.6841604887148662,747461.75,123555.05000000005
2018-07-28,103654.0,40525.75,54968.25,192221.0,167971.5,3598.5,180910.75,318067.5,137276.5,61160.25,15545.75,38037.75,1214138.2,1231874.2,17736.0,798977.5,1313937.5,562939.0,0.42843666460543217,0.6580614134371194,554542.0,99799.30000000005
2018-07-29,98487.5,36534.25,34758.75,103569.0,200540.25,3595.0,171564.5,307008.25,124288.5,53193.25,13740.75,37035.25,1081520.8,1130174.8,48654.0,742652.75,1184315.25,477484.75,0.40317369045108553,0.6866744957655923,521525.25,102794.44999999995
2018-07-30,97324.25,39654.0,22783.25,69901.25,207326.75,3589.75,206875.75,352811.25,238797.5,63336.0,22527.75,35714.25,1375865.8,1388200.0,12334.25,1075854.5,1360641.75,440579.25,0.3238025365604135,0.7819472654963878,690659.0,-15224.050000000047
2018-07-31,95999.5,39788.5,16878.75,123149.5,206790.25,3584.5,212341.25,370500.0,247153.25,134424.0,20438.75,29583.5,1417207.2,1441633.5,24426.25,1070388.8,1500631.75,486191.0,0.3239908791747209,0.7552803852534761,781660.75,83424.55000000005
2018-08-01,98404.25,41778.75,2476.5,94935.5,181816.5,3403.0,213429.75,363661.0,253552.0,71693.25,21969.75,27383.5,1415061.0,1432923.0,17862.0,1135832.5,1374503.75,422814.5,0.30761247468404507,0.8026738776632244,716289.75,-40557.25
2018-08-02,103998.25,46528.75,2320.25,77508.75,194362.0,3418.0,212142.25,367210.25,245902.5,84479.25,27674.5,27636.5,1418800.8,1443940.2,25139.5,1144609.8,1393181.25,428136.0,0.3073081840571713,0.8067445408826948,725228.5,-25619.550000000047
2018-08-03,104980.0,48570.25,1314.75,62987.5,213279.75,3414.0,181279.0,342899.75,220178.25,84895.75,22168.0,27103.0,1399961.5,1427036.8,27075.25,1122379.5,1313070.0,434546.25,0.3309391350042267,0.8017216902036235,675076.75,-86891.5
2018-08-04,104642.25,41195.25,12308.75,95623.25,190044.75,3411.5,206295.75,344974.0,150061.5,57508.75,7589.25,34260.5,1209111.5,1220971.2,11859.75,911134.75,1247915.5,447225.75,0.3583782315389143,0.7535572608481517,586804.75,38804.0
2018-08-05,104183.0,37522.75,36331.5,165499.25,194358.5,3411.0,205033.75,346632.75,87467.25,86088.75,8250.75,35215.5,1105957.5,1151326.0,45368.5,709768.25,1309994.75,541306.0,0.41321234302656557,0.6417681059172707,555404.25,204037.25
2018-08-06,102898.5,38679.25,15404.5,65158.5,224433.75,3422.75,209301.5,368436.75,200291.5,153472.0,30973.5,36517.75,1369954.2,1385962.5,16008.25,1064957.5,1448990.25,449997.25,0.31055919803463133,0.7773672287730495,758718.0,79036.05000000005
2018-08-07,101532.5,42791.75,8253.0,126938.75,191146.75,3424.25,207306.25,377275.5,213911.75,148588.0,18973.75,34700.25,1414342.0,1437171.8,22829.75,1088003.5,1474842.5,474087.0,0.3214492394950647,0.7692647888558779,774475.5,60500.5
2018-08-08,102013.0,41894.25,64568.5,237808.75,169541.25,3420.5,207277.75,376700.0,181534.0,145126.75,16017.0,34409.5,1444828.2,1478412.8,33584.5,972909.75,1580311.25,619246.25,0.3918508141987852,0.6733740039127144,737770.25,135483.05000000005
2018-08-09,102531.75,39669.75,24810.75,223322.0,180581.75,3418.25,208646.0,379461.5,155410.5,130544.5,17467.0,35499.75,1425449.0,1450644.0,25195.0,996734.5,1501363.5,574334.25,0.3825417695314959,0.69924248429793,700916.25,75914.5
2018-08-10,104822.25,38476.25,72711.75,373059.25,150609.5,3474.75,210279.0,340045.25,70631.5,79300.75,21514.75,36031.0,1391009.8,1426258.8,35249.0,794629.25,1500956.0,743153.75,0.4951202766769979,0.5712607129008005,526008.5,109946.19999999995
2018-08-11,106277.75,36398.5,72664.25,337405.25,182275.0,3467.5,206638.25,305119.0,54188.75,53900.0,18557.25,30993.25,1185330.2,1227910.5,42580.25,592985.75,1407884.75,738488.25,0.5245374310645811,0.5002705153382576,444201.0,222554.55000000005
2018-08-12,104629.25,33773.0,48874.5,88186.0,211600.5,3453.5,199733.75,304899.75,59629.0,62323.5,21235.25,30798.0,1062668.0,1092684.8,30016.75,714007.0,1169136.0,490516.75,0.419554910634862,0.6719003489330628,457650.25,106468.0
2018-08-13,101481.25,38116.75,8996.75,153749.0,129615.5,3452.0,215144.25,347953.25,172831.0,124540.75,25759.0,32157.75,1353959.5,1373352.2,19392.75,1061598.2,1353797.25,435411.25,0.32162220007464193,0.7840693905541487,677482.75,-162.25
2018-08-14,104718.0,42889.75,29564.75,268769.75,135621.0,3510.5,215700.0,346702.25,183864.5,130501.5,14018.5,31067.75,1380874.0,1410030.0,29156.0,946918.5,1506928.25,585073.75,0.38825587747790913,0.6857385250211098,692136.0,126054.25
2018-08-15,104907.0,38711.0,27142.75,96184.75,142103.25,3519.25,215912.5,357184.5,187621.0,124201.25,10747.75,33783.75,1339788.5,1364195.8,24407.25,1074357.8,1342018.75,412568.0,0.30742342459820327,0.8018861185925988,702790.5,2230.25
2018-08-16,104941.75,36293.5,52617.0,96630.25,212894.5,3520.25,214348.5,347425.75,186689.5,133083.25,20712.25,36592.75,1369857.2,1391669.8,21812.5,1007715.5,1445749.25,506897.25,0.3506121479917766,0.7356354370367948,703791.25,75892.05000000005
2018-08-17,105770.5,36897.75,13563.0,110513.25,179475.25,3486.0,214544.0,364436.0,205601.0,145444.0,15863.0,36005.25,1360004.0,1379180.5,19176.5,1056452.5,1431599.0,449705.75,0.3141282929088383,0.7768010241146349,751486.25,71595.0
2018-08-18,106068.75,38148.25,56960.75,98063.25,187385.25,3497.0,200546.5,337953.75,86257.75,82652.75,19216.25,34976.5,1179485.0,1204775.8,25290.75,837075.75,1251726.75,490123.25,0.3915577021901945,0.709695969003421,541840.75,72241.75
2018-08-19,105873.75,35463.5,55872.5,112864.75,198946.25,3494.25,210473.5,333748.25,67094.5,31466.5,12630.5,33523.25,1088634.8,1125926.5,37291.75,720951.25,1201451.5,512515.0,0.4265798494570942,0.6622526213565835,465832.5,112816.69999999995
2018-08-20,105821.75,39534.0,28180.0,155437.0,144675.75,3500.5,214961.25,362344.0,187733.0,66412.75,29754.25,37716.25,1375968.5,1390987.5,15019.0,1047675.75,1376070.5,477149.0,0.34674749585867876,0.761409690701495,654206.0,102.0
2018-08-21,105265.0,41859.5,7177.75,32692.25,171581.75,3511.0,214901.5,374967.25,255289.5,177177.5,28398.25,38188.5,1385420.8,1413489.2,28068.5,1173969.0,1451009.75,362087.25,0.24954156924169532,0.8473735921966813,845622.75,65588.94999999995
2018-08-22,104757.75,41467.0,17939.25,77447.5,199008.0,3453.0,215865.75,359953.75,241554.75,89905.25,21398.75,35979.5,1411518.0,1437490.8,25972.75,1117123.2,1408730.25,444072.5,0.31522890915418333,0.7914339030745623,727393.25,-2787.75
2018-08-23,105099.5,43407.75,32055.75,107098.25,160326.25,3501.75,211241.75,362111.75,247347.75,78772.25,22622.25,28408.75,1425009.2,1450416.0,25406.75,1125529.0,1401993.75,451489.25,0.3220337109206086,0.7898398129640146,716640.5,-23015.449999999953
2018-08-24,107141.75,40204.0,68819.25,255324.75,108220.0,3552.5,214114.5,354552.0,206479.0,63780.75,15746.0,36542.0,1403209.2,1434513.0,31303.75,970845.25,1474476.5,583262.25,0.3955724285873664,0.6918749178668441,661353.75,71267.30000000005
2018-08-25,108335.0,41527.25,41695.75,245497.25,96416.75,3599.0,218691.25,359552.0,116806.75,78336.75,15141.0,36255.75,1183875.5,1209257.2,25381.75,800265.75,1361854.5,537071.0,0.39436738653064624,0.6759712064317573,590951.25,177979.0
2018-08-26,108237.75,43324.5,55729.5,157398.0,184301.0,3609.75,218716.25,343675.25,88362.5,65107.0,22524.75,37599.75,1074934.0,1116945.2,42011.25,677505.5,1328586.0,552600.5,0.41593129838791015,0.6302763704562326,534744.5,253652.0
2018-08-27,107234.75,38629.75,91054.75,429934.75,121038.0,3554.75,214381.75,326423.5,130605.75,92308.25,18205.25,41430.25,1416226.8,1450310.2,34083.5,774199.25,1614801.5,791446.75,0.4901201478943387,0.5466633239817238,590767.75,198574.69999999995
2018-08-28,100653.25,40404.0,18250.5,82247.25,165907.25,3498.0,217657.0,369604.5,243335.0,81829.75,30010.0,39533.0,1398797.0,1417254.0,18457.0,1132392.0,1392929.5,410960.25,0.29503305802626767,0.8095470607958124,734302.25,-5867.5
2018-08-29,104357.75,37736.5,19770.0,151350.0,177245.25,3459.75,217198.5,368921.75,241036.25,84429.25,14216.25,39207.75,1416927.2,1442989.5,26062.25,1068562.0,1458929.0,493919.25,0.3385492028741632,0.7541403679737393,733595.0,42001.80000000005
2018-08-30,106672.5,41967.0,53530.0,279837.25,81663.25,3483.25,212155.5,372377.75,249138.0,142938.5,21534.25,39678.0,1428877.5,1459220.2,30342.75,1013847.0,1604975.25,567153.25,0.353371960097204,0.7095408808662744,804132.25,176097.75
2018-08-31,108097.25,44377.0,35510.25,131280.25,102990.0,3504.0,200414.25,365416.75,270420.75,176936.0,21060.5,40183.0,1375348.8,1396988.8,21640.0,1105568.2,1500190.0,425758.75,0.28380321825902055,0.8038456862724568,852956.5,124841.19999999995
2018-09-01,108998.0,48700.5,5674.0,88089.5,122420.0,3427.25,188839.0,338683.75,244501.75,104557.25,8591.0,37961.75,1163909.5,1179826.0,15916.5,947726.0,1300443.75,377309.25,0.2901388468359358,0.8142609025873575,725704.5,136534.25
2018-09-02,107966.25,48619.75,7089.0,160385.0,78141.0,3417.75,188533.25,333874.0,181334.75,68041.5,12189.25,38316.75,1084433.2,1117690.5,33257.25,838818.25,1227908.25,405618.75,0.33033310917163394,0.7735084558458741,621567.0,143475.05000000005
2018-09-03,107405.5,50857.75,29914.0,136940.25,96691.0,3401.75,187738.75,338552.25,284107.0,139964.25,26567.75,40311.25,1395458.8,1414923.5,19464.75,1131913.5,1442451.5,425210.25,0.29478304816487766,0.811140751701161,802934.75,46992.69999999995
2018-09-04,106706.5,48603.0,14298.75,72461.25,136606.75,3403.25,186839.5,362772.5,295327.5,145978.25,24805.75,34646.25,1412936.5,1446177.5,33241.0,1189569.8,1432449.25,382079.5,0.26673161370289383,0.841913136223744,838724.5,19512.75
2018-09-05,106821.5,47236.75,5586.5,65811.5,167414.75,3376.25,186016.0,369177.25,285515.5,154224.0,29540.5,41906.25,1401736.5,1433174.2,31437.75,1162923.8,1462626.75,396247.25,0.27091481131464334,0.8296308186310337,850823.0,60890.25
2018-09-06,107378.0,45828.75,13741.0,105705.75,140725.0,3349.0,186032.0,385541.75,278839.25,159021.25,23157.75,41931.25,1416087.5,1447189.2,31101.75,1155915.8,1491250.75,416727.5,0.2794483087435161,0.8162742768367068,865333.5,75163.25
2018-09-07,104592.0,44201.0,39632.25,162991.0,102416.0,3383.0,186152.5,368258.0,270918.75,138624.75,18801.5,40318.5,1401293.0,1432629.2,31336.25,1096253.8,1480289.25,457215.25,0.3088688578938204,0.7823159039544193,818120.0,78996.25
2018-09-08,103763.5,41281.75,76002.25,205457.75,172190.25,3393.5,185033.75,326928.5,103046.5,64714.75,23446.0,37068.0,1201574.0,1236891.0,35317.0,747923.75,1342326.5,602089.0,0.4485413943626979,0.6224533403685499,531757.75,140752.5
2018-09-09,103908.25,38971.5,62608.75,88277.0,161910.0,3390.25,189049.75,348099.5,106179.5,63899.25,15938.75,36398.25,1075153.8,1114711.5,39557.75,762358.0,1218630.75,459065.75,0.37670619258540783,0.7090687862517902,554576.5,143476.94999999995
2018-09-10,103487.75,39514.75,51238.5,129874.75,136236.25,3386.0,187969.25,361534.25,257450.25,106566.0,25171.75,36886.75,1386180.5,1409698.0,23517.5,1068831.0,1439316.25,463738.0,0.3221932636416771,0.7710619215895765,762437.25,53135.75
2018-09-11,102882.5,38308.75,85983.75,332947.0,161735.75,3365.0,179897.25,340486.75,190392.25,86311.25,17762.5,39242.75,1463556.2,1505660.0,42103.75,882889.75,1579315.5,725222.75,0.4592006790283512,0.6032496394740428,656433.0,115759.30000000005
2018-09-12,103603.5,39651.25,59482.0,171512.25,153095.5,3394.25,186499.5,345957.0,278698.5,106475.0,23939.75,38321.75,1443137.0,1466606.8,23469.75,1059047.2,1510630.25,530738.75,0.3513359738427057,0.7338507709247285,769452.25,67493.25
2018-09-13,105036.0,41606.75,25532.75,34450.5,88605.75,3431.5,188589.25,358671.0,327967.5,163167.75,26204.0,39113.25,1411773.0,1434207.0,22434.0,1263184.0,1402376.0,298663.25,0.2129694532707348,0.8947500766766329,888919.5,-9397.0
2018-09-14,105093.25,41121.25,70999.75,58832.5,107783.5,3469.75,189475.0,364240.5,312010.25,138787.0,18827.25,38835.25,1395662.2,1426184.0,30521.75,1158046.5,1449475.25,387300.0,0.2672001470877133,0.8297469831883388,853873.0,53813.05000000005
2018-09-15,104924.25,37050.25,65820.75,181351.75,131633.5,3487.25,185853.0,321790.0,155821.25,69534.0,23561.25,35496.75,1196929.5,1229915.0,32985.5,818123.5,1316324.0,524267.75,0.39828169204542346,0.6835185363883169,582642.0,119394.5
2018-09-16,104130.0,34423.75,71325.25,90709.25,169801.75,3491.0,185248.75,341314.0,103432.0,59860.25,15039.75,36111.0,1078562.0,1126017.8,47455.75,746725.75,1214886.75,473881.0,0.3900618720222276,0.6923345621299472,540717.25,136324.75
2018-09-17,102104.75,33488.5,41463.5,84010.0,169019.75,3467.0,185356.25,366510.0,261467.25,121947.25,27968.75,39722.5,1380067.0,1403748.8,23681.75,1085573.8,1436525.5,433553.5,0.3018070337073724,0.7866094906986401,789647.0,56458.5
2018-09-18,99865.0,37889.25,84418.5,262881.5,170265.25,3471.75,185982.5,354348.25,215150.75,75863.0,30451.25,39986.25,1458378.2,1500506.2,42128.0,940813.0,1560573.25,658791.25,0.4221469578566722,0.6451090670444745,685348.25,102195.05000000005
2018-09-19,98392.25,37518.25,93451.25,239149.0,153552.0,3443.75,185057.5,359164.25,249948.25,89973.0,31718.25,40991.0,1467361.5,1513809.0,46447.5,981209.25,1582358.75,625506.5,0.39530005442823885,0.6686895151603746,740076.5,114997.25
2018-09-20,100607.0,37271.5,67919.75,248843.75,154879.25,3491.25,186873.25,354207.5,265274.75,93074.5,39665.5,41189.5,1462297.2,1505972.8,43675.5,990654.5,1593297.5,613012.5,0.3847445313885197,0.6774645400401506,753746.25,131000.30000000005
2018-09-21,93447.25,33649.5,83623.75,626119.0,93469.5,3503.75,182702.25,289306.25,79323.5,63050.75,26110.5,41372.75,1491415.2,1530430.8,39015.5,688203.0,1615678.75,933812.75,0.5779693209432878,0.4614429301779947,473053.25,124263.55000000005
2018-09-22,98618.5,34305.5,97237.75,475191.25,111127.25,3602.25,181583.75,245658.5,48529.0,55923.0,28174.0,33336.0,1252920.8,1307124.0,54203.25,569364.5,1413286.75,820082.5,0.5802661774052577,0.45442976124268986,383446.5,160365.94999999995
2018-09-23,98782.25,31489.0,70757.25,282819.0,50429.25,3540.25,189433.5,345527.0,39623.5,59431.25,25945.25,32654.75,1137557.8,1167354.5,29796.75,733552.25,1230432.25,537817.0,0.4370959880155937,0.6448483321023336,477236.5,92874.44999999995
2018-09-24,98587.5,40993.75,106504.25,511139.5,131063.5,3610.5,182994.25,283424.25,99787.25,60925.25,21103.75,32720.75,1452394.8,1508109.2,55714.5,703687.5,1572854.5,891899.0,0.5670575377442733,0.4845015280969059,476857.5,120459.69999999995
2018-09-25,101463.5,39983.75,39620.0,145257.75,160265.0,3583.0,191311.75,361370.75,251155.75,82909.75,27830.75,35641.5,1436075.8,1458114.5,22038.75,1090933.0,1440393.25,490173.0,0.3403049826844162,0.7596625470605382,731077.75,4317.449999999953
2018-09-26,107374.0,38407.25,105471.5,378903.25,147656.0,3632.75,186447.25,344492.75,154919.25,81287.75,25020.75,41087.75,1487079.8,1532452.5,45372.75,855049.0,1614700.25,781444.75,0.483956542398504,0.5749852832376581,621787.5,127620.44999999995
2018-09-27,107792.75,36651.0,86897.25,227642.0,156947.5,3602.5,189020.5,387981.75,213272.25,85668.5,30863.25,39731.75,1466397.0,1504986.0,38589.0,994910.25,1566071.0,619533.0,0.39559700677683196,0.6784726441748039,726654.25,99674.0
2018-09-28,107727.0,33406.5,88460.5,281287.75,121814.5,3578.25,185702.25,382283.25,197831.25,93497.25,21379.25,41239.0,1460137.2,1500329.5,40192.25,968574.5,1558206.75,636274.5,0.4083376612249947,0.663344855538233,714850.75,98069.55000000005
2018-09-29,109357.5,32054.25,61312.0,138338.0,159669.0,3621.25,190015.75,381012.25,114786.0,84965.5,22173.0,40906.25,1217443.2,1247375.0,29931.75,858124.25,1338210.75,504352.0,0.37688532990786394,0.7048577297076365,621670.0,120767.55000000005
2018-09-30,109363.25,31167.0,70944.25,141329.5,161752.5,3623.75,190169.25,350510.75,112928.25,74024.25,21383.25,42204.0,1115957.0,1161608.2,45651.25,741930.75,1309400.0,518180.25,0.3957386971131816,0.6648381165224108,579667.25,193443.0
2018-10-01,109256.0,33681.0,87658.0,234146.5,76557.25,3455.5,188031.0,374464.5,243527.75,110988.0,28581.25,42824.25,1413945.5,1449215.0,35269.5,1015583.75,1533171.0,544754.25,0.3553121276100318,0.7182623021891579,771804.5,119225.5
2018-10-02,109260.75,39825.5,89953.5,577827.25,55054.75,3443.5,184296.25,305936.25,152228.5,81639.25,26688.75,39718.25,1483511.8,1515420.0,31908.25,760676.25,1665872.5,875365.25,0.5254695362340155,0.5127537576714927,579522.25,182360.69999999995
2018-10-03,110833.5,36683.0,84901.25,549744.5,86253.25,3338.0,172425.0,196668.25,110089.5,64451.0,14455.5,38131.0,1233294.5,1290195.2,56900.75,512395.5,1467973.75,871753.5,0.5938481529387021,0.415468892466479,409339.75,234679.25
2018-10-04,111625.0,40930.5,54921.25,159743.0,111887.25,3362.25,192124.75,328581.75,325771.5,128385.25,38410.0,42854.75,1407901.5,1428859.0,20957.5,1081350.0,1538597.25,482469.25,0.3135773510579198,0.7680579926933809,825593.25,130695.75
2018-10-05,110103.75,36695.25,50394.0,175362.0,155980.25,3425.0,188679.25,310898.0,325884.75,113783.25,28490.5,43387.75,1410514.8,1450290.0,39775.25,1028778.5,1543083.75,531960.25,0.34473841747085987,0.7293638464481195,793953.75,132568.94999999995
2018-10-06,110037.25,35048.0,29468.25,149632.0,125386.75,3389.75,191162.0,281887.75,280698.0,90115.5,19555.0,42012.0,1205629.2,1225263.8,19634.5,901142.25,1358392.25,452962.0,0.33345449372226615,0.7474456076544927,694713.25,152763.05000000005
2018-10-07,108610.75,33147.25,37321.25,186741.25,92468.5,3386.5,188424.0,289834.25,186119.0,80133.0,21597.0,42725.75,1108174.8,1153930.2,45755.5,791643.75,1270508.5,461675.5,0.3633785212771107,0.714367218962207,598812.0,162333.69999999995
2018-10-08,102918.5,34216.0,95174.25,99976.75,115605.25,3365.25,191142.0,310657.25,338501.75,146410.5,39871.75,44686.25,1408164.0,1447639.8,39475.75,1097407.8,1522525.5,451256.0,0.2963864973033292,0.7793181760079082,840255.75,114361.5
2018-10-09,102893.75,34849.5,77961.75,91432.75,106616.5,3356.75,186537.0,315314.0,369072.0,190624.5,28913.75,44247.75,1433255.0,1471520.8,38265.75,1157244.0,1551820.0,417111.0,0.2687882615251769,0.807423661525688,919258.25,118565.0
2018-10-10,102507.75,33795.0,31704.0,203957.25,131029.0,3325.0,189038.25,340080.25,333398.25,139868.75,24799.0,42178.5,1440100.2,1477050.8,36950.5,1073410.0,1575681.0,506318.0,0.32133280784625823,0.7453717456604756,855525.75,135580.80000000005
2018-10-11,101849.25,33898.75,75893.75,312061.25,131699.75,3315.5,182074.25,355306.75,247680.75,108072.25,21113.25,42262.0,1475531.2,1515057.2,39526.0,955876.5,1615227.5,658718.25,0.4078176294051457,0.6478185618846962,753321.75,139696.30000000005
2018-10-12,102655.25,33177.75,85932.25,242594.25,134785.0,3339.75,182994.0,356956.0,267426.0,116216.75,32365.0,41777.25,1444114.0,1474539.0,30425.0,980802.5,1600219.25,602484.25,0.3765010638385959,0.6791724891525184,782376.0,156105.25
2018-10-13,101958.25,29594.5,95546.25,258298.75,137382.25,3421.0,173639.0,345815.5,105827.5,77368.0,20088.5,35894.0,1221588.0,1254095.0,32507.0,730360.75,1384833.5,626201.0,0.4521850460723257,0.597878130760944,564905.0,163245.5
2018-10-14,101425.0,27239.75,75749.5,334093.75,137122.25,3422.25,187946.5,278372.5,61918.75,66340.75,15974.25,33515.75,1139087.2,1197842.5,58755.25,592121.75,1323121.0,679052.5,0.5132202572553833,0.5198212656590294,440147.75,184033.80000000005
2018-10-15,101497.0,27819.25,18509.25,156349.0,124528.0,3421.0,185828.25,365295.25,318008.0,157948.25,26818.5,34792.75,1416681.8,1440524.5,23842.75,1117295.5,1520814.5,432123.5,0.28413951865924475,0.7886707516112651,876044.25,104132.69999999995
2018-10-16,104650.5,34911.25,14412.5,36601.5,108042.0,3442.25,188528.75,379699.5,377431.5,196444.25,35960.0,34223.25,1433658.8,1468842.2,35183.5,1274602.8,1514347.25,302060.0,0.19946547926837785,0.8890558897277372,987798.5,80688.44999999995
2018-10-17,107154.5,33693.5,14844.0,38125.5,116466.25,3459.5,188630.5,374884.75,372983.75,204295.25,25639.5,41387.0,1435511.2,1468534.8,33023.5,1266075.5,1521564.0,313743.25,0.20619786614299498,0.8819683886827215,993550.75,86052.80000000005
2018-10-18,106635.25,30714.25,32360.25,113697.5,85440.0,3485.75,188556.25,369283.75,360136.5,194276.0,22469.75,40583.0,1457236.2,1490562.8,33326.5,1225738.5,1547638.25,372333.0,0.2405814149398285,0.8411392058473431,964279.25,90402.05000000005
2018-10-19,111012.5,32750.0,4058.25,53991.5,86407.5,3470.25,188684.5,393032.25,345884.5,204953.25,26960.25,41215.75,1426139.0,1452403.2,26264.25,1281681.8,1492420.5,291690.0,0.19544759670615622,0.8987074892419322,985085.75,66281.5
2018-10-20,112869.25,29389.75,29615.5,82425.75,86940.75,3431.5,189712.75,389191.75,241527.75,133317.25,14641.5,39704.75,1249909.5,1278464.8,28555.25,1050927.5,1352768.25,344672.5,0.2547905008858687,0.8408028741280869,803741.5,102858.75
2018-10-21,112851.5,27591.75,53935.0,82687.5,103526.75,3503.5,188412.75,392459.0,172651.0,96796.25,18842.5,39794.5,1159394.8,1197239.2,37844.5,919245.5,1293052.0,384096.0,0.2970460584725131,0.7928666749238482,701700.75,133657.19999999995
2018-10-22,112968.75,30373.25,96277.25,222384.75,81701.0,3506.5,184644.5,401840.75,225808.0,132067.75,34960.5,35495.75,1489188.2,1520373.2,31185.0,1088825.2,1562028.75,547211.5,0.3503210168186725,0.7311535237789287,795212.25,72840.55000000005
2018-10-23,111464.25,28344.75,89832.75,735871.75,28192.5,3474.75,175579.0,310880.75,128871.0,91819.25,21141.0,39859.5,1577026.5,1621805.5,44779.0,723129.5,1765331.25,997180.75,0.5648689162444726,0.45853985332522945,571430.5,188304.75
2018-10-24,112790.5,27743.0,100355.25,590864.75,38537.25,3442.25,171379.5,326370.0,149694.25,120239.0,31545.75,39585.0,1561378.5,1598300.2,36921.75,831621.25,1712546.5,873733.0,0.5101951976194515,0.5326198932545824,635888.25,151168.0
2018-10-25,114963.5,30816.25,87803.5,513251.25,36799.75,3449.0,175132.25,351381.25,178885.25,117232.75,19102.0,35109.0,1543489.0,1583889.8,40400.75,905634.5,1663925.75,787083.25,0.47302786798028695,0.586745030252888,682608.25,120436.75
2018-10-26,115885.0,28758.0,81354.5,322587.25,51662.0,3469.25,187843.25,377037.25,198120.25,132055.0,20011.0,35123.75,1495078.8,1529456.2,34377.5,1039475.0,1553906.5,603716.0,0.38851501039476954,0.6952643566345801,742336.25,58827.69999999995
2018-10-27,115710.25,29145.0,75081.75,308737.5,37145.5,3511.5,185245.75,378315.25,149982.0,96011.75,25006.0,32698.0,1300763.8,1334614.2,33850.5,879799.0,1436590.25,569331.5,0.39630750661157554,0.6763710675220205,657007.0,135826.44999999995
2018-10-28,119807.25,32535.25,76248.75,394647.5,27395.75,3667.0,200411.75,411121.5,74313.25,79092.75,13556.0,33181.5,1262331.0,1298007.0,35676.0,764039.0,1465978.25,654301.5,0.4463241524899841,0.6052604269403191,597709.0,203647.25
2018-10-29,114580.5,43242.5,102214.0,466334.5,15993.75,3493.5,187357.75,370033.25,133391.0,120039.25,38663.0,41776.5,1539530.8,1578242.2,38711.5,954988.5,1637119.5,745858.75,0.4555921238492364,0.6203113961734316,665240.0,97588.69999999995
2018-10-30,115238.0,44513.5,96018.0,622492.25,43385.5,3481.5,180664.0,333362.75,100119.25,100604.25,22131.25,38720.5,1549748.5,1590374.0,40625.5,787852.75,1700730.75,925128.75,0.5439595597363075,0.5083745846503481,572806.75,150982.25
2018-10-31,115392.5,42020.5,61168.5,398328.75,78591.75,3516.5,180155.0,351033.75,165773.5,120885.5,34641.5,39629.5,1459683.0,1497931.0,38248.0,921594.0,1591137.25,699018.5,0.43932005237134636,0.6313658513526567,677322.25,131454.25
2018-11-01,115710.0,35463.5,69161.25,225751.25,44723.25,3626.75,190455.5,377643.25,176013.5,118328.0,18053.5,41580.25,1323925.0,1366626.8,42701.75,984289.25,1416510.0,494436.0,0.3490522481309698,0.7434629982816248,713565.0,92585.0
2018-11-02,115807.75,33872.0,71421.75,258684.25,55987.0,3648.75,190552.0,329211.5,223947.0,147226.0,23709.0,41201.0,1401331.8,1434310.8,32979.0,1015238.75,1495268.0,539421.5,0.36075238686309075,0.7244813469586574,741585.5,93936.19999999995
2018-11-03,116789.25,31801.5,57359.75,100646.25,56750.5,3635.75,191983.0,353016.75,230414.0,131592.25,11240.25,41586.25,1248011.0,1277487.2,29476.25,1033254.5,1326815.5,366983.0,0.2765893223285378,0.8279209878759082,756609.25,78804.5
2018-11-04,116280.25,31142.25,52755.25,142584.5,22226.25,3633.5,191173.0,354427.75,180660.0,112250.25,19107.25,41698.0,1160766.0,1194643.2,33877.25,943200.0,1267938.25,368622.0,0.29072551443258376,0.8125668739435855,689036.0,107172.25
2018-11-05,115700.25,33263.5,42835.25,167150.0,45461.5,3600.0,187752.25,377715.5,286770.5,193288.5,29459.5,42567.75,1457748.8,1491222.5,33473.75,1202302.0,1525564.5,408010.5,0.2674488689268792,0.8247662423045726,900342.25,67815.69999999995
2018-11-06,115094.5,31945.25,46263.75,195128.5,70836.5,3581.0,189432.0,378154.5,285315.75,197986.25,21318.25,41709.0,1498110.8,1533523.2,35412.5,1185882.0,1576765.25,462849.5,0.2935436965014291,0.7915849748897077,903165.5,78654.44999999995
2018-11-07,115489.0,32252.5,67734.0,207670.75,80605.5,3572.0,190062.25,379578.0,271063.5,177957.5,19733.5,42360.25,1513343.8,1543347.8,30004.0,1157333.5,1588078.75,507323.75,0.3194575520892777,0.7647525301256727,870959.25,74734.94999999995
2018-11-08,115695.5,33043.5,55508.25,123152.5,44318.25,3626.5,213117.5,375773.5,311537.75,210023.5,27995.75,43524.0,1495108.2,1524689.2,29581.0,1272129.2,1557316.5,375344.5,0.24102004955318973,0.8508609610996716,940858.75,62208.30000000005
2018-11-09,116166.5,35395.5,53069.75,182222.5,34655.0,3649.75,222198.75,373555.25,295433.75,201336.75,26182.0,42834.0,1478050.2,1505943.8,27893.5,1208103.0,1586699.5,425159.0,0.26795180814010466,0.8173626308497506,913159.75,108649.30000000005
2018-11-10,116493.0,31368.5,101313.5,392276.5,35838.25,3656.5,215047.25,310274.0,98388.25,99712.75,16841.25,41511.75,1307786.5,1343030.8,35244.25,778358.25,1462721.5,680946.25,0.46553376702263555,0.5951722624449786,549886.75,154935.0
2018-11-11,116699.5,29474.0,105439.0,429771.0,42740.75,3640.5,205374.5,263234.0,78940.25,89688.75,12138.0,42200.75,1193266.8,1246568.0,53301.25,615316.0,1419341.0,727764.75,0.5127483458872815,0.5156566829815428,474063.75,226074.19999999995
2018-11-12,116594.75,31407.0,44651.0,279068.75,41931.25,3635.0,213813.0,362883.0,243622.75,139303.25,30228.5,37024.75,1467086.5,1484667.0,17580.5,1101435.5,1544163.0,517287.75,0.3349955607018171,0.7507638438496981,782833.75,77076.5
2018-11-13,114058.0,31848.5,84049.25,396611.5,23392.5,3634.0,210661.0,376487.5,248710.25,135361.25,17710.75,40879.0,1519771.8,1555884.2,36112.5,1015718.5,1683403.5,653593.75,0.3882573310558045,0.6683361936311754,801438.0,163631.69999999995
2018-11-14,114318.5,34368.0,74745.0,173231.25,49395.25,3635.75,218252.75,382823.5,325152.25,187362.25,26739.75,40955.0,1526943.5,1554650.2,27706.75,1229572.0,1630979.25,449693.75,0.2757200926989108,0.8052504889670116,936293.0,104035.75
2018-11-15,117255.5,33478.75,33108.5,148445.25,44127.5,3671.5,223586.25,401588.25,360571.25,201820.5,27877.25,42886.75,1526596.2,1559013.5,32417.25,1300915.0,1638417.25,380087.0,0.23198425187478952,0.8521670629076635,1006866.75,111821.05000000005
2018-11-16,117718.5,31973.0,41092.75,321944.5,75882.75,3681.25,223426.75,393157.0,270312.5,144772.5,20788.0,42855.0,1531437.8,1569274.0,37836.25,1092517.8,1687604.5,592292.75,0.3509665623669527,0.7133935181696573,851097.0,156166.69999999995
2018-11-17,117593.5,29975.5,71403.25,385892.75,80901.5,3615.5,176197.25,227466.0,134625.0,89305.75,10448.0,41934.75,1367613.2,1393120.8,25507.5,829415.75,1369358.75,689382.0,0.503434180414738,0.6064695412416318,493331.5,1745.5500000000466
2018-11-18,118179.25,28227.75,61812.75,300800.75,69173.25,3608.0,223494.5,358096.75,150747.0,98490.25,9639.75,41403.5,1221708.0,1243136.5,21428.5,789921.25,1463673.5,581801.75,0.3974942157523519,0.6465712346976528,648737.5,241965.5
2018-11-19,117857.5,31584.75,94578.5,571508.5,18837.5,3591.0,219791.0,317171.75,188783.25,134869.5,26135.25,42229.5,1562177.2,1591026.5,28849.25,877252.75,1766938.0,837957.75,0.47424287100056706,0.5615577733435106,683054.0,204760.80000000005
2018-11-20,117141.5,34501.25,78061.25,667331.75,22046.25,3657.5,209357.75,306256.0,180828.25,131885.0,19170.75,41646.5,1602985.5,1638069.8,35084.25,835546.25,1811883.75,922739.5,0.5092708072468777,0.5212437979008544,660615.75,208898.25
2018-11-21,117917.0,39154.5,100329.0,308486.0,16574.5,3673.25,219127.5,359216.25,274172.0,195187.5,29392.25,39846.5,1580617.0,1607287.8,26670.75,1155227.5,1703076.25,586134.25,0.34416207142809957,0.7308712357263019,868422.25,122459.25
2018-11-22,118100.75,40620.25,68579.25,124346.75,20622.0,3669.5,224705.0,376330.75,361103.5,264896.25,33975.25,43939.5,1565325.0,1597417.0,32092.0,1351777.0,1680888.75,375938.5,0.22365459938975735,0.8635759347100442,1046270.0,115563.75
2018-11-23,118293.5,40487.75,17558.5,81869.0,29986.0,3675.5,224592.5,383583.5,386273.5,270493.75,30856.25,44193.25,1533748.2,1566025.5,32277.25,1404334.8,1631863.0,291870.25,0.17885707930138744,0.9156227860609715,1084544.0,98114.80000000005
2018-11-24,118403.5,33186.5,19802.0,91765.5,16337.75,3597.0,224871.5,358912.0,320771.25,195976.0,24493.5,42831.75,1328340.8,1349465.2,21124.5,1200435.5,1450948.25,283092.25,0.19510844029068578,0.9037104785157544,918491.0,122607.44999999995
2018-11-25,117221.25,27082.5,64158.5,105342.75,21645.5,3609.25,221954.0,361644.0,267645.5,147693.75,10895.5,45398.75,1235955.0,1272938.0,36983.0,1044808.25,1394291.25,339059.75,0.24317713390226037,0.8453448952429498,822382.0,158336.25
2018-11-26,115881.25,35274.75,59454.25,190448.0,11102.75,3629.0,223701.75,367103.75,312337.5,237398.75,32096.75,44860.0,1531656.8,1567037.5,35380.75,1270651.8,1633288.5,415790.0,0.25457229387214814,0.8295930263228681,961700.0,101631.69999999995
2018-11-27,116009.75,36542.0,53116.5,86012.75,15975.25,3649.5,224457.0,385900.75,360059.25,264030.75,30787.0,46386.75,1568345.5,1600510.2,32164.75,1413241.0,1622927.25,311305.75,0.19181743975276772,0.9011031051512566,1056377.5,54581.75
2018-11-28,116959.75,34474.5,97830.25,423606.0,35068.0,3651.25,221618.0,364535.25,258324.75,178694.25,27837.25,42332.75,1634473.2,1664709.5,30236.25,1077969.0,1804932.0,711589.75,0.3942474010101212,0.6595207556783433,843887.0,170458.80000000005
2018-11-29,114978.75,29984.75,80919.75,577902.25,31406.5,3652.0,216549.75,319963.75,205832.0,145081.0,19551.0,41885.75,1607136.5,1644861.2,37724.75,916908.0,1787707.25,838844.0,0.4692289523354565,0.5705227900679252,712762.5,180570.75
2018-11-30,110023.0,27060.5,105011.75,350047.0,12406.75,3640.5,218406.0,359209.5,206811.75,191010.75,35462.5,41492.25,1572675.5,1600303.2,27627.75,1105210.0,1660582.25,608189.5,0.36625075331258056,0.7027578162182854,798524.25,87906.75
2018-12-01,111385.25,26348.75,98178.25,345104.0,27295.0,3365.75,220121.25,328990.0,146909.5,136184.75,14289.25,44278.5,1350096.2,1385348.8,35252.5,879519.0,1502450.25,611677.0,0.4071196367400518,0.6514491337728379,656362.75,152354.05000000005
2018-12-02,110580.5,25340.75,100931.75,552277.5,8032.5,3350.0,214297.75,246812.75,84384.25,105442.5,15619.0,42929.5,1260112.0,1302443.5,42331.5,598870.25,1509998.75,800513.0,0.5301414984615054,0.47525160461927196,479569.0,249886.75
2018-12-03,110104.0,31710.25,109479.0,499219.25,17736.5,3310.0,215283.25,317110.0,133129.5,136565.0,26553.5,42011.25,1541288.0,1575740.2,34452.25,914853.25,1642211.5,771559.0,0.46982925159152766,0.5935641165051567,628815.75,100923.5
2018-12-04,109714.75,34797.75,83336.25,418268.0,31010.0,3356.75,218173.25,326747.75,219669.25,171382.75,31694.75,40712.25,1578583.8,1618620.2,40036.5,1045969.5,1688863.5,680483.5,0.4029239189549659,0.6625999202576385,758512.0,110279.69999999995
2018-12-05,110973.5,35720.0,78723.0,260942.75,32668.0,3392.5,221783.75,376208.75,254005.5,203887.0,28679.5,41652.5,1601111.8,1639056.2,37944.5,1228778.0,1648636.75,522419.75,0.3168798402680275,0.7674529661201672,875753.75,47524.94999999995
2018-12-06,110685.75,33498.0,92205.5,403260.25,10872.25,3342.25,223941.5,371882.25,207249.0,170997.75,26080.25,43186.25,1609762.5,1644925.8,35163.25,1103424.5,1697201.0,653864.0,0.38526020194426,0.685457947989222,793315.25,87438.5
2018-12-07,110226.0,31564.5,97100.5,680618.75,11698.5,3288.5,214490.75,296475.25,112580.0,126135.75,27658.75,42805.75,1584534.0,1622808.8,38274.75,795116.25,1754643.0,934496.75,0.5325851184542952,0.5017981627405912,577996.75,170109.0
2018-12-08,110021.5,31104.25,105943.25,894641.75,18135.75,3350.5,166569.75,130057.5,49189.75,55624.5,24265.75,40607.0,1387887.0,1427180.2,39293.25,369166.25,1629511.25,1163197.0,0.7138318314770763,0.2659915756830347,275478.75,241624.25
2018-12-09,110637.0,31854.25,107316.75,781353.0,11513.75,3354.5,193904.0,131343.0,39510.75,59050.0,24426.0,39708.0,1277133.5,1325179.2,48045.75,376950.0,1533971.0,1046029.25,0.6819094037631741,0.29515316918708967,269611.75,256837.5
2018-12-10,110644.0,36684.0,94926.0,750272.75,23726.25,3351.0,213171.5,248673.5,126221.75,129324.0,27014.5,42474.5,1594612.8,1627471.5,32858.75,725687.75,1806483.75,1019604.0,0.564413601838378,0.4550871220900773,546693.75,211870.94999999995
2018-12-11,110499.5,39175.5,77835.5,423374.5,18571.5,3216.75,220846.75,353644.75,256102.75,202392.0,28044.5,43526.25,1609102.0,1642148.0,33046.0,1089320.5,1777230.25,672673.25,0.378495273755328,0.6769741756582243,855665.75,168128.25
2018-12-12,110940.75,45722.5,42815.75,123411.0,17305.5,3240.25,226510.75,391438.0,346607.0,250605.5,33828.75,44123.25,1593505.2,1625340.8,31835.5,1409973.0,1636549.0,343435.75,0.20985363102479668,0.8848248502734726,1032773.75,43043.80000000005
2018-12-13,114151.75,45795.5,69297.0,194935.75,19736.0,3243.5,224591.75,391617.5,353175.0,240040.5,31165.0,44665.5,1610019.8,1652938.2,42918.5,1326051.0,1732414.75,447159.5,0.258113422319915,0.8236240324497872,1029498.5,122394.94999999995
2018-12-14,118626.25,45818.75,49703.25,123127.25,9675.75,3251.5,227525.25,387422.75,393591.0,249528.25,45861.0,43925.5,1592772.0,1630072.0,37300.0,1410265.8,1698056.5,350202.75,0.20623739551658027,0.8854159917426977,1074467.5,105284.5
2018-12-15,118543.0,35107.25,85491.5,182924.75,9247.0,3261.75,226583.0,397173.0,332442.5,182597.25,12707.25,42704.25,1404042.5,1439954.2,35911.75,1126379.2,1628782.5,434575.25,0.2668098717907394,0.8022401031307813,954917.0,224740.0
2018-12-16,118222.75,29763.75,75714.5,240467.0,7829.75,3257.25,226100.5,387001.75,246523.0,153282.5,22513.25,42862.0,1316068.8,1357659.2,41590.5,992057.5,1553538.0,475255.0,0.30591784687596957,0.7538036765251178,829669.25,237469.19999999995
2018-12-17,117751.0,34589.75,32339.25,154862.25,12758.25,3251.25,226816.5,389020.5,351695.25,228861.75,31649.25,44426.5,1548509.0,1575820.5,27311.5,1348549.2,1628021.5,355551.75,0.21839499662627307,0.8708694621729677,1014004.0,79512.5
2018-12-18,116993.25,32138.25,70647.5,260573.75,31157.25,3209.25,222164.5,370376.5,289479.25,213765.75,25314.5,43293.75,1585184.0,1622130.0,36946.0,1222805.5,1679113.5,514719.25,0.3065422617351358,0.7713965697357531,916915.25,93929.5
2018-12-19,117530.5,29499.25,110953.5,363860.0,9888.75,3263.25,224310.0,361553.0,246072.75,192943.75,26277.25,43740.5,1591685.0,1633462.5,41777.5,1106982.8,1729892.5,634995.25,0.36707208684932735,0.6954785651683594,844310.0,138207.5
2018-12-20,114348.25,28487.0,72309.5,298987.75,18419.0,3159.75,226430.25,370785.5,248617.0,176127.25,27882.75,44476.0,1522804.2,1546262.5,23458.25,1133088.0,1630030.0,535711.25,0.328651159794605,0.7440799020648879,840005.75,107225.80000000005
2018-12-21,118188.75,30934.5,76318.5,665393.75,6570.25,3143.5,212003.25,268907.0,112031.75,118360.0,24336.0,43997.25,1450843.2,1497768.2,46925.0,702560.75,1680184.5,900549.25,0.5359823578898627,0.4842430594843054,543296.0,229341.30000000005
2018-12-22,117852.25,37028.0,34032.5,506602.0,11550.0,3160.75,216617.0,239940.5,98998.0,97075.75,30097.0,42699.75,1258125.5,1289832.5,31707.0,705941.0,1435653.5,710225.5,0.4947053728493679,0.5611053905194673,478714.0,177528.0
2018-12-23,118431.0,41854.0,52415.75,359407.75,9497.75,3206.0,224101.5,247093.5,83246.0,89979.25,24956.0,43365.0,1158698.8,1202776.5,44077.75,737377.5,1297553.5,584812.25,0.4507037667425659,0.636384106033423,463683.75,138854.69999999995
2018-12-24,118409.75,47723.75,59531.75,293492.25,19312.0,3224.0,224372.25,241081.75,75401.0,93906.5,29331.5,43014.25,1153483.5,1186632.2,33148.75,781147.5,1248800.75,541693.5,0.43377095985888864,0.6772073462689323,453403.5,95317.25
2018-12-25,117769.5,44496.0,112970.25,437556.0,18839.5,3249.5,216443.5,156335.0,52264.0,80573.25,16311.0,40666.25,1125262.0,1175942.2,50680.25,555896.25,1297473.75,734880.75,0.5663935397536944,0.49401494940733803,329838.5,172211.75
2018-12-26,117026.0,42010.25,90037.25,324188.5,24225.0,3257.5,216381.25,207551.0,98711.0,100392.0,29062.5,42016.75,1136838.5,1156248.5,19410.0,698387.75,1294859.0,600744.5,0.4639458813662337,0.6143245060754012,448670.75,158020.5
2018-12-27,117683.25,40202.5,76231.0,210753.75,27662.75,3260.75,225186.75,264010.25,183233.75,155132.25,30418.75,42054.5,1282547.8,1314933.2,32385.5,967900.25,1375830.25,475794.0,0.34582318567279646,0.7546699234133808,644430.75,93282.44999999995
2018-12-28,117648.25,38877.25,51228.5,176583.25,27555.75,3258.0,226583.0,259719.25,216774.5,164004.25,27954.0,41883.0,1278521.5,1310804.2,32282.75,1023154.0,1352069.0,415151.0,0.30704867872867436,0.8002634292814005,682381.0,73547.5
2018-12-29,117516.25,37708.75,85028.25,430150.0,10391.0,3260.0,222763.75,241391.25,117293.0,122820.25,15421.0,42687.5,1247909.0,1267430.2,19521.25,722339.75,1446431.0,684054.25,0.4729256010138057,0.578840083692,524192.0,198522.0
2018-12-30,117767.5,36427.25,65485.25,526065.0,12451.5,3247.0,209640.75,179087.0,78688.75,99424.75,29729.0,41653.5,1148488.2,1202056.0,53567.75,544486.5,1399667.25,761443.5,0.5440175155916522,0.4740897642657539,398854.0,251179.05000000005
2018-12-31,116284.75,36140.0,55823.5,176127.5,8998.0,3081.75,223542.0,259031.5,119245.0,97512.25,23928.0,41670.0,1163679.5,1187369.0,23689.5,922730.5,1161384.25,396455.5,0.3413646258764057,0.79294212882499,517458.75,-2295.25
2019-01-01,112992.5,35547.25,54910.5,754514.0,9713.0,3145.5,171358.75,121568.75,62157.25,68598.0,16199.25,39042.0,1097118.8,1150739.8,53621.0,277981.25,1449746.75,970822.75,0.669649888851277,0.25337388257315435,291366.0,352627.94999999995
2019-01-02,113444.0,33866.25,76078.25,613359.75,30007.75,3096.0,196988.25,219818.25,132438.25,108567.0,18694.0,39226.75,1388494.2,1424715.5,36221.25,669048.5,1585584.5,869852.0,0.5486002165132164,0.4818518507315335,500050.25,197090.30000000005
2019-01-03,114457.5,34020.25,63945.75,229928.25,22002.5,3140.25,227575.25,337891.25,289076.0,197938.75,32604.75,40233.0,1466308.2,1490488.0,24179.75,1150431.8,1592813.5,467494.5,0.29350234663380237,0.7845770759516997,865139.0,126505.30000000005
2019-01-04,115086.0,34982.75,88136.5,440768.75,9353.75,3069.25,221901.0,357775.25,199299.25,167920.0,20644.0,40789.75,1486876.2,1512694.0,25817.75,948617.25,1699726.25,691397.0,0.4067696195196138,0.6379934321364482,765784.25,212850.05000000005
2019-01-05,114735.5,33818.5,88862.0,520153.25,6581.5,3120.5,219131.75,312910.0,130985.5,131458.5,15863.75,40477.25,1315755.0,1363757.8,48002.75,700158.25,1618098.0,767271.25,0.4741809519571744,0.5321342119163522,615831.25,302343.0
2019-01-06,114317.5,34206.25,64607.75,188282.5,11529.5,3131.25,225536.5,366325.5,205744.75,155988.75,21144.25,41381.25,1207037.8,1236508.8,29471.0,942618.0,1432195.75,416074.75,0.2905152804705642,0.7809349466934672,769440.25,225157.94999999995
2019-01-07,114142.75,38885.75,70655.0,370451.25,10109.5,3134.25,223297.25,352249.25,262462.5,191267.5,37784.25,39138.25,1525289.0,1557899.5,32610.5,1074073.2,1713577.5,607378.5,0.3544505573865203,0.7041768477973682,845117.5,188288.5
2019-01-08,112531.5,37517.75,88442.75,876358.25,12960.25,3316.25,216172.25,213969.0,104702.75,126231.0,19453.5,39777.5,1605658.8,1651766.5,46107.75,627897.5,1851432.75,1131126.75,0.6109467114049916,0.3910528812223369,484680.25,245773.94999999995
2019-01-09,113196.25,36859.5,108285.0,670693.0,12545.25,3315.25,222052.25,272120.5,181274.0,156652.0,21548.0,40186.25,1625614.0,1657539.2,31925.25,834090.75,1838727.25,944894.25,0.513884944055732,0.513092745264251,650232.75,213113.25
2019-01-10,115184.75,45808.0,23505.0,160756.75,10682.75,4187.5,227584.0,342333.5,355936.25,245905.75,43601.25,44576.5,1583216.0,1612677.8,29461.75,1388271.5,1620062.0,360124.75,0.22229072097240724,0.8768680331679316,988752.0,36846.0
2019-01-11,115867.0,38592.0,102615.75,390953.5,5153.5,5024.5,219319.0,344894.5,285271.5,215405.0,25882.5,42841.0,1609084.0,1640853.0,31769.0,1110361.2,1791819.75,658206.25,0.3673395440584914,0.6900579460115196,888412.0,182735.75
2019-01-12,115806.5,34360.0,106132.25,616996.0,6742.75,5068.0,213932.25,260743.75,119866.75,127826.5,18268.25,41405.25,1371654.2,1402942.2,31288.0,641783.25,1667148.25,885105.5,0.5309098935862483,0.4678899754763263,549842.25,295494.05000000005
2019-01-13,113867.5,36143.0,108163.25,794761.75,5889.75,4169.0,209035.75,131513.25,60603.0,79957.25,9367.0,37633.25,1280320.5,1317869.2,37548.75,371505.75,1591103.75,1062994.25,0.6680860691831064,0.29016621228825124,309706.75,310783.25
2019-01-14,113232.5,44538.25,102841.25,738158.0,24464.25,4891.5,204689.0,196417.0,140757.75,144775.5,30306.0,38574.5,1566660.2,1597398.8,30738.5,701196.75,1783645.5,1028125.75,0.5764182120269975,0.44757424105112265,520524.75,216985.30000000005
2019-01-15,112969.25,42202.0,84224.75,745239.0,14608.5,4914.0,216589.25,253638.5,179439.75,163415.75,27236.0,38843.25,1607072.2,1646958.2,39886.0,763000.0,1883320.0,1004157.5,0.5331847482106068,0.4747764288374847,635337.25,276247.80000000005
2019-01-16,114047.75,37982.0,107190.5,623314.5,30318.0,4924.5,216355.75,292088.5,163175.25,176604.0,27835.5,38422.5,1607242.0,1648165.5,40923.5,846419.0,1832258.75,917777.25,0.500899368061416,0.526628224001115,670290.25,225016.75
2019-01-17,113801.25,36388.25,116248.5,631984.75,19600.25,5039.25,217136.75,317569.25,186963.0,161749.25,14797.5,37965.5,1624894.0,1663749.2,38855.25,857060.5,1859243.5,923062.25,0.4964719521676424,0.5274562525309343,704247.0,234349.5
2019-01-18,113704.0,42608.5,31197.75,223717.0,46542.0,5064.25,226026.25,379765.0,343595.75,225217.75,37576.25,36459.5,1561664.0,1578606.2,16942.25,1260207.2,1711474.0,462833.5,0.2704297582084215,0.8069643662144994,985038.0,149810.0
2019-01-19,115513.5,38723.0,28177.75,107671.75,62354.5,5036.5,227815.5,367197.5,348600.5,180884.25,12124.75,37072.5,1362419.0,1400388.0,37969.0,1164215.0,1531172.0,357477.0,0.23346625983233757,0.8545205256239087,933754.75,168753.0
2019-01-20,115638.0,36720.0,9805.75,52524.75,52642.0,4882.0,227720.5,364172.25,340575.5,185884.0,15539.75,36058.75,1279862.8,1301524.8,21662.0,1164890.2,1442163.25,272212.5,0.1887529029740565,0.9101680273854353,926690.5,162300.44999999995
2019-01-21,115773.0,44389.5,39419.0,93806.75,50885.0,4666.25,227502.0,390236.0,384985.75,262253.0,42493.5,36712.5,1600868.8,1621173.8,20305.0,1416758.0,1693122.25,348939.5,0.20609232440244643,0.8849931986931097,1074187.25,92253.44999999995
2019-01-22,116649.25,46014.25,97374.5,195383.25,36195.0,4826.25,227375.0,389867.5,373621.5,252593.25,27358.0,39319.75,1655450.8,1689730.5,34279.75,1326498.0,1806577.5,496442.5,0.27479723399632733,0.8012911045136466,1055402.0,151126.69999999995
2019-01-23,116850.75,49203.0,32907.75,134834.25,26181.0,5006.75,227782.0,389862.75,375360.5,284159.0,45823.25,40960.0,1649947.5,1682897.2,32949.75,1456024.5,1728931.0,364983.5,0.21110356630773583,0.8824671694099357,1090342.25,78983.5
2019-01-24,114769.0,48897.0,15640.25,35904.75,13908.0,5015.75,228116.75,388795.25,365623.5,298413.25,41749.75,45397.25,1634421.2,1676600.5,42179.25,1568968.2,1602230.5,234134.75,0.1461305036946931,0.9599534073591312,1098229.25,-32190.699999999953
2019-01-25,116287.5,42989.0,56852.5,125936.5,15582.0,5048.0,227444.0,384305.0,340529.0,270844.0,34231.5,40243.75,1624279.0,1659982.5,35703.5,1425908.0,1660292.75,362695.5,0.21845273973520635,0.8778713509193925,1035921.75,36013.75
2019-01-26,115664.25,35025.25,68699.5,433620.0,11064.5,5101.5,226532.75,346540.75,195756.25,148694.25,18539.0,38716.0,1414847.5,1449516.5,34669.0,901463.5,1643954.0,669175.0,0.4070521437947777,0.6371453460531965,729707.25,229106.5
2019-01-27,114646.75,31855.0,81880.5,508430.5,23410.75,4783.75,222954.75,286937.25,124911.5,111857.75,14022.0,38471.25,1274026.0,1329554.8,55528.75,660304.25,1564161.75,765007.25,0.4890844888644029,0.5182816127771332,562177.75,290135.75
2019-01-28,112515.25,31352.0,75155.0,419462.75,24014.75,5097.75,226219.25,366693.0,263978.25,187707.75,26919.0,39435.25,1586613.8,1611974.8,25361.0,1067981.2,1778550.0,667597.5,0.3753605465126086,0.6731198228579632,857814.25,191936.19999999995
2019-01-29,113636.0,39521.5,83183.0,265849.0,35026.25,5168.0,227050.5,359366.5,346481.25,239262.0,38659.0,39453.5,1603332.5,1633496.2,30163.75,1219274.2,1792656.5,542383.75,0.3025586608477419,0.7604624742528452,984563.25,189324.0
2019-01-30,114218.5,37394.5,75323.75,373881.5,33836.5,5207.25,222651.0,374898.5,315309.0,229726.0,28239.25,32994.75,1622324.0,1662866.5,40542.5,1139282.2,1843680.5,639862.0,0.34705687888980763,0.7022531874027629,952928.25,221356.5
2019-01-31,114501.0,40500.5,62624.75,184579.25,54251.75,5111.75,227218.75,379921.0,369866.5,242904.75,40199.5,40812.0,1599507.2,1628964.2,29457.0,1298051.5,1762491.5,461569.0,0.26188438355589233,0.8115321393989349,1033504.25,162984.30000000005
2019-02-01,115904.75,35990.75,95361.5,261493.5,20220.75,5335.0,224600.0,353985.5,319642.0,235176.5,27858.25,40795.75,1599759.5,1635012.0,35252.5,1222683.8,1736364.25,534306.25,0.30771553261362067,0.7642922576799825,949599.75,136604.75
2019-02-02,115617.0,35096.0,31722.0,82626.0,19757.0,5389.5,226829.5,359276.25,296771.0,179940.0,16974.0,42270.75,1368301.8,1389677.8,21376.0,1234196.8,1412269.0,290207.5,0.20549024300611285,0.9019916512570546,878258.0,43967.19999999995
2019-02-03,114550.0,32386.75,63611.75,224711.5,19097.0,5176.5,226454.75,352630.25,215672.25,169248.5,15527.75,42232.0,1285850.2,1322970.0,37119.75,978430.0,1481299.0,459533.5,0.31022332425796545,0.7609206733412648,779783.0,195448.80000000005
2019-02-04,113836.25,34585.5,97809.0,384646.5,55879.5,5053.0,214827.5,349361.5,245774.0,184257.5,23631.25,41865.75,1583685.5,1613331.0,29645.5,1045350.5,1751527.25,691809.75,0.39497515668111927,0.6600745539439491,821258.75,167841.75
2019-02-05,113867.0,36897.75,79606.5,283512.5,35108.25,5145.5,218850.0,378725.75,290404.75,237834.75,32509.5,38999.25,1619422.8,1648896.8,29474.0,1221195.5,1751461.5,554137.5,0.31638577268184315,0.7540930632815593,945964.5,132038.69999999995
2019-02-06,114598.25,34058.0,91282.25,277532.25,54333.0,4999.25,227033.75,386779.0,287156.0,230619.25,28131.75,38715.5,1614883.2,1640831.0,25947.75,1191735.8,1775238.25,576803.0,0.3249158246787438,0.737970275497324,943269.75,160355.05000000005
2019-02-07,114411.75,34251.25,82929.0,519937.25,27224.75,5015.25,223697.75,332712.5,179842.75,158244.0,27207.25,40304.75,1624802.0,1651801.0,26999.0,994711.0,1745778.25,783769.25,0.4489512055726436,0.6122044409103387,711104.0,120976.25
2019-02-08,114522.0,33617.75,106724.0,670376.5,55014.0,4929.75,218354.75,258286.25,113847.0,135064.75,32082.75,39653.5,1586558.2,1621984.8,35426.5,754443.75,1782473.0,985184.0,0.552706268201538,0.47552226574480533,546851.5,195914.80000000005
2019-02-09,112104.75,32882.0,87049.0,843884.0,56318.75,4309.0,196573.5,117737.25,63359.5,72475.75,15709.5,37236.5,1368687.8,1425807.0,57119.25,381436.0,1639639.5,1136547.5,0.6931691387039651,0.278687367564758,290809.0,270951.69999999995
2019-02-10,114270.5,32505.25,79943.0,709252.0,25190.25,4356.0,200372.25,133453.75,48134.75,81409.0,16707.5,36991.75,1249292.0,1289193.0,39901.0,434906.75,1482586.0,965517.0,0.6512384441779432,0.34812257662740176,299989.25,233294.0
2019-02-11,113076.25,39521.0,84790.75,713266.5,39763.0,4637.25,209104.75,250957.5,115788.75,122481.5,34091.75,38726.25,1568650.8,1593485.8,24835.0,730830.5,1766205.25,995054.75,0.5633856823831771,0.4658975088655805,527954.0,197554.44999999995
2019-02-12,114693.0,38141.0,79167.5,391275.75,46498.75,4678.25,223683.0,366959.5,261871.0,191738.5,25865.0,41695.0,1586964.8,1628700.2,41735.5,1070022.8,1786266.25,674454.25,0.3775776707419737,0.6742574252434584,862264.0,199301.44999999995
2019-02-13,115408.0,36814.25,106991.0,364454.25,71511.0,4640.0,222208.25,378084.0,238752.25,197846.25,21521.5,46241.25,1595027.0,1630591.5,35564.5,1052070.8,1804472.0,699818.5,0.38782452706387244,0.6595943516943601,860923.75,209445.0
2019-02-14,115754.5,37653.25,62234.75,126596.25,102952.0,4712.0,226538.75,399087.75,282297.25,195501.25,29530.75,47178.75,1562814.2,1594186.8,31372.5,1271031.2,1630037.25,449902.75,0.2760076495184389,0.8132964238487211,924065.0,67223.05000000005
2019-02-15,115474.0,38449.5,52152.25,154411.5,125953.75,5047.0,225329.75,400331.75,236796.25,178845.25,23086.75,47279.0,1529516.5,1560701.0,31184.5,1196999.0,1603156.75,491488.0,0.3065751368354966,0.7825995992851336,863252.25,73640.25
2019-02-16,116847.25,36035.0,102280.5,284206.75,127634.75,4931.5,220552.5,366916.75,113456.75,111373.75,18962.0,47847.25,1313894.2,1345194.8,31300.5,799772.25,1551044.75,671935.75,0.4332149346432461,0.6087036916671068,639594.5,237150.55000000005
2019-02-17,116397.0,33599.75,64744.5,151212.25,122120.75,4832.25,225706.25,395514.0,113486.75,109177.25,13640.0,47773.0,1201513.0,1235393.8,33880.75,863435.5,1398203.75,492906.5,0.35252837792775193,0.7186235188466542,665951.0,196690.75
2019-02-18,115643.25,35576.25,67648.25,190539.5,130187.5,4792.0,225890.5,398186.5,202423.25,153035.75,29311.25,47442.75,1484341.0,1515937.8,31596.75,1095965.8,1600676.75,544386.75,0.3400978679799029,0.7383517668783656,801088.25,116335.75
2019-02-19,115409.75,34765.0,114492.25,468224.25,66072.75,4930.25,217782.25,368368.75,170694.75,154086.25,21079.5,47790.5,1563087.2,1601427.0,38339.75,914298.0,1783696.25,803894.25,0.4506901048875334,0.5849308982889758,740940.25,220609.05000000005
2019-02-20,114665.0,36402.0,103053.0,269725.5,75687.0,4981.25,225102.5,377373.0,219611.25,177459.25,29388.25,46801.75,1546310.0,1584103.8,37793.75,1097844.5,1680249.75,604513.75,0.3597761285189895,0.7099769774495411,821245.25,133939.75
2019-02-21,115403.0,36937.25,90489.75,325758.75,63413.0,4954.75,224858.0,408876.25,210914.25,171744.75,20173.75,47505.5,1543856.0,1578532.2,34676.25,1064194.5,1721029.0,636956.5,0.3701021307601441,0.6893094304131991,839040.75,177173.0
2019-02-22,116100.75,41609.25,36490.0,202576.25,47314.0,5063.0,225546.75,413439.75,238987.75,175984.25,28120.5,46938.0,1511173.5,1535316.5,24143.0,1224793.2,1578170.25,449153.25,0.28460379987520357,0.8104914491949468,875349.75,66996.75
2019-02-23,116881.75,41875.0,35564.5,180685.0,128673.75,5117.5,225936.5,383435.0,147582.75,112211.75,11395.5,45952.25,1304202.8,1328614.0,24411.25,959279.5,1435311.25,508797.5,0.35448583016401497,0.7355293977286355,689181.75,131108.44999999995
2019-02-24,116016.5,37792.75,16636.0,90553.5,128138.0,4882.0,221603.25,385449.25,145083.75,113116.75,11591.25,45187.75,1185734.0,1224869.5,39135.5,950406.5,1316050.75,394018.75,0.2993947991747279,0.801534323887145,688837.5,130316.75
2019-02-25,114944.25,39386.5,16880.5,99561.75,138539.75,4897.5,224839.5,394571.0,213788.0,168278.0,28889.25,42351.75,1470949.0,1496163.2,25214.25,1215967.0,1486927.75,414210.25,0.278567838955188,0.8266547650530371,818988.75,15978.75
2019-02-26,114294.25,42866.25,9124.75,77516.75,130987.75,4808.25,225620.75,383146.75,230662.0,177750.5,29263.25,37545.25,1485626.8,1512820.0,27193.25,1267997.5,1463586.5,379598.0,0.25936150681903664,0.8535101143840431,829104.5,-22040.300000000047
2019-02-27,112457.75,42541.0,43406.0,135952.25,149032.5,4816.0,225203.5,375155.5,201397.25,164984.5,28099.5,37537.25,1501718.8,1535995.8,34277.0,1173328.0,1520583.0,488205.5,0.3210646837430117,0.7813233742562189,779074.5,18864.199999999953
2019-02-28,112751.0,40107.75,35912.0,407904.0,121665.0,4777.25,223492.5,367107.5,162486.0,115022.75,15039.25,46268.25,1496391.8,1542771.0,46379.25,930910.75,1652533.25,723117.0,0.4375809079787048,0.6221036161785971,690884.5,156141.44999999995
2019-03-01,115369.5,44065.25,36866.25,178395.0,31272.25,5187.75,225327.25,368333.0,227484.25,156856.5,34373.25,46261.75,1491759.0,1510957.0,19198.0,1245225.5,1469792.0,411156.0,0.2797375410942501,0.8347363749774594,798935.5,-21967.0
2019-03-02,115693.25,45275.25,58605.25,199614.5,34841.0,5393.75,225332.75,349329.25,126621.5,119176.75,13377.75,45984.0,1291146.8,1306587.8,15441.0,998086.0,1339245.0,459423.0,0.3430462686065656,0.7730228661837678,641111.5,48098.19999999995
2019-03-03,113657.5,39181.5,110249.75,731468.75,47852.75,4038.5,167382.0,137081.5,39052.0,67808.25,25929.5,41825.75,1195167.5,1249904.0,54736.5,305596.25,1525527.75,1046448.75,0.6859585150122638,0.2556932396505092,285767.5,330360.25
2019-03-04,110866.0,41699.75,91845.5,847100.75,59853.75,4630.25,206357.25,151816.25,60397.0,106813.25,29744.0,43124.5,1471720.0,1513881.2,42161.25,472920.0,1754248.25,1155996.0,0.6589694474542015,0.3213382980458239,362151.0,282528.25
2019-03-05,112013.25,42378.75,86491.0,665731.0,68974.75,5007.5,217246.5,242053.75,79516.5,128666.25,28227.5,43538.25,1516623.2,1557918.5,41295.25,695426.5,1719845.0,980596.25,0.5701654800287235,0.45853610837550157,493774.75,203221.80000000005
2019-03-06,112302.75,42211.5,113140.5,489592.25,99557.0,5149.5,223036.25,295882.5,83191.25,118199.75,22947.75,44807.0,1513019.2,1536727.8,23708.5,810729.5,1650018.0,861953.5,0.5223903618021136,0.535835566395985,542080.5,136998.80000000005
2019-03-07,113171.5,42025.75,122121.75,732945.0,69022.5,4802.0,215949.0,202543.5,81327.0,109835.0,24892.75,43415.5,1524371.8,1572627.0,48255.25,600282.5,1762051.25,1084088.5,0.6152423205624694,0.3937900845449909,437121.0,237679.44999999995
2019-03-08,113900.5,45601.25,118098.75,691820.5,82528.75,4795.0,203956.75,196784.0,90880.0,113452.0,37943.75,43407.5,1493362.8,1523341.8,29979.0,600914.75,1743168.75,1056744.75,0.6062205681463714,0.4023903300658085,444523.5,249805.94999999995
2019-03-09,112666.75,42951.25,114339.75,809762.75,58558.5,4093.5,189812.0,119367.25,46818.5,86725.0,16950.5,41403.5,1303199.0,1352254.0,49055.0,320538.0,1643449.25,1142372.5,0.695106648410348,0.2459624355144533,294314.25,340250.25
2019-03-10,112970.5,45707.0,60254.5,481751.75,50896.75,4623.75,215900.5,153734.0,43524.5,93696.25,28199.5,43113.25,1195311.2,1219426.2,24115.0,602408.25,1334372.25,756204.25,0.5667116128951273,0.5039760775269235,334068.0,139061.05000000005
2019-03-11,113276.5,52353.5,64920.75,584746.5,66413.75,4718.75,223831.25,242406.75,71706.0,110295.75,36886.75,36172.75,1504176.0,1535406.0,31230.0,788095.0,1607729.0,886429.75,0.5513552035199962,0.5239380232100499,460581.25,103553.0
2019-03-12,114829.25,47349.25,111854.5,572055.5,110177.75,4779.0,221530.25,246806.0,76458.75,107666.5,22328.5,36757.0,1533334.5,1566151.0,32816.5,739246.75,1672592.25,961045.25,0.5745843017029405,0.48211707882396176,467688.25,139257.75
2019-03-13,109263.5,44069.5,109539.75,846150.25,78863.25,4673.5,218333.0,152715.75,94734.25,95882.25,30927.75,36430.75,1559021.5,1596583.8,37562.25,524468.25,1821583.5,1192559.75,0.6546829997087699,0.3364086062956797,379763.0,262562.0
2019-03-14,107262.25,43114.5,124895.75,765176.0,33537.25,4924.75,223138.5,194128.75,84898.0,96363.5,31910.75,28043.25,1561349.5,1597068.0,35718.5,637740.5,1737393.25,1078910.5,0.620993836599745,0.40845467334507746,403433.5,176043.75
2019-03-15,107188.25,45391.0,123502.25,788816.25,35599.5,4740.75,220331.5,184064.0,72103.5,100327.0,29475.75,35224.5,1529541.2,1565699.8,36158.5,581623.25,1746764.25,1105238.0,0.6327344975144757,0.38025994330849017,391719.0,217223.05000000005
2019-03-16,107145.5,46566.25,117839.0,672402.75,52475.25,4442.25,213828.75,127951.0,44370.25,77210.25,36067.5,30110.25,1296552.5,1334080.0,37527.5,453835.5,1530409.0,1000871.0,0.653989227716251,0.3500324900071536,279641.75,233856.5
2019-03-17,106699.0,46672.75,108875.0,669757.25,102420.5,4351.0,192972.0,121341.25,46512.0,61396.0,20427.0,29175.5,1203522.8,1254616.5,51093.75,322470.0,1510599.25,1038775.5,0.6876578947063557,0.2679384221055056,258424.75,307076.44999999995
2019-03-18,105804.5,49054.75,104445.25,615122.25,101221.75,4979.75,213313.25,220734.75,118171.75,111978.75,33344.25,35052.25,1484091.8,1519919.5,35827.75,663302.5,1713223.25,980628.25,0.5723878951561041,0.44694169188186333,485937.5,229131.44999999995
2019-03-19,109879.75,48700.75,40806.5,167386.75,135355.0,5032.0,226329.75,349033.75,224944.75,182786.0,31580.75,34567.0,1510678.0,1539984.5,29306.5,1167129.8,1556402.75,507160.75,0.3258544422386815,0.7725867458187649,791331.5,45724.75
2019-03-20,115190.5,48576.5,74431.5,170403.0,160523.75,4582.0,224970.25,368762.75,178723.75,172581.5,22524.25,34943.25,1517181.5,1544573.0,27391.5,1111823.2,1576213.0,573707.25,0.3639782504014369,0.7328214851024746,755011.25,59031.5
2019-03-21,115156.5,48596.75,87593.25,133959.75,164686.25,4592.0,224895.0,382342.0,175211.25,167576.0,20935.0,34439.75,1503161.0,1528272.2,25111.25,1116921.8,1559983.5,554584.5,0.3555066447818198,0.7430486820773025,759569.0,56822.5
2019-03-22,115165.5,47416.75,28501.5,84605.5,164162.25,4608.5,225136.75,399901.0,170576.0,167402.75,22202.5,34871.0,1450554.0,1474275.2,23721.25,1173284.8,1464550.0,444460.0,0.30347888429893144,0.8088528934462281,772750.75,13996.0
2019-03-23,114577.75,44356.25,44031.5,150829.25,155712.5,4501.25,224827.5,373650.0,80885.75,111690.0,18256.0,36579.25,1238722.0,1267386.5,28664.5,888148.75,1359897.0,514008.5,0.3779760525981012,0.7169879520990182,602805.0,121175.0
2019-03-24,114913.25,43182.5,55343.5,124076.5,137534.0,4673.75,224088.75,323104.25,63209.75,95856.75,15991.0,36172.5,1150793.5,1191399.2,40605.75,833839.5,1238146.5,479723.5,0.38745293872736386,0.7245778673584792,518343.25,87353.0
2019-03-25,114114.0,43903.0,121070.0,467420.75,106041.75,4854.25,223111.5,296132.75,95052.25,102581.5,25736.5,36819.25,1470318.0,1512962.5,42644.5,775785.5,1636837.5,857403.75,0.5238172695823501,0.5276310974904749,530585.75,166519.5
2019-03-26,115035.25,44716.25,93104.25,364238.5,84125.5,4963.5,216807.75,368667.25,134860.0,121643.0,23456.0,37215.5,1500354.8,1527704.2,27349.5,958886.5,1608832.75,706183.25,0.4389413691385882,0.6391064966766528,662385.75,108477.94999999995
2019-03-27,114769.75,43910.5,60815.0,182078.25,90813.75,4966.75,223978.5,390082.5,149671.0,162379.5,18470.75,34682.5,1491444.5,1517369.0,25924.5,1157737.5,1476618.75,497354.0,0.33681950740500893,0.7762524854260416,736815.5,-14825.75
2019-03-28,112437.5,44454.25,15245.5,100636.75,100616.75,4751.25,225276.25,391733.75,149388.25,179131.5,27454.0,34945.25,1465253.5,1489452.5,24199.0,1248754.5,1386071.0,378142.0,0.27281575041971157,0.8522446798455011,755198.75,-79182.5
2019-03-29,112371.0,41935.75,55111.75,91013.5,170969.0,4499.5,224605.25,379472.25,94698.25,160434.0,22392.25,35011.25,1416603.0,1444204.5,27601.5,1099508.8,1392513.75,475900.5,0.34175640994568274,0.776158740310447,669615.75,-24089.25
2019-03-30,114527.0,41693.75,32931.0,121279.0,200231.5,4282.25,224265.75,313862.25,63880.25,90121.75,23978.5,35068.0,1193620.8,1222453.0,28832.25,839179.25,1266121.0,514944.5,0.4067103381114443,0.7030534739341003,502932.25,72500.19999999995
2019-03-31,109428.5,37775.75,53999.75,195836.0,166129.75,3887.25,207200.5,254421.0,50508.0,71177.5,11441.0,30276.0,1086717.5,1145613.8,58896.25,670752.0,1192081.0,567057.0,0.4756866353880315,0.6172275683422784,406382.5,105363.5
2019-04-01,113337.0,41229.75,31084.0,269929.0,208810.25,4580.25,224269.25,352498.0,74543.75,124570.25,27445.0,32855.5,1401401.0,1424712.2,23311.25,891577.75,1505152.0,668970.25,0.4444536166446977,0.6362045909771721,584467.5,103751.0
2019-04-02,113001.25,43372.75,90034.5,361785.5,172085.0,4379.0,219704.25,365680.25,97494.25,112661.75,30518.25,32109.75,1475367.8,1505687.2,30319.5,851462.75,1642826.5,784658.0,0.4776268218220244,0.5771189733163486,607946.0,167458.69999999995
2019-04-03,113721.0,47996.0,34026.0,162761.5,116472.25,4631.25,223924.75,387989.5,184214.75,171048.0,32960.25,32666.5,1470548.5,1496209.0,25660.5,1157288.8,1512411.75,479608.0,0.3171147010726411,0.7869776481360526,775918.75,41863.25
2019-04-04,114371.0,53026.75,25492.75,138448.25,103688.75,4901.25,224750.25,365620.25,210148.0,201263.25,35715.0,32305.75,1479480.8,1508862.0,29381.25,1211851.0,1509731.25,439928.75,0.2913954056392487,0.8191055943409337,809337.25,30250.449999999953
2019-04-05,114150.5,53279.75,44421.5,84663.0,79179.25,4838.75,225797.25,364169.25,205733.5,191188.75,32247.0,32463.5,1455781.5,1484965.0,29183.5,1247517.8,1432132.0,380532.75,0.2657106677317454,0.8569402757213223,793555.0,-23649.5
2019-04-06,113803.5,47990.75,34610.75,143394.25,170421.75,4443.5,224869.5,335547.25,135872.75,101489.0,19120.0,27254.0,1207006.8,1234073.2,27066.5,858580.0,1358817.0,514664.5,0.3787592442543771,0.7113298781746714,600163.0,151810.19999999995
2019-04-07,110764.5,43877.5,17585.5,156688.75,183525.25,4233.0,223818.25,326538.0,105490.0,88217.0,12568.5,27483.25,1099407.2,1136785.0,37377.75,741607.75,1300789.5,516674.5,0.39720070003640096,0.6745523860495002,547728.25,201382.30000000005
2019-04-08,103044.75,44475.5,67269.0,144778.25,142439.25,4116.75,220176.75,360101.5,215077.25,142191.0,30386.25,28117.0,1397479.0,1415683.8,18204.75,1042992.5,1502173.25,506123.5,0.3369275148522316,0.7463385854098702,745486.75,104694.25
2019-04-09,103097.0,43659.5,59860.0,226904.0,141681.25,4554.25,222689.5,359562.0,189157.0,156785.5,23400.25,36841.0,1448933.2,1475889.5,26956.25,1020488.0,1568191.25,579756.0,0.36969725471941,0.7043030003039478,742345.5,119258.05000000005
2019-04-10,104075.25,43982.5,47747.5,254359.75,150872.75,4815.75,223883.5,374194.0,161088.25,166522.25,19368.25,37247.5,1448489.2,1479823.8,31334.5,995509.25,1588157.25,605853.5,0.38148206041939486,0.6872741957620395,739052.0,139668.05000000005
2019-04-11,104459.25,43813.5,18662.0,217161.25,148602.25,5155.5,225168.25,368556.75,193030.75,169387.25,25589.75,38147.75,1436482.8,1461885.8,25403.0,1052057.2,1557734.25,537853.75,0.3452795301894402,0.7323841260055463,769122.5,121251.44999999995
2019-04-12,106544.25,44160.5,32260.0,168119.25,110461.75,5217.75,225647.25,367780.25,186714.0,182491.75,26567.75,39086.0,1440509.0,1464919.8,24410.75,1129668.0,1495050.5,466763.5,0.31220584187624434,0.7842144686357392,776072.0,54541.5
2019-04-13,113980.0,44514.5,79293.0,188683.5,120897.25,4923.0,210603.5,361645.0,118561.5,133147.25,17763.25,39441.0,1254600.0,1277552.8,22952.75,865726.25,1433452.75,552291.25,0.38528737692958487,0.6900416467399968,652794.75,178852.75
2019-04-14,113891.75,39358.0,87165.25,235914.25,114614.5,4915.25,193280.75,354210.75,89000.25,103457.25,17292.5,38810.0,1160434.0,1194084.8,33650.75,722740.0,1391910.5,595859.0,0.4280871507183831,0.6228187040365932,585478.25,231476.5
2019-04-15,111171.75,37431.0,96440.0,278314.0,221320.25,4725.25,191492.0,358547.75,107856.5,116938.0,26696.75,38685.0,1406356.0,1441890.0,35534.0,810281.75,1589618.25,749402.25,0.47143535877246,0.5761569261268128,622027.25,183262.25
2019-04-16,111980.0,38816.0,109063.5,322327.75,216098.0,4791.25,191746.25,327462.0,97298.5,142434.25,29852.5,38116.0,1450432.0,1479883.0,29451.0,802942.75,1629986.0,803076.5,0.49268920101154245,0.5535886894387327,605310.75,179554.0
2019-04-17,112839.25,40910.0,107794.0,290414.75,197015.25,4591.75,190669.5,335032.25,109041.5,156369.5,24085.5,38170.0,1429293.2,1464644.8,35351.5,834069.25,1606933.25,753565.0,0.4689460498748159,0.5835536403587451,638613.25,177640.05000000005
2019-04-18,112282.0,40551.25,104139.5,367221.75,230336.5,4361.25,186459.75,275412.25,77171.0,108268.75,33504.75,38103.5,1374105.0,1419359.8,45254.75,672407.25,1577812.25,858892.25,0.5443564340434041,0.48934197168338667,498955.5,203707.25
2019-04-19,111727.5,40425.75,63830.25,271545.0,234301.25,3926.5,186611.0,221473.75,39149.5,71928.0,22754.25,36331.75,1078212.5,1122350.8,44138.25,508536.0,1304004.5,725756.25,0.5565596207681799,0.4716472865970298,368883.0,225792.0
2019-04-20,112287.5,41574.5,23015.0,157843.75,234363.25,4006.5,184408.75,220531.0,41579.0,80610.75,20349.25,34286.75,1065485.8,1095553.2,30067.5,650263.75,1154856.0,573090.5,0.49624412047909006,0.6102979035478464,377007.5,89370.19999999995
2019-04-21,111830.25,40891.25,14444.25,125561.5,236198.0,3862.0,132401.0,189161.75,42261.25,62070.5,23277.75,33058.0,964764.5,998541.25,33776.75,588560.75,1015017.5,532787.25,0.5249044967204999,0.6100563920003276,326551.5,50253.0
2019-04-22,109316.0,42627.0,94275.25,423108.25,232423.0,3533.5,102416.0,117289.25,40127.0,49308.5,7989.25,31238.75,1016543.0,1070063.8,53520.75,266736.5,1253651.75,905283.0,0.7221168079572338,0.2623956881312448,237963.5,237108.75
2019-04-23,109827.0,45804.5,115580.25,634233.5,183233.0,3887.0,134512.0,130450.5,47696.0,79276.75,37094.75,34203.5,1337117.8,1367869.0,30751.25,404071.0,1555798.75,1092565.25,0.7022535851761033,0.30219551336464145,291626.75,218680.94999999995
2019-04-24,109831.75,45823.5,121358.0,392762.0,203479.5,3928.5,154032.25,205744.25,47471.0,83070.5,22491.5,26493.25,1386082.8,1430405.2,44322.5,668483.25,1416486.0,877183.25,0.6192671512461119,0.4822823355141554,362779.0,30403.199999999953
2019-04-25,109968.0,50664.75,59956.75,287790.75,206905.5,3732.75,158057.75,231502.25,76029.5,109409.5,32482.75,26841.0,1386302.2,1414816.5,28514.25,831649.25,1353341.25,719018.5,0.5312913502045401,0.5999047321716723,443782.25,-32960.94999999995
2019-04-26,111279.25,53721.0,18597.5,258180.5,106591.75,3892.75,159880.5,259258.25,105206.75,123879.25,31489.5,30999.0,1376960.8,1402975.0,26014.25,993591.0,1262976.0,552262.75,0.43727097743741766,0.7215826332891975,519343.25,-113984.80000000005
2019-04-27,112355.0,52886.5,43677.25,230874.75,123410.0,4252.75,152118.75,242432.0,62373.75,76937.75,18395.75,37033.25,1180764.8,1206640.5,25875.75,782802.75,1156747.5,567456.25,0.49056189877220396,0.6629624714422381,418776.75,-24017.300000000047
2019-04-28,112224.5,50800.75,8566.75,111821.25,131168.5,4383.25,158855.25,284110.5,72796.0,81134.0,13013.0,36939.25,1091846.0,1136516.8,44670.75,840289.5,1065813.0,418965.0,0.39309428577058075,0.7696044130765695,474979.75,-26033.0
2019-04-29,111048.75,51359.25,35169.5,225265.75,100902.25,4283.25,160575.0,323064.5,137109.75,128362.5,30442.25,37352.25,1391408.8,1410000.2,18591.5,1030071.25,1344935.0,528028.75,0.39260540472216127,0.7403081323044672,625889.0,-46473.80000000005
2019-04-30,112341.75,50273.0,22426.0,153703.0,194145.5,4145.75,159641.0,310104.75,141777.0,129498.5,28813.5,36589.5,1374385.2,1403281.0,28895.75,1004110.75,1343459.25,537035.0,0.39974044616537496,0.7305890299167949,617969.75,-30925.949999999953
2019-05-01,112274.75,46400.75,62497.25,215540.75,185962.5,4141.75,152985.25,208325.25,59262.5,74459.5,8015.25,35317.75,1084958.2,1132669.0,47710.75,620957.75,1165183.25,626817.75,0.5379563686656155,0.5723333396623023,377365.0,80225.05000000005
2019-05-02,112504.75,45589.75,100665.5,350599.0,163350.5,4084.75,155648.0,235899.75,97647.25,104480.25,25949.5,36949.75,1365348.5,1379883.8,14535.25,750733.5,1433368.75,776794.25,0.5419360858815988,0.549847529769872,474977.0,68020.25
2019-05-03,110830.25,51497.0,100619.5,311541.25,126417.0,4336.75,158357.75,259401.75,111249.0,135939.25,30522.25,38799.25,1390529.0,1419446.8,28917.75,851951.25,1439511.0,705241.75,0.48991758312371353,0.612681396792156,545389.25,48982.0
2019-05-04,110444.25,46933.25,86976.0,230952.25,116807.75,4322.5,156375.0,234288.0,109031.25,89400.75,15181.0,38143.0,1214595.5,1242952.0,28356.5,779859.5,1238855.0,596436.0,0.4814413309063611,0.642073431031154,470863.0,24259.5
2019-05-05,111077.5,45594.75,87382.25,162522.5,154574.0,4189.5,158937.75,217008.25,89053.0,78342.0,14287.0,37122.0,1117094.0,1157919.8,40825.75,712615.25,1160090.5,565340.5,0.4873244802883913,0.6379187874968445,421525.25,42996.5
2019-05-06,109682.25,48636.0,99237.5,241205.0,140876.5,4214.0,159683.75,309338.0,160994.5,117366.5,30012.25,37481.0,1421621.0,1442903.0,21282.0,940302.0,1458727.25,643851.25,0.4413787772868437,0.6614294527163006,625180.0,37106.25
2019-05-07,110456.5,49334.75,37587.25,92597.0,174882.25,4260.0,159762.75,347533.0,212530.5,140621.25,31731.5,37279.25,1438540.2,1461541.2,23001.0,1133473.8,1398576.0,469117.75,0.33542528257313153,0.7879333507676741,737964.0,-39964.19999999995
2019-05-08,109576.25,49759.0,60063.25,274631.5,113577.5,4339.0,159713.0,340845.25,160832.75,129053.75,21408.5,36931.5,1450336.2,1473479.5,23143.25,1002064.0,1460731.25,611946.5,0.41893161387489997,0.6909184229146318,667663.25,10395.050000000047
2019-05-09,105903.5,47681.75,51315.0,210748.75,141976.75,4359.0,159210.5,324142.5,156837.75,132445.75,23427.5,30571.25,1428003.5,1455995.8,27992.25,1023963.0,1388620.0,561984.75,0.4047073713470928,0.7170591668717898,643997.25,-39383.5
2019-05-10,109824.25,50574.75,31383.5,194657.5,145370.0,4494.5,159224.75,352674.75,166177.5,139654.0,31301.75,38674.5,1407907.2,1429663.2,21756.0,1036496.25,1424011.75,536304.5,0.3766152210471578,0.7361964268667708,697180.75,16104.550000000047
2019-05-11,110063.75,48234.25,29226.25,224428.5,110146.0,4479.75,158471.25,308060.25,85004.0,99172.5,8790.75,38248.75,1197600.8,1219618.5,22017.75,833800.0,1224326.0,526578.5,0.43009664092733474,0.6962253198227656,530485.5,26725.199999999953
2019-05-12,109589.0,50289.25,67672.75,329257.5,181464.25,4190.75,151794.75,187765.25,41285.25,67207.75,11839.0,37256.75,1089621.0,1141811.8,52190.75,511226.5,1239612.25,742463.5,0.5989481791584425,0.4691782739135901,333515.0,149991.25
2019-05-13,109419.25,49640.75,27521.0,258029.5,237997.25,4121.0,157992.75,276699.25,119532.75,99517.5,17136.25,38210.0,1374208.8,1407277.8,33069.0,850661.0,1395817.25,686728.75,0.4919904450242322,0.6190187400924808,533959.5,21608.449999999953
2019-05-14,108868.5,48951.75,9982.5,238895.75,207145.5,4059.75,158596.5,299678.0,130540.5,107199.75,13460.25,36966.25,1404669.5,1427886.0,23216.5,948645.75,1364345.0,617903.75,0.4528940627187405,0.6753515684650375,574384.5,-40324.5
2019-05-15,109816.75,46494.5,12119.75,223298.75,179401.0,4065.75,158779.75,332592.5,134714.25,115231.25,19236.5,31439.0,1433074.0,1447773.5,14699.5,1018254.5,1367189.75,575196.5,0.42071446190991413,0.7105386742066355,613977.0,-65884.25
2019-05-16,110199.75,44991.5,67293.0,211268.25,97729.75,4101.5,158460.25,338800.75,147736.0,129681.0,20050.5,38680.75,1455617.8,1472730.0,17112.25,1079326.8,1368993.0,535583.75,0.39122460816088905,0.7414905203824795,654898.5,-86624.80000000005
2019-05-17,110974.75,47915.75,73612.5,107549.5,170656.0,4013.0,150383.0,324395.0,146418.5,123579.5,26024.75,37087.75,1402751.0,1418943.8,16192.75,1050933.0,1322610.0,514721.5,0.38917103303316924,0.7491942618468994,631480.75,-80141.0
2019-05-18,109971.25,44742.5,39791.75,114787.5,220861.75,3448.0,128752.0,304219.25,113253.75,94443.0,19745.0,34075.0,1158686.0,1187128.8,28442.75,783245.0,1228090.75,533602.75,0.4344978170383581,0.675976925586397,545991.0,69404.75
2019-05-19,108689.25,43952.25,28851.25,103156.5,208295.25,3333.75,128389.25,287967.75,96654.0,74001.0,11507.75,33121.0,1073012.5,1112390.0,39377.5,732709.5,1127919.0,496278.25,0.4399945829443426,0.6828527160680794,491743.75,54906.5
2019-05-20,109280.75,53622.25,22521.0,168712.75,101739.0,3250.5,128885.25,337798.25,157073.0,133682.5,35258.5,28119.25,1393622.2,1413258.0,19635.75,1100649.5,1279943.0,459126.25,0.35870835654400235,0.7897760957022643,656673.0,-113679.19999999995
2019-05-21,109841.25,48206.5,64604.75,313009.0,84029.75,3233.0,128523.5,328153.75,132938.25,117031.5,19104.75,35539.5,1453517.0,1476701.8,23184.75,991873.5,1384215.5,622924.25,0.4500197043018229,0.6823955275376896,613663.0,-69301.5
2019-05-22,109999.5,49144.5,59558.5,351129.5,102045.0,3316.0,128738.75,320666.75,128367.75,114075.25,24037.0,35719.75,1425322.8,1449076.0,23753.25,912589.75,1426798.25,675193.0,0.47322247556723596,0.6402688219117803,598829.5,1475.4499999999534
2019-05-23,109510.25,52061.75,51352.75,75714.75,239978.25,3632.5,129301.75,319550.5,118631.75,119224.25,22233.0,36306.25,1411291.2,1440973.5,29682.25,1044245.5,1277497.75,532250.25,0.4166349803747208,0.7399220656941672,593712.75,-133793.44999999995
2019-05-24,108979.0,52234.0,53186.0,145354.5,227550.25,3336.25,129043.75,297486.5,91140.0,115484.75,19230.25,35607.25,1381122.8,1404261.2,23138.5,955032.0,1278632.5,590640.0,0.46193100832334544,0.6914895619708834,539718.5,-102490.30000000005
2019-05-25,109957.25,52204.25,39123.5,118892.75,174713.25,3437.0,128638.0,233886.75,61744.0,103455.5,16999.25,34043.25,1154143.8,1172032.8,17889.0,821414.25,1077094.75,498328.0,0.462659389993313,0.7117087576088872,433129.5,-77049.05000000005
2019-05-26,109164.75,51971.75,100872.0,281780.0,195353.0,3255.0,117129.0,164256.75,45784.25,63690.25,12313.75,31719.5,1078340.2,1137165.2,58825.0,500335.25,1177290.0,742396.5,0.6305978136228118,0.46398645807695943,305450.75,98949.80000000005
2019-05-27,109318.75,56165.5,103182.0,236693.0,152252.75,3498.75,137207.0,239198.0,86569.75,112000.0,27547.5,33460.25,1371656.2,1390190.8,18534.5,879528.5,1297093.25,661110.75,0.5096863698889806,0.6412164360136309,471228.0,-74562.94999999995
2019-05-28,107523.5,56722.5,29028.25,112088.5,121439.5,3988.0,159459.0,268988.75,114491.0,147158.5,26042.0,35465.25,1389538.2,1412086.8,22548.5,1126982.0,1182394.75,430790.25,0.36433707947366983,0.8110478718757066,566103.5,-207143.44999999995
2019-05-29,101957.75,54026.5,28225.5,89979.25,183302.25,4146.5,169166.5,260591.5,109177.5,138930.5,26983.75,29021.5,1355992.0,1381875.0,25883.0,1054485.0,1195509.0,461637.75,0.3861432661736549,0.7776483932058597,537721.0,-160483.0
2019-05-30,108423.75,54766.0,112982.5,277156.0,190948.75,3622.75,157814.25,170604.75,53210.5,57923.25,15192.25,35034.0,1102833.8,1152967.5,50133.75,521746.5,1237678.75,747899.75,0.604276150010655,0.4730962181246168,316772.5,134844.94999999995
2019-05-31,109488.75,55629.25,51199.25,145486.75,168490.75,3431.0,165286.5,224150.25,56996.75,92551.0,25447.0,26682.0,1202615.5,1224457.5,21842.0,837438.75,1124839.25,533725.75,0.47449068833613334,0.6963478767735822,400380.0,-77776.25
2019-06-01,108819.25,55393.0,51572.75,89178.75,245327.75,3112.25,179028.0,191687.5,47382.0,71941.0,22901.5,33258.25,1122167.8,1156081.2,33913.5,736088.5,1099602.0,553403.75,0.5032764127384272,0.6559522559816812,344268.75,-22565.800000000047
2019-06-02,105503.0,57428.25,39775.0,136217.5,256413.25,2959.75,180883.5,166370.5,45578.0,50983.75,23216.25,32211.75,1056856.2,1105131.0,48274.75,624450.5,1097540.5,598296.75,0.5451249862761328,0.5908566368821038,295144.0,40684.30000000005
2019-06-03,105102.0,59133.0,43269.0,188314.25,211259.25,3055.25,184890.75,254905.0,108200.0,120428.5,31415.5,30502.0,1369025.0,1398249.0,29224.0,926182.5,1340474.5,610132.75,0.4551617729393584,0.6765270904475813,514035.5,-28550.5
2019-06-04,106058.0,54165.5,36226.75,123244.5,236076.0,3106.5,187659.0,282508.75,130256.75,138232.25,19354.25,31246.0,1415427.2,1440483.5,25056.25,1019880.0,1348134.25,558877.25,0.41455608000464345,0.7205457122768306,582243.75,-67292.94999999995
2019-06-05,104366.5,57726.0,57763.75,182963.75,234900.75,3162.5,170287.25,262015.0,104346.5,133374.0,29646.25,30943.25,1418622.5,1443843.2,25220.75,942994.25,1371495.5,640883.25,0.46728789850203667,0.6647252880875638,530678.75,-47127.0
2019-06-06,106132.25,59125.0,68704.75,299125.0,134475.0,3259.0,155828.0,223390.5,95055.0,132536.0,32699.0,31275.0,1399475.2,1430490.8,31015.5,897170.5,1341604.5,670821.0,0.500013975802854,0.6410763834900397,482256.5,-57870.69999999995
2019-06-07,107352.0,54811.75,42406.25,206748.5,240481.25,3372.0,156779.5,220503.5,92972.25,118576.25,28913.25,32339.0,1345405.5,1370217.2,24811.75,855769.5,1305255.5,655171.75,0.5019490436929781,0.6360680850494517,464391.0,-40150.0
2019-06-08,107313.75,48924.0,95513.5,522592.0,188823.25,3422.25,121008.0,107574.0,40464.5,43903.25,19129.5,25662.0,1139770.2,1185856.8,46086.5,332841.5,1324330.0,966588.75,0.7298700097407745,0.29202509418126565,217603.75,184559.80000000005
2019-06-09,108503.5,53921.5,56157.0,155384.5,223198.5,3245.75,123358.0,125501.0,47381.0,62643.0,15200.75,26719.0,986632.0,1017103.5,30471.5,551892.0,1001213.5,600410.75,0.5996830346374674,0.5593696535283672,262244.0,14581.5
2019-06-10,107192.5,55152.75,83010.0,140726.5,151196.0,3342.0,125369.0,162454.75,59771.5,78160.25,12510.0,26658.5,1027291.5,1053344.8,26053.25,652359.0,1005543.75,540619.75,0.5376392126150652,0.6350281297956811,327045.0,-21747.75
2019-06-11,106152.5,53114.75,61348.25,86304.75,162426.75,3270.25,125793.5,264584.0,132789.75,139541.5,29239.25,20389.25,1339937.5,1364369.5,24432.0,1029857.75,1184954.5,472617.25,0.3988484367965183,0.7685864079481319,557304.5,-154983.0
2019-06-12,106130.25,45136.25,33722.0,162263.5,139286.5,3376.25,125759.75,303220.25,152985.75,163718.75,33010.75,28819.25,1403400.8,1435574.2,32173.5,1068128.8,1297429.25,489914.75,0.37760421232988234,0.761100321447729,648744.0,-105971.55000000005
2019-06-13,108003.25,44644.0,63407.75,200369.25,227605.0,3294.75,125811.75,264758.0,103972.75,139765.75,21941.0,20215.75,1380433.0,1414534.5,34101.5,889051.0,1323789.0,647324.0,0.48899333655136884,0.6440377765527193,528712.25,-56644.0
2019-06-14,107659.0,51215.75,40375.0,150130.0,213238.25,3320.5,125022.25,281309.0,119366.25,154263.25,28442.5,20538.0,1368032.8,1392260.2,24227.5,964289.5,1294879.75,565938.5,0.4370587307431443,0.7048730849143383,575476.5,-73153.05000000005
2019-06-15,106511.5,50592.25,53159.0,293299.5,190480.0,3343.75,123312.0,187061.25,51542.5,103106.25,18122.0,28495.5,1164739.2,1203645.5,38906.25,627800.75,1209025.5,697386.0,0.5768166180117789,0.5390054271376803,370205.5,44286.30000000005
2019-06-16,108023.5,50261.0,37025.25,75776.5,152923.75,3376.0,125009.25,199716.0,55810.25,96608.75,14142.0,20925.0,1062238.2,1101530.0,39291.75,796512.75,939597.25,427386.0,0.4548608459635232,0.7498438203408614,373060.0,-122640.94999999995
2019-06-17,107199.75,54154.5,32709.5,46841.75,241234.25,3162.0,137796.75,318055.75,130288.0,153729.0,24106.0,28409.0,1352510.5,1376747.5,24237.0,1031725.0,1277686.25,485301.75,0.3798285768513201,0.7628221740237876,630481.75,-74824.25
2019-06-18,105826.25,57294.25,11351.75,107796.0,239057.25,3120.5,140695.5,320984.0,139676.0,167869.75,33032.25,29072.0,1409368.8,1434633.5,25264.75,1051163.8,1355775.5,524446.0,0.3868236297233576,0.7458401236071069,657601.75,-53593.30000000005
2019-06-19,104415.0,58376.0,25524.75,123597.75,226274.5,3119.0,146129.75,314855.75,137131.5,170995.75,35661.5,29380.0,1405021.5,1435644.0,30622.5,1029624.5,1375461.25,541307.0,0.3935458014538759,0.7328176116877927,652363.0,-29560.25
2019-06-20,106607.5,55666.25,17051.75,135608.75,161964.0,3285.5,150990.5,283533.75,84261.0,162049.0,16421.0,29707.5,1190298.5,1218730.0,28431.5,875674.0,1207146.5,480183.75,0.39778415461586475,0.7356759669948336,559551.25,16848.0
2019-06-21,107362.5,57399.75,18388.0,71843.25,205168.25,3205.75,153296.25,278534.0,72237.75,164629.75,20116.25,29479.0,1252467.5,1268806.5,16339.0,957068.0,1181660.5,463367.5,0.3921325118339828,0.7641459758436846,544880.5,-70807.0
2019-06-22,107731.0,54197.5,8081.0,148373.25,191394.25,3167.25,154847.5,231357.25,47496.75,97525.5,11922.0,29569.75,1123547.0,1142270.5,18723.5,775698.5,1085663.0,512944.25,0.4724709693523681,0.690401469631444,405949.25,-37884.0
2019-06-23,106477.5,57200.5,57733.75,199889.75,225428.75,3124.25,153234.5,177041.5,31974.5,71157.25,14475.0,29630.5,1048307.25,1091617.5,43310.25,565255.0,1127367.75,649854.5,0.5764352404084647,0.5392073745555036,309803.75,79060.5
2019-06-24,105167.25,61284.75,106604.5,230966.75,259221.75,2891.25,154411.75,234332.75,63243.75,132744.25,30785.0,29973.5,1384408.8,1408601.5,24192.75,787615.75,1411627.25,766136.25,0.5427326866919011,0.5689184798594172,460294.25,27218.449999999953
2019-06-25,101861.0,61157.75,51030.25,166582.25,248492.75,2629.25,152946.5,278959.75,115213.5,154784.75,40991.0,30928.75,1442501.8,1474044.2,31542.5,976396.5,1405577.5,631753.25,0.4494616981276379,0.6768771449713269,579886.75,-36924.30000000005
2019-06-26,97876.0,60308.25,75852.5,196976.0,244130.5,2552.25,166303.25,267168.0,122003.25,145642.75,27341.75,30885.0,1456387.2,1487661.8,31274.5,939428.25,1437039.5,677695.5,0.47159142111264163,0.6450401720092019,565699.0,-19347.699999999953
2019-06-27,97266.0,58140.75,81322.75,262740.75,239958.5,3116.75,178653.25,219461.0,85324.75,150633.5,18671.75,32130.0,1431083.2,1466203.0,35119.75,847061.25,1427419.75,742545.5,0.5202012232211303,0.5919021689304996,487549.25,-3663.4499999999534
2019-06-28,105550.75,59018.25,16003.75,76685.25,251215.0,3715.25,184310.25,243534.0,94415.5,167830.75,35151.25,32743.0,1365494.0,1391805.5,26311.5,1021590.0,1270173.0,512188.25,0.40324290470668167,0.748146824519185,538523.25,-95321.0
2019-06-29,105236.75,56956.75,12481.25,53622.5,265399.25,3480.0,183850.25,194864.25,43982.75,126010.0,22285.25,30068.25,1165070.0,1194357.0,29287.0,833567.0,1098237.25,497176.5,0.4527040946753536,0.7154651651832079,394925.25,-66832.75
2019-06-30,100518.0,57291.5,80301.25,265538.25,254915.5,3245.5,179323.75,148742.5,29739.75,68233.0,21251.0,29407.0,1090954.2,1136031.2,45077.0,490199.25,1238507.0,761810.0,0.6151035076911152,0.4493307326742039,276122.25,147552.80000000005
2019-07-01,101981.5,59887.75,102779.25,278837.25,197005.75,3523.75,180911.25,206578.25,64813.5,148200.5,26540.0,29589.0,1441602.0,1471704.0,30102.0,862979.75,1400647.75,744015.25,0.5311936923469873,0.5986255221621501,449181.25,-40954.25
2019-07-02,98979.5,57095.5,94910.5,304801.75,217844.75,3733.25,181162.25,193709.25,75445.0,162003.5,19543.5,28418.0,1436520.8,1464522.0,28001.25,818963.75,1437646.75,777365.25,0.5407206255639642,0.570102256785979,459575.75,1125.9499999999534
2019-07-03,105352.5,57809.0,82738.0,195585.75,228321.0,3602.0,183753.5,216796.0,74529.25,170591.75,22069.0,28002.5,1420273.5,1444138.2,23864.75,913628.75,1369150.25,673408.25,0.4918439375079543,0.6432766294660852,489919.5,-51123.25
2019-07-04,106013.5,60355.5,102737.75,195108.5,248651.25,3766.75,181821.25,219917.75,84505.0,144272.75,27495.75,28047.0,1427448.8,1451808.2,24359.5,880951.25,1402692.75,716633.25,0.5108982348415217,0.6171508568293308,476742.5,-24756.050000000047
2019-07-05,106272.75,60933.5,66922.5,230329.25,191348.75,3695.25,182947.5,211325.0,85088.5,156729.75,29792.75,29062.75,1405138.2,1433447.5,28309.25,916537.75,1354448.25,659502.0,0.4869156130549838,0.6522758757821828,482206.0,-50689.94999999995
2019-07-06,105319.25,59463.5,91625.5,245543.75,184995.75,3448.75,182303.75,191041.25,39843.0,79784.75,16050.25,29500.25,1190703.2,1214932.8,24229.5,668538.25,1228919.75,690396.5,0.5617913618851027,0.5614650653496186,340169.25,38216.55000000005
2019-07-07,105572.5,56914.25,103335.0,284920.0,148834.5,3591.0,180903.75,146460.25,34089.75,68969.5,12086.5,29796.25,1100169.2,1145980.2,45811.0,563079.75,1175473.25,703167.25,0.5981992784608242,0.5118119558337026,279315.75,75304.05000000005
2019-07-08,105476.75,58600.0,61171.5,202466.75,162106.0,3852.0,183267.0,236920.5,74826.25,144838.25,18815.75,24097.75,1361045.5,1375234.0,14188.5,935301.25,1276438.5,593673.0,0.4651011388327757,0.687193227559255,480682.75,-84607.0
2019-07-09,97561.5,58167.0,65840.5,174913.0,176816.0,3956.5,192965.5,238392.25,86459.0,164321.25,22625.5,24375.25,1388112.5,1410165.5,22053.0,970543.0,1306393.25,577254.5,0.4418688629935894,0.6991818026276688,513547.75,-81719.25
2019-07-10,98197.0,57074.5,28565.25,97870.0,233617.0,3894.0,212349.75,283855.0,118950.25,182599.5,18400.75,29839.25,1382159.0,1403496.5,21337.5,1022106.75,1365212.25,519217.75,0.3803201663331105,0.7395001226342266,615244.0,-16946.75
2019-07-11,103066.0,61624.5,9773.0,43406.0,121649.25,3968.5,213265.5,301494.5,163751.0,199162.75,37018.25,29657.5,1381976.8,1396740.2,14763.5,1207148.5,1287836.75,343487.25,0.2667164529976334,0.8734940412892604,694065.75,-94140.05000000005
2019-07-12,99435.0,57615.5,8636.0,80780.0,141641.5,4128.75,202158.0,301808.75,156868.5,190189.5,23116.25,31763.5,1365364.5,1389806.0,24441.5,1134307.0,1298141.25,392236.75,0.30215259703056196,0.8307722956031155,680630.25,-67223.25
2019-07-13,99686.25,54328.75,39379.25,160916.5,136833.5,3785.0,182225.25,256668.0,64674.75,88026.75,8828.25,30512.0,1160987.2,1182112.8,21125.5,823858.0,1125864.25,494929.25,0.4395994010823241,0.7096185039766157,439881.5,-35122.94999999995
2019-07-14,99827.5,55193.75,45398.0,98601.0,131464.0,3644.75,182364.75,261565.0,54467.5,68189.5,7091.0,22469.75,1052899.8,1076151.2,23251.5,777436.75,1030276.5,434129.0,0.4213713503122705,0.738376766716073,406691.75,-22623.300000000047
2019-07-15,99648.0,54783.0,56921.0,142791.75,148289.0,3916.25,179342.5,298253.25,97321.25,161490.0,20458.0,31522.5,1339277.5,1355463.0,16185.5,991275.75,1294736.5,506349.0,0.39108266431046007,0.740157099630211,588587.0,-44541.0
2019-07-16,99435.0,51446.75,52606.25,183537.25,184171.75,3907.25,178329.25,308384.75,118147.5,176510.5,17693.25,31132.75,1381894.5,1398179.8,16285.25,961579.25,1405302.25,575104.25,0.40923883100592773,0.695841288897235,634175.5,23407.75
2019-07-17,98570.5,52790.5,4011.0,40652.75,208220.0,3849.25,180146.5,324909.5,134303.75,176580.75,22259.0,20116.25,1358724.2,1375780.8,17056.5,1105840.5,1266409.75,408094.0,0.3222448342647394,0.8138815073728723,655910.25,-92314.44999999995
2019-07-18,98404.5,51303.75,22133.0,49288.0,215208.75,3833.75,180258.25,312297.75,137672.25,192773.5,20563.75,28014.25,1362596.8,1384548.5,21951.75,1075967.0,1311751.5,440171.75,0.3355603176363816,0.78964444948058,670757.75,-50845.30000000005
2019-07-19,98520.75,52814.75,11124.75,71682.0,157780.0,3953.5,164926.0,314794.75,144315.75,201581.75,25246.75,31873.25,1349593.2,1368036.0,18442.75,1109006.5,1278614.0,395875.75,0.30961318271190524,0.821733912115147,692565.5,-70979.19999999995
2019-07-20,97875.25,46920.5,65810.0,175806.25,204093.0,3519.25,149912.75,260663.0,68022.25,123057.25,11545.25,30692.0,1164608.8,1189939.0,25330.25,718899.5,1237916.75,594024.25,0.4798579952973413,0.6172883976147183,482434.5,73307.94999999995
2019-07-21,98298.25,48035.5,63672.25,213027.0,192666.25,3485.0,149554.75,225069.25,59174.0,91308.25,12360.75,30627.25,1072463.8,1110589.5,38125.75,603098.25,1187278.5,619184.25,0.5215155921715082,0.5623483515247787,406178.75,114814.69999999995
2019-07-22,98005.0,47708.75,77669.25,84547.75,197926.75,3725.75,150598.75,300159.25,115113.25,175865.25,19783.5,24868.25,1343400.0,1359103.0,15703.0,983256.25,1295971.5,509583.25,0.39320559904288016,0.7319162200387077,616006.0,-47428.5
2019-07-23,95762.25,51703.75,13655.25,53618.5,247084.25,3428.5,149804.0,322465.25,191465.5,186165.25,28311.0,23687.5,1389924.2,1409386.0,19461.75,1075566.2,1367151.0,465252.5,0.3403080566813761,0.7738308319259424,723783.5,-22773.199999999953
2019-07-24,91673.0,51392.5,44155.5,95167.0,242260.5,3278.75,148643.5,314153.0,202255.0,190499.0,31679.75,24141.75,1413216.8,1442939.8,29723.0,1031633.75,1439299.25,527927.25,0.3667946398221218,0.7299897298135714,731048.75,26082.449999999953
2019-07-25,91419.75,51233.5,27865.75,127036.5,233515.75,3100.0,148023.25,311021.0,216292.75,197915.75,24514.25,31287.25,1425645.2,1453782.5,28137.25,1037227.25,1463225.5,534171.25,0.365064202339284,0.727549358002959,756516.75,37580.30000000005
2019-07-26,93472.5,49976.5,91388.5,262171.25,226537.0,3075.5,145174.25,298806.5,137418.25,174066.75,24199.0,30342.0,1414119.2,1438340.8,24221.5,834022.5,1536628.0,726621.25,0.47286737583852434,0.5897823182091015,640633.5,122508.80000000005
2019-07-27,93021.75,49124.0,111466.75,315716.25,177754.25,3118.75,150522.5,220764.25,34311.75,122761.25,9624.25,30832.5,1201889.0,1221526.5,19637.5,596951.75,1319018.25,750201.75,0.5687576726099127,0.4966779378128929,408669.75,117129.25
2019-07-28,95473.25,49076.25,71761.75,161779.75,136453.75,3177.5,176504.5,220375.5,31252.5,104287.0,10993.75,30078.75,1089902.0,1122988.2,33086.25,719906.75,1091214.25,517722.25,0.4744460127788837,0.6605242948448576,385993.75,1312.25
2019-07-29,95932.5,53533.0,10764.75,95148.75,138741.75,3661.25,182083.25,274394.75,124304.75,184672.75,25805.25,30800.75,1342455.5,1352477.0,10021.5,1097800.2,1219843.5,397782.0,0.32609265040966323,0.8177553743867115,614173.0,-122612.0
2019-07-30,96045.0,55863.75,11725.0,67239.25,174587.75,3750.5,181597.0,289350.5,141910.0,193467.0,16919.75,31100.25,1384790.2,1406510.5,21720.25,1131238.2,1263555.75,409211.25,0.3238569014465725,0.8169022282220079,655827.75,-121234.44999999995
2019-07-31,96584.25,53977.25,34037.25,118458.25,136148.75,3814.25,181464.75,294158.75,126421.25,191889.5,15614.0,30351.0,1377597.0,1407382.2,29785.25,1088952.8,1282919.25,443020.0,0.34532181195348033,0.7904726854079968,642820.5,-94677.75
2019-08-01,97222.75,53553.25,20550.5,44444.25,192499.75,3821.75,182540.5,322723.75,120930.25,199177.25,22563.5,31973.0,1345456.5,1364238.2,18781.75,1087962.0,1292000.5,412092.25,0.3189567264099356,0.8086192307220634,674804.25,-53456.0
2019-08-02,97620.5,54974.0,14957.75,43011.5,162912.5,3854.0,182396.25,328149.75,119873.5,199869.75,18767.75,36480.0,1318386.5,1334229.8,15843.25,1097504.8,1262867.25,377330.25,0.29878853062346816,0.8324605872405398,684373.0,-55519.25
2019-08-03,98746.75,50965.0,21300.0,76898.0,159739.75,3683.75,182381.5,280341.5,62948.75,148066.25,8297.0,33000.25,1117086.8,1141347.2,24260.5,859149.0,1126368.5,411333.25,0.3651853278922484,0.7690977997412555,524356.75,9281.699999999953
2019-08-04,97950.75,48409.5,10858.75,43311.0,208494.0,3586.5,176103.0,227334.5,61594.75,113762.75,10797.75,31424.0,1024125.0,1059969.0,35844.0,761461.25,1033627.25,412610.5,0.3991869409402664,0.7435237397778591,434116.0,9502.25
2019-08-05,97788.5,48697.5,17064.0,87132.25,143295.0,3650.25,180507.75,294932.0,118392.0,178811.5,22384.0,40145.25,1282587.8,1294868.5,12280.75,1035096.5,1232800.0,397627.5,0.3225401524983777,0.8070375377030719,632280.75,-49787.80000000005
2019-08-06,97408.0,51387.0,31973.0,126168.0,164893.25,3478.75,180758.0,312942.75,115480.75,196944.75,16777.25,39399.75,1337817.8,1360546.2,22728.5,1014783.5,1337611.25,475308.0,0.35534091089619646,0.7585364015936998,664768.0,-206.55000000004657
2019-08-07,96886.5,52274.75,49612.25,144292.75,106819.5,3643.5,180552.5,316187.0,113760.5,198195.75,15723.0,36520.5,1345172.2,1361419.2,16247.0,1044447.75,1314468.5,453529.25,0.3450286180307858,0.7764416704418958,664663.75,-30703.699999999953
2019-08-08,96869.0,54102.75,76008.75,260286.5,197424.25,3569.75,177064.75,238103.75,58614.5,155727.0,19982.5,25760.0,1360680.0,1386945.5,26265.5,826960.5,1363513.5,688261.0,0.5047702131295363,0.6077553135197107,478205.25,2833.5
2019-08-09,95483.75,55725.5,57379.25,126913.5,168494.25,3846.0,162189.0,274404.25,91618.5,196889.0,24606.5,40082.0,1343994.2,1354300.8,10306.5,991207.25,1297631.5,507842.25,0.3913609140961822,0.7375085770459426,602993.75,-46362.69999999995
2019-08-10,93565.5,53124.25,107583.5,497589.0,130718.75,3559.0,138312.0,123924.5,39888.0,62389.25,17782.5,37176.0,1189852.5,1223151.0,33298.5,453961.25,1305612.25,886140.0,0.6787160583090424,0.3815273321693235,263377.75,115759.75
2019-08-11,95130.25,49695.25,124476.75,278698.0,203961.0,3530.75,138310.0,134068.75,41144.5,68255.75,17156.25,40089.5,1080844.8,1120385.0,39540.25,473709.0,1194516.75,755492.0,0.63246664393781,0.43827661473691687,283558.5,113671.94999999995
2019-08-12,95498.75,53034.25,85991.5,184853.0,132030.0,3763.0,156929.25,230438.0,87040.0,173994.0,21784.5,40947.0,1318095.2,1339500.8,21405.5,915220.75,1266303.25,555170.5,0.43841828566735497,0.6943510225968504,532419.0,-51791.94999999995
2019-08-13,94755.75,56484.75,35284.0,221621.0,160704.0,3598.5,153543.0,223058.0,83631.5,184557.5,17628.0,39156.0,1346463.0,1375107.2,28644.25,928854.0,1274022.0,572448.0,0.4493234810701856,0.6898474001884939,530403.0,-72441.0
2019-08-14,95037.25,57532.25,51166.5,121322.0,200307.0,3581.0,154471.25,209561.5,83894.75,177633.0,27444.0,39348.75,1327751.2,1347863.5,20112.25,954955.75,1221299.25,528946.0,0.43310106020289457,0.7192279321607844,510438.0,-106451.94999999995
2019-08-15,94233.5,54185.5,84103.25,309922.25,110686.5,3576.25,179011.25,193872.75,62421.75,123425.0,13663.0,38960.75,1330139.0,1364196.2,34057.25,825427.0,1268061.75,656707.25,0.5178827056332233,0.6205569493113126,418680.25,-62077.25
2019-08-16,97956.0,55286.25,58251.5,156596.0,183870.25,3659.5,186803.25,223049.0,48094.75,145939.25,26836.5,40225.5,1295121.2,1313270.8,18149.5,896403.5,1226567.75,555619.5,0.452987207596156,0.6921386971350635,457308.5,-68553.44999999995
2019-08-17,102317.75,52080.0,81321.0,334316.25,97474.25,3588.75,184045.25,166538.25,23583.25,74926.25,24289.25,38198.0,1147099.5,1180055.8,32956.25,633988.0,1182678.25,671098.0,0.5674391999683769,0.552687888016689,303245.75,35578.75
2019-08-18,102170.0,49492.25,54902.75,221006.25,154655.0,3426.0,182060.5,170079.25,25784.0,70415.25,10667.25,35977.5,1054115.5,1097609.5,43494.0,623551.5,1080636.0,585652.25,0.5419514526630613,0.5915400162505912,302256.0,26520.5
2019-08-19,101976.0,50808.5,89079.5,213906.75,159801.25,3437.0,180943.0,218304.0,52977.5,147554.0,25074.0,36646.0,1334708.2,1357118.8,22410.5,871920.75,1280507.5,619009.0,0.48340911708834194,0.6532669462883348,455481.5,-54200.69999999995
2019-08-20,102226.75,56983.25,46559.0,99895.25,108786.25,3464.75,185298.75,286651.25,82446.0,185293.0,32591.5,33746.75,1340286.2,1363808.8,23522.5,1085045.8,1223942.5,417915.25,0.34145006812003015,0.8095627635351316,588137.0,-116343.69999999995
2019-08-21,102194.25,58241.0,23655.25,53384.0,198304.75,3472.5,187481.75,293731.5,86938.0,177241.75,30787.25,34030.0,1327486.2,1356455.2,28969.0,1052142.2,1249462.0,439251.75,0.35155270828564616,0.7925824012332482,591941.25,-78024.19999999995
2019-08-22,102155.0,60917.25,57937.75,88210.5,214723.25,3454.75,185103.0,274364.25,80494.5,157900.5,24414.5,33024.25,1331355.8,1361823.8,30468.0,970484.25,1282699.5,527398.5,0.41116294190494346,0.7289443212700917,545783.5,-48656.30000000005
2019-08-23,102213.0,59647.0,26844.0,69479.25,210676.0,3429.75,182941.5,292817.25,93186.0,155369.5,26666.5,33314.5,1315223.2,1335789.5,20566.25,1008224.0,1256584.25,472289.0,0.37585144012428934,0.7665801515666695,574687.25,-58638.94999999995
2019-08-24,100745.0,56215.75,35670.5,124261.25,208699.5,3286.0,184667.5,240804.25,48787.0,100098.25,19063.0,31739.0,1132743.2,1158211.0,25467.75,764112.0,1154037.0,528878.0,0.4582851329723397,0.6745677219691101,421428.5,21293.800000000047
2019-08-25,98448.75,54433.0,26644.75,110526.75,198891.75,3195.75,184345.5,220336.25,61288.25,96412.25,18432.25,32470.5,1056819.2,1092845.5,36026.25,720756.0,1105425.75,492140.75,0.44520470958813835,0.6820050203478514,410507.25,48606.55000000005
2019-08-26,97108.75,58284.0,7111.75,68839.5,193416.25,3517.25,184798.0,296428.25,167158.75,169084.25,38854.5,33846.25,1362267.0,1384965.2,22698.25,1092899.5,1318447.5,428277.5,0.32483470141966214,0.802265268115575,666517.5,-43819.5
2019-08-27,96436.75,60533.0,23336.5,73815.75,190017.25,3790.5,184349.0,308057.75,206471.25,199266.75,38317.75,36144.25,1421446.2,1454948.2,33502.0,1134276.8,1420536.5,447929.75,0.315324351046242,0.7979737819130968,749940.0,-909.6999999999534
2019-08-28,97318.75,54810.5,14911.0,86056.25,170860.75,3653.5,185397.5,309792.25,205255.75,196926.25,26660.5,36274.5,1430407.8,1464043.8,33636.0,1158579.8,1387917.5,427610.75,0.3080952217981256,0.8099646827988494,748248.75,-42490.30000000005
2019-08-29,98134.0,53228.25,21647.5,77284.75,147258.75,3682.5,185644.0,335759.0,203838.0,199330.25,26162.5,37449.0,1404336.0,1432631.0,28295.0,1158145.0,1389418.5,401235.75,0.2887796225543276,0.8246922388943957,776376.25,-14917.5
2019-08-30,98975.0,50015.5,36004.75,25767.5,190180.0,3613.0,183940.0,349678.0,165291.5,191295.25,23791.25,37852.25,1366225.2,1394655.5,28430.25,1114273.0,1356404.0,404555.75,0.2982560874193824,0.8155851612164671,744117.0,-9821.199999999953
2019-08-31,95901.25,46467.25,28170.75,110797.25,205165.75,3412.75,184246.0,267140.25,57690.5,116952.75,12914.5,33097.5,1162161.8,1186428.8,24267.0,818028.0,1161956.5,489915.0,0.4216293811343196,0.7038847774896748,474881.0,-205.30000000004657
2019-09-01,92131.75,42906.75,61496.5,205370.5,135988.75,3343.0,182131.5,218809.0,52197.5,111893.25,7590.0,33373.5,1071957.2,1112921.8,40964.5,669101.5,1147232.0,541237.25,0.471776632799643,0.6241867679045395,416273.25,75274.80000000005
2019-09-02,94809.75,48449.25,68738.0,137366.25,157993.0,3581.0,185014.75,275801.25,100424.75,173879.5,22061.0,34090.25,1327201.0,1346838.8,19637.75,963103.75,1302208.75,510937.25,0.39236201569064866,0.7256653287633147,584195.75,-24992.25
2019-09-03,99384.25,52293.0,112342.75,220395.25,163496.75,3621.5,186369.75,270805.5,83420.0,184595.0,21551.5,36912.0,1378854.5,1411746.0,32891.5,882619.75,1435187.25,651533.5,0.4539710758996779,0.6401108673902867,575732.5,56332.75
2019-09-04,99174.75,50048.75,83653.0,216371.0,189700.0,3544.25,187103.5,246949.0,71569.0,186008.0,26793.5,36016.5,1373421.0,1402548.0,29127.0,883697.0,1396931.25,642491.75,0.4599308305258401,0.6434276161497458,540542.5,23510.25
2019-09-05,99586.0,46107.75,101960.0,365998.75,120240.0,3630.0,184745.25,228566.25,57701.5,168534.0,16160.75,35369.5,1409526.2,1439407.0,29880.75,821327.5,1428599.75,737522.5,0.5162555152344105,0.5826975759655976,490171.25,19073.550000000047
2019-09-06,103226.75,49267.5,105638.25,207692.5,152230.0,3692.75,187518.75,230987.75,51567.25,178706.5,26232.25,28406.5,1361783.8,1389719.0,27935.25,896223.0,1325166.75,621747.75,0.46918453847412034,0.658124292563915,489668.0,-36617.05000000005
2019-09-07,104512.25,50143.5,39777.5,74985.75,91110.0,3508.75,186414.5,247907.5,46693.0,144037.0,13313.25,34505.25,1141407.5,1162263.2,20855.75,935534.25,1036908.25,364037.75,0.35108000153340474,0.8196321208683139,473142.75,-104499.25
2019-09-08,103239.75,50638.75,16949.0,23200.25,90957.25,3494.75,187778.25,262231.25,63222.25,139910.0,18301.5,34879.0,1054518.0,1083888.0,29370.0,923411.5,994802.0,288479.75,0.2899871029611923,0.8756716338649506,500242.5,-59716.0
2019-09-09,98829.75,57554.5,8766.75,101409.25,71728.5,4018.0,189143.0,297901.25,144827.0,177322.0,24968.25,35136.0,1345338.5,1372102.5,26764.0,1163434.0,1211604.25,342306.75,0.2825235632839683,0.8647890475148076,655186.25,-133734.25
2019-09-10,97351.25,53067.5,50049.0,241185.0,168611.75,4131.0,184990.75,283366.5,61964.5,156104.75,20356.75,31277.25,1390743.2,1417166.2,26423.0,930897.5,1352456.0,614395.5,0.4542813222759188,0.6693525447401073,532713.0,-38287.19999999995
2019-09-11,97714.25,51294.25,86837.25,264047.0,165514.75,3940.25,186156.0,269934.75,64524.25,148093.25,19475.25,32358.75,1409536.8,1437474.0,27937.25,893137.75,1389890.0,669347.75,0.4815832547899474,0.6336391855821004,514911.0,-19646.800000000047
2019-09-12,98530.25,52996.25,87981.25,209555.25,135105.75,3953.5,187210.0,282409.0,72313.0,180891.75,25556.0,34107.75,1407702.8,1431243.5,23540.75,975060.5,1370609.75,588122.25,0.4290953351236557,0.6926607661787701,569721.5,-37093.05000000005
2019-09-13,97818.0,51021.25,86445.0,258533.25,129606.75,4003.5,184661.25,263043.75,64775.5,185160.0,23473.25,35533.5,1401072.2,1427854.0,26781.75,926487.25,1384075.0,627427.75,0.4533191842927587,0.6612701686608299,548512.75,-16997.199999999953
2019-09-14,97856.75,47451.5,44853.75,64704.75,182664.0,4050.25,186464.25,237133.0,65590.0,151089.25,18493.25,35148.0,1158039.5,1179255.2,21215.75,865817.0,1135498.75,441581.0,0.38888726209518065,0.7476575712659197,488960.25,-22540.75
2019-09-15,97232.25,40694.75,108790.5,314061.25,175796.5,3608.5,172939.75,173432.75,40986.25,89241.5,9378.0,34147.25,1109685.0,1155903.0,46218.0,511036.75,1260309.25,740183.75,0.5873032749700123,0.4605241577564804,337807.75,150624.25
2019-09-16,97216.0,47785.5,66611.75,131419.75,101366.25,3909.5,188458.25,272569.25,143122.5,191160.25,30787.25,34941.5,1378559.5,1390945.0,12385.5,1079161.8,1309347.75,448308.75,0.3423908965360807,0.7828184420041355,641793.5,-69211.75
2019-09-17,95718.5,43103.5,101016.0,461342.5,120385.5,4084.0,185239.25,228312.5,85252.0,150365.5,15158.75,31161.25,1446150.5,1481893.5,35743.0,763406.5,1521139.25,825650.0,0.5427839693177334,0.5278886948488418,495091.25,74988.75
2019-09-18,98231.0,39002.5,114592.75,344739.75,169386.25,4309.0,186441.75,252639.5,99390.75,173079.5,19633.0,33912.5,1422452.2,1454213.8,31761.5,793733.5,1535358.25,770261.25,0.5016817736186326,0.5580036362557561,559022.25,112906.05000000005
2019-09-19,98529.75,38455.25,36102.25,161324.0,175764.75,4238.5,188040.5,327994.25,140342.5,208276.5,20408.75,34928.5,1383852.0,1402280.2,18428.25,1010661.0,1434405.5,514414.5,0.3586255769376233,0.7303244855663756,711541.75,50553.5
2019-09-20,94630.75,37576.0,19707.0,99776.25,170439.5,4333.0,188618.0,327686.0,131821.25,213294.75,22617.5,36488.5,1359178.8,1380531.2,21352.5,1069256.0,1346988.5,426462.5,0.31660441050536065,0.7866926706037498,709290.5,-12190.300000000047
2019-09-21,92170.75,33545.0,21146.5,144794.25,191707.5,4328.25,187933.75,270995.75,52501.75,149268.25,16015.25,35863.0,1151972.0,1178488.5,26516.5,794323.75,1200270.0,487692.25,0.4063187866063469,0.6895339036018237,508628.75,48298.0
2019-09-22,94498.75,31846.0,48740.75,188045.0,158711.25,4202.0,188484.5,258002.5,51967.75,131544.25,12725.5,35933.0,1070983.0,1106141.0,35158.0,675486.0,1204701.25,526043.75,0.43665908871597836,0.6307158937163335,477447.5,133718.25
2019-09-23,94046.25,35554.25,44141.0,145184.0,78090.25,4213.75,215446.75,319071.0,134670.5,196581.25,29214.5,35996.5,1390845.0,1408690.0,17845.0,1123429.8,1332210.0,401229.5,0.3011758656668243,0.8077318464674353,686319.25,-58635.0
2019-09-24,93311.0,43268.5,49023.75,83090.0,99308.25,4221.75,217410.25,333843.25,159576.5,216396.5,21506.0,38563.75,1402773.0,1429904.0,27131.0,1171351.0,1359519.5,372223.25,0.27379029870479976,0.8350253390962045,748380.0,-43253.5
2019-09-25,94075.0,43408.0,25442.75,137565.0,78207.0,4213.5,219463.5,342684.0,163831.75,212482.0,26204.0,38486.5,1406429.5,1433712.5,27283.0,1165214.8,1386063.0,382911.25,0.27625818595547247,0.8284914387816809,757484.25,-20366.5
2019-09-26,94706.0,43204.5,69365.0,195454.0,67432.75,4244.0,219062.0,343619.75,111276.25,214260.25,21743.5,38490.75,1428329.2,1451579.8,23250.5,1096077.5,1422858.75,474406.25,0.33341767058747046,0.7673843676933861,707647.0,-5470.449999999953
2019-09-27,96202.25,38286.75,81066.5,299966.0,71257.5,4350.0,219724.5,291128.25,76264.75,189267.75,25633.5,38685.25,1412532.8,1435765.2,23232.5,960242.75,1431833.0,591129.0,0.4128477273536788,0.6798020902594262,595346.0,19300.199999999953
2019-09-28,96278.5,34382.75,112681.75,547454.0,103210.0,4320.75,208958.25,123862.0,27829.5,72011.5,25470.0,34344.25,1215256.2,1254795.5,39539.25,451910.5,1390803.25,898327.75,0.6459057023342446,0.37186438546867734,258047.25,175547.05000000005
2019-09-29,96400.75,32693.5,91766.0,596399.75,94476.75,3857.5,191585.75,102032.75,26070.25,54578.75,22360.0,34011.25,1144073.2,1190963.2,46890.0,361430.75,1346233.0,915594.25,0.680115737766048,0.3159157560897327,216693.0,202159.80000000005
2019-09-30,95665.25,32206.5,107115.75,684310.5,94224.0,4203.0,203330.0,148628.0,47007.5,116744.25,24206.0,35724.75,1445605.0,1482523.8,36918.75,559954.75,1593365.5,1017725.0,0.6387266449537159,0.38734976013503,348104.5,147760.5
2019-10-01,97814.25,34340.75,41481.0,376807.0,78648.75,4470.25,220009.0,212182.0,89254.75,207606.25,29865.0,37833.5,1449526.5,1475502.2,25975.75,952589.75,1430312.5,633562.0,0.44295355036049816,0.6571730492681576,546876.5,-19214.0
2019-10-02,97549.25,34905.75,113142.5,327547.5,82225.75,4517.5,218885.75,221793.0,92348.5,208455.75,25140.0,37573.5,1432344.8,1466784.2,34439.5,909429.0,1464084.75,659888.25,0.45071724843797467,0.6349232391530307,560170.75,31739.949999999953
2019-10-03,101616.0,39597.5,25415.0,245378.75,85198.0,5026.25,221456.75,234145.5,87580.5,191938.5,25183.0,39155.0,1146045.0,1173903.2,27858.25,790053.25,1301690.75,502231.5,0.38583012132489997,0.6893736720634879,552819.5,155645.75
2019-10-04,102287.5,38492.75,59070.25,220208.75,46690.0,4612.0,222518.5,259140.75,110018.0,196902.5,21655.0,38469.0,1266766.0,1292302.5,25536.5,940797.0,1320065.0,471361.25,0.35707427285777593,0.7426762322323144,604530.25,53299.0
2019-10-05,105744.75,40844.5,71685.75,252411.0,63538.5,4229.5,221992.5,251301.0,81060.0,161593.0,16831.5,36935.75,1186621.2,1216071.0,29449.75,798986.0,1308167.75,538454.0,0.4116092909338271,0.673328607309561,530889.75,121546.55000000005
2019-10-06,105236.0,43274.5,111505.25,239442.25,66201.5,4228.75,220616.5,246774.0,58241.75,145325.25,12669.75,36893.25,1122746.8,1159987.8,37241.0,705597.75,1290408.75,569888.25,0.4416339008860565,0.6284567010121961,487234.25,167661.94999999995
2019-10-07,101756.5,46020.25,72311.5,114974.0,101160.5,4063.5,221941.0,323707.0,197354.0,213175.5,34574.25,36735.0,1392578.0,1412630.8,20052.75,1104132.0,1467773.0,440286.25,0.29996889846045677,0.7928690529363526,770971.5,75195.0
2019-10-08,100598.5,44822.25,114770.0,426613.5,38291.25,4150.5,216736.25,315312.75,94720.75,196913.75,28399.0,39385.5,1468772.5,1496912.8,28140.25,889097.75,1620714.0,729246.0,0.44995353899577595,0.6053338757363717,646332.75,151941.5
2019-10-09,105925.75,44586.0,110960.75,447796.25,54957.75,4196.5,216014.0,286584.75,86215.25,184023.0,22405.25,39649.25,1469691.5,1496858.2,27166.75,855976.75,1603314.5,768423.0,0.4792715340627182,0.5824193376637206,596472.25,133623.0
2019-10-10,104802.75,47249.25,123587.25,535462.75,79973.25,4587.5,211007.75,240123.75,48949.5,163333.0,24039.25,40141.5,1483248.5,1515956.5,32708.0,744225.25,1623257.5,895662.75,0.5517687427903459,0.5017535834352773,492547.75,140009.0
2019-10-11,108446.5,44588.75,128596.0,693594.0,83287.75,4680.0,203119.25,175349.75,56081.5,110512.5,19735.75,40479.0,1493783.8,1531366.8,37583.0,588306.0,1668470.75,1063193.0,0.6372260346787619,0.3938361093486219,382422.75,174686.94999999995
2019-10-12,110385.75,41782.0,121926.75,478355.75,114872.75,4154.75,194811.25,167844.0,32923.0,97042.0,27927.25,38504.5,1249982.5,1290486.8,40504.25,534827.25,1430529.75,871477.75,0.6091993193430616,0.42786779014906207,336313.5,180547.25
2019-10-13,109288.75,40384.0,70894.5,364324.75,115702.0,4054.25,214772.75,182347.0,29435.25,87485.5,13616.75,37730.75,1123113.5,1156439.8,33326.25,572192.25,1270036.25,704648.25,0.5548253051832182,0.5094696573409544,336998.5,146922.75
2019-10-14,110179.75,41329.5,77222.75,257332.0,132219.25,3748.5,218649.0,290827.75,132673.0,196294.5,31236.0,37795.5,1413059.2,1436281.5,23222.25,946285.25,1529507.5,622031.75,0.4066876102274752,0.6696713414413211,657590.75,116448.30000000005
2019-10-15,110772.75,44177.25,70611.25,154872.75,102376.75,4079.5,217830.75,319943.5,156161.0,232086.75,32226.5,39173.5,1452183.8,1476635.5,24451.75,1124323.0,1484312.25,486890.25,0.3280241404731383,0.7742291299489775,747364.75,32128.449999999953
2019-10-16,111933.25,44004.75,47206.75,361125.25,80217.75,4399.5,221404.25,315112.0,104762.0,223960.0,17185.25,38171.25,1469907.5,1502590.0,32682.5,981357.75,1569482.0,648887.25,0.41344038988659954,0.6676323169995391,682005.25,99574.5
2019-10-17,111672.25,43522.5,52029.5,272252.5,77479.5,4367.5,221346.75,323716.0,153382.75,231354.25,30008.0,36403.5,1459457.0,1485282.8,25825.75,1057695.5,1557535.0,561323.75,0.36039238283569874,0.7247185083219307,744856.5,98078.0
2019-10-18,111364.25,39691.5,101782.25,417273.25,77326.25,4324.25,217650.25,290534.5,84343.25,197544.0,24570.75,37237.0,1454836.8,1483033.0,28196.25,858455.0,1603641.5,751761.75,0.46878417027745917,0.5900696215548026,609658.75,148804.69999999995
2019-10-19,111560.5,36203.0,124186.75,343949.75,45533.0,4607.0,218906.75,249639.75,44457.0,175875.25,19654.75,36508.25,1246558.0,1269827.0,23269.0,732888.5,1411081.75,666040.0,0.47200667147739667,0.5879297232860404,506480.25,164523.75
2019-10-20,110382.5,38520.0,33420.75,117968.5,70794.5,4360.75,220842.5,271212.0,65960.0,188480.25,26949.75,36077.5,1109418.0,1133966.5,24548.5,887234.25,1184969.0,375447.0,0.3168412000651494,0.7997294527400853,561729.75,75551.0
2019-10-21,109462.0,43171.25,38578.5,139319.0,58261.5,4369.75,220979.5,307011.0,220875.0,232560.25,34714.5,35601.5,1408883.8,1440243.8,31360.0,1172724.8,1444903.75,393162.0,0.2721025535437914,0.8323786532288894,796047.75,36019.94999999995
2019-10-22,110621.25,42497.25,54947.25,111079.0,71418.5,4460.0,221549.75,335045.25,243250.75,237575.0,26827.5,36345.75,1443680.5,1480323.5,36643.0,1206235.8,1495617.25,395023.25,0.2641205495590533,0.8355282210987819,852216.75,51936.75
2019-10-23,111818.5,43976.25,28444.0,133514.25,67967.25,4451.25,220025.0,325635.25,230449.75,239842.0,26832.5,37358.0,1443132.8,1473935.5,30802.75,1213207.2,1470314.0,390171.5,0.2653661054713483,0.8406760625217582,833285.0,27181.199999999953
2019-10-24,111867.5,42131.0,60330.25,201439.5,64185.0,4416.0,221168.25,325393.5,154737.5,218436.25,27026.0,37564.75,1456875.2,1488462.8,31587.5,1130920.5,1468695.5,484369.25,0.3297955566691666,0.7762645008989102,736132.0,11820.300000000047
2019-10-25,112486.5,36185.5,122909.75,400330.0,81687.5,4445.0,217657.75,268188.75,60494.5,191229.0,34558.25,35718.5,1454347.5,1485563.0,31215.5,849420.25,1565891.0,758044.25,0.4840977117819823,0.5840559082337612,555630.75,111543.5
2019-10-26,110698.5,35425.5,111387.25,598275.5,100810.25,4394.75,210251.75,160502.5,31583.75,78461.25,29185.75,34385.0,1279345.0,1316263.5,36918.5,468872.0,1505361.75,960991.75,0.6383792799305549,0.3664937917449945,304932.5,226016.75
2019-10-27,116251.5,36027.5,117003.25,505984.75,61737.0,4647.75,203411.5,200163.0,40266.75,96805.0,32540.0,29478.25,1225305.8,1258731.2,33425.5,540580.75,1444316.25,841651.75,0.5827336983849625,0.44118027516069863,366713.0,219010.44999999995
2019-10-28,112126.25,36599.75,74096.0,214336.75,69489.5,4925.75,221824.25,332133.0,212477.25,218700.75,21402.5,38930.75,1451120.5,1479860.5,28740.0,1093198.2,1557042.5,511574.0,0.32855493668284586,0.7533476372224085,802241.75,105922.0
2019-10-29,112620.25,40065.25,18882.25,114429.5,59264.0,4914.0,223290.5,341041.25,292028.0,245374.25,28452.5,40579.75,1473848.5,1500987.5,27139.0,1281272.8,1520941.5,350175.25,0.23023584404791375,0.8693381986004668,919023.25,47093.0
2019-10-30,112421.0,40170.25,4656.5,120048.25,79839.25,4841.5,224048.75,339000.75,271392.25,232353.0,25478.0,42878.0,1466933.8,1495747.0,28813.25,1262389.8,1497127.5,361976.75,0.24178084364892102,0.8605635782609958,885624.0,30193.699999999953
2019-10-31,113770.25,41723.75,31546.0,151589.5,101540.75,5390.25,223708.5,323537.5,205180.25,228560.5,22218.0,43557.0,1378336.0,1405655.5,27319.5,1093659.8,1492322.25,445560.5,0.298568556489726,0.7934638578691988,800835.25,113986.25
2019-11-01,114326.0,40230.25,85023.5,339235.75,37760.75,5389.75,223076.0,226308.25,53475.0,163438.0,12329.75,43273.5,1268092.0,1282463.0,14371.0,806072.0,1343866.5,621966.0,0.4628182933349406,0.6356573497821925,486494.75,75774.5
2019-11-02,112783.5,38314.0,110995.5,486971.25,40741.0,4811.25,215780.25,170342.5,37305.25,90375.5,15985.0,41619.0,1224070.5,1262266.5,38196.0,585362.75,1366024.0,794616.5,0.5817002483118892,0.4782099968915189,339642.25,141953.5
2019-11-03,109329.75,37689.5,63268.25,242070.0,34968.75,4515.25,216003.0,216502.5,54552.0,111118.75,20484.75,40865.75,1128963.2,1167773.0,38809.75,788656.25,1151368.25,491841.5,0.42718000952345175,0.6985668354823258,423039.0,22405.050000000047
2019-11-04,105542.0,38857.5,36629.75,228941.5,46219.0,4800.25,220100.0,289412.5,160022.0,192663.5,21178.0,36927.25,1428774.8,1459436.2,30661.5,1116984.5,1381293.25,460990.0,0.3337379662139086,0.781777856104405,679025.25,-47481.55000000005
2019-11-05,105858.5,44209.25,55540.5,161540.5,35064.0,4985.25,221810.5,324237.5,224533.25,226175.5,29561.75,44119.75,1481827.8,1509317.2,27489.5,1229682.8,1477636.25,407198.0,0.2755739106968985,0.8298419020077772,819066.0,-4191.550000000047
2019-11-06,106171.5,49995.0,14764.0,95369.0,31205.25,5173.25,222924.25,350301.5,265175.0,223282.75,35573.75,41774.75,1491698.8,1519348.8,27650.0,1350360.5,1441710.0,302678.0,0.2099437473555708,0.9052501081317488,880534.0,-49988.80000000005
2019-11-07,106883.0,44060.0,59184.75,221787.75,54639.75,5119.5,222556.25,370314.0,218370.0,203458.5,16499.75,41493.5,1509018.0,1540156.8,31138.75,1173405.8,1564366.75,491674.75,0.3142963438720492,0.7775956284153006,833636.0,55348.75
2019-11-08,106914.0,45122.5,47945.75,106549.5,33154.75,5231.25,222433.25,371964.0,260051.75,208846.0,36826.0,40806.0,1473112.8,1497501.0,24388.25,1285462.8,1485844.75,344917.75,0.23213579346025215,0.8726166794559114,881667.75,12731.949999999953
2019-11-09,107525.75,41380.0,33509.5,125894.75,30269.0,4680.0,223055.25,369029.5,210116.25,155151.75,11805.5,39841.25,1270911.8,1294246.0,23334.25,1081238.5,1352258.5,343259.0,0.25384125890131215,0.8507580935199437,774138.75,81346.69999999995
2019-11-10,113479.5,37582.0,47319.25,85454.5,63377.5,4626.0,223023.0,369649.0,183928.25,145596.5,13494.0,40751.0,1187107.8,1212569.8,25462.0,990956.5,1328280.5,351838.75,0.26488286924335636,0.8347653852497642,739924.75,141172.69999999995
2019-11-11,113507.5,36930.75,106828.25,306856.0,38504.0,4608.5,222822.5,363214.75,196604.5,163987.5,23364.25,40833.0,1525379.0,1549936.8,24557.75,1073190.8,1618061.5,607235.0,0.375285488221554,0.7035568209605613,764639.75,92682.5
2019-11-12,110408.0,37764.5,128542.25,399324.0,35790.0,4539.0,221698.0,323863.75,198250.25,186871.5,16761.75,38883.75,1566387.5,1599506.0,33118.5,1002731.25,1702696.75,716367.75,0.4207253875359779,0.6401552936294499,747869.25,136309.25
2019-11-13,110545.25,41854.25,92525.25,267462.75,29536.5,4574.25,222809.75,323750.25,281604.5,217972.25,23352.25,38879.75,1529887.8,1557577.2,27689.5,1140363.2,1654867.0,546498.25,0.3302369616410261,0.7453900867762981,862206.75,124979.19999999995
2019-11-14,110806.25,39942.25,52601.25,282720.5,69783.25,4496.25,222902.5,343657.0,280377.25,223640.25,23825.75,38864.5,1519779.8,1546512.5,26732.75,1114674.8,1693617.0,560349.75,0.33085978116658016,0.7334449372205105,886539.0,173837.19999999995
2019-11-15,111337.5,39148.75,118989.0,372569.0,24126.5,4618.25,221952.75,338289.75,210191.75,166057.75,29708.75,38050.5,1536482.2,1562391.0,25908.75,1020797.75,1675040.25,670789.0,0.40046142174792515,0.6643733002569115,752589.75,138558.05000000005
2019-11-16,112220.0,39115.5,73357.5,244322.25,31515.75,4673.0,221465.75,350465.0,181105.5,152478.5,8238.75,38745.25,1316943.5,1343406.2,26462.75,967748.0,1457702.75,505204.0,0.3465754592285704,0.7348439777408826,722794.25,140759.25
2019-11-17,114385.75,38957.75,60015.0,242798.5,20308.5,4641.25,216385.5,361434.0,170091.5,130864.5,13931.5,36745.75,1230224.0,1260391.0,30167.0,907102.0,1410559.5,481106.75,0.34107511948273006,0.7373470197297403,699135.75,180335.5
2019-11-18,114426.75,46250.75,120873.0,273309.25,28947.0,4443.25,189948.5,361628.75,248575.0,193646.75,31173.25,36721.0,1532179.2,1564363.5,32184.25,1109050.0,1649943.25,588250.0,0.3565274138974174,0.723838308208335,840571.5,117764.05000000005
2019-11-19,113097.0,42869.25,100899.75,310057.5,36776.25,4334.0,185311.25,343004.75,269537.25,214321.5,25991.75,40737.75,1584000.0,1615467.8,31467.75,1136266.5,1686938.0,608033.75,0.36043633494532695,0.7173399621212121,867601.25,102938.0
2019-11-20,114887.5,48622.25,8622.5,28090.25,20742.25,4883.75,191385.75,382477.25,345498.75,250391.25,41080.5,34598.0,1525568.5,1551886.0,26317.5,1468113.5,1471280.0,225848.5,0.15350477135555435,0.9623386298288147,1012965.25,-54288.5
2019-11-21,115134.5,43687.0,48870.75,81196.5,18265.5,5267.75,190989.75,375587.5,324390.75,249049.5,32050.75,33206.25,1541151.8,1569294.0,28142.25,1392819.0,1517696.5,312422.0,0.20585275119234972,0.9037519860146158,982234.0,-23455.300000000047
2019-11-22,115144.0,38658.0,66176.25,204909.25,29125.5,5398.0,192771.25,373665.5,265772.5,211212.25,19166.25,36441.5,1531973.5,1556096.2,24122.75,1231762.5,1558440.25,459411.0,0.29478897249990815,0.8040364275230609,887091.75,26466.75
2019-11-23,115285.5,33768.5,140783.25,477237.75,46758.0,5216.0,219297.75,283667.0,58891.25,100017.5,7011.25,36760.0,1336730.5,1372755.0,36024.5,671951.5,1524693.75,819049.0,0.5371891896323442,0.5026828519286423,479335.75,187963.25
2019-11-24,114611.25,34509.5,108206.75,200115.0,37416.5,5324.0,220272.5,313614.0,114953.5,119745.25,17548.25,35415.0,1213350.0,1233380.8,20030.75,867611.75,1321731.5,500183.0,0.37843011231857604,0.7150548069394651,583727.75,108381.5
2019-11-25,114518.5,41641.75,17099.0,43809.75,13833.0,5414.5,222167.0,384542.75,290435.0,228744.0,39232.5,39323.5,1496715.8,1519419.0,22703.25,1421974.0,1440761.25,236316.5,0.1640219710239986,0.9500627974930177,943045.25,-55954.55000000005
2019-11-26,114397.5,40180.0,56177.25,171927.75,21938.5,4617.0,220892.25,396304.0,296326.0,212272.25,26140.75,39260.75,1545751.2,1570449.8,24698.5,1295707.8,1600434.0,409238.0,0.2557043901841625,0.838238262406007,944163.0,54682.80000000005
2019-11-27,114014.5,36455.5,82835.0,445866.25,16061.5,4708.5,218959.25,378989.25,189777.0,133564.0,22087.0,38658.0,1587324.0,1612546.2,25222.25,1042561.25,1681975.75,699941.25,0.4161422957495077,0.6568043134230944,740988.25,94651.75
2019-11-28,113327.75,34075.25,104686.5,750655.75,24403.75,4532.0,214783.5,297365.5,109763.25,103361.0,18387.75,34837.75,1597619.5,1636039.5,38420.0,717873.5,1810179.75,1031681.0,0.5699329030721949,0.4493394703807759,545327.5,212560.25
2019-11-29,115013.75,35955.75,134329.75,501103.75,29932.25,4976.5,211516.5,318931.0,160374.5,135267.0,19370.0,37471.5,1544655.0,1574538.8,29883.75,879289.25,1704242.25,821311.75,0.4819219509433005,0.5692463689302789,652044.0,159587.25
2019-11-30,115774.5,38117.5,48010.5,156148.75,46268.0,5478.0,221007.0,369195.25,182030.75,154776.25,17114.5,38771.0,1290334.8,1315502.8,25168.0,1039907.5,1392692.0,409797.25,0.2942482975417393,0.8059206804311563,744773.25,102357.19999999995
2019-12-01,115506.0,36742.5,28381.75,105781.0,21099.5,5447.0,212754.75,364501.0,194346.5,166481.25,19114.5,37531.5,1230070.0,1257015.0,26945.0,1074807.8,1307687.25,312957.75,0.23932155796426094,0.8737777524856309,762860.25,77617.25
2019-12-02,114984.25,39713.75,98928.25,244921.5,30489.0,5420.5,214670.0,381229.0,240469.0,221895.75,26999.5,37888.25,1496010.0,1523423.8,27413.75,1121671.2,1657608.75,534457.25,0.3224266582810932,0.7497752020374195,881482.0,161598.75
2019-12-03,115071.0,40810.25,90319.5,176507.25,33540.5,5418.25,218567.75,379714.0,284365.0,239624.25,27422.0,42556.5,1571776.5,1601334.2,29557.75,1271409.2,1653916.25,461666.75,0.279135506407897,0.8088994841187662,946259.75,82139.75
2019-12-04,115485.75,40037.25,98142.0,192664.25,57531.5,5466.75,221228.5,373606.75,264622.5,227745.25,33235.5,42583.5,1580502.0,1605545.2,25043.25,1232164.2,1672349.5,509327.5,0.3045580484222945,0.7796030628243431,908558.0,91847.5
2019-12-05,115595.0,37711.25,130900.5,288692.75,45427.25,5510.0,218276.25,364675.75,214290.0,219294.0,29412.0,40971.0,1611915.5,1636070.2,24154.75,1146895.0,1710755.75,623836.75,0.3646556499956233,0.7115106219898003,839230.75,98840.25
2019-12-06,113890.0,35545.75,109674.5,736040.25,30712.5,5389.25,212399.75,239608.0,100225.75,127566.5,22771.25,39432.5,1620495.8,1650949.8,30454.0,744068.5,1773256.0,1031252.25,0.5815585848856567,0.4591610172639756,506832.75,152760.19999999995
2019-12-07,115691.75,32712.75,141293.25,707960.75,18685.5,5141.5,200354.5,174117.5,52493.5,94815.75,29558.0,39690.75,1379209.5,1418887.5,39678.0,511270.0,1612515.5,1021485.5,0.633473290644338,0.37069785264675165,361117.5,233306.0
2019-12-08,114556.25,30878.5,122238.5,791937.5,23583.5,4308.5,183282.0,119442.0,41025.75,66300.5,13734.0,32801.0,1292556.8,1342128.0,49571.25,354797.25,1544088.0,1087502.75,0.7043010178176373,0.2744925793589883,259569.25,251531.19999999995
2019-12-09,114721.25,32425.5,133925.75,617786.5,28819.0,4972.5,203654.75,230820.5,102773.5,127388.0,30085.5,40332.0,1558017.5,1590577.2,32559.75,777486.25,1667704.75,932650.5,0.5592419761351642,0.4990227965988829,501314.0,109687.25
2019-12-10,114683.75,36965.0,105105.0,440488.75,43688.75,4462.0,212872.5,305526.0,181864.75,186677.75,31440.5,40118.5,1589590.0,1626435.8,36845.75,1000307.5,1703893.25,745393.25,0.4374647590158597,0.6292864826779232,714187.0,114303.25
2019-12-11,114954.75,39220.5,89210.75,370095.5,21133.25,5066.25,212596.25,324911.75,220007.0,215717.25,36724.25,42682.0,1611693.2,1642357.5,30664.25,1131253.8,1692319.5,639681.0,0.3779906808377496,0.7019039355629223,803318.0,80626.30000000005
2019-12-12,115198.25,38642.0,99539.75,286342.5,15679.5,5487.75,219080.5,342690.5,211163.25,227799.25,31856.75,42850.25,1582509.5,1613851.2,31341.75,1180947.8,1636330.25,560889.75,0.3427729518536982,0.7462500541071002,824503.25,53820.75
2019-12-13,116809.0,40732.75,84866.25,480672.25,16631.0,5523.25,213564.25,303731.5,138847.75,183121.25,33788.0,43010.0,1561002.2,1592588.2,31586.0,978832.75,1661297.25,745234.5,0.4485858867219578,0.6270540489949342,668710.5,100295.05000000005
2019-12-14,116482.25,36529.25,130443.0,699597.25,21605.0,4991.0,197878.75,145137.5,42183.5,97632.75,10170.5,39711.5,1361669.2,1391630.0,29960.75,510024.0,1542362.25,1009647.75,0.6546112951091743,0.3745579322789999,324665.25,180693.05000000005
2019-12-15,114770.5,32940.5,140854.5,721539.5,27348.75,4837.75,182095.0,133422.25,43793.5,78126.5,16418.75,38741.5,1281929.8,1331227.0,49297.25,392187.0,1534889.0,1042291.5,0.6790663689687007,0.30593484916256725,294083.75,252959.19999999995
2019-12-16,114723.5,37086.0,116967.75,340733.75,27564.0,5442.25,209990.0,300374.5,188723.0,195098.25,32146.0,40648.25,1493799.2,1514508.8,20709.5,1008533.75,1609497.25,642517.25,0.39920369543967843,0.6751468001857278,724844.0,115698.05000000005
2019-12-17,115281.5,36755.25,57626.75,470815.0,32326.25,5160.0,217732.0,320341.0,180869.5,178328.75,19819.0,40847.5,1494454.2,1531868.8,37414.5,933686.25,1675902.5,717964.75,0.42840484455390454,0.6247673899942869,720386.75,181448.30000000005
2019-12-18,116304.25,37898.25,103007.25,319003.0,29398.5,5092.25,214079.0,314687.25,179986.5,193326.75,27990.25,40443.5,1482837.2,1516407.0,33569.75,1031428.5,1581216.75,610703.5,0.386223773559191,0.6955777073841957,728444.0,98379.55000000005
2019-12-19,117238.0,33784.75,139261.75,415843.25,41548.25,5531.5,213849.5,258123.0,101674.5,146345.75,25365.5,42713.0,1462562.5,1498451.2,35888.75,865909.25,1541278.75,753207.5,0.4886899919952831,0.5920493995983077,548856.25,78716.25
2019-12-20,118215.75,31268.5,141850.75,507714.25,27252.5,5495.25,210659.25,217185.0,54838.0,114448.25,22792.5,43035.5,1392270.2,1427601.2,35331.0,715452.75,1494755.5,831797.0,0.5564769622858052,0.5138749288751566,429506.75,102485.30000000005
2019-12-21,117770.25,36731.25,118526.0,318403.5,30774.25,5204.5,212760.5,227328.0,37827.0,98115.5,30555.0,41167.5,1225236.2,1257443.0,32206.75,757532.5,1275163.25,627409.75,0.4920230801820865,0.6182746641015014,404438.0,49927.05000000005
2019-12-22,117442.25,35886.25,64971.25,351925.75,15469.25,5341.5,215238.75,192181.5,41729.5,91097.25,27560.0,41655.5,1159607.0,1197340.0,37733.0,727240.75,1200498.75,591036.25,0.49232558551185496,0.6271441531484374,366663.75,40891.75
2019-12-23,116841.5,35635.25,120929.25,487940.5,16125.0,5085.75,204327.75,173866.5,41184.75,98092.5,27314.5,41221.75,1250114.5,1289853.5,39739.0,625119.75,1368565.0,782557.25,0.5718086097481668,0.5000499954204195,354365.5,118450.5
2019-12-24,117910.75,36836.75,56076.0,410780.25,18425.75,5222.5,209441.5,153953.5,39549.5,95361.5,28025.0,41617.0,1136307.5,1174927.8,38620.25,651025.5,1213200.0,645252.0,0.5318595450049456,0.5729307427786933,330481.5,76892.5
2019-12-25,116726.0,38938.5,39819.25,259437.0,13076.25,5169.5,215334.0,161660.5,50709.25,86897.0,21805.75,41953.0,1064150.0,1098759.5,34609.5,751817.5,1051526.0,473166.5,0.44998078982355166,0.7064957947657755,341219.75,-12624.0
2019-12-26,117153.0,41335.25,20648.5,118373.0,26922.0,5358.5,217736.75,188412.0,52812.5,103610.0,22271.75,42163.25,1060206.2,1092412.5,32206.25,894262.75,956796.5,329790.25,0.3446817060890168,0.8434800230370281,386997.75,-103409.69999999995
2019-12-27,117104.0,41067.25,39369.5,107163.25,20276.25,5493.0,218139.75,224545.75,85523.0,142718.25,30799.0,43325.0,1172396.2,1204015.8,31619.5,1005587.25,1075524.0,330473.25,0.3072672018476575,0.8577196428988767,496112.0,-96872.19999999995
2019-12-28,116297.25,39281.0,64278.75,89104.75,35584.0,5472.75,218280.5,212062.25,80023.75,155377.25,19098.25,42883.25,1154866.5,1181393.8,26527.25,965899.0,1077743.75,350018.5,0.32476968667180856,0.8363728621446721,490346.5,-77122.75
2019-12-29,117002.0,36767.5,120835.0,220346.0,54151.75,5297.25,216728.0,182580.75,55010.0,117319.25,24190.25,41948.25,1124221.8,1154059.5,29837.75,728889.0,1192176.0,554399.5,0.4650315892955403,0.6483498185144604,396858.25,67954.19999999995
2019-12-30,114429.25,34934.5,134487.0,529728.0,52189.5,5036.0,206180.75,165969.25,63963.25,113499.25,22055.0,40850.25,1248096.5,1284455.8,36359.25,531692.0,1483322.0,870804.25,0.587063530373041,0.42600231632730323,384282.0,235225.5
2019-12-31,116519.25,35963.5,86011.0,362779.0,36177.0,5340.25,200136.0,186697.5,70197.5,116666.25,34429.0,40945.75,1167935.8,1205851.0,37915.25,682968.75,1291862.0,642790.0,0.4975686257510477,0.5847656609207458,414507.0,123926.19999999995
2020-01-01,115864.5,33500.25,69129.0,146903.0,49939.5,5435.75,193116.5,246625.75,47415.5,140697.25,28280.25,41758.5,1090315.8,1124448.0,34132.25,824344.25,1118665.75,420772.0,0.3761373761554781,0.7560600791073558,476497.0,28349.949999999953
2020-01-02,116192.75,34646.25,144043.75,248349.0,39512.0,5474.75,192107.25,253302.0,59253.0,158849.25,33059.75,41508.0,1331574.8,1364948.8,33374.0,899670.0,1326297.75,588218.5,0.44350410758066955,0.6756436063524182,512912.25,-5277.050000000047
2020-01-03,116522.25,33969.0,142192.75,633375.25,17898.5,5282.0,184035.75,183753.0,71253.5,137949.75,29310.25,40367.25,1383843.2,1427656.5,43813.25,590376.75,1595909.25,949239.75,0.5947955687329965,0.42662113019740966,433323.5,212066.05000000005
2020-01-04,115823.5,34113.25,113573.5,684308.5,13169.5,5104.25,180849.5,173140.75,71533.75,132334.0,31392.5,39389.5,1303389.8,1334810.0,31420.25,492338.25,1594732.5,966092.5,0.605802227019265,0.3777367676193261,416398.0,291342.69999999995
2020-01-05,115955.75,32497.5,92192.0,224019.25,25011.25,5290.0,191414.75,254696.75,60354.0,160945.25,14339.0,40175.0,1186788.2,1210961.5,24173.25,845565.75,1216890.5,494965.75,0.40674633420180367,0.7124824378941416,516171.0,30102.300000000047
2020-01-06,115546.0,32627.75,140936.75,253202.0,37220.75,5270.5,190099.25,246603.5,139097.75,223947.0,26665.0,39525.5,1387734.2,1421693.5,33959.25,956374.75,1450741.75,584803.75,0.40310672109629436,0.6891627733898898,649173.75,63007.55000000005
2020-01-07,114536.5,34125.0,115641.5,373325.75,14995.0,5371.75,189115.0,278984.0,187606.0,243375.0,34056.0,39361.5,1535141.2,1571412.8,36271.5,1031179.0,1630493.0,657995.5,0.40355616368791525,0.6717160610372518,749326.5,95351.80000000005
2020-01-08,113963.25,35240.25,101732.5,473702.25,9825.0,5200.5,187936.75,266172.25,207555.25,234676.75,30291.25,39461.0,1571399.5,1605086.2,33686.75,986139.75,1705757.0,739663.75,0.43362785555035094,0.6275550870418376,747865.25,134357.5
2020-01-09,115233.5,34175.25,95212.25,435745.75,24019.5,5128.25,190474.5,276150.0,155604.5,209233.25,18898.5,40918.25,1542292.2,1569633.8,27341.5,987314.75,1600793.5,709514.5,0.4432267497338039,0.6401606323367258,681906.0,58501.30000000005
2020-01-10,116097.75,34856.0,84064.5,525884.75,30078.5,4979.0,185997.25,273371.0,148191.25,200430.0,25958.75,40207.25,1522620.2,1557263.2,34643.0,882592.5,1670116.0,795960.5,0.47658994944063765,0.5796537442495509,662199.5,147495.80000000005
2020-01-11,116746.25,33747.75,121563.5,394649.5,36177.25,5201.5,186706.25,254082.75,93527.75,189783.25,24005.75,42015.25,1328030.8,1353800.5,25769.75,775640.5,1498206.75,708085.75,0.4726221864906162,0.5840530957565141,579409.0,170175.94999999995
2020-01-12,112976.25,30546.25,124796.75,659241.0,34167.5,5393.25,179661.5,158742.5,83037.5,133757.5,25212.75,41072.25,1288505.8,1315557.5,27051.75,470300.5,1588605.0,967121.0,0.6087863251091367,0.36499680482617924,416609.75,300099.19999999995
2020-01-13,113627.25,33198.0,106952.0,350737.25,26057.5,5340.25,191903.0,266958.75,163072.0,224807.5,28868.0,41646.25,1539195.5,1571771.2,32575.75,1055448.8,1553167.75,635912.25,0.4094292132965032,0.685714582715451,696484.5,13972.25
2020-01-14,112131.0,34026.75,132056.0,779195.75,37988.5,5215.5,184521.75,194522.25,98934.5,154565.0,34875.5,38323.0,1615685.5,1653161.8,37476.25,666445.25,1806355.5,1100613.5,0.609300605556326,0.4124845150866304,486344.75,190670.0
2020-01-15,111639.5,36059.0,113600.25,729841.0,63044.25,4917.75,187457.25,200013.25,103707.0,140195.0,29197.5,39382.25,1585640.2,1620342.8,34702.5,679154.75,1759054.0,1059101.75,0.6020859791683485,0.4283157995111375,483297.5,173413.80000000005
2020-01-16,113695.75,35500.5,121015.25,335565.0,64404.75,4927.75,187536.25,279436.25,139714.75,225757.75,31907.75,40864.25,1545182.2,1583748.2,38566.0,1024197.25,1580326.0,675109.0,0.4271960342359741,0.6628326743603441,685773.0,35143.80000000005
2020-01-17,114340.5,31658.5,124676.25,448649.0,55207.75,5227.25,186391.25,282613.75,117640.25,230766.75,31519.25,41969.0,1545423.0,1581840.5,36417.5,916890.0,1670659.5,779759.25,0.4667373872413858,0.5932938748808578,672989.75,125236.5
2020-01-18,115242.25,31488.5,118899.75,403080.75,29801.0,5186.25,185054.0,275260.25,92331.25,187353.5,30571.0,42044.0,1343193.0,1374008.0,30815.0,791411.5,1516312.5,703698.5,0.46408540455875685,0.5892016262741095,596989.0,173119.5
2020-01-19,116327.25,30780.75,108966.25,171843.0,30434.25,5177.75,193180.5,287331.5,97469.5,203131.0,29254.75,41910.75,1229236.8,1253553.0,24316.25,917993.25,1315807.25,463529.25,0.35227747073137045,0.7467993555025362,629842.75,86570.44999999995
2020-01-20,117128.25,34094.75,70969.0,146828.0,44989.25,4979.75,191706.5,320297.5,283442.25,308194.0,23535.5,41744.25,1529006.5,1564247.8,35241.25,1266220.2,1587909.0,418989.0,0.26386209789100007,0.8281326469181132,953678.0,58902.5
2020-01-21,116596.5,36571.25,103133.0,262307.5,63606.0,5074.25,192953.75,324631.0,270245.25,321461.25,32509.0,41547.0,1595396.5,1621534.0,26137.5,1166350.0,1770635.75,587288.5,0.3316822785262299,0.7310721817429084,957884.5,175239.25
2020-01-22,116986.75,38194.0,51972.5,192785.5,25589.0,5086.75,192541.25,356710.0,325450.75,324192.75,36521.25,33447.5,1597361.2,1633273.8,35912.5,1327014.2,1699478.0,430614.5,0.2533804497616327,0.8307539960279491,1039801.0,102116.80000000005
2020-01-23,117684.25,36975.25,42696.5,66568.25,28792.25,5085.75,194151.0,362258.0,351778.5,336518.75,37409.25,34157.75,1587881.8,1621559.2,33677.5,1449824.8,1614075.5,297802.25,0.18450329615931846,0.913055871035237,1084713.0,26193.699999999953
2020-01-24,118377.25,35609.0,76555.5,123761.75,46400.25,5322.25,194062.0,352682.0,343672.25,328729.25,34432.75,36954.5,1569452.0,1603023.2,33571.25,1322734.5,1696558.75,406026.0,0.2393232771927291,0.8428002258113023,1062038.0,127106.75
2020-01-25,118349.5,34542.75,77086.25,94617.25,28629.75,5360.5,194025.0,360318.0,228068.75,263472.0,23523.5,40692.75,1357639.0,1375627.2,17988.25,1157305.8,1468686.0,358586.0,0.24415429846815453,0.8524400079844495,892551.5,111047.0
2020-01-26,117105.25,30491.75,89781.75,140362.0,36855.75,5334.5,193598.5,289111.0,134012.5,203411.25,23154.75,41081.25,1233826.5,1255130.5,21304.0,966827.0,1304300.25,419931.0,0.3219588434488148,0.783600449495938,667616.0,70473.75
2020-01-27,117233.25,31264.25,106540.75,446340.5,39738.0,5315.25,190073.75,267782.25,150499.25,232893.75,27888.75,42049.25,1547462.2,1592486.5,45024.25,954843.0,1657619.0,746432.0,0.45030371876770237,0.6170380123016899,693224.5,110156.80000000005
2020-01-28,115858.5,34286.5,102552.0,705421.0,24880.25,5442.75,179101.5,186906.0,88002.75,182571.0,33014.25,41698.5,1604453.0,1642066.5,37613.5,771599.75,1699735.0,988441.0,0.5815265320770591,0.4809114071898647,499178.25,95282.0
2020-01-29,116135.75,33432.0,128215.0,720790.75,24476.0,5520.5,180538.75,167245.25,103075.5,197440.0,31224.5,40136.5,1646152.8,1681933.2,35780.5,772671.0,1748230.5,1028570.0,0.588349190796065,0.4693798777367447,507897.25,102077.69999999995
2020-01-30,116280.5,34513.75,128404.0,702092.0,45320.5,5443.25,175654.0,186235.25,91641.75,165266.75,32418.0,39514.5,1614929.5,1655787.8,40858.25,739113.0,1722784.25,1032054.0,0.5990616642797844,0.45767508736449486,482658.25,107854.75
2020-01-31,114593.0,33523.25,131439.75,761464.75,34885.5,4880.25,165071.5,160523.0,71752.5,130960.5,36984.75,39982.25,1565342.2,1607644.5,42302.25,637552.25,1686061.0,1080786.5,0.6410126917116284,0.4072925715540027,403218.25,120718.80000000005
2020-02-01,115144.5,33770.25,140305.0,769991.5,32460.5,4426.5,165644.75,97475.75,48773.5,94808.25,32430.75,37580.75,1362480.0,1411889.8,49409.75,419723.0,1572812.0,1096098.25,0.6969035396474594,0.3080580999354119,278638.25,210332.0
2020-02-02,114144.5,36512.0,48383.25,534330.75,17701.0,4894.0,176749.25,148379.25,36291.5,109270.25,34540.0,39780.0,1252154.0,1292875.5,40721.5,651739.0,1300975.75,755965.5,0.5810757810051417,0.5204942842493815,333721.0,48821.75
2020-02-03,113815.75,47347.5,110318.75,545318.25,21246.75,5105.25,184799.0,198664.0,55952.5,159678.25,34345.25,40645.25,1531726.5,1570249.2,38522.75,854842.75,1517236.5,843152.25,0.5557157700859424,0.5580909842586127,454940.0,-14490.0
2020-02-04,115124.25,45533.0,115160.5,563915.0,47932.0,5116.25,183966.5,231940.75,69446.0,176604.5,32203.75,32988.5,1607783.0,1642560.2,34777.25,880775.5,1619931.0,892781.0,0.5511228564673434,0.5478198861413511,510979.75,12148.0
2020-02-05,115946.25,47521.25,55746.5,321078.0,86158.0,5128.5,191089.0,291799.0,158937.25,258547.25,38372.5,40197.25,1580060.0,1612778.5,32718.5,1117077.5,1610520.75,631578.5,0.39215794021902545,0.706984228447021,749480.75,30460.75
2020-02-06,117456.25,47474.0,50252.5,247978.25,63353.25,5067.5,193217.0,325192.5,227051.75,285986.25,31706.0,41101.25,1585460.0,1619930.8,34470.75,1223876.0,1635836.5,531581.75,0.3249601962054276,0.7719374818664615,879331.75,50376.5
2020-02-07,116760.25,44692.25,53888.75,169798.0,77497.5,5186.75,192569.0,317907.5,189927.25,283765.5,29478.75,40775.25,1523709.5,1561971.8,38262.25,1222525.2,1522246.75,467823.5,0.3073243546093956,0.8023348282595862,832375.5,-1462.75
2020-02-08,116358.75,44056.25,109428.25,329169.0,87802.25,5270.5,190378.5,212375.5,60112.75,184470.5,22442.25,33046.75,1333878.8,1360050.5,26171.75,807479.25,1394911.25,692085.0,0.4961498446585759,0.605361783994168,490005.5,61032.44999999995
2020-02-09,112961.0,40233.5,89608.5,741180.75,80127.5,4266.5,141301.75,105406.75,57502.75,87114.0,25823.25,28223.75,1283655.5,1324777.8,41122.25,372738.75,1513750.0,1068377.75,0.7057821635012387,0.29037288431358727,278247.25,230094.5
2020-02-10,110952.75,41157.0,118594.5,834276.0,54682.75,4978.0,169482.5,114315.25,75982.5,125014.0,41214.75,30542.0,1587886.0,1631371.5,43485.5,580332.75,1721192.0,1164641.0,0.6766479277152113,0.36547507188803224,345853.75,133306.0
2020-02-11,113114.75,45530.0,119722.25,906445.0,52433.0,5134.0,173117.75,117403.0,79765.5,125754.5,33786.5,31055.75,1645411.0,1685644.5,40233.5,566810.75,1803262.0,1242379.0,0.6889620033029032,0.34447973788919606,353978.75,157851.0
2020-02-12,110852.0,44993.75,121365.0,826265.0,52875.5,5148.25,177305.0,142591.5,85029.5,139150.5,33198.75,31470.5,1636683.0,1671936.8,35253.75,636177.5,1770245.25,1161499.5,0.6561234947530575,0.38869927774651536,398242.0,133562.25
2020-02-13,115427.75,43941.75,93596.25,500563.5,42633.5,5440.25,189152.25,218531.0,102256.5,207210.0,22202.5,40075.25,1614392.0,1653965.0,39573.0,977598.75,1581030.5,801603.0,0.5070129893129829,0.6055522760271359,568072.75,-33361.5
2020-02-14,116695.0,45410.75,49868.25,225884.75,34852.75,5599.0,192823.25,263963.5,124690.75,250869.25,39507.0,32737.0,1523297.0,1558649.2,35352.25,1212691.2,1382901.25,478310.5,0.3458746602477943,0.7960963620357684,672260.5,-140395.75
2020-02-15,115562.5,44286.25,135378.5,537354.5,97574.0,5118.5,173225.0,125019.25,45541.5,120789.0,23356.5,38133.25,1332515.2,1364883.0,32367.75,562208.25,1461338.75,935274.25,0.6400119411053734,0.4219150745897683,329483.0,128823.55000000005
2020-02-16,114302.0,36931.75,91133.0,844532.75,45224.0,3993.25,131648.25,98790.5,38327.75,84549.0,30809.75,35830.75,1283809.5,1319425.8,35616.25,302919.75,1556072.75,1136116.75,0.730118016654427,0.23595381557777848,257498.0,272263.25
2020-02-17,114365.0,39964.0,130247.75,724589.0,46440.25,4709.25,171111.75,146346.75,70427.0,125898.25,28894.25,29690.75,1550089.2,1592393.2,42304.0,648812.25,1632684.0,1060315.25,0.6494307839116449,0.41856446067748876,372362.75,82594.80000000005
2020-02-18,115010.75,43568.5,134735.75,785431.75,68899.25,4904.75,182759.25,129108.75,72927.0,133224.75,36116.25,36664.25,1600218.8,1640802.0,40583.25,611152.0,1743351.0,1152550.75,0.661112277447284,0.38191777274457717,371924.75,143132.19999999995
2020-02-19,113639.0,42497.25,124006.75,681986.25,57580.0,5192.5,184457.5,156398.25,63945.0,178361.5,31778.75,31273.0,1582402.2,1621964.5,39562.25,718829.25,1671115.75,1024901.75,0.6133038659949198,0.4542645668718105,429977.75,88713.55000000005
2020-02-20,115600.0,42819.25,134760.0,601949.25,47055.25,5456.5,187744.5,158295.0,56704.0,185974.75,33033.5,32838.25,1561168.0,1590833.2,29665.25,777403.5,1602230.25,947640.25,0.5914507293817477,0.49796274327939083,433812.0,41062.25
2020-02-21,113068.5,42192.75,141321.75,718435.0,94318.25,5200.0,185746.0,108624.5,69652.75,139358.0,38364.25,31371.25,1546116.5,1587263.0,41146.5,592041.5,1687653.0,1114536.25,0.6604060491108066,0.3829216621127839,349006.5,141536.5
2020-02-22,114516.0,39687.25,110164.0,877084.75,79355.25,4226.75,149178.25,95750.25,40628.0,81684.5,24425.0,28846.5,1363544.0,1404492.8,40948.75,296940.0,1645546.5,1225034.0,0.7444541980430209,0.21777075033882295,246909.25,282002.5
2020-02-23,113962.5,37886.25,118754.0,754285.0,20331.25,4382.0,167711.5,91936.5,38628.5,82361.0,30590.25,29612.0,1255409.2,1297296.0,41886.75,362039.0,1490440.75,1049601.0,0.7042218887265395,0.28838326180818175,242538.0,235031.55000000005
2020-02-24,114988.0,43843.5,107298.5,542480.25,43914.75,5279.75,185403.75,151795.5,58676.0,156946.75,26833.0,32328.25,1475911.2,1513117.0,37205.75,782217.75,1469788.0,857804.75,0.5836248152794825,0.5299897107630865,399746.5,-6123.199999999953
2020-02-25,114812.25,44530.75,119976.75,722295.75,61953.25,5153.75,175009.5,171827.5,78448.0,144269.25,37220.25,31953.25,1541704.2,1584759.5,43055.25,637478.5,1707450.25,1068722.5,0.6259172119363361,0.4134895007745325,426498.0,165746.05000000005
2020-02-26,115744.75,45897.5,43345.5,411324.25,57536.0,5636.5,192980.5,243814.25,79336.0,220805.75,35868.75,32951.0,1540229.2,1571460.0,31230.75,1028023.5,1485240.75,679484.5,0.4574911508454101,0.667448390148687,576907.0,-54988.44999999995
2020-02-27,115443.75,48078.25,64505.75,253967.0,50699.5,5466.75,193639.0,255513.0,138912.75,266859.25,40467.75,33602.0,1550928.8,1592442.8,41514.0,1181756.5,1467154.75,538161.0,0.3668058873816821,0.7619669581221266,694887.0,-83774.05000000005
2020-02-28,113906.75,44411.75,129850.75,495879.25,82300.5,5356.75,184303.25,227252.25,80211.5,216774.5,35294.75,39341.25,1534500.2,1571837.5,37337.25,826469.75,1654883.25,871705.75,0.5267475817402829,0.5385921422493135,563579.5,120383.05000000005
2020-02-29,113615.25,42115.0,133865.25,719982.5,74698.75,4363.25,177979.25,98296.25,52738.5,100312.75,17828.0,35934.25,1342279.0,1370211.0,27932.0,413732.5,1571729.0,1088640.0,0.6926384892052001,0.3082313736562965,287281.75,229450.0
2020-03-01,112620.25,40478.0,112218.25,624953.25,99456.5,4591.0,174409.0,119351.75,52045.75,94133.5,29013.25,36174.0,1229312.8,1271352.2,42039.5,392684.75,1499444.5,994317.25,0.663123743493007,0.319434362027305,301705.0,270131.69999999995
2020-03-02,111594.25,42093.5,43814.75,244498.5,98199.75,5421.5,191872.75,263053.75,160504.25,221336.0,31083.75,38899.25,1478471.8,1512259.5,33787.75,1091958.8,1452372.0,545622.25,0.3756766517118204,0.7385726261400454,683793.25,-26099.800000000047
2020-03-03,111007.5,46252.75,27354.5,248766.75,69585.25,5277.0,193321.5,292515.5,218269.5,266441.25,38312.75,39183.0,1503506.2,1541641.0,38134.75,1157799.8,1556287.25,508243.75,0.32657451251367636,0.770066528491868,816409.25,52781.05000000005
2020-03-04,112478.25,44794.25,31557.25,197601.25,85091.0,5219.5,193204.0,298926.25,236683.75,273916.5,34636.0,34031.25,1510674.0,1549076.5,38402.5,1196424.5,1548139.25,476741.5,0.3079448441088229,0.7919805993880877,843557.75,37465.25
2020-03-05,115658.25,43312.25,47256.25,277952.5,77910.0,5276.0,193088.0,295044.25,171921.25,241405.25,36344.25,33588.5,1517444.0,1552242.2,34798.25,1114325.2,1538756.75,567365.25,0.368716660381831,0.7343435408489538,741959.25,21312.75
2020-03-06,116076.0,43964.0,101048.25,449948.25,36845.25,5558.75,188953.75,228416.5,100613.0,224905.25,39136.0,40647.25,1528042.2,1564954.8,36912.5,940200.5,1576112.25,753440.5,0.4780373352215237,0.6152974701876689,594582.0,48070.05000000005
2020-03-07,115771.25,41086.0,62180.75,335616.5,70628.0,5502.0,192150.5,221008.75,60573.5,177898.75,27729.75,41209.0,1294278.5,1326605.2,32326.75,825853.25,1351354.75,630784.5,0.46677935604991955,0.6380800190994442,500690.0,57076.25
2020-03-08,114564.5,39663.5,131582.0,472851.25,105436.75,4470.25,183395.25,137122.0,45378.5,104669.75,29163.0,38008.5,1225136.0,1271487.8,46351.75,515266.0,1406305.25,868568.25,0.61762426756211,0.42057861331313423,325178.75,181169.25
2020-03-09,115410.25,40880.5,61932.0,271650.0,78787.25,5282.5,191599.0,227483.5,115007.5,229215.5,33539.5,40647.5,1455491.8,1489549.2,34057.5,1043122.5,1411435.0,573942.5,0.40663757098272324,0.7166804374988578,612354.0,-44056.80000000005
2020-03-10,114109.75,42968.25,139874.75,779745.5,30695.75,5260.0,176450.0,134581.0,98560.0,152193.25,31445.0,38964.0,1603121.8,1638023.0,34901.25,652805.75,1744847.25,1112654.0,0.6376798885976982,0.4072090779378086,424298.25,141725.44999999995
2020-03-11,114731.5,45678.25,139063.5,613054.5,79714.25,4843.0,178159.5,139741.5,66752.0,151115.0,37843.0,36882.0,1555543.5,1597564.5,42021.0,723711.25,1607578.0,997085.0,0.6202405108803429,0.4652465520893501,394490.5,52034.5
2020-03-12,112420.25,45669.5,119274.5,799154.75,111834.0,4819.75,169925.0,113396.0,71105.75,121964.75,37250.5,35803.25,1567162.0,1616023.8,48861.75,536898.75,1742618.0,1193172.75,0.684701265567095,0.34259301208171206,342269.75,175456.0
2020-03-13,106972.0,45908.0,105623.25,693030.75,117992.75,5201.0,183530.5,121556.5,78715.5,143063.0,39174.0,36614.25,1539160.8,1586203.5,47042.75,622514.0,1677381.5,1074727.75,0.6407175410006608,0.40445026926361427,379949.25,138220.69999999995
2020-03-14,110474.25,45304.0,72016.75,171427.0,149921.25,5512.25,193141.5,156728.25,66357.0,151059.5,20865.75,27810.25,1256870.0,1276506.2,19636.25,863505.0,1170617.75,554655.5,0.4738143599821547,0.6870280935975877,401955.0,-86252.25
2020-03-15,113904.5,41037.5,125214.25,492866.0,176475.0,4835.0,173303.0,118464.0,49711.25,102912.0,28297.25,32865.25,1216768.5,1254253.8,37485.25,422213.25,1459885.0,954332.25,0.6537037163886197,0.34699554598923293,303952.5,243116.5
2020-03-16,113916.25,39745.0,52955.5,165366.0,177514.75,5034.75,192285.25,232684.25,142630.75,192562.25,26051.5,37527.0,1418329.5,1451022.5,32693.0,1022493.25,1378273.25,554532.25,0.4023383969760713,0.720913758051285,605404.25,-40056.25
2020-03-17,113928.25,41050.75,121630.75,170798.5,117652.5,4813.5,190869.25,253879.25,141246.0,198249.0,30185.0,37898.5,1447366.0,1481475.0,34109.0,1037284.25,1422201.25,569874.25,0.40069874077244694,0.716670316975803,631272.75,-25164.75
2020-03-18,113868.75,41067.75,81891.5,297808.25,163110.5,4639.0,190520.5,243245.5,127859.0,131428.0,41456.0,37687.0,1447226.0,1484001.2,36775.25,904415.75,1474581.75,702385.75,0.47632879628409885,0.624930556803153,540219.5,27355.75
2020-03-19,113883.0,42057.25,10097.25,55727.5,145117.0,4523.75,191895.75,298603.5,123525.25,201936.75,23727.75,32544.25,1390322.2,1425766.8,35444.5,1179380.5,1243639.0,371405.75,0.29864434132413026,0.8482785501087446,656609.75,-146683.19999999995
2020-03-20,114354.25,43856.0,62254.75,180804.0,106568.75,5024.0,171581.25,294115.75,66155.75,155836.25,23872.25,37926.75,1369465.8,1392699.5,23233.75,1019838.25,1262349.75,512861.75,0.40627547951746334,0.744697859559545,554034.5,-107116.05000000005
2020-03-21,112136.0,44127.75,135170.25,540956.25,91358.5,4682.25,152914.0,107813.75,37924.75,91504.25,31283.5,35830.0,1254815.5,1291010.5,36195.0,487330.5,1385701.25,928431.0,0.6700080554881509,0.38836825015311016,273072.75,130885.75
2020-03-22,114403.5,38168.75,116600.5,471800.75,212131.25,4453.25,133625.25,105495.75,40560.75,84039.25,28756.0,35631.25,1175213.2,1216161.8,40948.5,374680.75,1385666.25,957558.0,0.6910451921593673,0.31881938528260234,265727.0,210453.05000000005
2020-03-23,113768.5,38921.0,123387.5,367145.5,227619.0,4742.5,156819.25,148080.0,50657.25,119325.25,37616.0,38337.0,1384922.0,1427102.2,42180.25,666770.0,1426418.75,875584.0,0.613833770763319,0.48144949679476534,356399.5,41496.75
2020-03-24,113026.75,39874.5,101702.25,328208.25,225667.0,5215.5,159020.25,212533.25,56225.5,127162.5,34702.0,36206.25,1391929.2,1426776.5,34847.25,736351.75,1439544.0,813694.25,0.5652444454632856,0.5290152329586879,432127.5,47614.80000000005
2020-03-25,112782.5,38558.25,57281.5,376735.5,225196.5,5114.0,157928.5,240133.0,53587.25,135530.75,24654.0,36224.75,1386121.8,1425121.0,38999.25,726908.25,1463726.5,815668.25,0.5572545485785767,0.5244187415564779,465475.75,77604.69999999995
2020-03-26,113060.5,38878.0,42870.5,412205.0,189969.75,4956.5,157056.25,215824.0,61106.0,129678.0,29716.75,35962.25,1369013.2,1401860.8,32847.5,723968.0,1431283.5,801940.25,0.5602944839369699,0.5288247038085535,442570.25,62270.30000000005
2020-03-27,114408.75,39044.5,64929.25,337144.75,209469.5,4708.0,154361.25,226234.0,50204.5,121437.75,30516.0,30954.25,1328514.2,1362163.2,33649.0,716970.75,1383412.5,769704.75,0.5563812311946003,0.5396786500287314,428830.5,54898.30000000005
2020-03-28,114604.5,38352.25,105652.75,278824.5,212821.5,4680.25,151096.75,141961.75,31915.75,101844.25,32864.75,36049.25,1168693.0,1209733.5,41040.5,571394.25,1250668.25,754935.75,0.6036259015930083,0.488917320459693,311771.0,81975.25
2020-03-29,108620.5,34037.5,112340.5,522814.0,80004.0,4422.0,143584.75,112335.0,30601.5,75981.5,26873.25,33486.5,1130884.2,1165043.2,34159.0,415725.75,1285101.0,862238.5,0.6709499875885242,0.3676112461381988,252404.5,154216.80000000005
2020-03-30,114493.5,35791.5,90397.5,220778.25,166070.75,5338.75,159649.0,202336.5,51004.75,171302.75,35669.0,37280.0,1346610.2,1377123.2,30513.0,869363.75,1290112.25,632870.25,0.49055440718433607,0.6455942113018304,461924.0,-56497.94999999995
2020-03-31,114558.25,39073.0,28240.25,114526.75,180753.0,5233.25,161205.75,249100.75,62402.25,192956.5,31990.0,35533.5,1352129.2,1392941.2,40812.0,1028609.25,1215573.25,482384.5,0.3968370478702127,0.7607329610217722,539993.0,-136555.94999999995
2020-04-01,114789.0,38666.5,95440.5,202767.25,213647.75,4958.0,158995.75,236264.0,48043.25,176541.5,39245.75,29987.0,1392330.5,1434211.0,41880.5,880475.0,1359346.25,670269.0,0.49308187667417336,0.6323750000448888,490835.75,-32984.25
2020-04-02,113588.0,39817.25,135685.5,330438.25,193530.5,5204.0,154302.25,202700.75,51559.5,142608.25,29054.25,29188.5,1385728.8,1412830.5,27101.75,726074.5,1427677.0,818263.5,0.5731432950170101,0.5239658005231616,426057.0,41948.19999999995
2020-04-03,114150.5,37691.75,107640.0,349107.25,138230.25,5024.75,157186.0,195223.25,42100.25,133684.0,37282.25,34202.5,1371881.5,1412129.2,40247.75,776904.0,1351522.75,751844.5,0.5562943724032763,0.5663054717189495,405210.0,-20358.75
2020-04-04,114910.25,36774.0,56354.0,98705.25,214017.5,4569.0,156894.25,166645.75,31083.5,137615.0,36051.5,37285.25,1142473.5,1184798.0,42324.5,773396.75,1090905.25,525330.0,0.48155419547206324,0.6769493997016124,372629.5,-51568.25
2020-04-05,113656.25,33366.25,104762.25,392586.75,241647.75,3981.25,132792.25,97409.0,25033.0,88123.75,30781.5,27655.0,1095905.0,1135869.8,39964.75,356908.25,1291795.0,890000.5,0.6889641932349947,0.3256744425839831,238220.75,195890.0
2020-04-06,112919.75,33370.0,99896.5,305788.25,236777.25,4179.25,160786.25,134608.25,26188.75,112807.5,37211.75,35969.5,1289751.0,1336652.5,46901.5,647289.0,1300503.0,792931.0,0.6097110118161972,0.5018712914353236,309574.0,10752.0
2020-04-07,111269.5,33517.25,22801.75,142351.5,226573.75,4146.5,180453.25,207123.25,35549.75,147062.0,35395.0,38210.5,1287449.0,1334909.5,47460.5,895722.0,1184454.0,540660.25,0.45646369550864785,0.6957339669377195,427945.5,-102995.0
2020-04-08,109099.25,33832.25,21680.5,136497.75,228331.0,4130.0,180631.75,209996.25,38273.25,156501.5,34700.0,37598.0,1268311.2,1306148.0,37836.75,881802.0,1191271.5,533570.75,0.4479002057885209,0.695256810789024,442369.0,-77039.69999999995
2020-04-09,111554.25,35931.25,31760.0,131106.75,212936.25,4278.5,179272.0,209399.75,41852.25,160100.5,29270.75,37679.0,1256867.2,1302491.0,45623.75,881064.25,1185141.25,527567.0,0.4451511581425421,0.701000272741623,449031.5,-71725.94999999995
2020-04-10,112949.75,36508.5,6967.25,93814.5,227594.5,4396.75,185808.75,119080.75,46837.5,116759.0,35962.5,35039.25,1035154.25,1071000.8,35846.5,706778.0,1021719.0,482231.25,0.4719803096546115,0.6827755380417942,317716.5,-13435.25
2020-04-11,112805.25,36710.5,22573.25,62444.75,237717.25,4282.75,183564.25,110277.75,53942.5,97614.5,31827.5,35132.75,1040517.75,1084907.8,44390.0,717782.5,988893.0,476533.75,0.4818860584512177,0.6898320571657716,296967.5,-51624.75
2020-04-12,112334.25,34497.0,44736.0,126673.25,214108.75,4157.0,153091.0,102254.0,49777.5,77229.75,27534.25,35070.5,989618.25,1027732.5,38114.25,604100.25,981463.25,536506.25,0.5466391635142732,0.6104376611890494,264331.75,-8155.0
2020-04-13,110162.5,32543.0,117525.75,436641.0,166021.75,4086.5,129515.25,84194.75,35250.25,65542.0,31421.25,32262.0,1044184.25,1087704.0,43519.75,323995.75,1245166.0,866980.5,0.6962770425790618,0.31028599598203094,217249.0,200981.75
2020-04-14,110402.25,37431.0,90404.75,260043.0,189425.0,4473.5,155263.5,109642.75,32168.0,121401.5,34717.5,35772.5,1250557.8,1301716.2,51158.5,710685.0,1181145.25,692179.5,0.5860240304907461,0.5682944043050229,298984.75,-69412.55000000005
2020-04-15,110238.75,37458.25,92802.5,237602.75,233721.25,4464.0,158352.75,112095.5,34461.5,124060.75,38326.75,35401.25,1286685.5,1328209.2,41523.75,722559.0,1218986.0,716287.5,0.5876092916571642,0.5615661325164542,306019.0,-67699.5
2020-04-16,108391.5,36423.0,28448.75,139498.0,232056.75,4371.75,150850.25,137820.0,53252.5,160825.25,31434.25,36759.25,1282776.8,1328178.0,45401.25,882773.25,1120131.25,549189.75,0.49029053514934073,0.6881736947534443,388657.0,-162645.55000000005
2020-04-17,108532.75,37533.25,18773.25,72750.25,232716.75,4355.0,152695.5,147830.0,54746.25,179065.0,38722.75,34704.25,1239725.0,1287325.0,47600.0,915484.75,1082425.0,474661.25,0.43851652539436914,0.7384579241364012,416345.5,-157300.0
2020-04-18,108449.25,37772.25,57400.5,164605.0,197145.5,4450.5,155413.0,114648.0,56427.5,100364.25,30612.75,35079.75,1091291.8,1131437.5,40145.75,672140.75,1062368.25,569823.0,0.536370509943233,0.6159129483058519,306519.5,-28923.550000000047
2020-04-19,108113.0,37174.25,80295.75,336693.0,214095.25,4025.5,146745.5,100884.75,55356.75,73560.5,23243.75,34809.25,1050808.2,1096706.0,45897.75,419724.25,1214997.25,780396.75,0.6423033056247658,0.39942993402601923,264611.25,164189.05000000005
2020-04-20,107316.75,37866.25,87199.25,550362.0,254853.25,4063.75,147092.0,86969.5,46912.0,83756.75,46518.0,34387.25,1290038.0,1347057.8,57019.75,397623.5,1487296.75,1041661.25,0.7003721684996622,0.30822619178659855,252025.5,197258.75
2020-04-21,106924.75,37149.75,104474.75,633019.5,256068.0,4053.0,147062.0,82873.0,42601.5,73937.5,41087.5,33466.0,1335601.8,1390634.5,55032.75,342039.5,1562717.25,1141689.75,0.7305798601762411,0.2560939196098717,232878.0,227115.44999999995
2020-04-22,109833.25,41304.25,109869.0,458193.0,264350.5,4201.25,152892.5,94382.25,42225.0,80266.75,43482.0,34640.75,1313829.8,1361738.5,47908.75,481417.25,1435640.5,987751.25,0.6880213047765091,0.36642284259346225,251514.75,121810.69999999995
2020-04-23,110997.75,41048.75,23798.0,133094.5,258557.75,4055.75,156550.0,122551.5,56392.0,178949.5,39422.5,35241.5,1280816.5,1331915.2,51098.75,865366.25,1160659.5,571552.5,0.4924377045981186,0.6756364006865933,393134.5,-120157.0
2020-04-24,110779.25,42279.0,73133.0,256705.5,222697.25,4102.75,155369.5,125604.5,43104.0,126554.75,27730.25,35351.25,1259247.2,1303789.0,44541.75,706711.5,1223411.0,709696.75,0.5800967540752863,0.5612174480117963,330614.5,-35836.19999999995
2020-04-25,112620.0,40315.5,38656.0,171716.25,215604.75,4542.0,154250.5,109876.0,36792.0,101861.25,33736.25,35375.75,1107480.0,1150726.2,43246.25,681503.0,1055346.25,583454.5,0.5528559939451152,0.6153637085997038,283905.0,-52133.75
2020-04-26,112480.5,38380.0,9132.25,35889.0,240002.75,4505.5,156801.75,123171.0,45274.5,119189.5,28760.0,34702.75,1025303.5,1058504.5,33201.0,740279.5,948289.5,440390.0,0.46440459374484266,0.7220101170043797,322337.75,-77014.0
2020-04-27,110805.5,40857.25,25171.0,65222.25,227924.5,4276.0,156457.75,190895.0,46230.25,187135.0,32274.25,35285.5,1242251.8,1286597.8,44346.0,923934.0,1122534.25,474256.5,0.42248733167829844,0.7437574250244596,459545.75,-119717.55000000005
2020-04-28,108698.0,42681.25,9987.0,118805.5,149218.75,3865.5,157012.25,227741.0,54540.0,196905.0,29522.0,35284.25,1280188.8,1311593.2,31404.5,1002177.5,1134260.5,433256.0,0.3819722189038585,0.7828357036087177,514470.25,-145928.30000000005
2020-04-29,110105.25,45009.0,24565.25,177967.0,117507.5,4213.25,156334.5,216748.75,51613.25,187052.0,31950.75,36527.0,1297216.2,1332851.5,35635.25,977176.5,1159593.5,479367.25,0.41339249486996954,0.7532873086228803,491941.0,-137622.69999999995
2020-04-30,111626.75,42335.75,90118.75,349928.25,127231.0,4212.25,153952.0,134676.25,44382.25,116240.5,33573.5,35828.5,1287299.2,1336743.2,49444.0,720021.25,1244105.75,725452.75,0.5831118054072172,0.5593270391219074,331127.5,-43193.44999999995
2020-05-01,110530.25,43945.5,50212.0,354317.75,151646.5,4299.5,147513.5,103663.25,39365.75,73222.25,30337.75,34173.75,1051841.2,1086947.2,35106.0,495665.0,1143227.75,714951.5,0.6253797635685453,0.4712355819490623,250425.0,91386.55000000005
2020-05-02,110011.0,43306.0,29239.75,318080.0,147049.25,4537.0,154237.0,102881.0,40797.25,71490.5,28068.5,34425.0,1071928.0,1119961.0,48033.0,577559.0,1084122.25,652223.0,0.6016138862568313,0.5388039122030585,249593.75,12194.25
2020-05-03,110145.5,43874.5,18032.25,124759.75,181104.5,4790.5,154931.5,115111.0,41569.0,87594.0,33406.25,35449.0,1018709.75,1059637.8,40928.0,694813.25,950767.75,482707.0,0.5077023279344509,0.6820522234129986,279723.0,-67942.0
2020-05-04,109866.0,43593.5,42257.5,129897.75,142031.5,4630.25,155976.75,208059.25,42952.5,173334.0,22934.75,37887.0,1268388.2,1304359.8,35971.5,954201.5,1113420.75,472276.5,0.424167144361195,0.7522945262341608,462232.75,-154967.44999999995
2020-05-05,110457.25,43693.5,40920.25,198059.5,202113.25,4654.0,157554.75,189684.25,43346.5,170911.0,32319.25,37604.0,1310750.8,1344348.0,33597.25,869657.75,1231317.5,599897.75,0.4871998895492024,0.6634806173683052,441545.75,-79433.30000000005
2020-05-06,110637.25,45757.5,36351.75,199751.5,265402.5,4456.25,155043.25,178939.75,42161.75,166270.0,24848.75,37352.25,1307350.2,1346150.0,38799.75,805844.5,1266972.5,662356.75,0.5227869981392651,0.6163952856702053,424723.75,-40377.69999999995
2020-05-07,111249.25,46010.75,28177.0,110727.25,255302.25,4627.75,155079.0,186126.5,37954.0,196093.25,29975.25,37760.25,1290492.0,1327148.0,36656.0,896285.5,1199082.5,556094.25,0.46376646310825154,0.6945300707017169,457934.0,-91409.5
2020-05-08,111567.5,44756.0,23131.0,43454.5,254733.0,4482.5,145781.75,202739.25,39180.25,186984.25,30022.5,38286.25,1244586.5,1291336.0,46749.5,923268.0,1125118.75,482124.5,0.42850987951271813,0.7418271048255786,467190.0,-119467.75
2020-05-09,111365.5,43886.5,2730.5,66031.25,205068.5,4358.25,123668.75,125875.75,55650.25,155850.0,29414.75,39906.75,1073486.8,1107055.8,33569.0,799656.5,963806.75,433440.5,0.4497172280646509,0.7449150748756296,377282.75,-109680.05000000005
2020-05-10,110471.0,46546.75,71908.0,176826.0,165063.75,4227.0,121415.25,106727.5,55969.25,79391.25,21392.5,32623.5,1017277.5,1044974.0,27696.5,603479.75,992561.75,575042.5,0.579351864002416,0.5932302149610111,274711.5,-24715.75
2020-05-11,110210.0,47653.5,125162.5,515282.75,84405.0,4761.5,122053.5,102357.25,53738.0,103826.25,39267.25,37688.0,1339857.8,1378098.0,38240.25,615007.5,1346405.5,887475.25,0.65914410628893,0.4590095307128861,297609.5,6547.699999999953
2020-05-12,110971.0,50977.75,79484.0,214706.0,214633.0,4928.5,125236.0,141815.25,61353.0,172534.25,23682.75,38542.5,1335587.0,1361324.5,25737.5,826764.0,1238864.0,675700.25,0.5454192308437407,0.619026690136996,414245.0,-96723.0
2020-05-13,111642.0,51283.0,60992.5,112182.75,148600.5,4887.0,125410.0,205425.0,70634.75,218582.0,25393.5,38841.0,1312209.0,1342584.8,30375.75,990433.25,1173874.0,489587.75,0.4170701029241639,0.7547831557320518,533482.75,-138335.0
2020-05-14,112149.0,51844.5,34965.0,174405.75,175555.25,4759.75,125213.5,189684.75,63315.25,203845.5,29317.0,38860.25,1313033.0,1346205.5,33172.5,928107.0,1203915.5,553679.25,0.4598987636590774,0.7068420976472031,495705.75,-109117.5
2020-05-15,112469.75,51605.25,81827.5,213365.75,188043.5,4757.0,124361.75,155932.75,61733.75,163086.0,31404.0,38673.0,1304126.0,1340741.5,36615.5,820889.25,1227260.0,652068.75,0.5313207877711325,0.6294554743943453,419425.5,-76866.0
2020-05-16,112211.75,50854.75,74663.0,216274.5,243460.75,4787.0,123416.0,110649.0,55032.75,102737.5,32443.75,38127.5,1127485.0,1168598.0,41113.0,593086.75,1164658.25,702251.75,0.6029680809799784,0.5260262885980744,306546.75,37173.25
2020-05-17,111496.75,46488.0,96145.0,220680.25,256069.5,4343.0,120387.5,96510.75,59174.5,79857.5,26348.0,36568.25,1050327.8,1088075.2,37747.5,477433.0,1154069.0,735222.5,0.6370697939204675,0.45455618712558116,272111.0,103741.19999999995
2020-05-18,110089.5,45022.75,82948.25,202605.75,244779.0,4226.0,122293.5,133728.25,72097.5,136910.25,38825.75,37567.5,1283197.8,1318127.5,34929.75,752864.75,1231094.0,689671.25,0.5602100651940469,0.586709819795514,380303.5,-52103.80000000005
2020-05-19,109711.25,48282.75,44127.75,149147.0,226525.5,4162.25,123405.75,162552.0,58140.75,185927.75,34513.75,36044.5,1308894.2,1342155.2,33261.0,889094.0,1182541.0,581956.5,0.4921237403185175,0.6792710976945272,442665.0,-126353.19999999995
2020-05-20,110206.0,50972.0,1246.25,42107.75,178835.25,4137.0,125797.5,213478.5,51378.75,221547.0,37687.5,37009.5,1249689.0,1290498.0,40809.0,1027499.75,1074403.0,387504.25,0.36066936708106734,0.8222043644458741,523413.75,-175286.0
2020-05-21,111879.25,46611.0,11825.75,49325.0,267283.0,3732.0,122698.5,111112.25,37173.75,142903.0,34267.5,37010.25,1019634.75,1061077.2,41442.5,691201.0,975821.25,490656.0,0.5028133994827434,0.677890783930226,328199.25,-43813.5
2020-05-22,110872.25,45150.75,100166.75,217201.25,153784.5,3597.75,122517.25,96847.5,40603.75,128345.5,36293.0,35851.0,1157968.0,1198337.0,40369.0,686815.5,1091231.25,630773.25,0.5780381106204574,0.593121312506045,301647.75,-66736.75
2020-05-23,111494.5,45534.0,112963.5,324092.5,111574.75,3733.75,119765.75,87862.0,49526.25,79623.0,24484.75,30273.5,1109808.0,1144697.2,34889.25,561177.25,1100928.25,709393.0,0.644358976163978,0.5056525543157014,247284.75,-8879.75
2020-05-24,112097.75,40934.5,96288.0,418961.75,178861.75,3637.5,127459.25,87457.5,52469.0,58499.75,27503.5,25056.75,1055467.8,1102319.0,46851.25,361356.25,1229227.0,850781.25,0.6921270440691589,0.3423659632250268,223483.0,173759.19999999995
2020-05-25,111862.25,48359.5,69366.75,338691.0,154247.25,3646.5,153156.0,127962.5,56262.75,151495.25,35032.25,31154.5,1293773.0,1329167.5,35394.5,731468.0,1281236.5,726173.25,0.5667753377303878,0.5653758425937162,366875.0,-12536.5
2020-05-26,112110.75,46779.25,1421.75,43102.25,227358.5,3616.5,158560.0,197133.0,63885.5,227673.25,40629.5,34236.75,1279918.2,1318950.5,39032.25,1008035.75,1156507.0,434389.0,0.3756042981149271,0.7875782608607331,522928.5,-123411.19999999995
2020-05-27,112010.0,45515.0,32700.0,96718.25,255194.25,3574.5,155279.0,147377.25,52560.75,211015.25,35117.5,34136.75,1297089.2,1335272.8,38183.5,912476.75,1181198.5,545712.0,0.46199855485762975,0.7034803389003624,445090.0,-115890.69999999995
2020-05-28,112369.0,43484.25,28430.25,230288.5,241719.0,3596.0,155477.0,126494.0,42684.5,197877.75,39860.0,37220.25,1295495.0,1326657.5,31162.5,795057.25,1259500.5,659887.0,0.5239275411164982,0.613709238553603,404276.5,-35994.5
2020-05-29,112656.25,44192.75,14103.5,129389.25,244916.0,3752.25,150944.75,133105.0,39952.75,195800.25,24146.75,34830.0,1235211.0,1264725.8,29514.75,846802.25,1127789.5,549010.0,0.4868018366902689,0.6855527112371894,403688.0,-107421.5
2020-05-30,111614.0,40422.25,20645.0,230612.0,222912.0,3764.25,151752.25,84492.5,47811.75,79991.25,31655.75,31757.75,1076573.5,1111848.8,35275.25,602404.5,1057430.75,629969.5,0.5957548520316815,0.5595572434209091,244053.25,-19142.75
2020-05-31,110901.25,35195.5,54945.25,252241.5,238678.75,3711.5,158630.25,79848.5,55332.0,67439.5,28622.75,30566.5,997749.75,1044517.5,46767.75,451884.25,1116113.25,695673.75,0.6233003236902707,0.4529033958665487,233186.5,118363.5
2020-06-01,110459.75,33821.5,58178.0,201277.5,290147.75,3494.5,180513.25,89923.5,43711.75,77672.0,28248.5,32150.25,983914.5,1016169.75,32255.25,434311.25,1149598.25,697379.0,0.6066284460680068,0.4414115759042071,243457.5,165683.75
2020-06-02,109429.5,38190.5,15051.5,95300.75,275611.0,3450.25,187226.75,151050.75,55433.0,183596.5,32522.75,25071.5,1254432.0,1286692.2,32260.25,868468.75,1171934.75,537033.5,0.4582452222702672,0.6923203091120125,415151.75,-82497.25
2020-06-03,108789.75,44028.25,76489.75,91407.5,232911.0,3440.5,187238.0,184304.0,42669.25,212514.75,37768.75,25240.25,1294840.0,1333257.8,38417.75,894031.75,1246801.75,557066.75,0.44679657371350334,0.6904573151895215,464728.25,-48038.25
2020-06-04,109481.0,50074.5,88780.25,142009.75,101552.5,3504.0,188828.5,184353.0,55475.25,216542.5,34856.0,26852.0,1332352.2,1366289.8,33937.5,1000009.75,1202309.25,495402.0,0.41204207652897956,0.7505596117903359,483222.75,-130042.94999999995
2020-06-05,111454.25,49358.75,65787.25,373514.25,140109.25,3710.75,187127.0,115299.0,35378.25,174911.75,27828.5,24632.0,1309543.8,1343013.2,33469.5,730133.0,1309111.0,743934.5,0.5682745771748919,0.5575475978733968,350221.0,-432.80000000004657
2020-06-06,108872.5,45795.75,121058.75,402458.75,163554.75,3837.75,178513.25,85032.5,31148.0,73936.75,28343.25,24092.25,1145400.2,1189047.8,43647.5,458328.0,1266644.25,845578.25,0.6675735906115707,0.4001466037809318,214209.5,121244.05000000005
2020-06-07,104069.5,45101.0,45851.25,222535.0,132340.0,3663.5,186704.75,102913.0,34377.25,95567.75,23900.75,24760.25,1037241.25,1069878.0,32636.75,636515.0,1021784.0,553560.25,0.5417585810699718,0.613661479429207,257618.25,-15457.25
2020-06-08,104390.5,51900.75,15840.75,39562.5,180676.5,3550.75,189077.0,217996.0,37871.5,218377.5,27186.5,19396.75,1257785.2,1284593.5,26808.25,1021705.5,1105827.0,395921.75,0.35803226906197805,0.812305233039791,493641.75,-151958.19999999995
2020-06-09,103307.5,54631.5,2127.0,85117.5,128934.25,3453.0,189050.5,274682.0,70132.75,247790.0,26829.0,24370.75,1294317.0,1322012.5,27695.5,1078138.2,1210425.75,377570.75,0.3119321858445262,0.8329784743613813,616975.5,-83891.25
2020-06-10,102767.0,53640.75,18458.5,111600.25,114748.0,3497.0,188337.25,263839.75,52127.5,251220.75,30611.5,25398.25,1290564.5,1316604.2,26039.75,1045757.75,1216246.5,404711.5,0.33275450330175665,0.8103103331914058,592586.25,-74318.0
2020-06-11,101990.0,55684.0,111289.25,117266.0,126813.0,3570.25,186671.25,169300.5,29316.75,198278.75,18042.0,24638.0,1138349.8,1164021.5,25671.75,782981.5,1142859.75,516612.5,0.45203490629537,0.6878215290238554,421534.0,4509.949999999953
2020-06-12,101216.0,55505.0,102767.25,173107.75,249295.75,3388.25,177509.0,129158.25,28685.5,157841.0,21931.75,25262.25,1191396.5,1222565.2,31168.75,666225.75,1225667.75,685280.0,0.5591074742726975,0.5591973369067309,340947.0,34271.25
2020-06-13,99823.5,53015.25,98266.25,198404.0,221396.75,3399.5,151281.75,94857.75,33443.25,121202.5,20279.5,26793.5,1101138.0,1131214.2,30076.25,583071.0,1122163.5,674305.25,0.6008975073596673,0.5295167363218779,276297.0,21025.5
2020-06-14,100499.25,55973.75,74528.75,206342.75,87584.0,3405.25,153815.0,105625.0,29642.25,125537.0,28229.0,25415.25,1045712.0,1075553.8,29841.75,677256.5,996597.25,528333.75,0.5301376759769305,0.6476510741007084,286219.5,-49114.75
2020-06-15,100248.25,58840.5,33880.0,114017.25,138316.25,3348.25,155808.0,277236.25,54794.5,217888.75,28008.0,29540.0,1264716.5,1290231.0,25514.5,978503.0,1211926.0,448650.5,0.37019628261131454,0.7736935510843734,579459.5,-52790.5
2020-06-16,98745.0,57373.75,4785.25,22598.25,162907.75,3299.75,156494.75,312014.25,73713.5,233443.75,28050.25,29992.5,1299744.8,1322502.5,22757.75,1109453.5,1183418.75,349709.75,0.29550803551152116,0.8535933361687618,649164.0,-116326.05000000005
2020-06-17,100682.25,57172.25,19958.25,61694.75,187443.5,3343.75,155825.75,313158.25,77534.25,253163.75,19215.0,28336.5,1302073.2,1329821.0,27747.75,1032976.75,1277528.25,430294.75,0.33681818777784367,0.7933323180294318,672192.75,-24544.949999999953
2020-06-18,107400.25,62160.25,30226.25,115743.75,171024.75,3409.0,155052.75,295747.25,70917.25,249865.0,22719.0,29548.0,1308768.8,1331446.0,22677.25,991774.0,1313813.5,489964.25,0.3729328782205389,0.7577915977214615,646077.5,5044.699999999953
2020-06-19,107743.25,64216.25,9299.25,128704.5,153045.0,3573.5,137173.5,271673.25,44964.0,242734.0,23590.5,28612.75,1260401.0,1284011.5,23610.5,969352.25,1215329.75,466581.75,0.38391370737036595,0.769082419007919,587984.0,-45071.25
2020-06-20,106863.75,59699.0,17144.75,232591.75,170903.75,3606.25,125201.25,140146.0,34576.0,156587.75,26058.5,27148.25,1097124.8,1122302.5,25177.75,676484.5,1100527.0,590809.25,0.5368421220015501,0.6165975830643879,358458.0,3402.1999999999534
2020-06-21,106797.0,55305.0,27669.0,89358.75,226596.25,3515.25,122569.25,134379.25,30983.25,113744.0,24641.25,27205.0,1009711.5,1039263.5,29552.0,666087.5,962763.25,509241.25,0.528937150436517,0.6596810078918582,306311.5,-46948.25
2020-06-22,106268.0,61709.0,13047.5,132824.25,226129.75,3369.5,126942.75,227300.0,52338.0,200359.5,28602.25,21651.25,1277070.0,1302471.0,25401.0,905068.5,1200541.75,543348.0,0.4525856764248307,0.7087070403345157,501648.75,-76528.25
2020-06-23,106593.0,58899.0,9741.5,72021.25,278306.25,3296.0,127095.25,272810.5,49895.5,221662.5,24146.5,21096.0,1304889.5,1333565.5,28676.0,944820.5,1245563.25,528857.0,0.42459264914888906,0.7240616925800997,565464.5,-59326.25
2020-06-24,107146.25,57264.25,16290.25,120122.75,267817.75,3425.75,126105.0,276059.75,71055.0,234845.25,21241.5,25941.5,1297312.2,1321840.8,24528.5,893081.5,1327315.0,572067.0,0.4309956566451822,0.6884090814840098,607901.5,30002.800000000047
2020-06-25,107082.0,58068.75,57377.75,187518.5,231865.5,3401.25,126345.5,272868.5,67591.5,236932.5,24019.5,27383.25,1319384.5,1341246.0,21861.5,842622.75,1400454.5,645313.75,0.46078880106422593,0.6386483621719067,604775.75,81070.0
2020-06-26,107506.5,57040.0,43238.25,140000.5,248811.25,3458.75,126224.75,271620.0,63626.75,224729.75,26694.75,28815.75,1277439.2,1304121.8,26682.5,845389.25,1341767.0,600055.25,0.44721270533557617,0.6617843338453995,588792.25,64327.80000000005
2020-06-27,106505.75,58867.0,18671.75,148458.75,226853.5,3379.75,125971.5,182361.0,39510.25,178741.75,21791.25,28233.25,1099305.5,1120965.2,21659.75,705321.5,1139345.5,562736.5,0.49391207495882505,0.6416064506181403,428846.25,40040.0
2020-06-28,106580.0,57589.5,73427.25,235077.5,163842.5,3339.5,121413.5,140542.0,37285.25,110584.75,28909.25,21185.5,1024257.0,1053085.0,28828.0,551909.75,1099776.5,639856.25,0.5818057123424623,0.5388391292419774,309597.5,75519.5
2020-06-29,107229.0,58206.25,90939.25,242212.75,191165.0,3409.5,121117.25,182191.5,40745.5,192477.0,23796.25,21160.0,1278860.0,1311746.2,32886.25,754543.0,1274649.25,693161.75,0.5438058744395762,0.5900121983641681,436574.0,-4210.75
2020-06-30,105760.0,61796.75,81381.25,462220.0,207625.0,3445.25,117938.25,144399.75,52481.5,156050.25,35965.0,26607.5,1345221.5,1377422.5,32201.0,593995.25,1455670.5,922228.25,0.6335418970158425,0.4415594383527174,379539.0,110449.0
2020-07-01,107074.25,64587.0,45249.75,280021.0,201469.75,3515.25,126650.0,225167.5,48553.5,206715.25,25015.25,23297.5,1343671.5,1373040.5,29369.0,816931.0,1357316.0,701917.0,0.5171360243303696,0.6079841687495791,503733.75,13644.5
2020-07-02,106149.5,64784.5,17269.25,162583.0,177169.5,3836.25,127219.5,244313.75,58885.75,225223.25,34203.25,23967.25,1326293.5,1355274.2,28980.75,969271.75,1245604.75,531792.0,0.426934788101924,0.7308124106768222,552390.0,-80688.75
2020-07-03,105402.25,61833.0,49866.25,189953.5,203375.5,3550.25,127394.5,219795.5,35447.25,216843.5,35119.25,24939.0,1273487.2,1304077.5,30590.25,830292.0,1273519.75,613980.75,0.48211325344581424,0.6519829959814281,497025.25,32.550000000046566
2020-07-04,104085.5,57383.75,129228.5,474303.75,207798.75,3559.0,112749.0,94174.75,23040.25,78798.25,34832.5,26224.5,1146707.5,1188976.8,42269.25,335376.5,1346178.5,976359.25,0.7252821598324443,0.29246909085359607,222237.75,199471.0
2020-07-05,103168.5,50414.75,97994.25,552031.75,167605.5,3455.25,99024.75,95346.5,23671.0,57952.25,34776.0,26087.75,1091491.5,1130582.0,39090.5,273860.0,1311528.25,974670.0,0.7431559327829957,0.2509043817565231,203057.5,220036.75
2020-07-06,103775.75,59072.25,123497.25,551159.25,204069.25,3337.25,117895.0,120042.75,46540.0,103693.75,26315.25,27388.0,1349637.2,1386813.2,37176.0,470911.5,1486785.75,1044911.0,0.7027986379342148,0.34891710157366734,297664.5,137148.55000000005
2020-07-07,104786.5,58105.5,93052.5,218459.75,221266.5,3354.0,127656.25,188245.5,43518.75,213482.75,31028.25,27432.0,1349049.5,1382313.8,33264.25,816270.75,1330388.25,699024.75,0.5254291369455495,0.6050710148145045,472679.0,-18661.25
2020-07-08,105835.0,60212.0,32252.25,103199.75,144247.5,3343.0,128079.0,256099.5,79833.25,238071.0,34066.75,27686.5,1342095.5,1371420.0,29324.5,1062396.0,1212925.5,449089.5,0.37025316064341957,0.7915949349357032,601690.25,-129170.0
2020-07-09,104356.0,58698.25,9649.0,156874.25,165810.5,3385.0,127326.25,261796.25,87703.5,232733.25,22673.5,27852.75,1342185.0,1374063.8,31878.75,1009851.25,1258858.5,498773.0,0.3962105351792914,0.7523934852497979,610085.75,-83326.5
2020-07-10,103805.5,55252.25,54343.0,297950.75,168087.25,3548.0,117099.25,227168.0,58140.75,228488.0,29717.5,30915.5,1305485.0,1339075.5,33590.5,785104.0,1374515.75,682986.75,0.49689263291453734,0.6013887559029786,544712.25,69030.75
2020-07-11,102648.25,53913.0,59147.75,137019.75,193485.75,3629.75,103088.0,166990.75,43255.25,209227.75,22335.5,35006.0,1107112.2,1135823.5,28711.25,717459.0,1129747.5,549844.25,0.48669658485635064,0.6480454284579287,454479.75,22635.300000000047
2020-07-12,103247.75,52096.25,35087.25,91636.75,242803.5,3472.5,115316.0,135494.5,46350.0,177074.25,29224.0,34686.5,1007346.75,1041806.25,34459.5,637819.25,1066489.25,528344.0,0.49540489976809426,0.6331675264748707,393605.25,59142.5
2020-07-13,103208.25,53341.5,22020.0,46016.75,269600.5,3407.75,118596.0,226480.0,56732.75,227168.25,26099.25,32408.75,1254342.2,1281384.0,27041.75,916705.0,1185079.75,497594.75,0.419882923491014,0.730825288346354,542789.75,-69262.44999999995
2020-07-14,105630.25,51294.75,27792.0,83111.25,211751.0,3451.5,117096.0,255151.0,69623.5,238887.5,23847.75,32886.25,1306803.0,1326739.8,19936.75,984148.75,1220522.75,483030.75,0.3957572687604553,0.7530964881470276,596548.25,-86280.25
2020-07-15,105847.25,55313.0,5411.75,50711.0,126796.75,3577.5,121412.75,267257.0,105591.25,244504.5,32493.75,32465.0,1321256.2,1352404.8,31148.5,1138336.8,1151381.5,347657.25,0.30194792082381033,0.8615564490823203,649817.75,-169874.69999999995
2020-07-16,106484.5,55649.25,4289.25,48841.75,106438.0,3526.25,136935.75,271944.25,128650.5,221414.75,33223.5,31424.25,1325128.8,1351585.5,26456.75,1165559.8,1148822.0,325229.0,0.2830978167200837,0.8795822715497542,653433.75,-176306.80000000005
2020-07-17,106917.5,56243.5,5770.0,43369.75,179032.25,3529.75,156240.0,275753.0,79164.75,229423.25,28915.75,27081.75,1268066.5,1297282.5,29216.0,1039894.5,1191441.25,394862.75,0.33141604758102844,0.8200630645159382,611422.75,-76625.25
2020-07-18,105591.5,54131.25,18353.25,14137.75,215962.25,3575.25,146166.75,200987.75,47972.0,206058.25,19576.75,33233.0,1064688.0,1090897.5,26209.5,816234.75,1065745.75,411751.25,0.3863503560769536,0.7666421994048961,488251.0,1057.75
2020-07-19,103745.0,49120.75,15856.75,53098.25,227358.25,3462.25,153452.75,165859.75,38910.25,186313.5,26807.25,33949.0,985816.75,1023575.75,37759.0,689503.5,1057933.75,452641.25,0.4278540598596084,0.6994235997714585,425032.5,72117.0
2020-07-20,104472.25,51502.75,27165.25,125729.0,214164.25,3770.25,154424.75,242463.25,40593.75,217244.5,25986.25,35644.25,1258827.8,1279641.5,20813.75,891769.25,1243160.5,526803.75,0.42376165426749,0.7084124214606636,535945.75,-15667.300000000047
2020-07-21,105080.0,50125.5,36094.75,119876.75,236680.5,3974.75,154751.75,238519.25,40742.25,234480.25,25294.25,36213.25,1291551.8,1318457.2,26905.5,898899.75,1281833.25,551832.25,0.43050236838527944,0.6959842803052886,549955.0,-9718.550000000047
2020-07-22,105524.0,52855.25,19060.25,71569.5,240742.0,4019.25,156148.0,255100.0,42657.75,238552.5,26857.75,37737.0,1299791.0,1322734.5,22943.5,968419.25,1250823.25,493770.25,0.39475621355775087,0.745057666963381,574047.25,-48967.75
2020-07-23,105816.25,51503.5,49884.25,43399.25,237812.25,3689.5,155349.5,256522.0,48917.5,238513.25,31404.25,36552.0,1283859.5,1313692.0,29832.5,952763.75,1259363.5,492105.0,0.39075691807806084,0.7421090469790502,580504.75,-24496.0
2020-07-24,105312.75,52666.0,42019.0,209360.25,181547.5,3526.25,155439.25,225801.25,30605.25,229460.5,26018.0,29438.75,1274845.0,1310037.8,35192.75,841918.25,1291194.75,594431.75,0.4603734254650586,0.6604083241492102,515305.75,16349.75
2020-07-25,103899.25,49476.5,52658.75,95876.5,183656.75,3442.75,155085.25,165660.25,27340.25,199332.75,23542.75,39580.5,1069950.5,1094549.8,24599.25,737758.5,1099552.25,489010.5,0.44473602777857985,0.6895258238582065,431913.75,29601.75
2020-07-26,103896.5,43032.75,81561.25,252359.5,166229.0,3415.25,152769.5,136511.75,25710.25,145499.0,30519.0,38838.5,1011704.25,1047469.25,35765.0,511554.5,1180342.25,650494.25,0.551106469331247,0.5056364051055434,346559.5,168638.0
2020-07-27,105082.25,47776.75,73488.5,126192.5,198057.0,3389.5,154602.75,195136.75,39459.0,228210.5,21863.5,36572.0,1246093.0,1278921.5,32828.5,848355.0,1229831.0,553986.5,0.4504574205724201,0.6808119458178483,499378.25,-16262.0
2020-07-28,104311.75,45676.75,130249.75,413436.25,196966.5,3479.0,149050.5,128004.0,44245.25,180817.5,35684.25,28862.5,1335801.0,1374355.5,38554.5,595148.5,1460784.0,894120.0,0.612082279104919,0.44553679777152433,381929.25,124983.0
2020-07-29,103583.75,48637.5,128824.75,288109.0,237133.25,3536.0,152749.5,156190.5,52926.25,176009.0,36656.75,34851.25,1314426.2,1350797.5,36371.25,660359.25,1419207.5,809824.25,0.570617228277049,0.5023935539325068,419977.0,104781.30000000005
2020-07-30,104887.75,48034.0,52151.0,99336.25,258803.75,3531.25,155255.5,219729.5,32872.0,238195.75,30869.0,36341.25,1291188.2,1331700.5,40512.25,880897.25,1280007.0,566744.0,0.44276632862164034,0.6822376861870331,527138.5,-11181.199999999953
2020-07-31,102438.0,48001.5,26232.75,61979.5,261015.75,3394.75,154916.0,249222.75,31971.0,221797.75,30880.0,36142.75,1256614.8,1292093.0,35478.25,907386.75,1227992.5,503062.25,0.40966231471283415,0.7220882246492719,539134.25,-28622.300000000047
2020-08-01,102636.25,44793.5,73061.75,153997.0,212488.0,3172.0,153856.25,208372.5,31216.5,184579.25,29313.0,36697.0,1102475.5,1140624.5,38149.0,662928.75,1234183.0,590148.5,0.4781693638625714,0.601309280795809,460865.25,131707.5
2020-08-02,102726.25,44306.25,32436.75,98493.75,117754.0,3283.25,144780.25,213527.75,31892.5,194283.0,26492.75,33665.75,1011098.75,1039976.25,28877.5,762414.25,1043642.25,399000.25,0.3823151563670405,0.754045289839395,473369.0,32543.5
2020-08-03,104460.75,53014.0,9682.75,74464.0,137928.75,3364.0,143040.5,277045.25,47582.25,246779.75,22766.0,36650.5,1237648.5,1272350.2,34701.75,1015573.0,1156778.5,382914.25,0.33101777911674535,0.8205665825151487,608057.75,-80870.0
2020-08-04,104203.25,49666.5,19372.5,64875.0,154792.75,3368.5,150286.5,281337.5,47697.0,251607.25,28609.0,36372.5,1259769.5,1287533.8,27764.25,1020729.25,1192188.25,396278.5,0.33239591146784075,0.8102508038176826,617014.25,-67581.25
2020-08-05,103112.25,49470.0,93755.75,131893.5,250374.0,3325.75,176955.75,220275.0,44494.0,220649.25,37806.5,35446.75,1280412.0,1320902.2,40490.25,804388.75,1367558.5,631931.25,0.4620871794515555,0.6282265005326411,520865.0,87146.5
2020-08-06,103745.5,54699.5,26680.75,95375.75,258907.0,3183.0,186844.5,255828.0,43904.25,229331.75,32988.25,32834.75,1281061.8,1319486.8,38425.0,900098.25,1324323.0,542591.5,0.40971235869195055,0.702618913466938,561898.75,43261.19999999995
2020-08-07,103008.0,57808.25,12639.0,64290.5,249717.0,3020.25,186986.75,253859.5,45548.5,229077.5,36866.0,31990.75,1269427.2,1309347.2,39920.0,942780.75,1274812.0,490483.0,0.38474928067824904,0.7426820143762478,560476.25,5384.800000000047
2020-08-08,101718.0,53313.5,7943.5,50570.75,241187.5,2808.5,185855.5,239912.5,43007.5,196409.75,29400.5,32184.5,1106484.8,1137671.0,31186.25,806783.0,1184312.0,457541.75,0.38633548423050684,0.7291406081674144,511514.25,77827.19999999995
2020-08-09,101513.25,48795.5,35336.5,94675.75,214096.25,2651.75,185023.5,214335.0,42785.5,156900.5,29699.25,32479.75,1035652.0,1067913.2,32261.25,691543.5,1158292.5,497069.0,0.4291394444840142,0.667737328755219,446500.75,122640.5
2020-08-10,101986.5,53320.5,62432.5,134819.75,202383.0,2655.25,185802.0,311651.25,67813.25,198405.75,32785.25,33481.5,1319526.8,1355332.2,35805.5,919891.5,1387536.5,557597.5,0.4018615005803451,0.697137413199944,611351.75,68009.69999999995
2020-08-11,101534.0,53348.75,84298.5,212828.25,216377.0,2802.5,185057.25,298645.5,74484.25,204009.0,32787.5,33631.0,1383279.8,1421815.2,38535.5,869776.0,1499803.5,671189.0,0.44751795818585566,0.6287780678934225,610769.75,116523.69999999995
2020-08-12,102876.25,49164.5,96000.75,201101.75,223740.25,2891.75,182973.0,291964.25,74399.75,188797.75,32508.5,33707.25,1369522.2,1406408.5,36886.25,848679.5,1480125.75,675775.25,0.45656610595417313,0.619690210206158,588869.0,110603.55000000005
2020-08-13,104391.75,52273.75,77241.5,136987.0,147981.0,2941.5,185540.75,281602.25,95642.75,193705.5,35924.0,32982.75,1362389.0,1397697.0,35308.0,1000179.5,1347214.5,521816.5,0.38732993149940115,0.7341365057997385,603933.25,-15174.5
2020-08-14,103424.75,53224.5,29709.25,58117.75,142107.0,3083.5,186699.25,278092.5,104946.5,202909.75,32910.0,34723.75,1311814.2,1348717.0,36902.75,1081880.2,1229948.5,389666.75,0.31681550081161935,0.8247206044880441,620672.5,-81865.69999999995
2020-08-15,102781.0,49600.75,28302.75,32195.25,161984.0,3197.5,186872.0,238639.0,60717.25,180522.0,23920.0,34124.75,1095678.0,1124779.8,29101.75,873196.0,1102856.25,378061.25,0.3428019290818726,0.7969458180231783,514003.0,7178.25
2020-08-16,102617.0,43280.75,23311.75,107760.5,219668.0,3063.5,185797.75,197272.25,61919.25,149953.75,24773.75,34494.25,1036924.0,1074133.2,37209.25,686183.75,1153912.5,499701.5,0.4330497329736874,0.6617493181756812,443639.5,116988.5
2020-08-17,103594.25,51396.75,14439.0,103100.75,150081.75,3218.75,186995.75,295202.0,98958.75,200287.5,37584.25,34064.5,1308972.5,1333988.5,25016.0,1041351.0,1278924.0,425831.25,0.33296055903243665,0.7955484167925606,628512.75,-30048.5
2020-08-18,103007.75,50897.75,9104.75,73666.5,166961.0,3232.5,186851.0,311950.5,116476.25,212921.75,32685.5,31812.0,1327555.0,1365188.8,37633.75,1077822.8,1299567.25,406870.25,0.31308133534451565,0.8118856092591268,673160.5,-27987.75
2020-08-19,102065.0,47534.25,19290.75,43196.5,213782.75,3299.75,187633.0,310810.25,98455.75,213153.75,30362.5,31494.0,1321073.5,1354293.5,33220.0,1044803.5,1301078.25,429169.0,0.3298564094819047,0.7908746182555323,653913.75,-19995.25
2020-08-20,99865.75,46969.0,53649.5,141378.0,193666.25,3220.25,186290.75,294333.0,83025.0,198805.5,36158.5,31676.0,1347739.2,1382911.0,35171.75,959045.5,1369037.5,538748.75,0.39352373474064806,0.7115957597731075,607839.5,21298.300000000047
2020-08-21,99560.5,44772.5,101812.5,251970.0,187803.75,3159.25,181616.25,248247.75,54327.25,170349.75,30823.25,29721.5,1350479.2,1385334.2,34855.0,808893.0,1404164.25,689078.5,0.49073924222184123,0.5989673887609672,502646.25,53685.05000000005
2020-08-22,100434.25,42142.75,124611.25,307372.0,122561.5,3301.75,185138.5,149391.75,43311.5,105058.0,25906.0,30386.5,1146271.8,1176861.0,30589.25,591727.0,1239615.75,700423.5,0.5650327530930451,0.5162187537022196,328147.75,93343.94999999995
2020-08-23,102459.5,43861.0,86778.5,378078.0,158777.5,3379.5,177423.75,128560.0,45203.0,89152.25,26984.0,30744.75,1062355.0,1096920.5,34565.5,438721.0,1271401.75,773334.0,0.6082530561248638,0.41297024064460564,293660.0,209046.75
2020-08-24,103666.5,41174.25,22417.25,204393.75,146610.5,3408.75,188780.0,268315.25,118553.5,189509.75,24421.25,31289.75,1297186.2,1323749.0,26562.75,923764.75,1342540.5,521671.0,0.3885700282412337,0.7121296464609321,607668.25,45354.30000000005
2020-08-25,103041.0,43516.0,72951.0,211159.5,160371.0,3465.0,186847.25,298839.5,102480.75,188908.75,22159.0,30928.75,1342077.2,1363720.2,21643.0,897595.75,1424667.5,594503.5,0.41729280691810544,0.6688108180363991,621157.75,82590.30000000005
2020-08-26,101357.0,38853.25,99141.75,819986.0,138264.5,3416.5,168520.0,114352.0,51042.75,72556.0,21356.25,29682.5,1419073.2,1464163.2,45090.0,361681.0,1658528.5,1201019.0,0.7241473390418073,0.25487127795803627,267633.25,239455.30000000005
2020-08-27,102924.0,39983.25,37034.25,302703.25,158365.75,3372.5,188684.25,257704.5,118733.25,172525.75,25871.25,32923.75,1357008.8,1382086.0,25077.25,858905.5,1440825.75,644383.0,0.44723173499640745,0.632940258014539,581887.25,83816.94999999995
2020-08-28,103870.5,41244.0,88748.5,238662.25,130633.0,3483.5,188426.0,298928.0,68239.0,183059.5,24733.75,32730.75,1312567.0,1346024.0,33457.0,854523.25,1402758.75,606641.75,0.43246335123555635,0.6510320996947203,582957.25,90191.75
2020-08-29,103526.25,44789.5,40829.0,170636.25,122978.75,3502.0,189292.5,246323.75,50056.5,150221.25,19030.0,32630.25,1110489.5,1152513.2,42023.75,776045.5,1173816.0,486261.75,0.41425721748553435,0.6988319115128959,479231.75,63326.5
2020-08-30,103271.25,45108.25,64146.5,85234.75,90544.5,3423.25,189095.25,234903.0,47930.5,150737.5,23119.75,31247.0,1023826.75,1054790.0,30963.25,783901.0,1068761.5,391728.5,0.36652564674157895,0.765657861547376,464818.0,44934.75
2020-08-31,103062.25,53314.25,31346.75,92732.25,120181.5,3532.75,189804.25,294044.75,155027.5,192842.0,27676.25,31826.25,1308308.8,1337799.5,29490.75,1064048.2,1295390.75,404169.75,0.31200604913999885,0.8133004990870656,673740.5,-12918.050000000047
2020-09-01,103359.25,56157.5,17024.0,69638.5,130627.0,4119.5,189973.25,314709.75,182621.0,212794.5,28317.25,33764.5,1342556.8,1371833.8,29277.0,1125267.2,1343106.0,380925.75,0.28361555230934865,0.8381523969786604,743889.75,549.1999999999534
2020-09-02,103970.75,57349.0,15242.0,41254.75,172294.25,4261.25,190327.5,323726.5,175644.25,209403.0,31080.0,32163.0,1348501.0,1381790.8,33289.75,1119710.0,1356716.25,394372.0,0.2906812680986168,0.8303367961907333,740936.75,8215.25
2020-09-03,103983.75,55627.25,84862.0,237365.0,156758.25,4204.0,189588.25,303394.25,115383.75,194980.0,25988.5,32048.0,1360908.2,1388889.2,27981.0,881923.0,1504183.0,642800.25,0.4273417862055348,0.6480400367930769,645806.0,143274.80000000005
2020-09-04,104016.0,55351.25,77673.25,227137.5,155906.25,3948.5,188240.5,278066.0,91944.25,184786.5,35907.0,31856.5,1331547.5,1366800.8,35253.25,870830.5,1434833.5,624032.75,0.43491649031054824,0.6539988246758002,586653.25,103286.0
2020-09-05,104806.25,48691.5,108132.25,174547.0,122861.75,4155.5,188524.75,254517.75,72064.0,98578.25,21979.75,33273.0,1129570.5,1156866.8,27296.25,724029.5,1232131.75,563194.25,0.45708930883405935,0.6409776990457877,458433.0,102561.25
2020-09-06,104600.25,45454.25,46414.5,134990.0,148949.25,3941.75,189868.25,224966.75,73438.75,108606.75,26432.0,33136.25,1045540.0,1078216.8,32676.75,715186.25,1140798.75,484350.0,0.42457094207019425,0.6840352832029382,440148.5,95258.75
2020-09-07,104219.25,51489.25,55616.0,77490.25,182116.25,4107.0,190130.25,283147.25,128953.25,176748.0,21777.25,33149.0,1309754.0,1340461.2,30707.25,994531.5,1308943.0,475038.0,0.36291725460925345,0.7593269423113043,621997.5,-811.0
2020-09-08,103133.75,51745.5,81643.0,286806.75,175737.25,4072.25,189566.25,263179.75,113922.0,165847.25,32343.5,31890.0,1387143.2,1424796.5,37653.25,842956.25,1499887.25,703138.5,0.46879423770020046,0.6076923060286783,574839.0,112744.05000000005
2020-09-09,104247.5,51981.0,122455.25,232561.0,173150.75,3892.0,188590.25,289939.5,107329.25,185556.25,28583.0,32643.0,1396161.5,1433074.5,36913.0,867994.5,1520928.75,688287.5,0.4525442102399603,0.62170064136563,615468.0,124767.25
2020-09-10,105552.75,52042.5,42984.0,109218.75,163382.75,4031.5,189530.0,303493.0,187568.75,210844.75,29006.5,34249.75,1373264.2,1405152.0,31887.75,1057678.8,1431905.0,477212.25,0.3332708873842888,0.7701932373974361,736156.25,58640.80000000005
2020-09-11,105789.5,48391.5,71590.75,49041.5,185765.75,4074.75,189290.25,307797.5,176353.25,208850.75,21189.75,33812.0,1314974.5,1348610.8,33636.25,1008576.5,1401947.25,464653.75,0.33143454577196113,0.7669932002483698,726813.5,86972.75
2020-09-12,104709.0,44848.75,102476.5,225648.25,187772.25,3795.25,184024.75,196169.0,71400.75,127078.0,25765.0,32099.75,1155350.0,1187387.2,32037.25,639453.0,1305787.25,669250.0,0.5125260642574049,0.5534712424806336,426747.5,150437.25
2020-09-13,103958.25,42042.75,109985.5,166011.0,198044.5,3590.5,182365.75,179782.75,59844.0,116496.25,21897.0,31553.0,1057887.8,1096008.8,38121.0,583846.75,1215571.25,623632.5,0.5130365661412278,0.5518985567278496,387676.0,157683.44999999995
2020-09-14,102704.25,45504.75,20353.0,70146.0,202979.75,3877.75,188122.0,272633.25,192976.0,189768.75,30879.5,35918.25,1320812.8,1349860.0,29047.25,1027334.0,1355863.25,445565.5,0.3286212676684024,0.7778043943850332,691296.25,35050.44999999995
2020-09-15,102553.0,51518.75,4706.5,62873.5,196976.75,3817.25,187706.5,262607.0,227370.5,203731.5,40485.5,35781.0,1370530.8,1408206.5,37675.75,1105974.0,1380127.75,422445.75,0.306091773026084,0.80696763618884,729490.0,9596.949999999953
2020-09-16,103024.0,45516.5,72508.75,146749.5,163043.5,3674.0,186886.25,258055.5,210308.25,191905.5,22046.0,33922.5,1395852.0,1427574.2,31722.25,1013550.25,1437640.25,534516.25,0.3718011164475953,0.7261158417941157,694191.75,41788.25
2020-09-17,104111.0,42368.25,59242.5,252697.25,173135.75,3686.5,187697.5,256275.25,157513.25,179100.25,24933.5,34981.25,1380337.2,1410534.8,30197.5,895261.75,1475742.25,635241.25,0.4304554199759477,0.6485819189687854,627870.0,95405.05000000005
2020-09-18,105682.0,39099.0,27441.25,228369.0,205027.0,3894.0,189615.5,269508.0,108907.5,178284.5,23464.0,36058.5,1323933.8,1365502.2,41568.5,863096.5,1415350.25,609512.25,0.43064411088350746,0.6519181699266232,592758.5,91416.44999999995
2020-09-19,105912.0,35199.75,53192.5,201116.0,194395.0,4023.75,161965.0,222338.0,56363.75,166003.0,23095.75,36746.25,1125446.2,1154201.0,28754.75,676742.75,1260350.75,593839.0,0.47116963273914025,0.601310617957571,481451.0,134904.55000000005
2020-09-20,105768.75,33742.0,23371.25,144457.75,198712.25,3903.25,158548.0,227422.5,68978.0,156070.25,21243.25,36345.0,1034292.25,1063074.8,28782.5,667751.0,1178562.25,509955.25,0.43269267278839113,0.6456115280763246,488815.75,144270.0
2020-09-21,106321.25,37187.75,2621.75,50896.25,192067.5,4029.75,158639.5,267769.0,179385.5,216819.0,23675.25,37497.75,1310829.0,1339870.5,29041.5,1065243.5,1276910.25,393124.25,0.30787148117888474,0.8126487131425991,701471.25,-33918.75
2020-09-22,104691.75,42780.5,4179.25,30107.5,177942.5,3900.5,158017.75,265773.5,207691.5,236576.25,36504.75,34465.0,1356750.0,1386895.8,30145.75,1144520.8,1302630.75,363602.0,0.27912898570834443,0.8435753086419754,744506.25,-54119.25
2020-09-23,105559.75,43243.75,67358.25,145323.0,121128.75,3915.25,157882.0,264751.25,165215.0,228497.5,27845.0,33445.0,1369732.5,1402247.8,32515.25,1035922.5,1364164.5,486528.75,0.356649619602328,0.7562954810519572,691908.75,-5568.0
2020-09-24,104946.25,41537.5,120019.5,398132.0,132279.25,4429.75,155925.0,217236.5,85800.5,178432.5,37321.5,36655.0,1385457.5,1428680.2,43222.75,735026.75,1512715.25,801344.25,0.5297389908642753,0.5305299873868379,518124.5,127257.75
2020-09-25,107126.0,44506.75,67928.25,256826.75,64265.0,4694.5,155568.25,232985.0,97905.0,193060.5,28293.0,35659.25,1349912.5,1388413.0,38500.5,960892.5,1288818.25,545347.25,0.4231374361745731,0.7118183585973165,559609.75,-61094.25
2020-09-26,107022.5,48623.25,63861.5,304143.75,36301.0,4707.5,160317.0,189547.75,36602.25,130348.5,18145.25,35605.25,1187908.2,1221740.0,33831.75,783602.0,1135225.5,564659.5,0.49739853447619,0.6596486159452389,392103.75,-52682.69999999995
2020-09-27,101533.25,47523.0,83749.5,135421.0,96248.5,4519.25,159182.75,210886.0,49538.0,124041.0,25204.25,35364.75,1089909.2,1124263.2,34354.0,774490.25,1073211.25,468994.5,0.4370011029981283,0.7106007087562891,419829.75,-16697.949999999953
2020-09-28,101049.25,49835.25,21378.75,57032.25,110602.5,4490.5,160217.75,309936.75,187908.25,196723.75,28746.75,35956.5,1350869.5,1384443.2,33573.75,1161856.0,1263878.25,344388.5,0.27248550246038333,0.8600801187679491,730525.25,-86991.25
2020-09-29,103343.75,50347.0,20499.75,54647.25,87950.5,4478.0,159726.5,310527.0,237148.0,225338.25,27535.0,35881.25,1387335.0,1421604.2,34269.25,1224237.5,1317422.25,321266.25,0.24385974200754543,0.882438271938645,808894.5,-69912.75
2020-09-30,103055.0,48953.5,59470.25,45506.0,115529.5,4153.0,159300.5,321177.75,245818.75,208494.25,29147.25,36139.0,1382360.0,1411179.2,28819.25,1161854.2,1376744.75,376667.25,0.2735926539759821,0.8404859804971209,811629.75,-5615.25
2020-10-01,103982.5,49677.0,129135.75,209879.5,116610.75,4388.75,159152.25,303302.75,135519.0,221024.25,38693.0,36461.5,1410453.0,1444511.2,34058.25,954827.0,1507827.0,613674.25,0.4069924799065145,0.6769647765646923,696307.5,97374.0
2020-10-02,104522.0,45865.25,87175.0,349456.25,100783.5,4523.25,158302.25,263518.0,89449.25,179781.25,25916.5,36944.75,1398155.8,1429539.0,31383.25,860741.0,1446237.25,692325.25,0.47870793675104134,0.6156259552762289,569693.25,48081.44999999995
2020-10-03,103597.75,50167.0,144970.5,431038.25,80090.75,4547.75,157518.0,135433.0,36816.25,100416.25,32980.5,35930.0,1170652.2,1209571.2,38919.0,514552.75,1313506.0,814412.0,0.6200291433765814,0.43954365780032706,308595.5,142853.80000000005
2020-10-04,103854.0,46788.75,120134.25,439881.25,127449.5,4187.25,148260.75,115961.75,34586.25,91826.75,30990.0,34042.25,1122755.8,1168348.5,45592.75,435290.75,1297962.75,842295.0,0.6489361886541043,0.3876985093285646,276417.0,175206.94999999995
2020-10-05,105007.5,50321.0,138921.25,370076.25,74776.75,4182.0,158607.25,245977.0,75580.75,193209.75,26566.5,36356.25,1412909.8,1449228.8,36319.0,829135.5,1479582.25,743284.75,0.5023612239197922,0.5868283311503678,551123.75,66672.44999999995
2020-10-06,104875.5,48502.5,103452.25,513984.5,64506.25,4348.25,158676.0,271029.75,80014.5,166966.0,30763.5,36628.25,1481010.8,1521835.2,40824.5,799067.75,1583747.25,839669.25,0.5301788211471243,0.5395421491862179,554638.5,102736.44999999995
2020-10-07,104786.25,51223.5,91918.0,395196.0,72760.75,4343.0,159525.25,308698.25,93620.25,182112.75,30114.25,38162.25,1459868.8,1496087.2,36218.5,899994.0,1532460.5,720227.5,0.46998111859979425,0.6164896461928634,622593.5,72591.69999999995
2020-10-08,104741.0,47258.25,135958.0,574019.75,74500.5,4274.0,157164.5,261814.75,70506.5,138600.75,28083.25,41327.0,1495743.5,1535939.8,40196.25,711265.25,1638248.25,940751.5,0.5742423347621461,0.47552621823193614,512249.0,142504.75
2020-10-09,105155.25,48320.25,98177.5,222627.25,76942.5,4410.25,158585.0,318813.75,110852.5,220827.0,34731.25,35002.25,1408842.8,1442760.8,33918.0,1011095.5,1434444.75,555633.0,0.38735057589356436,0.7176780120535804,685495.5,25601.949999999953
2020-10-10,103306.25,44976.5,91855.0,314544.5,71766.75,4478.75,159844.0,320941.0,55401.0,119401.75,24072.25,38080.5,1222990.8,1254698.2,31707.5,744824.5,1348668.25,630927.75,0.4678153800981079,0.6090188904119311,533824.25,125677.44999999995
2020-10-11,104148.25,44386.25,106233.5,213685.25,87979.75,4517.25,160261.5,298197.0,59517.25,119346.75,26442.25,38218.0,1140194.8,1179040.2,38845.5,732296.25,1262933.0,560950.25,0.4441646944057998,0.642255384781618,515279.0,122738.19999999995
2020-10-12,107602.0,49941.5,42176.25,68115.5,73268.25,4821.5,160556.25,370393.5,238665.25,243468.5,29350.75,39426.25,1395528.5,1428172.5,32644.0,1211968.5,1427785.5,345925.0,0.24228079077704598,0.868465602816424,891953.5,32257.0
2020-10-13,109204.0,45649.25,52089.75,97643.5,89534.75,4784.0,160945.25,368012.5,228869.5,254195.0,25641.75,38167.5,1425287.5,1457310.0,32022.5,1186019.5,1474736.75,398905.25,0.27049251332483576,0.8321265007936995,889244.5,49449.25
2020-10-14,109416.5,44519.75,123300.0,490781.75,44444.75,4421.25,160563.5,317559.5,135611.75,170845.0,33538.0,38029.0,1505784.8,1536215.2,30430.5,847258.25,1673030.75,816884.0,0.48826598076574507,0.5626688820341392,662045.25,167245.94999999995
2020-10-15,109739.0,45227.75,101326.75,318087.25,33201.0,4576.0,160612.25,337193.0,186004.75,238482.75,30625.5,38301.0,1499580.5,1534630.0,35049.5,1046965.5,1603377.0,612157.75,0.3817927723797959,0.6981722555074569,799981.5,103796.5
2020-10-16,111320.25,46176.0,18269.5,142691.25,45011.5,4896.0,160759.0,350056.5,236325.25,278419.25,27264.0,39224.0,1419887.2,1448826.0,28938.75,1213915.0,1460412.5,368364.5,0.2522331875411913,0.8549376316653886,904025.0,40525.30000000005
2020-10-17,111397.5,44768.75,14693.75,40522.0,55233.5,4698.25,160460.0,351603.75,155417.25,236654.75,21730.25,39646.0,1201054.2,1219277.5,18223.25,1090605.0,1236825.75,271313.75,0.21936295391650765,0.9080397870470792,783321.75,35771.55000000005
2020-10-18,111127.75,42624.25,85523.5,283041.75,70019.25,4503.25,159963.5,300539.25,75134.5,129965.0,28067.25,38216.0,1164285.2,1205610.2,41325.0,725700.75,1328725.25,596839.75,0.44918221430653177,0.6233015329920882,543854.75,164440.05000000005
2020-10-19,111107.5,42471.75,48455.75,130056.5,80327.25,4811.0,160792.0,382393.0,189240.75,261050.75,32932.5,39068.0,1411204.8,1443328.0,32123.25,1152365.2,1482706.75,417229.75,0.28139734981310366,0.8165825399686849,871752.5,71501.94999999995
2020-10-20,109714.75,39960.0,110049.25,391982.5,72833.75,4682.25,160510.25,353796.25,143007.5,162753.0,32821.0,38935.75,1473024.0,1504708.8,31684.75,898158.5,1621046.25,729222.5,0.4498468196080155,0.6097378589893987,698492.5,148022.25
2020-10-21,110253.75,38769.0,91492.0,500383.0,56764.0,4549.25,156919.5,321797.75,116396.5,144157.75,30836.0,39082.75,1485665.5,1523351.8,37686.25,837026.5,1611401.25,802211.0,0.49783441585390353,0.5634017213161374,621434.75,125735.75
2020-10-22,110125.75,38856.0,136708.75,525521.5,85527.25,4124.0,153886.5,304987.5,109869.75,155440.75,25730.75,38768.75,1487198.2,1522423.0,35224.75,739440.75,1689547.25,900863.25,0.5331980209491034,0.49720390328605835,609066.75,202349.05000000005
2020-10-23,111058.0,40784.25,102612.5,215131.25,41691.75,4278.25,176134.5,365577.5,196584.25,223055.0,30580.25,33434.5,1432090.2,1469516.8,37426.5,1072654.8,1540922.0,515556.0,0.334576312104052,0.7490134350475969,818651.25,108831.80000000005
2020-10-24,111571.25,42592.0,120555.5,421175.0,74522.5,3985.25,190377.5,193726.25,42404.5,98095.25,20751.25,36213.25,1249046.8,1277924.5,28877.75,632793.75,1355969.5,774401.5,0.571105397282166,0.5066213291607649,370439.25,106922.69999999995
2020-10-25,115679.75,43319.5,141164.5,482956.0,81120.0,4143.0,183393.5,179976.75,30896.25,91159.75,31241.25,31240.0,1225577.0,1266647.2,41070.25,520336.5,1416290.25,868382.75,0.6131389734554764,0.4245645112465394,333272.75,190713.25
2020-10-26,110785.25,41139.0,106342.0,263603.0,24548.5,4176.75,191202.0,344591.0,112625.25,185253.25,27705.75,39055.0,1433818.5,1471448.8,37630.25,1039325.0,1451026.75,550594.5,0.3794516538030743,0.724865106706323,681524.5,17208.25
2020-10-27,110859.5,46184.0,133358.25,497062.75,61886.25,4299.0,191774.5,325398.25,80984.0,156210.75,28238.0,37606.5,1497633.8,1532536.2,34902.5,805326.5,1673861.75,853649.75,0.5099882054178011,0.5377325885673787,600199.5,176227.94999999995
2020-10-28,110007.25,45891.75,126722.0,550388.5,59781.5,4157.25,189213.5,311644.25,73499.0,139645.25,27301.75,37423.75,1510929.5,1548058.8,37129.25,774037.5,1675675.75,896948.25,0.5352755448063267,0.5122922677729173,562212.25,164746.25
2020-10-29,110230.5,45605.75,112986.0,560315.0,51510.0,4290.0,188670.0,310430.0,71173.75,158275.25,25985.0,34139.75,1516425.0,1550726.5,34301.5,791614.0,1673611.0,884937.25,0.5287592218263384,0.5220264767462948,574018.75,157186.0
2020-10-30,109211.25,48853.75,101637.0,537097.5,21802.75,4424.5,171581.25,311935.75,66512.75,141868.5,23949.5,41200.75,1458323.2,1492924.5,34601.25,797786.0,1580075.25,823026.75,0.5208781986807274,0.547057058407903,561517.75,121752.05000000005
2020-10-31,104581.0,47434.5,75457.5,248653.25,72026.5,4240.0,160997.25,298355.75,36394.25,121148.0,16608.75,40380.75,1188506.0,1213268.0,24762.0,792368.75,1226277.5,552392.75,0.45046308849342825,0.6666931004134603,496278.75,37771.5
2020-11-01,104252.0,45006.0,132068.75,472507.0,28483.75,3963.0,157596.25,108754.5,32439.75,90792.75,23415.75,39321.25,1177105.0,1213923.5,36818.5,544045.5,1238600.75,786280.5,0.6348135183996941,0.4621894393448333,271308.25,61495.75
2020-11-02,102184.0,43545.75,137653.0,725414.25,47711.75,3873.5,143841.0,187874.5,61709.25,116039.25,34922.25,39148.75,1477640.8,1523679.2,46038.5,566861.75,1643917.25,1060382.25,0.6450338361009351,0.38362621687219245,404771.75,166276.44999999995
2020-11-03,103038.5,47226.75,123456.75,361260.25,54480.0,4142.25,155817.0,297868.25,130850.75,200649.0,32682.25,38337.25,1479108.0,1513712.0,34604.0,939911.0,1549809.0,693604.5,0.4475419229079196,0.6354579922493827,667705.25,70701.0
2020-11-04,104032.25,48595.5,110663.25,272126.25,65823.25,4448.5,159256.25,348659.5,181076.75,247573.75,30382.75,39378.75,1499658.2,1537494.2,37836.0,1051045.5,1612016.75,605689.0,0.37573368887140907,0.7008567018804686,816688.75,112358.55000000005
2020-11-05,104498.75,47234.0,103771.5,235872.5,89900.25,4521.75,160853.5,367676.25,168905.75,253365.25,29748.0,37636.0,1504678.0,1538079.0,33401.0,1075133.8,1603983.5,585798.75,0.36521494765999774,0.7145274935899907,827583.25,99305.5
2020-11-06,108075.0,45002.0,22763.25,141792.0,77392.25,4716.25,162955.0,360518.5,192821.0,261705.0,28965.5,37568.25,1448371.2,1477440.8,29069.5,1206423.8,1444274.0,399740.75,0.2767762557520249,0.8329520774784808,852612.75,-4097.199999999953
2020-11-07,113103.25,42301.75,17561.75,124832.0,93949.5,4799.0,163327.25,349279.25,96903.0,193211.5,26924.0,36908.25,1230362.5,1262401.0,32038.5,994019.25,1263100.5,396547.25,0.31394750457307236,0.8079076288492213,676302.0,32738.0
2020-11-08,112624.5,39452.5,28397.75,78004.75,77813.75,4956.75,163413.75,359898.75,102331.5,169857.25,28742.5,35984.0,1142375.0,1173886.0,31511.0,958158.75,1201477.75,341250.0,0.2840252347577806,0.838742750848014,668071.5,59102.75
2020-11-09,108666.0,41885.75,27314.5,69365.25,54917.25,5137.0,163630.0,367960.5,259334.25,291737.0,34564.75,38371.5,1427032.2,1458851.5,31819.25,1275435.2,1462883.75,307285.75,0.21005479758729975,0.8937676388801878,957403.25,35851.55000000005
2020-11-10,112909.75,43594.75,20905.25,59858.0,33883.0,5107.75,163933.25,378478.25,284893.0,330725.75,35060.25,37740.25,1475216.5,1506730.5,31514.0,1360570.2,1507089.25,276258.5,0.18330599863279498,0.922285101881656,1031837.25,31872.75
2020-11-11,111334.75,41752.25,27982.5,38568.5,22231.75,5208.75,163402.75,385892.5,254553.25,329464.25,35538.25,38550.25,1481888.0,1511554.8,29666.75,1393105.2,1454479.75,247078.5,0.16987414228352096,0.9400880498391241,1008460.25,-27408.25
2020-11-12,108891.5,39883.5,98606.25,247628.0,39616.25,5336.25,162852.75,365698.5,183306.25,245395.75,27150.25,36208.5,1496434.5,1526083.8,29649.25,1110584.0,1560573.75,539961.75,0.3460020713535647,0.7421534320412955,830609.0,64139.25
2020-11-13,109674.25,38579.25,73972.25,237324.0,58064.25,5184.25,162859.25,377458.75,174172.25,259754.0,25812.0,36629.25,1454049.2,1478726.5,24677.25,1084688.8,1559483.75,522798.25,0.33523802348052684,0.7459780590643014,848014.25,105434.55000000005
2020-11-14,110027.5,37523.25,75473.5,255468.5,70228.5,4702.25,160958.0,313159.5,68798.5,173151.0,14638.25,35329.5,1235201.8,1248828.8,13627.0,834031.25,1319458.25,553423.5,0.4194323693076306,0.6752186160998146,590438.5,84256.44999999995
2020-11-15,108614.0,33932.75,138872.75,590632.0,66227.5,4420.0,150425.25,103972.5,41364.25,111712.0,26781.5,33428.75,1200297.2,1238597.0,38299.75,404565.0,1410383.25,942699.0,0.6683991744797025,0.3370540229536485,290477.5,210086.05000000005
2020-11-16,108476.0,37885.25,136509.75,551906.0,41229.5,4795.75,154565.25,251732.25,93068.5,170569.0,24325.25,35555.0,1487480.2,1516561.0,29080.75,757835.0,1610617.5,880802.25,0.5468723952148787,0.5094756891553918,550924.75,123137.30000000005
2020-11-17,108796.75,37429.75,135161.5,460995.0,37238.5,4679.5,154997.5,334354.0,117851.25,210044.5,25937.25,36147.75,1530110.2,1560591.5,30481.25,896715.25,1663633.25,784301.0,0.47143864190019047,0.5860461880458022,698397.5,133523.05000000005
2020-11-18,106300.0,35565.25,143403.0,396745.5,70571.25,4558.0,155609.75,336371.75,97711.0,190008.75,30656.5,36107.25,1502988.2,1530378.2,27390.0,892268.5,1603608.0,757143.0,0.4721496774772887,0.5936630107940968,660198.75,100619.80000000005
2020-11-19,109473.5,34595.75,113758.25,670118.0,25106.0,4658.75,152456.5,262745.25,96259.25,151515.0,29965.75,33655.75,1558706.8,1589803.2,31096.5,749724.5,1684307.75,957710.25,0.5686076371731947,0.480991357707556,544175.25,125600.94999999995
2020-11-20,110684.25,38841.5,88603.25,250014.5,51354.25,5109.5,161338.75,349587.0,151978.0,274727.75,28538.25,36363.25,1496675.0,1528226.0,31551.0,1106703.0,1547140.25,544607.25,0.35200897268363357,0.7394410944259776,812656.0,50465.25
2020-11-21,109064.5,35120.5,111846.5,563543.0,50461.5,5291.5,150637.75,198225.0,77030.25,164535.0,19629.5,35431.75,1338538.8,1356249.5,17710.75,612687.75,1520816.75,875327.5,0.5755640842330281,0.4577287935172294,475222.0,182277.94999999995
2020-11-22,109195.25,30111.25,128268.75,467518.75,45217.0,5095.5,150554.5,236932.0,91118.75,162876.0,28136.0,34934.5,1258026.2,1292197.2,34171.0,617021.75,1489958.25,785406.5,0.5271332267196077,0.49046812379583193,525861.25,231932.05000000005
2020-11-23,109762.5,35288.0,135481.75,325825.5,44120.75,5036.75,158155.25,359297.25,194681.5,298791.0,28225.0,27625.0,1524600.5,1554034.2,29433.75,1019172.5,1722290.25,655515.25,0.3806067240989142,0.6684849572068223,880394.75,197689.75
2020-11-24,109177.5,39448.0,126949.25,266060.75,35956.0,5182.25,152502.5,383530.5,232756.25,309356.0,31367.25,28097.0,1566700.2,1593644.8,26944.5,1137734.2,1720383.25,582773.75,0.338746468265138,0.7261977754263388,953739.75,153683.05000000005
2020-11-25,110265.0,38940.5,83262.75,208739.5,40715.25,5360.75,156250.0,366038.25,292015.75,337049.5,31943.5,36396.5,1554912.0,1587540.0,32628.0,1222194.5,1706977.25,487283.75,0.2854658724947857,0.7860216526723056,1031500.0,152065.25
2020-11-26,110826.0,39800.25,41494.0,139176.0,25073.5,5260.75,163406.25,381339.5,299517.75,370231.25,34525.0,38863.75,1551605.8,1587025.0,35419.25,1345862.2,1649514.0,361630.5,0.21923457454741216,0.8673995675963572,1089952.25,97908.19999999995
2020-11-27,111608.25,37403.25,19208.5,38497.0,33990.75,5441.5,164402.5,397439.0,318424.0,364814.0,30516.5,37571.0,1499603.5,1533908.2,34304.75,1407907.2,1559316.25,246149.25,0.15785716976912156,0.9388529701351057,1118248.0,59712.75
2020-11-28,111385.75,32808.25,55021.25,114964.5,26876.5,5434.25,164555.0,366426.5,193129.0,318203.25,22275.25,37736.75,1320888.8,1340435.8,19547.0,1124026.5,1448816.25,346490.5,0.2391542060630532,0.850962246027069,915495.5,127927.44999999995
2020-11-29,110399.5,31740.75,22860.5,83118.75,40761.25,5263.25,168833.5,318445.25,188227.5,299337.75,26064.5,37392.75,1243516.5,1274474.8,30958.25,1096776.0,1332445.25,294144.0,0.22075503665159976,0.8819955344380231,843403.25,88928.75
2020-11-30,110635.5,32714.5,91982.5,189582.0,46622.5,5133.75,179187.25,353873.5,288337.25,332630.5,27164.25,39663.25,1553410.5,1588315.5,34905.0,1225223.5,1697526.75,476670.75,0.28080308601911574,0.7887313108801569,1014504.5,144116.25
2020-12-01,109793.25,34822.75,68546.5,120925.25,9000.25,5273.5,182638.25,358502.0,308259.5,342265.75,37590.5,32748.25,1568630.2,1597758.8,29128.5,1370158.2,1610365.75,348361.5,0.21632445921058616,0.8734743217362512,1041775.5,41735.55000000005
2020-12-02,110516.75,40152.75,36379.0,60584.75,18459.75,5171.75,190539.0,382114.75,323474.5,365528.0,36241.25,33044.25,1568559.5,1605848.0,37288.5,1453136.0,1602206.5,271264.75,0.16930698383760145,0.9264143311108058,1104161.5,33647.0
2020-12-03,109513.0,36286.0,128249.0,343543.0,13312.25,5295.75,182023.25,348677.5,210510.75,329059.25,27701.0,35356.5,1635766.5,1670921.8,35155.25,1150662.2,1769527.25,636199.0,0.359530490417709,0.7034391522261887,923604.0,133760.75
2020-12-04,108869.0,32933.5,129601.5,446336.0,20901.25,5403.25,178677.25,330148.5,156869.5,287278.5,28626.75,37895.75,1588547.2,1621902.8,33355.5,991708.5,1763540.75,744044.5,0.4219037751183237,0.6242864549444926,812192.25,174993.55000000005
2020-12-05,110131.75,30567.5,57281.5,182096.0,23598.5,5489.75,194603.75,359740.0,180167.5,306189.0,19324.25,37655.75,1330057.8,1360923.2,30865.5,1067081.8,1506845.25,409165.0,0.27153750526140624,0.8022822767551906,883752.25,176787.44999999995
2020-12-06,109639.0,33596.5,47513.25,183728.25,16028.25,5205.75,190886.25,355348.5,153497.5,295401.75,22471.75,37925.75,1255414.8,1284338.5,28923.75,1008145.0,1451242.5,395711.0,0.27267048753051265,0.803037370596555,842173.5,195827.69999999995
2020-12-07,109397.25,35491.25,99380.0,261711.5,17002.75,5169.5,185727.75,367355.25,236969.75,324838.25,28351.25,37933.0,1567637.2,1593503.5,25866.25,1189543.0,1709327.5,528152.25,0.3089824799519109,0.7588126895687344,967096.25,141690.30000000005
2020-12-08,108614.0,35436.75,30024.25,118292.25,32690.0,5191.0,195707.5,389553.5,312065.0,336710.75,26056.0,38635.75,1548760.5,1579857.8,31097.25,1367754.0,1628976.75,330248.25,0.20273355651024486,0.8831281531263226,1076965.0,80216.25
2020-12-09,109397.5,37737.25,40839.75,68075.75,8210.5,5247.25,195832.5,388163.75,335755.0,363900.0,33043.0,40508.0,1575182.5,1610075.8,34893.25,1458056.5,1626710.25,269508.0,0.16567670855949915,0.9256429016955178,1128326.75,51527.75
2020-12-10,110685.25,40925.5,34536.75,43482.5,8140.25,5303.75,195700.75,381854.0,306936.75,364866.25,38772.0,40524.0,1574220.5,1611603.5,37383.0,1488061.0,1571727.75,243074.0,0.1546540105307678,0.9452684677908845,1094181.0,-2492.75
2020-12-11,111701.25,35125.25,126314.5,279475.75,14133.0,5530.5,189551.75,352316.5,204361.25,331594.0,32176.0,39750.75,1578548.5,1610835.2,32286.75,1158625.2,1722030.5,572280.25,0.33232875375900717,0.7339813759285825,928022.5,143482.0
2020-12-12,111422.5,34638.5,68365.25,154298.0,12798.75,5464.75,191138.25,350818.25,161585.0,277009.0,26024.25,39275.5,1342316.2,1377762.0,35445.75,1106854.2,1432838.0,386987.75,0.2700847897668822,0.8245852951785876,828687.75,90521.80000000005
2020-12-13,111222.25,30209.75,49514.0,111413.0,12173.25,5322.0,195011.75,351553.25,107161.25,253073.5,20754.0,39451.75,1224218.0,1251589.8,27371.75,1051117.8,1286859.75,319854.25,0.24855408679928018,0.8586034513460838,751239.75,62641.75
2020-12-14,110819.75,30539.5,135986.5,388850.75,31359.25,5225.5,186051.5,340976.25,133266.5,241195.25,24710.5,38775.5,1517663.5,1551047.8,33384.25,961467.0,1667756.75,702781.25,0.42139313781821,0.6335179043312302,754213.5,150093.25
2020-12-15,110785.25,33250.5,77306.75,244068.0,14608.75,5274.25,190869.5,359951.5,227720.25,285414.75,35232.0,37453.5,1541482.0,1574298.2,32816.25,1205498.5,1621935.0,485293.5,0.2992065033432289,0.7820386485213581,910540.0,80453.0
2020-12-16,111278.25,33850.25,82644.5,180992.75,31058.75,4968.75,193982.0,356136.25,222532.0,281151.0,31203.25,37942.25,1506132.5,1544846.0,38713.5,1211436.5,1567740.0,444793.25,0.283716209320423,0.8043359398990461,897761.5,61607.5
2020-12-17,111958.25,34410.25,137093.25,410131.5,24423.75,4953.25,183230.5,323438.75,139204.75,228858.25,29354.5,38668.25,1517513.5,1552513.5,35000.0,945865.0,1665725.25,722970.25,0.43402731032623776,0.623299232593318,730170.0,148211.75
2020-12-18,111770.25,33471.5,141498.5,348824.25,45065.75,5127.0,187991.75,313370.75,98817.5,218110.75,23823.75,37601.75,1457834.8,1493605.2,35770.5,922446.25,1565473.5,685757.25,0.43805101140325914,0.6327508782202208,667900.75,107638.69999999995
2020-12-19,110732.0,33111.0,134256.25,436580.75,40196.75,5401.5,186151.0,188845.0,82375.0,166146.0,28584.5,38596.75,1286968.0,1313269.5,26301.5,675934.25,1450976.5,760278.25,0.5239769562084569,0.5252144963977349,475962.75,164008.5
2020-12-20,111425.5,29819.0,131937.25,273403.75,21624.5,5197.75,191198.5,232774.75,65351.25,182042.75,23907.0,38083.75,1193652.2,1225770.0,32117.75,766686.75,1306765.75,573407.75,0.43879918799524703,0.6423033024192475,518252.5,113113.55000000005
2020-12-21,110749.5,28020.5,125120.75,432661.0,25029.5,5085.5,191078.25,225726.0,66969.5,194918.25,32137.0,37728.25,1369577.2,1403420.8,33843.5,786766.0,1475224.0,726666.75,0.49258061826542954,0.5744590374314058,525342.0,105646.80000000005
2020-12-22,110556.25,31620.0,100961.25,623587.25,14380.25,4412.5,177976.5,181976.75,65787.0,158203.75,28696.25,35870.75,1385226.5,1428669.5,43443.0,646297.75,1534028.5,885517.5,0.5772497055954305,0.4665646737194242,441838.25,148802.0
2020-12-23,110937.25,32252.5,41464.25,253374.75,11278.5,4930.5,193066.25,261193.25,95871.0,201228.5,27712.75,38583.25,1274551.8,1308569.8,34018.0,968434.25,1271892.75,454237.75,0.35713526160126313,0.7598233747737831,596876.0,-2659.0500000000466
2020-12-24,110656.0,33619.75,129306.75,416512.0,17251.0,5060.5,188178.75,114619.5,44942.75,127802.75,32635.5,36621.0,1161208.2,1197056.5,35848.25,598138.5,1257206.25,712406.0,0.5666580165346776,0.5151001344978446,323986.0,95998.05000000005
2020-12-25,110317.75,35477.0,71142.25,180361.75,23132.5,5027.25,194445.75,143172.5,42389.0,146635.5,30016.5,35733.0,1094990.5,1134979.8,39989.25,820354.0,1017850.75,425458.5,0.417996941103595,0.7491882349664221,367930.0,-77139.75
2020-12-26,108305.25,34041.5,110256.25,445701.25,28870.75,4939.0,188796.5,89026.75,45456.75,122126.0,16089.75,34589.25,1136504.2,1157402.2,20898.0,551676.0,1228199.0,732114.0,0.5960874418559208,0.48541483612643055,291198.75,91694.80000000005
2020-12-27,107714.0,30533.25,80837.75,826620.0,22971.0,4086.75,161713.75,81724.0,39214.25,98864.0,28907.25,31984.0,1231601.2,1268810.2,37209.0,301172.5,1515170.0,1072762.75,0.708014777219718,0.24453735511137858,251786.25,283568.80000000005
2020-12-28,110517.75,33025.5,29848.5,285880.75,17645.5,5119.25,193734.75,213336.0,78339.0,188222.5,22646.0,37967.0,1242393.2,1272459.2,30066.0,909018.5,1216282.5,482037.25,0.39632013944128935,0.7316673175609784,517864.5,-26110.699999999953
2020-12-29,110058.25,34546.5,23583.5,293258.75,23559.75,5594.5,183120.5,223851.25,78190.75,208480.5,26342.25,38347.75,1243182.0,1279172.0,35990.0,902780.0,1248934.25,490601.25,0.39281591484900025,0.7261849029345663,548870.25,5752.25
2020-12-30,110307.5,31818.75,84544.5,382021.75,34405.75,5496.25,188923.5,206642.25,91137.25,200375.25,31971.25,38626.0,1263061.0,1295563.5,32502.5,762089.0,1406270.0,648594.5,0.461216196036323,0.6033667415904695,536780.75,143209.0
2020-12-31,111094.25,29295.25,66120.5,247896.25,37855.25,5358.5,191487.5,233444.25,99592.25,194720.5,28229.25,39028.25,1176434.0,1220804.0,44370.0,824562.0,1284122.0,497620.0,0.3875176969166481,0.700899497974387,566785.25,107688.0
2021-01-01,110112.0,28269.25,13474.25,65249.75,21192.0,5275.25,195666.5,276328.75,78581.5,196830.25,15701.5,39606.25,1098941.5,1126998.5,28057.0,999025.5,1046287.25,243572.5,0.2327969685189225,0.9090797826817897,591346.75,-52654.25
2021-01-02,110519.75,27521.25,17009.5,71100.5,15589.25,5237.75,195200.5,302726.5,89078.0,212355.5,23108.5,38556.5,1171762.2,1205451.0,33688.75,1068063.0,1108003.5,246978.0,0.2229036280120054,0.9115014974881422,642716.5,-63758.69999999995
2021-01-03,109997.5,28044.0,102594.25,328777.25,6517.75,5254.5,182543.75,242822.0,82678.25,153456.0,19298.0,39798.5,1212326.2,1248257.0,35930.75,774437.0,1301781.75,581185.25,0.4464536778150408,0.6388024939162413,518754.75,89455.55000000005
2021-01-04,109856.25,30566.5,121213.5,267579.25,5208.0,5168.5,181652.0,326060.75,166210.25,258370.25,33111.75,39157.25,1476359.8,1507344.0,30984.25,1082318.5,1544154.25,539592.0,0.3494417737088118,0.7330994111327063,789798.5,67794.44999999995
2021-01-05,109330.0,31960.75,139903.25,225979.75,5835.75,5166.5,187232.5,350859.5,202273.25,276137.25,33680.25,39125.25,1518140.2,1547716.5,29576.25,1146366.5,1607484.0,518176.0,0.3223521975957459,0.7551124066143562,868395.25,89343.80000000005
2021-01-06,109318.25,30974.25,87956.75,138300.75,6877.75,5067.5,194866.25,342088.5,230374.75,279710.5,19980.25,39491.25,1453132.2,1485431.5,32299.25,1219952.6,1485006.75,378495.25,0.25487779769351215,0.8395331133671114,891665.0,31874.550000000047
2021-01-07,110928.75,33209.25,23912.0,119468.0,7819.75,5103.5,195907.5,357439.5,260275.0,304699.25,38033.25,40289.25,1523387.8,1553002.2,29614.5,1372188.0,1497085.0,300441.25,0.20068416288988267,0.9007476625452823,962703.0,-26302.800000000047
2021-01-08,110742.5,33332.25,22332.75,99094.25,8855.25,5143.25,195701.25,355263.5,259503.25,326689.25,37302.0,39980.0,1503616.2,1539800.0,36183.75,1373334.0,1493939.5,279500.25,0.18708940355349063,0.9133540859695447,981436.0,-9676.699999999953
2021-01-09,110664.5,30619.5,7733.25,57284.75,15080.25,5054.75,194086.25,348125.25,235810.75,281146.5,26977.25,39988.25,1330971.8,1350661.8,19690.0,1250873.5,1352571.25,226437.0,0.16741225277411448,0.9398196866379889,905070.75,21599.449999999953
2021-01-10,110483.75,28477.0,80347.0,158789.25,28325.75,4971.25,190999.25,329901.25,164835.25,234618.0,16826.0,38344.75,1292727.2,1323273.8,30546.5,1025265.25,1386918.5,411394.0,0.29662449523890555,0.7931025586836883,767699.25,94191.30000000005
2021-01-11,108637.0,28352.75,118596.25,531637.75,21469.25,4851.0,184433.5,315505.75,159987.0,216395.75,29303.75,38881.25,1630217.2,1669405.8,39188.5,958514.0,1758051.0,813544.0,0.4627533558469009,0.5879670512616356,730769.75,127833.80000000005
2021-01-12,107965.75,28305.75,121897.0,595807.5,11320.75,4850.5,183692.25,277909.25,166150.75,213052.5,33105.0,38888.25,1644547.8,1682956.8,38409.0,915522.5,1782945.25,870147.25,0.4880392429324456,0.5567016659534006,696000.75,138397.44999999995
2021-01-13,108130.75,29625.75,142071.0,685727.75,22802.75,4966.25,181346.75,279968.25,144614.5,184923.75,17363.0,37331.75,1649562.2,1695565.5,46003.25,798960.75,1838872.25,993324.25,0.5401812170475682,0.48434714980738525,646838.25,189310.05000000005
2021-01-14,108993.0,33483.75,64318.0,275798.25,11918.5,4772.75,194004.75,347284.5,215265.25,276963.5,33315.75,37810.0,1614050.8,1641706.2,27655.5,1262016.0,1603928.0,499284.25,0.31128844312213516,0.7818936058270285,877323.25,-10122.800000000047
2021-01-15,109829.0,36376.75,22063.5,143372.25,21538.5,4886.75,196470.0,382543.5,244309.5,316355.25,37864.75,38291.75,1578581.5,1607193.8,28612.25,1391607.2,1553901.5,338066.75,0.21755996116870985,0.8815554977680912,981500.0,-24680.0
2021-01-16,110589.25,32183.5,64267.0,107737.25,14319.25,4878.75,195655.0,375467.0,166394.5,288589.0,13067.5,38130.0,1391777.0,1420210.5,28433.5,1205453.5,1411278.0,333975.0,0.23664720912534595,0.8661254640650047,868580.5,19501.0
2021-01-17,109692.75,28246.0,55629.5,80457.0,14345.75,4921.0,195686.25,352897.0,165208.0,257944.75,18024.0,37301.25,1309506.8,1335020.5,25513.75,1159074.5,1320353.25,293292.0,0.22213146368216233,0.8851229333058828,813351.0,10846.449999999953
2021-01-18,109805.0,30062.5,114409.5,401531.25,11257.25,4752.5,193546.75,371084.5,168582.5,261837.0,24844.5,38691.75,1587916.8,1619277.5,31360.75,1060718.8,1730405.0,671818.0,0.3882432147387461,0.6679939402366674,840195.75,142488.19999999995
2021-01-19,108834.75,32501.75,114677.0,678009.0,11082.5,4916.75,191415.75,319618.0,153745.5,173246.25,27131.5,41901.0,1632185.0,1662604.2,30419.25,828416.5,1857079.75,950021.75,0.5115675565360077,0.5075506146668423,688510.75,224894.75
2021-01-20,108588.75,32659.75,140039.0,743188.25,34970.0,4975.5,179632.25,231282.5,113902.5,152105.25,22271.25,38699.25,1624024.0,1658674.0,34650.0,705826.75,1802314.25,1064421.25,0.5905858259734672,0.4346159601089639,535989.5,178290.25
2021-01-21,108268.5,28803.75,108599.5,828752.75,41607.25,4557.0,180778.75,191438.75,100326.25,139625.5,24712.0,36159.75,1622030.2,1663465.0,41434.75,643070.75,1793629.75,1120588.75,0.6247603497879092,0.3964604049912264,467550.25,171599.55000000005
2021-01-22,109142.0,30887.5,124228.25,528598.25,37981.0,4634.25,181665.25,286751.5,112474.75,217309.0,27406.5,37546.75,1571816.0,1608214.5,36398.5,881008.5,1698625.0,835471.25,0.49185149753477075,0.5605035831165989,654082.0,126809.0
2021-01-23,109615.5,32898.25,60408.5,183475.25,22616.0,5018.25,193863.0,380840.0,119145.75,200866.5,19772.5,37644.5,1341773.2,1375433.8,33660.5,1075273.5,1366164.0,414031.75,0.30306152848413515,0.8013824542031396,738496.75,24390.800000000047
2021-01-24,108894.25,31574.5,5967.75,175800.25,23564.0,5017.25,191495.25,368476.75,133726.5,201494.75,15775.75,38172.25,1260120.8,1292831.8,32711.0,1054788.8,1299959.25,350818.0,0.26986845933824466,0.8370537173896344,741870.25,39838.44999999995
2021-01-25,109140.5,32616.5,28213.75,115158.0,25454.75,4942.0,195081.25,380234.5,242969.75,297431.25,31914.5,38751.0,1549406.5,1575284.2,25877.75,1380580.0,1501907.75,315525.5,0.2100831425898162,0.8910379555010257,959386.5,-47498.75
2021-01-26,109387.25,34313.25,34350.0,309711.75,21945.25,4916.5,195806.5,377644.0,235235.5,267396.5,31756.75,37318.0,1612577.8,1643587.2,31009.5,1246570.8,1659781.25,514624.0,0.3100553160243255,0.7730298655978025,917594.0,47203.44999999995
2021-01-27,107986.0,36218.0,70127.0,264853.5,22483.0,4990.25,195732.25,383429.75,222326.0,272100.0,28994.5,37223.0,1615667.5,1651306.5,35639.0,1258204.0,1646463.25,506657.75,0.3077249067053273,0.7787518161998059,915078.75,30795.75
2021-01-28,108391.25,35657.75,52039.0,231922.25,14641.25,5053.5,195511.25,375371.75,206824.5,266646.5,27820.75,36476.0,1600425.0,1628296.0,27871.0,1301822.5,1556355.75,447705.0,0.28766238053221443,0.8134229970164175,885318.75,-44069.25
2021-01-29,109120.75,39304.5,148180.75,415714.0,28835.75,5086.75,193793.25,362361.75,98843.0,193212.25,21431.0,37363.25,1561750.8,1592871.5,31120.75,969020.25,1653247.0,746242.5,0.4513799208466732,0.6204704681438293,691780.25,91496.19999999995
2021-01-30,108389.5,39787.25,24917.5,200002.25,22969.0,5149.5,195818.25,336165.5,87695.5,199340.75,32460.0,37410.75,1352918.8,1382142.5,29223.75,1105030.0,1290105.75,401215.0,0.31099388557875973,0.8167748130929956,660612.5,-62813.05000000005
2021-01-31,109299.5,35491.0,32065.0,161377.25,42022.5,5023.25,196095.0,332547.5,84610.5,171446.0,14759.5,36669.75,1299223.2,1341105.2,41882.0,1063758.5,1221406.75,385278.5,0.3154383255209618,0.8187650128168894,625273.75,-77816.44999999995
2021-02-01,109660.5,35619.75,49379.75,201357.5,26954.0,5008.25,195711.5,338113.25,208044.25,265702.25,36896.5,36119.25,1561986.2,1587261.2,25275.0,1284295.0,1508566.75,427979.75,0.2836995777614746,0.8222191719747588,847979.0,-53419.44999999995
2021-02-02,108193.75,36314.75,34889.25,204220.25,22504.75,4628.75,195015.25,337352.5,201962.5,278598.25,27158.5,35104.5,1576207.2,1607026.2,30819.0,1314593.0,1485943.0,410751.5,0.27642480229726174,0.8340229634784057,853017.75,-90264.19999999995
2021-02-03,108125.0,39039.0,147738.25,429464.0,15555.5,4621.5,193657.25,316225.75,111558.75,208759.25,29196.0,35925.25,1597696.5,1634280.5,36584.0,1004938.75,1639865.5,744543.25,0.4540270223381125,0.628992271060242,672469.0,42169.0
2021-02-04,106090.75,37562.75,134666.75,243521.25,60938.75,4751.75,178682.75,324271.5,154716.75,247412.5,30974.75,36132.5,1549135.2,1577573.2,28438.0,1110008.5,1559722.75,587532.0,0.37669002391610945,0.7165342960382025,762533.25,10587.550000000047
2021-02-05,108921.5,35968.5,155331.0,250801.75,31500.0,4878.0,181332.5,332199.0,118803.0,244120.0,28427.25,37207.25,1533359.2,1556271.8,22912.5,1095726.5,1529489.75,587400.75,0.3840501382895832,0.7145921842709784,732329.25,-3869.4499999999534
2021-02-06,107748.75,36062.25,132743.0,573700.75,21464.0,4992.25,187326.0,162272.25,67771.25,157907.75,16315.25,36430.25,1383829.5,1408721.2,24891.75,655921.75,1504733.75,876711.0,0.5826353000987716,0.47399029287928895,424381.5,120904.25
2021-02-07,106310.5,37736.25,88328.75,689040.0,15086.0,4518.0,175413.5,135463.25,75805.0,149343.0,18100.75,36146.5,1353725.5,1393332.2,39606.75,561270.75,1531291.5,941019.5,0.6145266920112858,0.4146119357284767,396757.75,177566.0
2021-02-08,106832.0,44032.0,126317.75,392608.5,19907.25,4650.5,188627.5,316373.5,151537.0,255282.25,31536.0,38093.5,1598669.5,1623482.0,24812.5,1059836.0,1675797.75,694348.0,0.41433878282746234,0.6629487833476525,761286.25,77128.25
2021-02-09,106505.75,45116.75,132616.5,122315.25,10698.0,4555.0,194469.5,359242.75,233606.25,313186.75,35279.75,38997.0,1638840.0,1666594.5,27754.5,1373210.2,1596589.25,421807.25,0.2641927158159182,0.8379159649508189,945032.75,-42250.75
2021-02-10,106340.5,44693.25,87845.75,135765.5,13740.25,4737.0,196086.25,369778.0,231657.75,326429.25,34712.0,38750.75,1651978.8,1687117.5,35138.75,1414627.2,1590536.25,393122.25,0.24716333877960972,0.8563228535378299,966615.75,-61442.55000000005
2021-02-11,102344.0,42645.75,44436.5,95894.25,27657.5,4597.25,196072.0,358195.5,236306.0,332924.5,28435.75,37713.75,1643695.8,1678512.0,34816.25,1475707.5,1507222.75,317575.25,0.21070226680163898,0.8977984247450167,965139.75,-136473.05000000005
2021-02-12,107946.5,41087.75,69424.25,229485.0,46726.5,4734.75,196144.25,325515.75,216522.25,332374.75,23034.25,38430.25,1620712.8,1647644.8,26932.0,1275077.0,1631426.25,499404.75,0.3061154312062835,0.7867384030039128,912843.0,10713.449999999953
2021-02-13,108358.75,38765.75,22130.0,195058.75,61228.25,4698.0,196363.0,319250.25,169651.25,292142.75,21865.25,39443.0,1429510.2,1453462.5,23952.25,1151093.2,1468955.0,430239.5,0.2928881415700277,0.8052360871576852,820487.25,39444.80000000005
2021-02-14,107863.0,36447.75,112618.25,267390.25,72528.75,4695.5,195684.75,286692.5,101909.25,223030.75,9824.25,39863.75,1366698.5,1399794.8,33096.25,914161.25,1458548.75,601543.5,0.4124260502091548,0.6688828955325553,651496.25,91850.25
2021-02-15,107793.25,36371.25,100746.0,476714.0,34010.5,4683.75,189803.5,322565.5,141012.25,267067.25,30056.5,39691.75,1640145.5,1662191.2,22045.75,1028675.0,1750515.5,760318.75,0.43433991301419494,0.6271852100926412,770336.75,110370.0
2021-02-16,108087.25,40723.5,93296.0,298451.75,39628.75,4843.75,192232.0,347121.0,126344.25,268003.0,27038.75,34174.75,1582806.5,1608788.2,25981.75,1151430.0,1579944.75,585031.0,0.3702857330928819,0.7274610004444637,775643.0,-2861.75
2021-02-17,107504.0,42325.25,125924.25,484101.5,59901.75,4824.5,193214.25,274991.75,90748.25,219205.75,17492.0,34046.0,1584371.0,1616733.8,32362.75,914443.5,1654279.25,824581.25,0.49845348057167493,0.577165007438283,618991.75,69908.25
2021-02-18,106965.75,41716.5,142444.25,428302.75,94679.75,5001.75,190210.25,253569.5,84186.75,209538.0,21911.0,35606.25,1559939.0,1587717.2,27778.25,894512.25,1614132.5,819110.75,0.5074619029106966,0.5734277109553643,582900.5,54193.5
2021-02-19,101887.0,35861.0,137342.5,363847.75,107116.25,5093.0,183131.25,251418.0,88540.5,214315.0,32544.75,35437.25,1518974.8,1548063.5,29088.75,910668.25,1556534.25,751147.5,0.48257691727631435,0.5995282146879592,589710.75,37559.44999999995
2021-02-20,100684.5,34601.0,139227.0,358131.0,137849.75,4950.0,189495.0,135419.25,44302.5,129670.75,11049.5,33781.5,1296132.2,1322064.5,25932.25,660924.5,1319161.75,775443.25,0.5878303020838802,0.5099205929765498,343174.0,23029.550000000047
2021-02-21,99953.0,35517.0,81108.25,291985.25,152905.5,4064.0,190372.0,149755.75,46817.25,128630.75,17758.0,33227.5,1186315.0,1235051.5,48736.5,660316.0,1232094.25,665533.0,0.5401640337173881,0.5566110181528515,358431.25,45779.25
2021-02-22,100225.0,33815.5,94207.25,245524.75,125480.5,4570.5,193839.5,244480.75,91101.0,229740.5,21622.75,35096.25,1457913.0,1482111.0,24198.0,992700.5,1419704.25,603823.5,0.4253163995247602,0.6809051706103176,600418.5,-38208.75
2021-02-23,99365.0,35281.75,101981.75,313505.0,126513.0,4480.0,192741.25,228753.25,70789.0,194581.0,23826.5,35099.25,1491639.8,1518850.5,27210.75,949640.0,1426916.75,681126.5,0.4773414426594964,0.6366416342604964,529222.5,-64723.05000000005
2021-02-24,103409.5,36194.75,149448.75,371099.5,144053.0,3879.0,186752.25,221716.5,48385.75,139201.0,28398.0,34276.75,1499332.0,1536575.2,37243.25,834730.75,1466814.75,808084.5,0.5509110813073022,0.5567350993642503,443580.0,-32517.25
2021-02-25,108804.75,36652.25,114372.0,264223.5,154900.75,3978.75,189769.75,245925.25,66964.5,176794.0,28449.25,34511.0,1482710.8,1511290.0,28579.25,949214.5,1425345.75,682932.0,0.4791342732105526,0.6401885654302916,524194.75,-57365.05000000005
2021-02-26,109067.25,35488.5,79467.0,241247.5,92717.5,4259.5,193082.25,259686.5,62072.0,210520.0,21153.0,35711.5,1483301.8,1502903.2,19601.5,1069869.8,1344472.5,562247.25,0.4181917071565242,0.7212758725163011,567990.0,-138829.30000000005
2021-02-27,108969.0,36297.0,30268.25,162085.5,100200.0,4878.5,194573.25,242357.0,49265.0,187816.0,15009.5,37544.0,1273043.0,1301907.8,28864.75,980489.25,1169263.0,442698.25,0.37861306652139,0.7701933477502331,516982.0,-103780.0
2021-02-28,108115.75,35847.25,14875.5,121472.25,149660.0,4754.5,193732.25,228113.0,59943.0,156254.0,12510.75,37250.0,1196205.5,1234974.2,38768.75,910197.75,1122528.25,434725.25,0.3872733269741764,0.760904167385955,481560.0,-73677.25
2021-03-01,108236.75,33950.75,9046.75,84004.5,141959.75,4928.75,194836.5,329002.5,110599.0,252934.0,32286.25,37784.5,1472760.5,1500684.0,27923.5,1237749.5,1339570.0,382127.25,0.28526112857110864,0.8404282298445674,730320.0,-133190.5
2021-03-02,107471.75,35662.25,23542.75,70664.5,173407.75,4598.25,194534.5,343411.5,132268.25,285734.0,29884.5,37157.0,1487391.2,1520685.5,33294.25,1219776.2,1438337.0,415347.25,0.2887690784565787,0.8200775962638477,798570.75,-49054.19999999995
2021-03-03,108697.0,36963.5,13352.0,132095.75,120232.25,4393.5,194430.0,348764.75,164728.0,279425.75,29021.75,36814.75,1503514.8,1525513.0,21998.25,1237834.8,1468919.0,415734.0,0.283020370762445,0.8232940573647829,829733.25,-34595.80000000005
2021-03-04,109950.0,37935.0,68991.75,172453.0,71688.5,4737.5,194354.75,351772.0,134107.5,269714.0,29982.25,37856.75,1513336.0,1542836.2,29500.25,1200202.8,1483543.0,465755.75,0.3139482643913928,0.7930841531556773,793450.25,-29793.0
2021-03-05,110513.0,37256.5,34355.5,151498.0,113190.0,5003.75,195211.0,345686.25,109547.0,275989.5,20432.0,37964.0,1503047.5,1527187.2,24139.75,1204004.0,1436646.5,451816.75,0.3144940317607707,0.8010418832405496,769186.75,-66401.0
2021-03-06,110707.25,36164.5,71954.25,200343.5,167991.5,5208.5,191537.75,299532.5,77602.5,192133.0,20512.75,39002.25,1313788.8,1342399.8,28611.0,873499.5,1412690.25,592369.5,0.4193201588246256,0.6648705636705078,608270.25,98901.44999999995
2021-03-07,109298.75,32925.75,90472.0,274027.75,135577.75,5256.75,191752.5,282200.5,70115.0,185208.5,9625.25,37816.5,1255622.2,1296706.8,41084.5,755544.75,1424277.0,647558.75,0.4546578720291067,0.6017293657280033,575340.5,168654.80000000005
2021-03-08,109462.0,34216.5,20866.0,60420.0,154724.0,4844.25,195679.25,382460.5,164422.0,280590.0,31484.5,36525.25,1488151.5,1501681.0,13529.5,1252141.5,1475694.25,384532.75,0.260577521393744,0.8414072760737062,863997.75,-12457.25
2021-03-09,108260.5,36406.25,20939.0,73106.75,111267.0,5025.5,195689.5,368210.75,219850.0,303278.5,27257.75,38446.0,1542902.5,1565485.0,22582.5,1337589.8,1507737.5,355005.0,0.23545544234324609,0.8669308656898281,929785.25,-35165.0
2021-03-10,108542.0,36855.25,102060.0,239138.0,102330.0,4948.25,192890.0,312624.0,140465.25,242350.75,22091.25,38368.5,1541248.2,1561774.2,20526.0,1097720.2,1542663.25,593873.5,0.38496638848433057,0.7122280499662547,733808.5,1415.0500000000466
2021-03-11,104897.75,34230.0,124590.25,885523.5,62538.25,4713.25,182048.0,96444.5,72138.0,124049.25,27055.5,37830.5,1609601.2,1653290.2,43689.0,536949.25,1756058.75,1216493.0,0.6927404906014676,0.33359148216340795,330462.25,146457.55000000005
2021-03-12,107199.0,35225.75,136020.75,839607.25,120188.0,4530.0,182163.25,90806.0,55179.0,112320.25,30791.75,35862.0,1562261.8,1605083.2,42821.5,466445.75,1749893.0,1242770.75,0.7101981378289987,0.298570796520788,294167.25,187631.19999999995
2021-03-13,106817.75,33440.0,141131.0,857699.0,70465.75,4118.0,161571.5,85015.25,46521.75,90731.25,16181.25,34647.0,1385569.2,1430793.2,45224.0,316273.5,1648339.5,1213671.5,0.7362994698604262,0.22826250756728717,256915.25,262770.30000000005
2021-03-14,107421.75,34369.75,126946.0,608699.0,88554.75,4414.75,183939.0,100090.0,32293.75,98562.75,20916.75,34936.5,1285020.5,1322757.5,37737.0,460820.75,1441144.75,970406.0,0.6733577595172171,0.3586096486398466,265883.0,156124.25
2021-03-15,108024.25,35292.5,123895.0,520779.0,81418.75,5116.5,189292.0,203674.5,83246.75,150972.0,25783.0,37243.25,1526162.8,1557553.5,31390.75,800070.0,1564737.5,874526.0,0.5588963004976873,0.5242363396617975,475136.5,38574.69999999995
2021-03-16,108374.75,38141.5,66081.5,340494.5,91019.0,5009.0,193686.5,270720.5,130220.25,227253.5,29164.25,38535.0,1546284.0,1573197.5,26913.5,1048689.0,1538700.25,649120.25,0.42186270522800007,0.6781994769395532,666729.25,-7583.75
2021-03-17,108982.5,38615.5,52542.0,105390.25,89376.75,5209.25,195513.5,290397.75,167253.5,268452.25,24842.25,37272.25,1525197.2,1556146.5,30949.25,1277888.2,1383847.75,400116.25,0.28913314344009305,0.8378511316438294,763375.75,-141349.44999999995
2021-03-18,109095.0,38747.5,20756.0,51962.25,112989.75,5215.0,195877.75,285232.0,208443.0,299640.25,25237.75,37721.5,1522514.5,1542529.0,20014.5,1336806.5,1390917.75,338765.5,0.24355537917321135,0.8780254637968965,831036.75,-131596.75
2021-03-19,109956.0,39962.5,35280.5,228494.75,110607.75,5228.75,192770.75,273567.5,134508.5,241528.5,31049.5,38956.75,1529062.5,1558517.5,29455.0,1154679.5,1441911.75,529530.25,0.3672417885491258,0.755155201307991,688561.25,-87150.75
2021-03-20,109436.0,35566.0,75095.25,208326.75,144715.25,5083.75,160848.5,243739.5,91465.0,210844.5,18506.25,38725.0,1326111.0,1348649.5,22538.5,897973.75,1342351.75,578223.0,0.4307537126539299,0.6771482553119611,584774.0,16240.75
2021-03-21,105796.0,32337.0,112348.0,540320.75,75387.0,4985.0,152694.5,174397.0,69593.25,162130.5,6756.0,37079.75,1268196.5,1319089.2,50892.75,540140.75,1473824.75,871173.75,0.5910972454492979,0.4259125064609467,443200.5,205628.25
2021-03-22,101763.25,31220.25,58367.5,189260.25,103671.0,4766.25,162024.0,291536.5,152451.5,280979.5,29962.0,38176.75,1503150.2,1518027.5,14877.25,1151851.5,1444178.75,489048.5,0.33863432764122864,0.7662916852886691,763144.25,-58971.44999999995
2021-03-23,101560.25,33806.25,53052.5,111236.75,78438.5,4842.25,162312.25,325667.5,191371.5,314261.0,21669.0,38609.75,1519112.8,1542183.0,23070.25,1276385.0,1436827.5,382936.5,0.2665152915015894,0.8402173953112633,869909.75,-82285.30000000005
2021-03-24,101045.5,32681.25,91335.25,122752.25,201936.75,4718.0,159771.75,306436.75,138581.25,268972.5,23989.25,41849.5,1496663.5,1538302.2,41638.75,1080639.2,1494070.0,554469.0,0.37111313392277473,0.7220321735647325,755840.0,-2593.5
2021-03-25,101438.75,32861.0,48735.75,82695.0,183987.0,4503.5,162089.25,322354.25,170872.5,270165.5,26560.75,41274.0,1469071.8,1488640.8,19569.0,1153654.0,1447537.25,454221.0,0.3137888161427279,0.7852944968380715,804666.25,-21534.550000000047
2021-03-26,106593.75,35127.5,133269.0,253417.25,193246.5,4110.75,158666.25,245787.25,97081.5,161128.75,27736.25,41313.25,1438960.2,1470581.2,31621.0,859027.5,1457478.0,725764.75,0.4979593173962146,0.5969779428228801,545310.75,18517.800000000047
2021-03-27,108027.25,35198.5,115522.25,613209.5,130409.5,4179.5,146940.75,124983.0,34760.25,110403.5,25045.0,35435.75,1316568.8,1360972.2,44403.5,457427.5,1484114.75,1006546.5,0.6782133928660166,0.3474391159808739,305582.5,167545.94999999995
2021-03-28,103633.0,32459.5,152196.75,434757.25,169323.75,4304.25,140856.75,117941.25,32903.5,100281.0,18540.0,34636.25,1162432.5,1209397.8,46965.25,406154.75,1341833.25,896674.5,0.6682458494749627,0.34940071789114635,285762.0,179400.75
2021-03-29,107546.5,34513.0,144099.75,432816.0,206111.75,4157.75,157427.0,163093.75,61898.25,134871.25,30247.0,35829.0,1437691.5,1473586.0,35894.5,654664.0,1512611.0,929244.75,0.6143316093827164,0.4553577732079518,395692.25,74919.5
2021-03-30,106591.75,36796.25,80579.5,126856.0,240815.75,3920.0,160333.0,229546.25,98126.75,185085.75,34203.25,40131.0,1432565.0,1468007.8,35442.75,984313.75,1342985.25,595559.25,0.44345926360695326,0.6870988401922425,552889.75,-89579.75
2021-03-31,106440.75,37957.75,9320.5,40883.75,237192.0,3787.75,160326.0,239417.25,110299.75,223370.0,23200.25,36878.25,1396904.8,1427190.2,30285.5,1109508.5,1229074.0,435582.5,0.3543989214644521,0.794262071402432,609965.25,-167830.80000000005
2021-04-01,106716.25,40563.75,83153.75,224964.75,180094.75,3769.5,158688.0,219897.25,70925.5,181502.5,29534.0,38581.25,1380022.8,1407553.0,27530.25,891809.5,1338391.25,639262.75,0.47763518328440957,0.6462280913039987,510906.5,-41631.55000000005
2021-04-02,107845.5,39471.0,112136.0,321075.25,166910.75,3957.0,156239.25,142033.0,34236.5,112260.5,23103.5,36462.5,1168692.0,1200820.0,32128.0,568570.0,1255730.75,751395.5,0.5983730986917378,0.48650114829227886,324992.5,87038.75
2021-04-03,108677.25,39702.75,84291.25,246699.25,173067.25,3775.75,159689.5,99146.0,33743.75,105773.25,27714.75,36002.75,1170055.2,1203192.5,33137.25,665997.5,1118283.5,656213.5,0.5868042406062506,0.5692017778306528,274665.75,-51771.69999999995
2021-04-04,108850.75,35983.75,89447.0,224407.5,192468.5,3646.75,159764.75,95780.0,38691.0,98257.5,29648.75,34106.5,1098220.5,1134311.0,36090.5,591897.5,1111052.75,654804.25,0.5893547808598647,0.5389605275079093,266835.0,12832.25
2021-04-05,105636.75,31545.0,100373.75,696283.25,108027.0,3201.5,141024.75,87848.0,34716.5,87308.25,14821.25,34617.25,1207269.5,1265869.2,58599.75,302585.5,1445403.25,1045067.25,0.7230281584049295,0.2506362498182883,244490.0,238133.75
2021-04-06,107242.0,36748.5,136150.5,545770.75,131193.5,3548.25,158049.5,148500.75,67464.25,154799.0,42854.0,36182.5,1505635.5,1539578.8,33943.25,692520.75,1568503.5,960653.5,0.6124650024689139,0.459952458612991,406946.5,62868.0
2021-04-07,108275.5,37690.75,107732.0,599038.25,96683.75,3606.25,159313.0,213108.25,97935.25,165173.75,26783.5,33294.5,1573795.0,1607822.0,34027.0,770341.0,1648634.75,953026.5,0.5780701274190659,0.48947988778716417,509511.75,74839.75
2021-04-08,109586.75,36005.25,100740.25,458949.25,139620.0,3513.75,158955.5,227787.25,118901.25,194150.75,35508.0,35380.25,1525698.5,1560259.2,34560.75,826389.0,1619098.25,848415.25,0.5240047971146903,0.5416463344494341,576219.5,93399.75
2021-04-09,109488.5,33590.5,64691.25,423070.5,193311.5,3763.5,159158.25,206442.75,119972.5,176831.5,26893.75,36591.5,1489991.0,1530702.0,40711.0,808917.75,1553806.0,827915.75,0.5328308360245745,0.5429010980603238,539838.25,63815.0
2021-04-10,109007.75,35646.25,19593.5,145364.5,120123.5,3917.25,159694.75,249060.5,93488.5,218096.5,19031.0,37854.75,1241147.0,1258647.0,17500.0,956065.5,1210878.75,433652.75,0.35813061382074796,0.7703080295887594,598500.25,-30268.25
2021-04-11,107422.75,34140.0,98059.75,332268.75,145204.5,3677.25,155447.0,201919.5,83788.75,114975.5,12793.5,37192.75,1198037.8,1242656.2,44618.5,622504.75,1326890.0,720773.0,0.5432047871338243,0.5196035968147249,437876.5,128852.19999999995
2021-04-12,107165.75,38282.75,70264.5,229103.75,118517.25,3824.5,155297.25,311592.0,166825.5,256001.0,25004.5,38525.75,1473451.2,1494485.5,21034.25,1055565.8,1520404.5,567158.5,0.3730313215989561,0.716390064360462,772944.25,46953.30000000005
2021-04-13,106093.75,36340.5,87767.5,267724.25,180099.25,3772.5,155573.5,284717.5,174842.5,245838.0,15835.5,36641.25,1520344.8,1550573.5,30228.75,984753.75,1595246.0,681797.75,0.4273934866472005,0.647717379636514,742039.25,74901.19999999995
2021-04-14,107064.75,36889.75,31258.5,142234.5,177684.75,3760.5,156425.25,309032.25,199102.5,274332.0,23405.75,35690.25,1501955.0,1522142.8,20187.75,1150777.2,1496880.75,498892.75,0.3332882395608334,0.7661862039808116,818157.0,-5074.25
2021-04-15,107342.25,34887.25,16572.0,169414.25,179727.25,4154.25,161426.25,309867.75,192021.75,289260.0,15805.25,36641.0,1507182.8,1529982.2,22799.5,1141469.2,1517119.25,512097.25,0.33754581256549215,0.75735285726456,827790.5,9936.449999999953
2021-04-16,108295.75,33107.75,34836.5,185971.5,156557.75,3907.0,186999.5,310262.75,166066.0,268938.5,18395.25,35501.75,1489850.8,1511197.5,21346.75,1112485.0,1508840.0,522676.25,0.34640932769544813,0.746708999317247,780769.0,18989.199999999953
2021-04-17,108256.25,31593.25,39199.0,130569.25,141707.0,3905.5,187585.75,286183.25,130132.0,213322.25,15021.25,35578.5,1264671.8,1284878.5,20206.75,953196.5,1323053.25,455230.25,0.3440755313514403,0.7537105674373382,665216.0,58381.44999999995
2021-04-18,107194.0,30126.25,15183.75,63576.25,113983.75,3898.25,188543.5,300311.75,125902.25,223130.0,11175.25,35658.25,1155375.2,1180326.2,24951.0,962631.5,1218683.25,333962.25,0.2740353163957903,0.8331765300137999,685002.25,63308.05000000005
2021-04-19,106389.0,30771.5,20699.75,54725.5,143842.75,3535.5,190952.25,325289.25,179238.0,265020.25,25195.75,34976.75,1438538.8,1455298.0,16759.25,1219270.8,1380636.25,359964.0,0.260723271607565,0.8475758874213195,804524.25,-57902.55000000005
2021-04-20,105320.25,31742.0,7538.5,54859.5,217096.25,3496.0,187597.25,317276.5,189625.75,263989.0,17760.0,36660.75,1451073.0,1481247.2,30174.25,1171578.8,1432961.75,420052.5,0.2931358774928919,0.807387912255276,807552.0,-18111.25
2021-04-21,103939.25,30083.25,73285.0,229111.25,227555.75,3702.0,186377.5,282604.75,139003.25,179421.0,16487.5,36673.25,1452208.8,1470543.0,18334.25,922256.75,1508243.75,667676.5,0.4426847450884514,0.6350717266001968,637702.25,56034.94999999995
2021-04-22,104471.75,31487.0,83979.75,412837.0,227073.5,3842.75,183051.0,192318.25,120635.75,145366.75,19096.75,35997.5,1467430.0,1498089.0,30659.0,743539.75,1560157.75,863691.75,0.5535925774172515,0.5066952086300539,494318.25,92727.75
2021-04-23,107087.75,31467.0,50645.25,243937.25,264831.5,3967.0,184864.0,199325.75,119372.0,167166.25,23465.75,36094.75,1413252.8,1438972.0,25719.25,853838.75,1432224.25,701935.75,0.49010184683020136,0.6041656170785581,521958.75,18971.449999999953
2021-04-24,107096.0,29600.75,50289.5,167099.75,259243.75,3913.25,185424.5,183995.25,56405.5,127698.25,18066.25,34513.75,1201547.2,1233703.8,32156.5,724914.25,1223346.5,617243.0,0.5045528801529248,0.6033173311876554,402612.75,21799.300000000047
2021-04-25,107259.5,29214.0,34140.25,167854.25,256486.75,3811.5,187201.75,156666.75,47083.75,112572.5,10175.75,32993.75,1116215.2,1154682.0,38466.75,657734.0,1145460.5,598766.25,0.52272972311136,0.5892537568024517,349316.75,29245.300000000047
2021-04-26,107706.75,29780.75,5527.75,121609.25,278460.25,4004.25,186203.0,267232.75,108446.5,185871.75,22526.5,34499.0,1379496.8,1407235.5,27738.75,973899.5,1351868.5,547089.0,0.40469098880549403,0.7059817028934029,596050.0,-27628.300000000047
2021-04-27,106065.25,32285.5,35496.75,227375.5,294405.0,3954.5,187749.0,272390.0,123054.25,180626.5,22569.75,35269.25,1408013.8,1433061.0,25047.25,850736.5,1521241.25,699582.5,0.45987610446403554,0.6042103422565887,611340.0,113227.44999999995
2021-04-28,105977.0,34176.5,37842.0,199601.75,260686.75,3777.75,185288.0,279353.25,138502.25,177899.0,21297.25,35119.25,1409776.2,1434768.2,24992.0,911645.75,1479520.75,642061.75,0.43396603258183436,0.6466599095657879,630873.75,69744.55000000005
2021-04-29,106166.25,36551.5,71458.5,315506.0,132682.75,3744.75,181206.0,293753.75,128257.75,179369.75,18632.75,36818.0,1438905.0,1466094.0,27189.0,919257.75,1504147.75,666109.75,0.4428486164341236,0.6388592367112492,638199.25,65242.75
2021-04-30,107502.75,39031.5,13510.5,108985.0,134047.25,4020.0,181753.25,312828.75,154374.5,222226.25,28220.25,37487.25,1407774.8,1429108.8,21334.0,1151232.0,1343987.25,407097.0,0.302902427087757,0.8177671599179073,726916.75,-63787.55000000005
2021-05-01,107674.5,42408.0,12348.75,59684.5,141271.25,4071.5,160977.75,227182.5,79100.0,128053.75,16565.0,38176.25,1114380.5,1135922.8,21542.25,901076.0,1017513.75,367458.5,0.3611336947535107,0.8085891668061314,472512.5,-96866.75
2021-05-02,106469.75,44380.25,66507.0,246892.25,126853.25,4088.0,158537.75,181339.0,63383.75,113529.0,7588.75,37542.25,1125033.2,1163925.5,38892.25,684780.75,1157111.0,595190.5,0.5143763217184868,0.6086760372938328,395794.0,32077.800000000047
2021-05-03,106279.25,44658.0,39661.75,299376.75,209247.5,3931.5,155089.0,191061.0,119992.5,149128.75,20829.5,38125.5,1416963.0,1434512.8,17549.75,868677.0,1377381.0,703154.75,0.5105012701641739,0.6130555279142786,498307.75,-39582.0
2021-05-04,103520.0,42130.5,84603.75,844249.75,134264.25,3307.0,151406.5,103254.25,69775.0,103212.75,18421.25,35287.5,1513362.5,1551535.2,38172.75,450244.75,1693432.5,1212075.25,0.7157505539783842,0.2975128232660714,311529.5,180070.0
2021-05-05,101132.75,43510.25,79358.75,724241.25,175578.0,3836.5,151183.5,143847.0,69139.0,105189.75,20765.25,36780.5,1513996.2,1541198.5,27202.25,534818.25,1654562.5,1127657.5,0.6815442148604238,0.35324940049387177,354956.25,140566.30000000005
2021-05-06,107492.25,45883.5,46304.5,309794.75,144500.75,4025.25,152834.5,213863.75,149015.75,191766.5,23318.75,37469.5,1490851.0,1510029.8,19178.75,990251.0,1426269.75,658001.0,0.46134400592875224,0.6642186241280986,592115.5,-64581.25
2021-05-07,110634.75,46273.5,53597.5,294531.5,179061.5,4112.25,157575.0,231037.75,124221.25,165870.25,21024.5,37585.5,1426119.8,1445725.5,19605.75,898929.25,1425525.25,688211.0,0.4827771377602747,0.6303322133245748,558714.75,-594.5500000000466
2021-05-08,110873.5,43702.5,50966.75,242180.5,243548.25,3998.0,158455.0,146012.5,51672.25,107527.5,19893.5,37520.25,1216791.0,1241840.5,25049.5,680095.5,1216350.5,695269.5,0.5716029220195988,0.5589254851490519,342732.5,-440.5
2021-05-09,106859.75,37935.0,74188.5,406943.0,278970.0,3268.25,145918.75,92598.75,33674.0,71490.5,6517.5,35173.25,1125277.0,1174258.2,48981.25,365175.5,1293537.25,908164.5,0.7020783514351828,0.32452054027586097,232936.5,168260.25
2021-05-10,106923.25,43538.0,61243.75,322308.75,206846.25,3111.25,154289.5,172747.75,81613.5,118990.75,21260.0,35775.0,1386834.5,1410938.8,24104.25,796435.75,1328647.75,743971.25,0.5599461934135666,0.57428319673328,409127.0,-58186.75
2021-05-11,108195.75,53078.25,19245.25,133217.5,137237.25,3383.75,158404.0,275714.75,127216.75,153405.5,20619.5,37326.0,1398986.2,1417257.2,18271.0,1109286.2,1227044.25,454357.75,0.37028636090344746,0.7929214741360565,593663.0,-171941.94999999995
2021-05-12,109051.25,58168.0,13991.75,147323.75,101632.75,3655.25,159890.5,268067.25,112218.0,155117.0,18533.25,38212.25,1392349.2,1410101.5,17752.25,1129401.0,1185861.0,433822.75,0.36582934256207095,0.811147806886376,573614.5,-206488.19999999995
2021-05-13,110469.25,58020.0,7413.25,111367.0,131752.0,3894.0,158493.25,168771.5,53595.5,96163.5,19372.75,38691.75,1128841.5,1155134.8,26293.25,878309.25,958003.75,422915.5,0.441454952551073,0.7780625092185218,357222.25,-170837.75
2021-05-14,110658.0,55655.75,15172.0,122208.25,179197.75,3925.75,159985.5,172462.25,64319.0,108897.75,19863.25,39066.5,1218696.2,1240006.8,21310.5,902118.25,1051411.75,486817.5,0.46301318203834035,0.7402322662530663,384745.5,-167284.44999999995
2021-05-15,109106.25,53305.0,14429.25,154196.75,180175.25,3576.25,159674.0,158960.25,45956.0,96920.5,16764.25,38499.0,1153819.2,1173493.2,19674.0,805018.0,1031562.75,514788.75,0.499037746370737,0.6976985649051429,340335.75,-122256.44999999995
2021-05-16,105831.75,48310.75,5661.75,188606.75,197506.75,3410.75,157201.75,124938.0,66981.75,81478.5,10514.5,36664.0,1092926.0,1137277.2,44351.25,701150.75,1027107.0,549328.5,0.5348308404090324,0.6415354287481495,310062.25,-65819.0
2021-05-17,105489.75,52902.25,2308.0,202040.5,186330.75,3571.75,169748.25,199592.0,73883.5,125017.75,23765.5,38955.25,1361750.2,1380701.0,18950.75,971071.0,1183605.25,552643.0,0.46691496172393626,0.7131050907868418,437448.5,-178144.94999999995
2021-05-18,105769.75,55333.75,8074.0,164082.0,178751.0,3828.75,191430.0,231009.5,96448.25,126273.25,23216.0,37271.25,1402838.0,1422972.0,20134.0,1051931.0,1221487.5,515839.25,0.4223041578403381,0.7498592139648341,491002.25,-181350.5
2021-05-19,105926.75,54644.0,8256.25,107450.25,205017.0,3923.25,190550.25,232985.0,111118.5,142647.0,18634.0,38613.25,1394522.5,1415760.5,21238.0,1073799.0,1219765.5,485217.5,0.39779572385019907,0.7700119574979967,525363.75,-174757.0
2021-05-20,108415.0,53829.25,24510.75,137152.5,212577.75,3650.5,189805.0,214289.25,101113.25,138251.5,22826.75,37265.25,1396595.2,1416456.0,19860.75,1022354.25,1243686.75,540135.75,0.4343020861161382,0.7320333407991092,490919.25,-152908.44999999995
2021-05-21,110625.0,48448.75,108125.25,539443.5,173137.0,3181.75,179951.25,89018.0,51010.5,89591.5,18885.5,35161.5,1411662.0,1441708.5,30046.5,590956.25,1446579.5,982961.25,0.6795072445033267,0.41862446534652065,264781.5,34917.5
2021-05-22,109935.0,43675.5,106380.0,607028.75,195690.5,3282.0,177485.0,81742.75,36108.25,62414.5,16403.5,34255.25,1228107.8,1268688.5,40580.75,319008.5,1474401.0,1065991.75,0.7229998826642141,0.25975610610078365,214520.75,246293.19999999995
2021-05-23,110200.75,49028.75,80414.75,336212.0,205132.0,3288.75,180666.5,91336.75,48123.75,61740.0,17704.75,32795.0,1081855.8,1123688.0,41832.25,460097.0,1216643.75,784277.0,0.6446233747553464,0.42528495941880606,233995.5,134787.94999999995
2021-05-24,110300.0,49949.75,66013.5,359874.5,199381.0,3188.75,184603.5,106122.0,48699.25,68380.75,17589.25,30666.25,1095516.0,1129129.8,33613.75,470247.0,1244768.5,788707.5,0.6336178172889175,0.429247039751131,253868.25,149252.5
2021-05-25,109812.5,58308.0,30555.0,465361.25,178923.0,3148.25,191103.5,193409.25,62302.25,93084.75,23862.25,31688.5,1380219.0,1400992.2,20773.25,705379.75,1441558.5,846108.0,0.5869397599889287,0.5110636427987153,380484.75,61339.5
2021-05-26,110229.75,55739.25,80659.0,452385.25,142247.75,3056.0,182423.0,226709.75,82776.5,108097.0,22052.0,31162.5,1438675.2,1459723.5,21048.25,763383.25,1497537.75,844317.0,0.5638034834180307,0.5306154231337274,448745.75,58862.55000000005
2021-05-27,110673.0,56267.0,73508.75,374270.0,143470.75,3103.25,188150.5,270886.75,104979.75,135945.0,19453.25,32981.25,1424637.8,1448944.0,24306.25,833388.25,1513689.25,761292.75,0.5029385985267452,0.5849825478447925,544792.75,89051.44999999995
2021-05-28,111403.0,57203.0,22569.75,126119.5,214405.0,3216.25,189570.5,286746.0,110386.75,160018.0,16790.5,32763.75,1356269.0,1372624.0,16355.0,993174.75,1331192.0,534916.5,0.40183271834566314,0.7322844878117837,589914.5,-25077.0
2021-05-29,109575.75,53038.5,17570.25,111310.0,242982.0,3144.75,190095.5,222815.0,50508.0,104011.75,15613.5,32386.5,1165516.2,1188733.5,23217.25,793654.0,1153051.5,537621.25,0.4662595296047054,0.6809463480644885,409721.25,-12464.699999999953
2021-05-30,104948.5,47636.5,5554.0,117846.0,302841.5,3033.0,182286.25,143447.25,46172.0,90980.5,9300.0,32874.75,1067348.2,1112158.0,44809.75,641106.75,1086920.25,581859.5,0.5353286039155126,0.6006537978890113,313474.5,19572.050000000047
2021-05-31,104441.25,50981.5,8690.0,84542.5,313211.0,3075.25,189356.0,244697.25,58112.75,135979.0,23972.5,34599.25,1314610.8,1337896.2,23285.5,908167.25,1251658.25,564941.5,0.45135443320890506,0.6908259463561383,473388.25,-62952.55000000005
2021-06-01,103558.5,51612.0,20187.75,107933.75,299252.75,3111.25,189035.0,247048.25,59955.0,138555.75,25764.25,34491.0,1351650.2,1375145.0,23494.75,924276.0,1280505.25,585656.0,0.4573632165897016,0.6838130161191113,480050.0,-71144.94999999995
2021-06-02,102439.25,52600.5,80333.75,179556.5,294024.5,2969.5,185201.75,228615.25,60075.75,110865.75,19528.25,34960.75,1368888.8,1397166.0,28277.25,814974.0,1351171.5,711924.0,0.5268938843070624,0.5953544217762612,434517.5,-17717.300000000047
2021-06-03,101995.75,55442.0,54217.25,207675.0,249361.25,2927.75,180640.25,224518.25,65812.0,105183.0,22188.75,35089.0,1235370.5,1262755.8,27385.25,724117.0,1305050.25,671619.0,0.5146307584707945,0.5861537085433075,430602.25,69679.75
2021-06-04,96715.25,58787.75,15718.25,75840.0,212948.0,2854.75,184576.75,250480.0,77316.5,148079.75,27794.25,35277.5,1277759.5,1294723.5,16964.0,973253.25,1186388.75,462864.0,0.3901453043953763,0.7616873519625563,511153.75,-91370.75
2021-06-05,101014.75,61744.0,17890.0,90064.0,186841.75,2956.75,185526.25,250225.5,48104.5,104545.5,19673.25,35068.0,1146526.0,1166325.0,19799.0,851730.25,1103654.25,460511.25,0.41726043278499586,0.7428791409876444,437943.5,-42871.75
2021-06-06,101965.25,56993.25,35287.5,84420.75,125922.0,2953.75,178623.0,234180.75,54346.5,89980.0,9299.75,35184.5,1074335.5,1108233.5,33898.0,828705.25,1009157.0,407542.5,0.40384449595058053,0.7713654161107029,413691.75,-65178.5
2021-06-07,101951.5,61407.75,8535.25,61175.5,188192.75,2870.25,181148.0,288633.25,102409.0,196757.25,25439.5,35512.75,1345391.2,1358633.2,13242.0,1087487.8,1254032.75,424133.0,0.33821524996057717,0.808306015380508,623312.25,-91358.44999999995
2021-06-08,100433.25,62885.25,2068.75,52837.25,227227.5,2835.75,184537.0,297242.5,127033.25,218235.5,23296.75,34079.5,1380255.5,1400023.2,19767.75,1098122.0,1332712.25,448287.75,0.3363724990146973,0.7955932796500358,676590.75,-47543.25
2021-06-09,99378.75,61738.25,2515.25,30176.75,251899.75,2875.5,184524.0,294030.0,126658.5,206983.25,22181.5,33882.0,1387232.5,1407468.2,20235.75,1102640.8,1316843.5,448584.25,0.34065114799139,0.7948493132910309,661553.75,-70389.0
2021-06-10,99712.25,58993.25,7281.0,37124.75,265546.75,2814.25,184586.0,290124.25,122667.75,207813.0,20705.75,34048.5,1387110.5,1408937.2,21826.75,1077158.0,1331417.5,471472.25,0.3541130036220795,0.7765480832276881,654653.5,-55693.0
2021-06-11,101733.75,62113.25,41502.25,61899.0,279326.0,2908.75,166497.25,270576.75,117679.25,173657.25,24376.75,35743.0,1374826.5,1391969.2,17142.75,992099.25,1338013.25,549483.0,0.41067082108491826,0.7216177823165323,597656.25,-36813.25
2021-06-12,102456.5,58603.25,75556.0,368239.25,208317.5,2894.0,150246.0,153983.5,47127.5,85760.5,19881.0,35949.5,1201338.0,1235742.8,34404.75,549225.25,1309014.5,816066.5,0.6234205197879779,0.4571779549136047,322821.0,107676.5
2021-06-13,102513.5,58193.75,58319.75,228546.25,283923.5,2898.75,145753.25,128884.5,40753.0,70360.5,17647.5,35645.0,1094878.8,1143678.0,48799.25,524089.25,1173439.25,734395.5,0.6258487603853373,0.4786733015563001,275643.0,78560.44999999995
2021-06-14,102793.0,62234.5,55102.75,80913.25,319493.0,2822.25,151384.5,245949.5,94302.25,123821.5,27006.75,36109.5,1347085.8,1366687.0,19601.25,891576.75,1301932.75,623358.75,0.47879489167163203,0.6618559485965927,500182.75,-45153.05000000005
2021-06-15,103331.5,62285.0,8918.75,50413.75,279351.0,2696.25,156263.5,297726.75,134610.5,181887.75,24215.25,36579.75,1399063.8,1423234.8,24171.0,1060380.2,1338279.75,506996.25,0.3788417556194809,0.7579212613463374,650804.75,-60784.05000000005
2021-06-16,100264.0,61808.25,16133.5,85138.25,296196.25,2733.5,155129.75,289263.5,157887.25,209429.75,22500.5,35815.25,1411812.5,1435923.5,24111.0,1014344.5,1432299.75,562273.75,0.3925670935849846,0.7184696976404444,692395.75,20487.25
2021-06-17,91092.5,59483.5,49704.0,196351.0,299357.5,2588.5,151602.25,280632.0,137059.25,179148.0,23330.75,35892.75,1463892.8,1498149.5,34256.75,918480.25,1506242.0,698577.0,0.46378802343846476,0.6274231624064276,632732.0,42349.19999999995
2021-06-18,90915.25,58710.75,53256.0,112837.0,284580.0,2591.75,153618.25,296460.75,146302.75,185166.0,26124.5,35859.5,1443995.2,1472050.8,28055.5,993322.25,1446422.5,602890.75,0.4168151076189702,0.6878985816573352,663789.0,2427.3000000000466
2021-06-19,92198.75,57002.25,41805.5,129224.5,275479.75,2515.75,152145.5,269558.0,76785.75,120188.75,22254.0,35635.75,1238650.2,1264288.0,25637.75,792140.5,1274794.25,598226.5,0.4692729826793618,0.6395191313899599,502168.25,36144.05000000005
2021-06-20,93383.75,56158.0,62014.0,234590.25,212525.25,2644.25,152507.5,210594.25,52031.5,84662.0,20391.0,35338.25,1138654.8,1182726.2,44071.5,629525.25,1216840.0,661315.5,0.5434695605009697,0.5528675152469388,382626.0,78185.19999999995
2021-06-21,95023.0,58018.75,68979.25,230477.75,235489.25,2508.0,155949.0,315926.25,94314.25,144814.0,17363.25,35176.5,1415590.0,1440149.0,24559.0,880643.75,1454039.25,690496.0,0.4748812661006228,0.6221036811506157,590231.0,38449.25
2021-06-22,96063.5,60088.75,63929.75,117752.75,170819.0,2428.25,158391.0,321049.0,135242.0,198566.0,21215.0,35265.0,1423316.5,1442355.0,19038.5,1070815.0,1380810.0,511082.0,0.3701320239569528,0.7523379374861459,690122.0,-42506.5
2021-06-23,95970.5,60872.25,17257.5,48883.25,190602.5,2574.0,158545.0,322747.5,177289.25,208879.0,22534.75,33926.0,1381170.2,1406791.5,25621.25,1124427.0,1340081.5,416160.0,0.3105482763548336,0.8141118306780729,742841.75,-41088.69999999995
2021-06-24,95752.0,63835.75,2619.5,36565.5,160844.5,2882.25,158738.75,312428.25,163021.75,226288.75,27580.75,34144.75,1373439.5,1393138.0,19698.5,1173410.0,1284702.5,362499.5,0.28216610460398417,0.8543587103763944,735883.5,-88737.0
2021-06-25,97268.5,57898.75,9443.25,29434.5,192215.5,3075.5,158827.25,316820.75,148153.75,204037.0,17276.25,32107.75,1351937.2,1375192.0,23254.75,1120844.0,1266558.75,389336.0,0.307396715707029,0.8290651370492653,701119.25,-85378.44999999995
2021-06-26,96866.25,58275.25,3068.0,20577.75,259170.25,2963.0,157448.5,274954.0,91412.0,116454.0,15452.0,32663.75,1154939.2,1174623.8,19684.5,872123.25,1129304.75,440920.5,0.39043535414156366,0.7551248152283687,515483.75,-25634.449999999953
2021-06-27,95767.0,58996.5,6805.5,69393.25,272451.0,2798.25,156659.0,232839.0,59995.0,87017.5,14798.0,33017.0,1076228.8,1117995.2,41766.5,727579.0,1090537.0,506211.5,0.4641855342826516,0.6760449079229249,412868.5,14308.199999999953
2021-06-28,95116.75,63248.75,37625.75,66738.75,254210.0,2859.75,154914.0,300490.0,152076.25,179341.25,23049.5,33019.5,1406498.2,1422045.8,15547.5,1047923.75,1362690.25,519799.75,0.38145114049212575,0.7450587210136493,664927.0,-43807.94999999995
2021-06-29,94805.25,63159.5,90585.0,92363.5,179817.25,3091.75,155581.5,307850.75,147193.5,202461.25,27315.0,33885.5,1422281.2,1443816.5,21535.25,1059515.5,1398109.75,523822.25,0.37466461413347557,0.7449409441677216,691391.0,-24171.449999999953
2021-06-30,96445.75,62245.25,43787.0,162670.5,135423.5,2927.5,156604.75,301993.0,145966.25,188798.5,19527.0,33520.5,1411922.8,1433514.8,21592.0,1070041.8,1349909.5,503499.5,0.3729875965759186,0.7578614071534223,670278.25,-62013.30000000005
2021-07-01,100717.25,61214.75,35593.75,243180.25,99834.5,2966.0,158849.75,293254.5,128460.75,182659.5,16747.5,33408.75,1441583.0,1461027.0,19444.0,1062974.5,1356887.25,543506.5,0.40055391485180514,0.7373661454109822,637783.5,-84695.75
2021-07-02,100800.5,56894.75,16882.25,113929.25,201040.5,3027.0,158844.25,293136.5,127771.75,197251.75,15539.75,32375.75,1371326.2,1388940.2,17614.0,1039474.25,1317494.0,492574.25,0.3738721011253182,0.7580065559893773,650535.75,-53832.19999999995
2021-07-03,99656.75,54046.5,4508.5,41134.75,268109.75,3000.5,157272.75,283032.0,104556.5,112752.75,12365.5,34370.5,1159086.5,1176812.8,17726.25,845333.5,1174806.75,470456.75,0.40045458540308865,0.7293101075717817,534711.75,15720.25
2021-07-04,99522.5,52500.5,4604.25,52706.0,203991.5,2995.5,157263.5,277325.5,99570.0,104230.75,9601.0,35360.5,1080497.0,1113093.5,32596.5,819195.25,1099671.5,416320.25,0.37858601409602777,0.7581652239663784,516486.75,19174.5
2021-07-05,100747.0,57556.0,16003.0,112320.0,172509.25,2900.0,158475.25,280414.0,155645.75,163076.0,25990.5,36346.25,1365433.2,1382160.0,16726.75,1064601.0,1281983.0,462035.25,0.3604066902603233,0.7796800312164667,635482.0,-83450.19999999995
2021-07-06,99346.5,55759.25,91062.75,321036.5,204259.25,2794.0,154419.25,256723.75,111162.0,102051.75,9192.75,36620.75,1431569.0,1464499.5,32930.5,815210.5,1444428.5,774258.25,0.5360308592637157,0.5694524678866335,506558.25,12859.5
2021-07-07,99894.5,55668.5,68970.5,111389.0,170445.25,2902.0,155463.25,273744.0,166372.5,154701.25,19613.25,30835.5,1408186.5,1422308.5,14122.0,1057381.8,1309999.5,509269.75,0.3887556827311766,0.7508819321872494,625653.25,-98187.0
2021-07-08,100189.25,61514.5,12943.25,49982.5,127549.25,2962.75,157689.75,279495.0,194478.75,189721.25,32381.25,29318.5,1392496.5,1406858.0,14361.5,1202021.5,1238226.0,355141.5,0.2868147656405212,0.863213300715657,693013.5,-154270.5
2021-07-09,100488.5,54897.0,11621.0,163275.75,124178.75,2962.75,165256.0,276520.5,154080.5,173136.5,17791.5,29009.25,1381353.2,1404312.5,22959.25,1082277.8,1273218.0,457423.75,0.3592658523520717,0.7834909999846528,632746.75,-108135.19999999995
2021-07-10,100581.25,52758.5,18211.5,111303.0,243998.25,3013.0,187619.75,270133.0,100386.25,86269.25,14648.0,29345.75,1173197.2,1198201.5,25004.25,799684.5,1218267.5,529865.5,0.4349336250043607,0.6816283741556833,486134.25,45070.30000000005
2021-07-11,99251.75,54139.75,13718.0,80386.25,188195.75,2967.5,189602.5,269454.0,85281.0,86474.25,12828.0,29259.0,1081727.5,1109460.0,27732.5,799427.5,1111557.75,438659.0,0.394634466810204,0.7390285446196015,470468.25,29830.25
2021-07-12,99518.5,56846.0,36140.5,77695.5,241041.5,2913.75,188029.25,274269.25,151971.25,148149.0,17405.0,29032.75,1386095.2,1397649.8,11554.5,1031217.75,1323012.25,514155.75,0.38862508642682636,0.7439732494564587,603422.25,-63082.94999999995
2021-07-13,99066.5,57641.0,13679.5,91733.5,150375.75,2700.25,188648.5,275953.5,179592.75,171841.75,17526.5,29413.25,1423591.2,1435854.2,12263.0,1167802.5,1278172.75,415196.5,0.3248359816777505,0.8203215220774054,656801.25,-145418.44999999995
2021-07-14,98778.5,55978.0,44274.25,152030.25,127311.5,2763.0,188865.75,263770.0,162266.0,159576.25,27429.5,36206.0,1419681.5,1439838.0,20156.5,1096065.5,1319249.0,481135.5,0.36470408543042293,0.7720502802917415,621818.25,-100432.5
2021-07-15,99052.5,57472.0,110025.25,74878.5,181378.75,2798.5,189715.25,195506.75,165257.5,176481.75,14747.75,35085.5,1387297.8,1404869.5,17571.75,1021015.25,1302400.0,525605.5,0.40356687653562656,0.7359741001535502,572331.5,-84897.80000000005
2021-07-16,98965.75,57710.25,73849.75,111409.0,204625.25,2800.0,189148.75,224020.25,137928.0,139694.5,17816.0,34737.25,1372835.2,1384218.0,11382.75,982951.25,1292704.75,549360.0,0.42496942940760446,0.7160009081934963,536380.0,-80130.44999999995
2021-07-17,98083.0,58062.75,48993.75,252628.25,175554.5,2768.75,183636.75,178887.75,40376.5,68410.0,22622.75,33792.25,1178768.2,1201816.0,23047.75,701591.75,1163817.0,636091.0,0.5465558588678461,0.5951905981175943,321466.5,-14951.199999999953
2021-07-18,97945.5,38955.25,49533.0,217999.75,265865.0,2559.75,179483.75,134375.25,36385.5,62754.25,14265.75,32884.25,1097438.5,1143197.0,45758.5,564040.75,1133007.0,672858.25,0.593869455351997,0.5139611467977476,266399.25,35568.5
2021-07-19,99040.0,43743.75,40758.75,127240.0,219662.25,2618.75,188296.0,216422.25,113156.25,123478.25,19733.5,33722.75,1353978.5,1370243.0,16264.5,966317.5,1227872.5,533063.5,0.43413587322787994,0.713687477312232,486779.5,-126106.0
2021-07-20,99458.5,48664.5,30301.5,68966.5,235707.75,2739.0,189857.5,215924.75,146805.5,148874.0,19981.25,34659.25,1385349.8,1404465.8,19116.0,1050374.0,1241940.0,485837.75,0.39119260994895083,0.7582012860578606,546263.5,-143409.80000000005
2021-07-21,99308.25,56690.25,19315.75,55742.25,229300.0,2778.0,189946.0,221102.5,151371.0,156467.75,18968.75,35379.0,1365808.8,1381830.5,16021.75,1061450.8,1236369.5,463134.5,0.37459230432326257,0.7771591455553661,564320.25,-129439.30000000005
2021-07-22,99804.0,59146.75,15225.25,35653.25,234821.5,2873.5,189245.75,219489.5,162770.25,168764.75,21161.0,36637.5,1367534.5,1377780.8,10246.25,1081834.5,1245593.0,447524.25,0.3592860990708843,0.7910838812476029,587662.0,-121941.5
2021-07-23,100241.5,58699.0,9355.5,29444.0,252894.0,2836.75,189267.5,233111.5,148812.75,160946.0,18770.25,36887.75,1346177.0,1361461.2,15284.25,1054483.5,1241266.5,453470.75,0.36532908122470076,0.7833171269454166,579758.0,-104910.5
2021-07-24,99194.5,57192.0,33656.75,154924.25,200742.75,2783.25,188530.0,235563.75,58256.5,74231.25,14546.25,36464.75,1165976.0,1177510.0,11534.0,776652.25,1156086.0,548493.5,0.47444005030767605,0.6660962575559016,404516.25,-9890.0
2021-07-25,97969.0,56678.75,59036.0,121350.5,199773.25,2751.75,186036.0,218607.0,50063.75,71530.25,9327.5,35693.5,1103015.2,1137041.0,34025.75,722855.5,1108817.25,537559.25,0.48480419113248824,0.6553450034052115,375894.5,5802.050000000047
2021-07-26,98215.0,58547.75,5543.0,78834.25,206847.25,2864.25,188955.0,278087.25,132457.75,139435.75,20595.5,35929.5,1350730.2,1362702.2,11972.0,1059505.8,1246312.25,450851.5,0.3617484302188316,0.7843948406572979,585910.25,-104417.94999999995
2021-07-27,98020.0,59106.5,15803.25,142109.25,213145.5,2805.75,188726.0,279452.75,144216.5,128665.75,19437.0,34821.25,1375268.8,1386341.8,11073.0,1004210.75,1326309.5,530990.25,0.40035169015980054,0.7301923449437666,587156.25,-48959.30000000005
2021-07-28,97935.25,57913.0,81722.25,257006.5,165028.0,2779.25,187993.75,263781.75,73624.5,86446.25,16199.5,36516.75,1367429.5,1388976.0,21546.5,863672.75,1326946.75,662384.25,0.4991792247880331,0.6316031283514068,460369.25,-40482.75
2021-07-29,97211.75,55373.5,132618.5,487772.0,231334.5,2864.75,170136.5,137839.75,43579.0,62316.25,18453.5,36634.25,1384896.2,1426163.0,41266.75,533171.25,1476134.25,1007175.0,0.6823058268582278,0.3849900447412593,280369.25,91238.05000000005
2021-07-30,98497.25,55854.25,70627.75,274847.75,263988.75,2847.5,180082.0,191856.75,46124.75,72646.5,26261.25,35639.75,1335371.5,1358052.8,22681.25,725907.25,1319274.25,766663.25,0.5811250011133015,0.543599477748327,346267.75,-16097.25
2021-07-31,97237.75,52615.25,72940.0,473229.25,205308.5,2895.0,171430.75,118685.25,28228.25,56651.5,13229.0,34597.25,1179569.5,1225190.2,45620.75,428091.75,1327047.75,904225.75,0.6813814725204876,0.36292202367050014,238162.25,147478.25
2021-08-01,98749.25,54662.0,56695.75,145686.5,151683.25,2889.0,186211.25,166061.0,27797.75,59444.75,10112.0,34545.75,1056921.2,1079047.8,22126.5,702855.75,994538.25,510365.75,0.5131685483187801,0.6650029822469263,287849.25,-62382.94999999995
2021-08-02,97385.75,57974.0,65273.75,194613.75,191786.25,2981.5,188552.75,242623.75,60529.75,70991.25,23571.5,34222.0,1301328.2,1320907.8,19579.5,849654.5,1230506.0,610015.0,0.4957432145800183,0.6529133081108978,408366.75,-70822.19999999995
2021-08-03,98284.75,58241.75,6676.0,45937.5,174319.5,2969.0,190559.25,277800.25,139353.5,99789.0,21505.5,35137.5,1324393.5,1335188.8,10795.25,1097460.5,1150573.5,386428.5,0.3358572920374057,0.8286513789141974,552080.25,-173820.0
2021-08-04,98504.25,61702.25,3026.0,36463.75,163926.75,3085.25,190111.25,281104.25,142021.25,120674.5,23534.0,35334.25,1306665.8,1316898.2,10232.5,1103249.2,1159487.75,366708.25,0.3162674638002859,0.8443239273577069,579134.25,-147178.05000000005
2021-08-05,98495.5,54726.75,26892.25,71207.25,178069.5,3061.25,189994.5,283594.5,120062.25,101295.25,17637.75,35684.25,1323726.5,1340153.8,16427.25,1047557.5,1180721.0,432452.5,0.36626137758200283,0.7913700450961736,540636.25,-143005.5
2021-08-06,100049.25,53902.5,73769.25,222088.25,185884.75,3110.5,189126.75,231610.5,41159.25,74031.0,22565.75,35690.25,1305708.0,1329323.8,23615.75,823965.75,1232988.0,638804.5,0.5180946610997025,0.6310490170849837,382491.0,-72720.0
2021-08-07,100474.75,56318.0,52055.0,186273.75,166345.5,3222.5,188702.5,181281.5,36006.0,69292.0,19962.0,36106.25,1125601.8,1147684.0,22082.25,720927.5,1096039.75,564689.5,0.5152089602589687,0.640481829364523,322685.75,-29562.050000000047
2021-08-08,99544.5,52849.75,78448.75,402092.75,181630.5,3012.5,169036.25,102774.75,30217.5,58589.25,13133.25,34443.75,1079805.8,1125791.2,45985.5,417633.75,1225773.5,817578.75,0.6669900679040622,0.3867674631864359,226025.25,145967.69999999995
2021-08-09,100443.75,56329.25,83836.75,268466.75,214537.5,3162.0,185787.5,206131.0,37060.25,71124.5,23068.0,36016.25,1277861.2,1297097.2,19236.0,711020.25,1285963.5,726776.0,0.5651606752446706,0.5564143038383199,350332.0,8102.300000000047
2021-08-10,100949.75,60387.25,29551.5,153346.5,202227.25,3419.5,189519.25,275339.5,79417.5,86737.0,26953.25,34454.75,1304070.2,1326581.0,22510.75,918945.0,1242303.0,549881.75,0.44263094430263794,0.7046744876157741,475948.75,-61767.19999999995
2021-08-11,101101.5,62064.25,13235.5,45608.5,234813.0,3380.0,189187.75,279799.25,101553.5,99682.25,22961.75,35092.25,1309476.8,1331486.2,22009.5,1015819.75,1188479.5,460202.75,0.3872197627304468,0.7757447478260019,516127.25,-120997.30000000005
2021-08-12,101349.0,61110.0,15283.5,36238.0,246675.5,3059.75,188545.5,279083.25,101589.25,117111.75,18355.75,34767.5,1313299.8,1333232.0,19932.25,1015102.75,1203168.75,463715.75,0.3854120629379711,0.772940611123218,532551.75,-110131.05000000005
2021-08-13,100491.5,62315.5,70089.25,138579.25,227971.25,2779.25,187153.0,275221.75,104401.5,80751.0,20278.0,33837.75,1324946.8,1344575.2,19628.5,888307.0,1303869.0,602226.0,0.46187615473640375,0.6704472964499405,494212.0,-21077.800000000047
2021-08-14,99791.75,58074.0,107358.75,182819.0,255542.25,2777.0,181494.25,216432.0,26248.25,63762.25,21261.0,34659.25,1155226.5,1182676.5,27450.0,609506.5,1250219.75,706362.75,0.5649908746042446,0.5276077894681259,341101.75,94993.25
2021-08-15,99165.5,53778.75,59090.5,119417.25,225276.5,2756.75,184930.0,217232.0,25768.75,69204.75,12331.25,34938.5,1075380.5,1106770.8,31390.25,671596.25,1103890.5,559485.25,0.5068303876154383,0.6245196467668885,347144.0,28510.0
2021-08-16,98798.25,53595.5,99595.0,492657.25,130345.5,2873.5,186683.25,235039.25,34958.5,75725.0,17664.75,34944.75,1353360.2,1375179.5,21819.25,630762.5,1462880.5,877865.0,0.6000934457735954,0.46607141247392975,380667.5,109520.30000000005
2021-08-17,99466.5,50509.75,101534.5,599621.75,146069.75,3084.25,169689.5,199687.75,36591.75,73283.75,18750.75,34656.5,1389314.2,1420112.2,30798.0,542088.25,1532946.5,1000286.5,0.6525253816750943,0.3901840562775505,344219.75,143632.30000000005
2021-08-18,100402.0,55975.25,130551.5,399414.5,116612.0,3171.5,183469.0,243423.5,49069.25,84001.5,17341.75,35073.5,1384061.5,1402596.0,18534.5,737483.5,1418505.25,806126.75,0.5682931028982797,0.5328401230725658,411567.75,34443.75
2021-08-19,100288.25,60329.0,70339.5,246759.0,111172.75,3010.0,188453.25,262675.0,141259.5,101465.0,19855.0,34879.0,1374688.2,1397376.8,22688.5,946417.0,1340485.25,591898.5,0.441555399434645,0.6884593902821018,540278.5,-34202.94999999995
2021-08-20,100956.0,59382.5,9028.0,68661.0,169496.25,3038.5,188715.5,273531.5,187614.5,98611.0,27679.75,34864.5,1320080.5,1337294.5,17214.0,1072895.2,1221579.0,410562.25,0.3360914439426349,0.8127498285142459,594621.5,-98501.5
2021-08-21,100636.0,55327.0,3741.25,25735.0,223327.0,3011.75,188509.75,254524.0,110761.25,83284.25,17103.25,35257.0,1120065.5,1137992.5,17927.0,867262.25,1101217.5,411778.0,0.3739297641020053,0.7742960121528607,483826.5,-18848.0
2021-08-22,99682.75,50510.75,55005.0,172125.0,108390.25,2920.0,187985.5,247322.5,56100.5,72076.25,13309.0,34736.25,1063806.0,1093253.2,29447.25,728285.75,1100163.75,488633.75,0.44414638275438545,0.684603912743489,410235.5,36357.75
2021-08-23,100539.75,56053.25,36618.75,236059.25,131459.0,2926.5,188815.75,266824.0,146083.0,99845.0,20463.75,34900.25,1342039.2,1361223.0,19183.75,937902.25,1320588.25,563656.5,0.4268222892336048,0.6988635279804047,547652.25,-21450.949999999953
2021-08-24,100464.75,57384.5,9554.0,175369.5,181691.25,2934.75,188851.0,265891.75,174780.0,97635.5,24771.5,34535.75,1355428.2,1381832.0,26403.75,988813.5,1313864.25,527398.75,0.4014103816280868,0.7295211210745062,572843.0,-41563.94999999995
2021-08-25,100450.25,53144.25,94095.75,247703.0,220070.75,2915.0,185986.25,258204.75,103797.0,85484.5,18876.25,35773.75,1370096.0,1402649.8,32553.75,808226.5,1406501.5,718379.0,0.5107559430260117,0.5899050139552265,483260.0,36405.5
2021-08-26,100618.0,55256.25,102141.5,286128.5,132465.25,2920.0,188442.0,258980.75,118762.75,98472.75,25280.75,34661.75,1374393.5,1393497.5,19104.0,853658.25,1404130.25,679529.5,0.48395047396778185,0.6211163324040749,510878.0,29736.75
2021-08-27,101535.5,52738.5,130007.75,239972.0,127986.0,3017.25,188268.25,255076.5,125830.25,99845.25,22663.25,34497.0,1345068.5,1371072.8,26004.25,847102.75,1381437.5,655257.0,0.47432981948151837,0.6297840964976876,515249.0,36369.0
2021-08-28,101511.75,50979.25,126797.25,146711.5,117265.75,3210.25,190130.25,234097.25,60505.0,68849.25,14713.25,35060.25,1150050.0,1164123.0,14073.0,759275.5,1149831.0,546475.75,0.4752661478078083,0.660210860397374,398511.75,-219.0
2021-08-29,100830.0,52161.5,95806.5,168674.75,74465.25,3270.5,190360.25,250508.25,64067.0,69137.75,9825.75,34948.75,1095537.8,1119431.8,23894.0,756591.25,1114056.25,495208.5,0.44450942221274736,0.6906117251271475,418661.75,18518.449999999953
2021-08-30,100443.25,55504.0,49638.0,225520.25,106927.25,3164.5,189716.5,266969.75,169206.5,98184.25,27212.75,35830.75,1374715.5,1394445.8,19730.25,992630.0,1328317.75,541197.25,0.4074305639595646,0.7220621284913133,570191.25,-46397.75
2021-08-31,100710.25,53993.75,50875.0,191159.5,148653.5,3128.75,189844.25,256289.5,214601.25,119115.75,19525.5,36478.75,1401463.5,1429722.8,28259.25,1010775.5,1384375.75,548520.75,0.3962224489991247,0.7212285585746614,626485.25,-17087.75
2021-09-01,100775.5,52115.25,16935.5,97718.25,197419.5,3370.0,190149.5,264002.0,218010.5,141549.25,21728.0,32660.5,1380291.0,1409164.5,28873.5,1068217.8,1336433.75,468334.0,0.3504356276545695,0.773907675990063,656222.25,-43857.25
2021-09-02,100634.75,52257.0,6251.75,72101.75,223976.25,3285.0,189725.5,261267.0,222366.0,142332.25,24565.25,32564.5,1357884.8,1376865.0,18980.25,1055555.0,1331327.0,458506.5,0.3443981080530929,0.7773523939586038,658529.75,-26557.800000000047
2021-09-03,101357.0,52642.25,28065.5,101658.5,244864.0,3203.5,187422.0,256272.75,211348.5,114483.5,23707.0,30918.5,1346116.2,1367966.8,21850.5,971528.25,1355943.0,531790.75,0.3921925552917785,0.7217268836078193,613023.25,9826.800000000047
2021-09-04,100135.75,49436.75,18568.0,50386.0,208633.75,3040.75,189391.0,262085.25,169405.5,85701.25,17459.0,30421.75,1144008.5,1170344.2,26335.75,866420.75,1184664.75,430201.0,0.3631415554484929,0.7573551682526835,547613.75,40656.25
2021-09-05,100971.75,46473.0,30680.25,86753.75,224766.75,2995.25,185770.5,255651.25,102745.0,79181.75,10142.0,30651.0,1067481.2,1109532.5,42051.25,725280.5,1156782.25,492640.75,0.4258716366023078,0.6794316377656112,468229.0,89301.05000000005
2021-09-06,100422.5,48276.0,1552.0,29208.75,223718.75,2971.5,189409.5,267879.25,244339.5,143894.75,29204.25,30823.0,1322295.2,1338897.8,16602.5,1067815.8,1311699.75,406149.5,0.3096360276046405,0.8075472103354834,686936.5,-10595.449999999953
2021-09-07,100793.75,49058.25,5744.75,21299.0,195179.25,2921.0,190103.5,278799.75,252595.5,162590.0,29941.75,31197.5,1360184.5,1383176.8,22992.25,1137961.5,1320224.0,374996.0,0.28403967811522896,0.8366228993199084,725182.75,-39960.5
2021-09-08,99946.0,44233.25,15581.5,96589.25,234619.5,3016.5,189518.25,276512.75,248843.0,157640.75,21939.5,30481.0,1374800.0,1406112.0,31312.0,1028009.75,1418921.25,493986.0,0.3481419423382376,0.7477522185045098,713477.5,44121.25
2021-09-09,99127.5,44363.0,18203.75,111750.75,210390.25,2993.0,189111.5,276515.25,255796.25,172057.75,28110.5,31539.75,1385913.2,1410784.0,24870.75,1045568.5,1439959.25,486828.25,0.3380847409397176,0.7544256739888183,735909.0,54046.05000000005
2021-09-10,99825.25,44453.75,9608.75,80349.0,167419.5,2883.25,188569.75,296706.75,275707.25,174411.75,24398.75,31464.0,1365039.2,1389233.8,24194.5,1107662.0,1395797.75,404539.5,0.28982673170235446,0.8114506894747052,778289.75,30758.550000000047
2021-09-11,99959.25,40850.25,46763.75,110193.25,125107.25,2827.25,188974.75,301248.5,227165.5,103385.25,12521.5,30904.75,1154883.8,1171307.8,16424.0,872819.5,1289901.25,425701.0,0.3300260388149868,0.7557639132179358,662704.0,135017.44999999995
2021-09-12,99979.5,37578.75,67533.0,115675.5,167197.0,2794.75,189279.75,288934.0,141256.75,90764.75,10143.75,30748.25,1090092.2,1133622.8,43530.5,739686.75,1241885.75,490758.5,0.39517201964834525,0.67855430026928,551703.75,151793.55000000005
2021-09-13,100573.0,41017.25,29172.75,55060.5,174322.25,2818.25,189806.25,334810.0,242935.75,148918.25,31454.25,30905.75,1338102.0,1354669.0,16567.0,1079546.5,1381794.25,402964.0,0.29162373486501336,0.80677444619319,757569.75,43692.25
2021-09-14,100419.0,42771.25,15690.75,82029.25,196699.5,2819.25,189668.75,304228.75,252211.0,164244.0,25432.5,30896.75,1377876.2,1398551.5,20675.25,1083456.8,1407110.75,440429.0,0.31300237028250977,0.7863237640653058,751580.5,29234.550000000047
2021-09-15,100752.25,41431.25,55296.0,161362.25,71988.75,2928.5,188920.25,308290.25,242427.0,172107.5,19095.5,31135.25,1420064.5,1445521.0,25456.5,1131417.5,1395734.75,433759.0,0.31077466545846194,0.7967366975232463,753960.0,-24329.75
2021-09-16,101750.25,42651.0,107026.25,240873.75,87789.25,2962.0,189371.5,312214.75,238949.75,177764.0,20728.0,31164.0,1418990.5,1442593.5,23603.0,983301.25,1553244.5,583052.5,0.3753771540797344,0.6929583038082355,760092.5,134254.0
2021-09-17,102419.0,45097.5,21925.25,143277.5,105269.5,3000.75,190632.5,303266.75,262882.25,162025.75,20265.0,31233.75,1369068.2,1391879.0,22810.75,1098596.0,1391295.5,420989.5,0.30258812739637264,0.8024406673093423,759408.5,22227.300000000047
2021-09-18,101400.25,40488.5,28486.25,80885.0,144350.5,2926.75,190893.25,301025.5,227467.5,90240.25,13499.5,32007.0,1173739.2,1197959.8,24220.5,920017.5,1253670.25,398537.25,0.31789639261201263,0.7838346883191769,650740.25,79931.05000000005
2021-09-19,101797.5,37782.75,89196.25,124093.0,111604.75,2742.75,188324.75,314928.25,133955.5,80332.5,12854.0,31380.25,1086137.8,1128494.5,42356.75,761243.75,1228992.25,467217.0,0.3801626902041083,0.7008721637346569,560596.5,142854.44999999995
2021-09-20,102529.25,41748.75,17267.25,50568.0,94908.75,2750.5,191933.5,310596.75,250969.0,162558.5,24556.5,32662.25,1342256.5,1361713.8,19457.25,1179512.5,1283049.0,309772.5,0.24143466071833578,0.8787534275304311,756786.5,-59207.5
2021-09-21,102488.25,38600.25,57280.75,117326.0,124196.25,3504.0,191807.0,299293.25,276417.5,140978.25,20690.25,33162.25,1384880.5,1417540.0,32659.5,1086077.5,1405744.0,443395.5,0.31541696069839176,0.7842391455436046,749851.25,20863.5
2021-09-22,102450.75,37109.0,60595.75,144792.25,151687.75,3505.0,191462.5,322205.75,248162.75,131194.25,27048.75,33841.75,1393951.8,1421965.0,28013.25,1036876.0,1454056.25,500140.5,0.3439622779380096,0.7438392059180238,735404.5,60104.44999999995
2021-09-23,100416.25,35437.0,73634.25,563094.5,173566.0,3350.5,182699.75,243419.5,111207.75,84064.5,16316.5,31616.25,1445504.2,1489178.0,43673.75,635209.5,1618822.75,949498.5,0.5865364197531817,0.43943801754432815,470308.0,173318.55000000005
2021-09-24,101253.25,34693.25,106694.5,386874.75,119173.75,3394.5,177923.0,259208.0,164284.75,100014.25,29608.5,33223.5,1421032.8,1454530.5,33497.75,808289.75,1516346.0,752084.0,0.49598442571814083,0.568804428722546,556730.5,95313.19999999995
2021-09-25,101674.25,31191.5,30413.0,131189.25,155334.5,3478.5,155276.25,276621.75,208794.5,98581.5,24647.75,32861.5,1194149.0,1227216.5,33067.5,877212.25,1250064.25,453281.0,0.36260616204327095,0.7345919562801627,616859.25,55915.25
2021-09-26,100771.25,29395.25,26818.5,102289.25,138150.25,3179.5,156147.0,308383.25,171989.75,77834.75,12770.25,33205.25,1111163.0,1152175.5,41012.5,843905.0,1160934.25,400604.0,0.34507036035847855,0.7594790323291902,591413.0,49771.25
2021-09-27,100777.5,32378.0,83179.0,162949.25,112003.75,3078.25,154834.5,331705.0,237147.5,120731.5,22847.5,34545.5,1393390.2,1419906.5,26516.25,1035258.25,1396177.25,494365.75,0.3540852352378611,0.7429779899413675,724129.5,2787.0500000000466
2021-09-28,101937.0,33585.0,45092.0,90313.0,121578.5,3504.75,157269.75,331859.0,268005.75,136291.0,29456.75,34997.0,1396660.2,1422133.5,25473.25,1139676.8,1353889.5,396010.25,0.2924982060943674,0.8160014869758586,771152.75,-42770.69999999995
2021-09-29,102137.5,32970.25,113916.0,347620.0,95366.75,3734.25,155073.0,315453.5,195571.75,86094.25,20432.0,33988.75,1440163.0,1477585.8,37422.75,883260.25,1502358.0,695744.75,0.4631018372451839,0.6133057508073739,631108.25,62195.0
2021-09-30,101239.0,33275.75,129004.25,495077.25,165700.5,3854.25,147674.0,264046.5,137122.5,89583.5,23333.75,34395.25,1448041.8,1489588.5,41546.75,658259.75,1624306.5,928151.0,0.5714137079424357,0.45458615214008324,525147.75,176264.69999999995
2021-10-01,102857.0,31268.25,139517.25,429092.0,184858.5,3969.0,140900.5,253069.25,114925.5,96587.0,26126.25,34329.0,1426776.2,1464147.8,37371.5,673308.5,1557499.5,891562.0,0.5724316444403353,0.47190897913772323,498910.75,130723.30000000005
2021-10-02,103008.75,27936.75,78451.75,325515.75,142668.75,3899.0,146056.5,253105.5,73066.5,76736.75,19508.5,34414.5,1212766.0,1242783.0,30017.0,666129.75,1284369.0,681480.75,0.5305957633670697,0.5492648623064961,437323.25,71603.0
2021-10-03,101251.25,27035.5,105001.75,614041.75,88296.75,3440.0,129772.0,139349.0,32416.0,77471.75,10129.0,33667.75,1191211.8,1242355.2,51143.5,383871.5,1361872.5,939067.0,0.6895410546875717,0.3222529360437833,282904.5,170660.69999999995
2021-10-04,102762.5,28978.75,127775.25,213884.75,64425.0,4024.5,148503.0,291849.25,171531.75,125895.75,32221.25,34127.0,1395192.8,1414543.8,19351.0,989107.75,1345978.75,541850.75,0.4025700628631767,0.7089398325450074,623403.75,-49214.05000000005
2021-10-05,103167.75,32817.5,128226.75,231931.75,61624.25,4208.0,157979.5,304249.5,175216.5,103062.0,23898.75,34105.25,1445784.8,1475837.0,30052.25,1024002.0,1360487.5,561976.0,0.4130695798381095,0.7082672331317911,616633.25,-85297.30000000005
2021-10-06,102566.75,36286.5,48737.25,309617.5,95240.0,4163.75,157105.0,295414.5,172867.75,116119.0,15440.5,34718.5,1442242.2,1480785.0,38542.75,988647.5,1388277.0,596611.75,0.4297497905677325,0.6854933935506811,619119.75,-53965.19999999995
2021-10-07,104039.75,36011.0,6567.25,28682.75,118724.0,4347.0,158351.75,310659.0,273204.75,197593.5,21101.75,38355.25,1414740.0,1435022.8,20282.75,1260766.0,1297637.75,298371.75,0.22993454837453672,0.8911644542460099,819812.5,-117102.25
2021-10-08,104018.25,32645.0,8793.25,144245.5,126042.0,4392.5,158237.5,309528.5,255445.75,164318.0,21228.25,38001.0,1385602.5,1404567.2,18964.75,1106521.8,1366895.5,420136.5,0.30736548624236454,0.7985853085571079,767293.25,-18707.0
2021-10-09,103341.75,30498.25,28564.5,219344.0,186388.75,4327.25,156211.5,295168.5,128632.25,87452.75,16149.25,36028.25,1200441.5,1235761.2,35319.75,766144.25,1292107.0,572464.5,0.44304728633154994,0.6382187303587888,547281.75,91665.5
2021-10-10,102635.5,27954.25,30015.25,106299.25,179114.5,4294.0,156518.5,325504.75,119112.0,84678.25,19313.25,35742.0,1146501.2,1182192.5,35691.25,831072.25,1191181.5,450312.75,0.3780387371697764,0.7248769124707415,565037.0,44680.30000000005
2021-10-11,102420.25,29915.25,121699.25,229487.75,111344.75,4301.25,154671.5,338803.25,204577.0,122650.75,20457.75,35904.75,1446874.8,1469149.0,22274.25,984343.0,1476233.5,599168.5,0.4058765093733478,0.6803235497639464,701935.75,29358.699999999953
2021-10-12,103036.75,30572.25,117320.75,273253.5,68156.25,4217.5,157307.25,335425.25,239169.25,144941.25,16645.25,40372.25,1502203.5,1522389.8,20186.25,1043473.0,1530417.5,596557.0,0.38980016890815744,0.6946282577560231,759908.0,28214.0
2021-10-13,103485.25,32231.75,78192.5,148826.5,110941.0,4268.5,159185.0,337322.25,288914.75,171740.75,13890.0,37452.5,1484320.5,1501941.5,17621.0,1146360.5,1486450.75,477945.5,0.3215347027138302,0.7723133245144832,835430.25,2130.25
2021-10-14,105273.25,31559.25,118053.0,318367.75,59719.5,4257.75,180309.0,323878.75,244755.25,139910.0,14718.25,35909.5,1512329.8,1525010.5,12680.75,1016189.5,1576711.25,637230.5,0.40415167964330817,0.6719364387318163,744453.5,64381.44999999995
2021-10-15,104806.0,31263.0,132086.5,430379.0,105108.0,4278.0,185193.75,301287.0,141023.25,115178.0,21522.25,35583.0,1498354.8,1519480.2,21125.5,830781.25,1607707.75,807920.5,0.5025294553689873,0.5544623009183138,593071.25,109352.94999999995
2021-10-16,104903.25,32033.0,82871.75,124980.75,111108.75,4469.75,188224.5,335364.25,183956.25,105925.0,19581.75,36175.0,1272971.5,1300716.2,27744.75,954010.25,1329594.0,460367.25,0.34624648576934014,0.7494356707907444,661420.5,56622.5
2021-10-17,104207.0,27457.25,69218.5,136926.5,83216.75,3999.5,190010.25,347319.75,166891.5,89508.25,17752.25,35446.5,1186941.8,1227550.8,40609.0,897580.0,1271954.0,425025.5,0.33415162812491644,0.7562123096515768,639166.0,85012.19999999995
2021-10-18,105216.75,28325.5,72365.25,164440.0,99579.5,4150.75,190503.75,346964.25,221913.25,135732.0,27627.5,36089.25,1435175.5,1460901.5,25726.0,1098790.8,1432907.75,474077.75,0.3308501541707762,0.7656142402096469,740698.75,-2267.75
2021-10-19,104763.0,29006.0,119737.5,400187.0,46820.25,3888.0,187836.5,322383.5,182709.0,125548.25,23057.5,34679.25,1508493.2,1533801.0,25307.75,941748.5,1580615.75,704401.75,0.44565021574661645,0.6242974777745104,665320.0,72122.55000000005
2021-10-20,103247.0,27354.0,126861.5,776812.25,82415.0,3673.0,183048.5,194541.0,53170.0,90409.25,24776.5,34462.5,1538874.0,1575505.5,36631.5,552785.25,1700770.5,1120362.75,0.6587383482956696,0.35921410719786023,372582.75,161896.5
2021-10-21,102145.25,27329.75,115447.25,814292.25,78076.5,3815.5,167080.75,196675.0,49583.75,94116.75,30861.25,31805.5,1553469.2,1594679.8,41210.5,545653.25,1711229.5,1141106.5,0.6668342849395712,0.35124819339836283,372181.0,157760.30000000005
2021-10-22,102839.0,28336.25,117769.0,745389.25,97611.5,4040.5,166604.0,208750.0,68922.75,95565.25,22687.75,32068.75,1525793.5,1570469.8,44676.25,565023.75,1690584.0,1095985.5,0.6482881063585128,0.37031469199468997,405306.75,164790.5
2021-10-23,105177.25,27816.75,87492.5,288006.0,106653.5,4307.0,183015.5,285616.75,121977.25,119237.0,31287.75,33591.25,1285881.8,1314883.8,29002.0,803729.75,1394178.5,619453.0,0.44431398131587885,0.6250417028999088,560422.25,108296.69999999995
2021-10-24,104347.25,25423.75,109344.0,256270.75,158926.75,3845.75,185080.25,294851.0,64695.5,64736.0,15774.75,26198.0,1187661.5,1238916.5,51255.0,663120.0,1309493.75,658158.25,0.5026051097991113,0.5583409077418102,450480.5,121832.25
2021-10-25,105888.5,27856.5,98348.75,251331.75,105308.25,4266.5,188727.0,308772.5,190135.25,167030.25,32088.75,34208.5,1475044.0,1498304.0,23260.0,1020055.25,1513962.5,593000.25,0.3916875417984263,0.6915422522989145,700146.5,38918.5
2021-10-26,105044.25,29647.25,98688.5,312731.0,67187.5,4331.5,190191.0,311773.5,199600.25,153667.25,32481.25,34209.5,1517948.5,1548287.2,30338.75,1039341.5,1539552.75,617630.0,0.40117495162150174,0.6847014243236842,699250.5,21604.25
2021-10-27,105000.25,30903.75,124442.25,379407.25,70762.75,4308.5,184941.5,301032.0,175905.25,125852.0,34340.25,35662.25,1533686.8,1566643.0,32956.25,959074.5,1572558.0,714824.75,0.4545617713305328,0.6253392152817642,638451.5,38871.19999999995
2021-10-28,105428.0,28081.5,118909.5,256667.5,107973.25,4439.25,189461.0,323321.75,209157.0,116240.25,26529.0,36920.0,1506449.2,1548067.8,41618.5,1022899.0,1523128.0,621499.0,0.4080412151834908,0.6790132717386023,685639.0,16678.800000000047
2021-10-29,106281.75,24343.25,113899.75,383459.75,100110.75,4356.5,184984.75,290449.0,165421.0,97643.25,29202.5,33178.5,1482034.0,1521546.0,39512.0,884563.75,1533330.75,732451.75,0.47768672871133644,0.5968579330838564,586691.75,51296.75
2021-10-30,107465.75,24129.75,101619.5,402654.0,68092.5,3983.5,187932.5,264044.75,83123.75,79591.0,22354.5,31910.5,1280079.8,1313095.5,33015.75,707713.75,1376902.0,707945.0,0.5141578703495238,0.552866899391741,458670.0,96822.19999999995
2021-10-31,109597.5,22793.25,97230.5,434850.0,102664.5,3949.0,186903.5,205219.0,56391.5,62934.75,10024.0,28396.0,1222969.5,1262942.8,39973.25,588224.5,1320953.5,771084.75,0.5837334546598347,0.4809805150496394,352941.25,97984.0
2021-11-01,107043.25,23206.75,125951.25,390425.25,39236.0,4071.75,183264.75,222194.75,81477.25,93720.0,22398.25,34676.75,1300461.8,1336161.2,35699.5,744849.25,1327666.0,689934.25,0.519659500205624,0.5727575004509936,432068.75,27204.199999999953
2021-11-02,108320.75,29762.5,36306.25,119921.0,62657.25,4292.0,192235.5,277711.25,260192.5,209286.5,32713.25,35657.75,1446515.2,1474310.5,27795.25,1227630.8,1369056.5,361259.75,0.26387497521103037,0.8486815762461397,782848.0,-77458.69999999995
2021-11-03,108351.5,32759.5,8427.25,79656.75,47779.25,4668.5,192211.75,291890.75,297735.5,251846.25,34591.5,37135.25,1477589.5,1507489.2,29899.75,1341726.2,1387053.75,281642.75,0.2030510713806152,0.9080507136792728,878607.75,-90535.75
2021-11-04,107747.5,30604.5,37044.5,315812.75,21064.25,4731.25,187539.25,294856.5,265377.0,206966.75,21966.5,35813.75,1553310.8,1590023.2,36712.5,1179389.2,1529524.5,517004.75,0.3380166515802787,0.7592744478439215,803014.0,-23786.300000000047
2021-11-05,107631.5,29734.0,108524.25,311690.75,39892.5,4804.75,191256.25,308085.25,226458.5,175995.0,29688.75,36344.0,1537701.8,1564465.8,26764.0,1077594.2,1570105.5,602277.75,0.3835906249611889,0.7007822973218865,746882.75,32403.699999999953
2021-11-06,106419.5,27111.5,130478.5,483364.25,64891.5,4120.25,181520.5,243216.5,112773.25,99217.75,17757.0,33408.25,1334094.2,1360565.2,26471.0,655360.0,1504278.75,816385.5,0.5427089227977195,0.49123967407998625,488615.75,170184.55000000005
2021-11-07,104400.75,25671.75,131351.25,679557.25,46997.75,3928.5,170590.0,164025.0,87937.75,84214.0,9137.5,33497.75,1278660.0,1338607.8,59947.75,420753.75,1541309.25,991907.25,0.6435484961891976,0.329058350147811,369674.5,262649.25
2021-11-08,107620.25,27445.5,68687.75,234262.0,58567.5,4714.25,184560.25,311351.0,223141.75,217423.5,30702.0,36175.75,1498251.8,1512523.2,14271.5,1136734.5,1504651.5,501297.25,0.33316502193365044,0.7587072480073109,788092.0,6399.699999999953
2021-11-09,108415.25,28047.0,123232.75,194385.25,105148.25,4805.5,186277.25,335937.25,256485.25,225437.5,19967.0,36891.0,1548415.8,1584824.0,36408.25,1125649.5,1625029.25,564034.0,0.34709159850507304,0.7269684925715689,854751.0,76613.44999999995
2021-11-10,109085.5,31625.25,64538.0,110346.0,71971.75,5164.75,192496.0,343728.5,266068.0,246799.25,33544.5,37727.0,1563069.0,1593102.5,30033.5,1316213.2,1513094.5,392731.25,0.25955500466097786,0.8420697998616823,894322.75,-49974.5
2021-11-11,108810.0,31738.5,25595.0,54224.75,66157.75,5257.0,192992.0,339324.75,280086.25,279489.5,25943.75,39308.25,1498967.8,1521887.5,22919.75,1352990.2,1448927.5,291783.0,0.20137860589988113,0.902614585850343,938208.75,-50040.30000000005
2021-11-12,109166.0,27252.0,98544.5,153638.25,37745.75,5242.0,190739.75,330674.75,274504.25,243562.25,24330.75,39216.5,1481288.8,1506885.8,25597.0,1191360.2,1534616.75,431588.5,0.2812353638131475,0.8042727387123969,887957.75,53327.94999999995
2021-11-13,108558.0,25728.0,36502.5,143069.25,23626.0,5224.75,189510.25,327101.5,238735.75,187058.0,26421.0,38578.25,1318175.5,1344749.2,26573.75,1114977.8,1350113.25,342708.5,0.2538368540565023,0.8458492818293164,791473.5,31937.75
2021-11-14,106477.0,26440.0,48021.0,102526.5,25152.75,5288.25,191616.5,329611.25,235109.25,161641.5,12950.25,37651.5,1174131.0,1200038.2,25907.25,998430.75,1282485.75,313905.5,0.24476334337438058,0.850357200346469,764013.5,108354.75
2021-11-15,107355.25,34756.75,17570.5,134309.75,14521.0,5192.5,192016.25,330948.0,272293.0,264338.75,36388.5,39927.5,1460057.2,1496245.2,36188.0,1293656.0,1449617.75,313705.75,0.2164058421608041,0.8860310404277312,907507.25,-10439.449999999953
2021-11-16,106494.75,33857.25,10348.25,24927.0,11924.5,5121.0,192520.25,334998.0,290731.25,289426.0,35121.5,39356.0,1485362.2,1519062.2,33700.0,1438162.5,1374825.75,192672.75,0.14014339635404705,0.9682234407203846,954511.25,-110536.44999999995
2021-11-17,106902.75,30782.75,127837.75,261590.0,14772.75,5055.0,191717.75,338893.75,274575.25,205856.0,27151.5,37088.0,1519894.5,1555063.5,35169.0,1115694.0,1622223.25,546941.0,0.337155197350303,0.7340601600966383,856413.0,102328.75
2021-11-18,106868.5,28415.5,129207.75,564067.0,35083.5,4843.25,185084.25,313170.75,195147.0,127981.0,22724.75,38659.25,1544599.2,1586666.0,42066.75,816241.0,1751252.5,868485.5,0.4959224897608997,0.5284484156148728,674958.0,206653.30000000005
2021-11-19,108079.25,26876.0,129497.25,567559.5,24583.5,4804.25,177237.0,304205.75,166803.0,129369.5,32237.25,36003.0,1506138.5,1542065.2,35926.75,784498.25,1707255.25,861399.75,0.5045524094888565,0.520867270838638,636381.25,201116.75
2021-11-20,107504.25,25250.25,136760.0,377617.0,19760.5,4614.5,182789.0,327043.5,141049.5,109432.75,20977.25,36766.75,1343923.0,1388041.0,44118.0,809785.5,1489565.25,671506.5,0.450807039167972,0.6025534945082419,614292.5,145642.25
2021-11-21,108139.25,22820.0,130657.5,214901.5,27578.0,4966.5,186314.5,309218.0,198848.25,135967.5,20517.25,38093.25,1272338.0,1311470.0,39132.0,899201.0,1398021.5,509062.75,0.36413084491189873,0.7067312302234154,682127.0,125683.5
2021-11-22,108596.0,25341.75,72047.5,220939.0,42805.0,5227.75,191883.75,296367.0,258455.25,244741.5,25283.25,38884.75,1541025.0,1575737.2,34712.25,1205233.5,1530572.5,474957.0,0.31031329780196626,0.782098603202414,838448.5,-10452.5
2021-11-23,108368.0,29071.25,91233.25,212910.25,57436.5,5122.0,187794.5,293718.5,260702.25,266839.0,32472.0,41519.0,1561897.5,1596566.8,34669.25,1200317.5,1587186.5,504141.25,0.31763201740942226,0.7684995334200868,862778.75,25289.0
2021-11-24,108363.75,30737.75,87035.25,121869.25,31881.75,5134.25,190859.75,314258.0,321246.25,304446.0,34619.75,42538.25,1546374.5,1581028.2,34653.75,1305588.2,1592990.0,385022.0,0.24169768799553043,0.8442897887930769,982488.5,46615.5
2021-11-25,109266.25,28862.25,119714.25,180866.25,16478.25,5125.5,183571.25,335328.75,290347.0,281102.75,34863.5,42986.5,1600413.2,1634815.5,34402.25,1283354.5,1628512.5,460312.75,0.2826584075958889,0.8018894745431993,949765.0,28099.300000000047
2021-11-26,109394.25,24933.0,109423.0,319511.75,19472.75,4995.75,185250.5,353399.25,265807.5,216430.0,24338.5,42275.25,1576959.8,1616897.8,39938.0,1128552.2,1675231.5,587730.5,0.35083539200403047,0.7156505828493535,877912.0,98271.69999999995
2021-11-27,109319.75,22941.25,75902.75,194220.0,22421.25,4199.25,183432.5,354389.5,251928.75,213921.5,22513.0,37717.25,1372303.2,1398999.8,26696.5,1079759.2,1492906.75,429004.25,0.2873617190089066,0.786822620540417,857957.0,120603.55000000005
2021-11-28,108593.0,24063.75,84262.25,69512.5,23036.25,4211.5,182198.75,352968.75,256165.25,181567.5,21947.0,38238.0,1288240.0,1323026.5,34786.5,1111429.0,1346764.5,313679.25,0.23291321533943016,0.8627499534248276,828939.5,58524.5
2021-11-29,108926.25,28237.0,56361.5,193277.5,18980.25,4158.5,188117.0,340750.25,301876.0,248369.25,42267.25,40436.5,1582708.2,1614499.2,31791.0,1314089.0,1571757.25,409941.0,0.26081699320935214,0.8302787589019884,931432.0,-10950.949999999953
2021-11-30,107192.5,26170.0,112205.25,772323.5,7898.75,4032.0,174103.5,282139.75,160403.75,145037.75,32015.25,37964.75,1681885.5,1723689.8,41804.25,789458.0,1861486.75,1029822.0,0.5532255333001967,0.4693886712264301,625546.0,179601.25
2021-12-01,106965.0,25976.75,117480.0,861853.0,18648.25,3956.25,175366.75,233009.0,144835.75,126606.25,14652.0,35212.5,1661110.0,1704631.5,43521.5,663128.75,1864561.5,1134879.25,0.6086574510950699,0.39920821017271585,539663.5,203451.5
2021-12-02,107847.0,30563.5,87159.75,412375.25,31318.0,4332.5,181998.25,284725.75,243377.75,219268.75,40024.0,40030.0,1662743.2,1686383.2,23640.0,1131890.2,1683020.5,673596.0,0.4002304190590667,0.6807366284823778,787402.25,20277.300000000047
2021-12-03,107362.5,28810.5,132451.25,631395.5,34454.5,4303.5,183024.75,290140.25,156328.75,158501.75,21108.75,36362.5,1667032.8,1714014.8,46982.0,868731.5,1784244.5,938777.75,0.5261486023916565,0.5211244193875489,641333.25,117211.69999999995
2021-12-04,108842.25,28179.75,49903.75,242490.75,11646.5,4363.5,185460.25,295792.5,197949.0,192088.75,30395.75,36732.75,1403698.2,1428208.8,24510.5,1099657.2,1383845.5,445426.5,0.3218758886017261,0.7834000214576039,722563.0,-19852.699999999953
2021-12-05,108993.5,30656.75,132233.75,180570.5,26847.75,4750.5,184454.25,318135.75,168788.75,180109.0,19523.0,38084.25,1316978.5,1358408.2,41429.75,977326.5,1393147.75,484052.75,0.3474525584239001,0.7420975361404912,705117.75,76169.25
2021-12-06,108661.75,31246.25,130369.5,155320.5,22586.0,5147.5,184829.5,352358.5,243130.25,260595.75,31008.75,40613.5,1587352.5,1618745.2,31392.75,1279076.5,1565867.75,453331.5,0.2895081656800199,0.8057923492103991,896698.0,-21484.75
2021-12-07,108788.5,30082.25,115196.5,378381.25,26893.0,5000.5,182549.75,347818.75,243557.5,239875.75,27528.0,39443.5,1641602.5,1675863.5,34261.0,1121131.8,1745115.25,664342.0,0.3806866050823864,0.6829496178277019,870695.5,103512.75
2021-12-08,108466.0,28737.5,141833.75,428551.5,13374.75,4945.0,178916.25,335472.75,209769.75,207185.5,22462.0,38546.5,1656862.8,1689878.5,33015.75,1073102.8,1718261.25,725908.5,0.4224668978596823,0.6476714909647316,790974.5,61398.44999999995
2021-12-09,109214.0,34331.5,86956.0,139264.25,11010.0,5233.0,187475.5,375718.75,280496.5,284006.75,35527.25,41197.5,1603687.0,1633871.8,30184.75,1366456.8,1590431.0,386008.75,0.24270700835182413,0.8520720065698606,981419.5,-13256.0
2021-12-10,110320.5,31501.75,52768.5,131991.75,20048.75,5266.0,184360.0,352949.25,263877.75,269134.75,32071.5,40037.5,1572195.5,1600661.2,28465.75,1367386.5,1494328.0,351897.25,0.23548862766407375,0.8697305773995664,925999.25,-77867.5
2021-12-11,109820.0,28210.75,46770.0,135029.25,17291.5,5241.5,188452.0,313481.75,240196.25,234835.75,17402.75,37939.25,1381204.0,1405886.8,24682.75,1182113.2,1374670.75,342363.0,0.2490509090995062,0.8558570638370581,826453.0,-6533.25
2021-12-12,108611.75,26587.75,86135.25,371689.5,15655.0,4862.5,185252.75,302319.75,168254.25,135194.5,17760.75,36525.25,1320860.5,1370161.0,49300.5,847380.75,1458849.0,613541.75,0.42056563085007426,0.641536899619604,642293.75,137988.5
2021-12-13,109695.5,30276.5,106509.5,193028.25,14804.25,5071.75,184367.0,314395.75,253020.25,238399.75,35737.25,40651.25,1538602.0,1567001.0,28399.0,1224260.0,1525957.0,459385.75,0.30104763764640813,0.7956963529229781,846467.0,-12645.0
2021-12-14,108787.25,37649.0,64261.75,184728.75,13770.25,5046.25,187068.75,326302.25,264469.25,251472.5,38186.5,39087.0,1570856.2,1607902.2,37046.0,1308095.5,1520829.5,414243.25,0.27237980983404125,0.8327277188071066,881331.0,-50026.69999999995
2021-12-15,108438.75,33448.5,125419.0,276259.25,12819.5,5204.25,184934.0,304414.0,231704.5,247876.5,25500.75,35993.25,1581542.5,1618451.0,36908.5,1167044.8,1592012.25,561589.25,0.35275435223566903,0.7379155476378283,819988.25,10469.75
2021-12-16,109917.0,32153.75,34337.25,179911.5,17513.25,5119.5,187996.5,312171.5,250071.75,270343.75,27324.0,38076.0,1559576.0,1595733.8,36157.75,1327814.0,1464935.75,378952.25,0.25868182273522916,0.8513942250970776,870663.0,-94640.25
2021-12-17,110555.5,29184.5,33095.25,134094.0,22589.0,5113.0,185795.5,337148.75,228966.25,270033.5,29501.25,39273.5,1511702.5,1535317.2,23614.75,1321924.2,1425350.0,334631.25,0.23477128424597468,0.8744605502736154,875422.0,-86352.5
2021-12-18,109558.5,26293.5,87577.0,236486.75,13277.0,5057.5,180007.75,295848.5,178441.5,214238.5,17199.0,37133.5,1371053.0,1389929.2,18876.25,1033712.25,1401119.0,478250.25,0.34133449764081425,0.7539549893403099,725662.0,30066.0
2021-12-19,106546.75,25850.25,110296.5,503163.0,14239.25,4722.0,165937.5,282182.75,113831.75,135781.5,8701.0,35671.25,1308255.2,1360387.8,52132.5,680556.5,1506923.5,764817.75,0.5075358835402063,0.5202016395577866,567467.25,198668.30000000005
2021-12-20,109544.0,26597.25,15157.25,150482.75,57333.75,4913.0,179110.75,358899.25,253994.0,263064.5,32157.25,42501.0,1486787.0,1506378.2,19591.25,1263813.2,1493754.75,364028.0,0.24369997819253797,0.8500297621649906,918458.75,6967.75
2021-12-21,110091.25,33530.25,11762.5,48626.0,51172.0,5213.0,189227.0,364893.25,295808.25,305773.5,34097.25,42847.75,1487330.8,1516587.2,29256.5,1375770.2,1493042.0,260395.0,0.17440567646456026,0.924992745393291,1009322.75,5711.199999999953
2021-12-22,109176.0,29000.0,37211.75,124987.25,55101.0,5150.25,189101.75,354037.5,287545.5,282481.25,31429.0,40077.5,1500262.2,1532579.0,32316.75,1282962.2,1545298.75,360626.25,0.23336992280618876,0.8551586516010334,964141.75,45036.55000000005
2021-12-23,109896.5,25238.0,66580.0,346488.0,19130.5,5090.25,185415.0,358880.0,238714.75,168922.75,26482.5,38174.0,1452725.2,1483149.0,30423.75,1020526.75,1589012.25,572423.25,0.3602384122589363,0.7024912557447204,804691.5,136287.05000000005
2021-12-24,108389.5,24924.5,54791.75,463984.5,7992.75,4201.0,169462.25,317562.5,125424.5,109098.25,14696.25,35067.25,1252716.2,1298444.2,45728.0,725947.25,1435595.0,664284.0,0.4627238183470965,0.5794985727812892,587152.5,182878.80000000005
2021-12-25,108314.75,26035.75,31657.5,172656.5,20856.0,4203.75,180737.75,313908.0,151735.0,115293.75,27844.5,35271.25,1159432.8,1179961.2,20528.5,934262.75,1188514.5,363724.25,0.3060326567324168,0.8057929273693136,616208.0,29081.699999999953
2021-12-26,107432.5,28160.0,91945.25,250325.5,23988.75,4044.75,176975.25,333967.0,141239.25,119117.75,18252.75,35183.25,1189716.5,1224363.5,34647.0,823457.0,1330632.0,505896.75,0.3801928331800227,0.6921455657713413,629507.25,140915.5
2021-12-27,107849.0,29248.5,98697.0,319053.0,22489.5,4331.75,179071.75,340083.5,132318.75,125406.25,32563.0,36154.0,1344781.2,1381411.0,36629.75,904541.75,1427266.0,581668.75,0.4075405355413777,0.672631168549947,633962.5,82484.80000000005
2021-12-28,105974.25,29790.25,80776.0,459833.75,14681.5,4181.25,175564.0,316803.0,116136.25,103850.5,24734.25,34785.75,1344461.8,1387058.0,42596.25,789170.5,1467110.75,695237.0,0.47388174341984746,0.5869787449520693,571575.5,122648.94999999995
2021-12-29,107131.0,33203.0,43982.25,303821.25,14847.75,4547.5,181019.0,346161.25,158583.75,113613.25,34547.5,36336.5,1263554.8,1294876.0,31321.25,900903.5,1377794.0,507532.75,0.36836620713981916,0.7129912371034481,654694.75,114239.19999999995
2021-12-30,105746.75,38400.5,139835.25,668295.0,14000.5,3843.0,164627.0,136013.0,81690.0,90209.75,27985.5,34973.75,1295043.0,1335561.0,40518.0,472912.25,1505620.0,970121.0,0.6443332314926741,0.3651710792614608,342886.5,210577.0
2021-12-31,105496.75,37148.75,142688.5,668159.25,43736.0,3735.5,149248.0,90147.5,53210.0,75668.0,25120.75,34401.0,1210025.5,1257819.2,47793.75,355441.75,1428760.0,1000964.75,0.7005828480640556,0.2937473218539609,253426.5,218734.5
2022-01-01,105822.5,35082.5,132018.75,397573.5,32750.0,3712.75,80217.75,117541.5,65930.5,84464.0,29103.25,34744.5,1074012.5,1106804.8,32792.25,511670.25,1118961.5,706960.0,0.6318001110851446,0.47640995798466035,302680.5,44949.0
2022-01-02,105579.25,34439.25,148225.0,641030.25,23972.0,3686.25,79984.75,84983.0,53679.5,82776.75,16450.0,34803.25,1177688.5,1226491.0,48802.5,364461.25,1309609.25,956932.0,0.7307003978476786,0.30947168967006133,256242.5,131920.75
2022-01-03,106155.0,34357.5,137050.5,758356.0,21528.0,3755.5,88018.0,200795.0,81524.5,115794.0,25507.0,33329.75,1441202.2,1474871.8,33669.5,524267.75,1606170.75,1061202.5,0.6607034152502155,0.36377112802075934,431443.25,164968.55000000005
2022-01-04,107600.25,35319.75,115423.5,361739.25,9907.25,4837.5,97591.0,313122.25,219827.5,190738.75,36534.0,35042.25,1479554.0,1507220.5,27666.5,992484.0,1527683.25,634827.5,0.41554916570565265,0.6707994436161168,758730.75,48129.25
2022-01-05,105204.75,34741.75,137739.25,724135.25,25540.25,4366.0,98164.5,292972.75,159713.75,127209.5,15566.5,33087.75,1559725.8,1607786.0,48060.25,672311.0,1758442.0,1031727.25,0.586728052446427,0.43104435407813346,612983.75,198716.19999999995
2022-01-06,106968.5,34562.25,91901.0,292297.75,49290.75,4989.25,97224.25,292546.0,245765.0,198417.0,35758.0,35525.5,1469495.0,1498888.2,29393.25,1036005.5,1485245.25,580009.5,0.39051429385146996,0.7050078428303601,772253.5,15750.25
2022-01-07,107792.5,34191.75,138935.75,517637.0,17002.25,4998.75,98040.5,325941.75,229822.75,159324.25,29540.75,35284.0,1540514.8,1579228.5,38713.75,866939.75,1698512.0,820558.0,0.4831040345902767,0.5627597670596868,750372.75,157997.19999999995
2022-01-08,106504.25,32596.25,126319.25,460185.0,21990.75,5113.0,97908.5,298687.25,218409.5,136263.0,17745.25,34901.25,1386223.8,1414036.0,27812.25,777728.75,1556623.25,752708.5,0.48355213761582966,0.561041261879936,688261.0,170399.44999999995
2022-01-09,106055.0,34134.25,106707.0,453036.75,19460.75,4771.25,70531.75,274390.0,186144.75,140320.75,17104.5,34122.75,1312889.0,1356929.8,44040.75,733684.5,1446779.5,724165.0,0.5005358453033099,0.5588320870995187,634978.25,133890.5
2022-01-10,106950.0,36664.0,23279.75,57546.5,25749.75,4942.0,65672.75,350497.5,278851.25,305091.0,38835.0,33503.25,1537102.0,1560470.2,23368.25,1430526.0,1327582.75,255132.0,0.19217785106050828,0.9306643280667125,967943.0,-209519.25
2022-01-11,106474.25,36393.5,78363.75,97078.25,36588.5,5026.75,97103.5,359936.75,272677.75,316989.75,27823.75,26781.0,1579363.0,1617112.0,37749.0,1367332.5,1461237.5,359925.0,0.24631519516847877,0.8657493559112123,976385.25,-118125.5
2022-01-12,107633.5,35952.25,56031.0,141002.25,35994.25,5111.5,95502.75,358710.75,273212.5,320460.0,36399.0,26861.0,1590139.2,1620862.8,30723.5,1357111.8,1492870.75,381724.75,0.2556984588250523,0.8534547164172798,979244.25,-97268.44999999995
2022-01-13,107498.0,34246.0,125399.5,421372.0,36013.75,4999.25,98448.75,332230.0,249939.25,258500.25,27800.75,27248.25,1638476.2,1672976.0,34499.75,1055691.0,1723695.75,729528.5,0.42323507498350565,0.6443126851644229,867917.75,85219.55000000005
2022-01-14,108798.5,32098.25,89427.0,369749.25,45872.75,5050.5,97685.5,329175.25,263225.25,276000.0,24674.25,31968.25,1603893.5,1638045.0,34151.5,1098844.5,1673724.75,650996.25,0.38895060254082997,0.6851106385804294,900368.75,69831.25
2022-01-15,109976.0,31963.5,26105.75,69007.0,28896.25,5170.25,95819.5,319361.0,290032.0,275834.25,21271.5,36789.0,1354721.0,1368643.2,13922.25,1230712.0,1310226.0,271118.75,0.20692517932020887,0.9084615946752136,922016.25,-44495.0
2022-01-16,107635.25,32741.0,113651.25,407896.25,23157.75,5079.75,98381.75,274722.0,217043.5,153555.75,13549.5,34276.5,1343923.5,1371016.2,27092.75,799218.25,1481690.25,690161.25,0.46579320475382757,0.59469028557057,679597.75,137766.75
2022-01-17,107332.25,30855.75,112473.5,650353.25,20302.75,4829.25,96954.0,273412.5,225502.25,188863.75,22442.0,33739.25,1622114.0,1664184.2,42070.25,838984.5,1767060.5,926146.75,0.5241171708608732,0.5172167307599835,721517.75,144946.5
2022-01-18,109572.25,32929.5,66478.5,164122.5,29261.75,5098.75,94413.0,345101.5,319936.25,306490.0,36845.5,35878.5,1577778.5,1599970.2,22191.75,1317915.8,1546128.0,407463.25,0.2635378506824791,0.8352983641239883,1007406.25,-31650.5
2022-01-19,107930.0,30405.75,150661.0,492286.5,46867.5,4965.75,97979.0,313272.75,259433.75,223625.25,18281.0,33378.25,1646985.8,1683077.8,36092.0,957170.75,1779086.5,833116.5,0.468283301570778,0.581165150300628,829710.0,132100.69999999995
2022-01-20,106565.25,29734.25,140600.25,710104.75,37634.5,4805.25,98125.0,270618.5,198595.25,178905.5,27257.25,32959.75,1671383.8,1710694.2,39310.5,783044.25,1835905.5,1029444.25,0.5607283435884908,0.46850056222873526,681079.0,164521.69999999995
2022-01-21,108459.25,29140.75,147224.5,491321.75,42720.5,4856.0,98265.25,298827.0,236046.25,232544.25,30620.75,38507.75,1645225.2,1680346.2,35121.0,963958.5,1758534.0,823722.75,0.46841445772444545,0.5859127978346065,805925.25,113308.80000000005
2022-01-22,108725.0,28689.0,71286.25,303261.75,20052.75,4796.0,96708.5,312449.75,199894.75,255872.5,22839.75,35280.75,1379611.8,1414746.0,35134.25,985011.0,1459856.75,536810.75,0.3677146747446282,0.7139769317716766,803497.75,80244.94999999995
2022-01-23,107223.5,27461.0,36023.0,120195.75,23701.75,4843.25,95302.75,332321.25,261738.75,257939.25,15538.5,35498.25,1268846.8,1300254.5,31407.75,1088926.2,1317787.0,319448.25,0.24241265849488575,0.8582014786970341,887497.5,48940.19999999995
2022-01-24,109179.75,34241.5,54921.25,79794.75,35802.75,4825.5,97453.25,333000.5,293638.5,319303.25,36712.75,36627.5,1546946.2,1569727.5,22781.25,1376427.5,1435501.25,318765.5,0.22205867114361622,0.8897707625514062,982569.75,-111444.94999999995
2022-01-25,109829.0,41728.5,42455.25,95170.75,25856.5,4957.75,98622.5,332419.25,299193.5,346802.5,37581.25,37667.5,1596700.2,1626132.8,29432.5,1433217.8,1472284.25,319997.75,0.21734780495002917,0.8976123382460903,1016082.75,-124415.94999999995
2022-01-26,109004.75,37743.5,125569.25,347010.75,20077.0,4977.75,98524.25,307533.0,286224.75,300869.75,29011.75,33818.25,1641429.5,1668058.0,26628.5,1148772.5,1700364.75,644383.0,0.37896751270572976,0.6998610053005627,928445.75,58935.25
2022-01-27,105319.5,31893.25,119476.25,748249.5,32113.25,4708.0,98168.5,244574.75,219712.75,175230.25,22072.75,30022.75,1659757.0,1695862.0,36105.0,759918.0,1831541.5,1041759.75,0.5687885041097895,0.4578489501776465,669540.5,171784.5
2022-01-28,109253.25,24572.5,110074.75,573439.75,51352.5,4565.0,97881.75,264152.25,196127.75,208920.25,32426.75,35149.25,1614712.0,1651134.0,36422.0,879845.0,1707915.75,873257.75,0.51130025002697,0.5448928353786929,704349.5,93203.75
2022-01-29,106475.25,22724.75,109774.25,869508.5,18500.25,3876.0,95745.0,150830.5,104710.5,150977.25,16323.25,30914.25,1416971.5,1454556.0,37584.5,419188.5,1680359.75,1130859.0,0.6729862459512018,0.29583410816660743,437432.5,263388.25
2022-01-30,106462.5,22366.5,111033.5,717692.25,53505.5,3956.75,88167.0,166967.0,106920.75,138449.0,19338.5,31412.0,1289423.2,1339110.0,49686.75,407192.0,1566271.25,1015017.0,0.648046754353692,0.3157939146744064,443748.75,276848.05000000005
2022-01-31,109191.75,25392.0,89599.5,425873.0,21403.0,4679.25,98084.75,296893.0,192127.75,225890.75,38133.0,34057.75,1620269.5,1643543.5,23274.0,1083394.0,1561325.5,676138.5,0.4330541581495979,0.668650493019834,748969.25,-58944.0
2022-02-01,106885.5,25056.0,111276.75,763781.75,17691.5,4398.25,97340.25,253353.0,163628.75,186235.25,19032.5,33365.0,1665434.5,1702429.8,36995.25,772684.5,1782044.5,1029089.75,0.5774770214772975,0.463953700971128,636582.0,116610.0
2022-02-02,107803.75,25970.75,92009.25,706462.5,49030.5,4164.25,96931.5,248274.5,171465.75,196554.5,22381.25,35497.5,1611490.8,1658948.5,47457.75,763988.5,1756546.0,985441.0,0.5610106424767698,0.47408803078491046,651792.25,145055.19999999995
2022-02-03,109207.5,26513.25,108660.0,356310.25,28134.5,4864.5,96500.75,302781.0,238629.75,264535.0,26746.5,39204.5,1592823.2,1610798.5,17975.25,1099718.5,1602087.5,633690.0,0.39554019365359255,0.6904209456517209,845150.25,9264.300000000047
2022-02-04,108400.0,24535.5,120205.0,665470.25,33030.25,4632.75,97774.25,257526.25,145399.25,180041.5,18180.0,37413.5,1577870.5,1603538.2,25667.75,759165.0,1692608.5,956273.75,0.5649704287790118,0.48113264047968446,620380.5,114738.0
2022-02-05,108217.25,23987.75,121935.5,821077.75,79135.75,3891.25,96356.25,125422.75,93594.0,122530.25,20202.25,30800.5,1397807.2,1432594.0,34786.75,375658.25,1647151.25,1158245.25,0.7031808706091806,0.26874825798579377,372347.5,249344.05000000005
2022-02-06,107559.25,23730.75,100601.0,899909.0,24813.25,3623.0,87914.0,106929.75,76894.5,102312.25,26602.25,29940.25,1347530.5,1393221.2,45690.75,322207.25,1590829.25,1160236.25,0.7293279589874274,0.23910943017616298,316076.75,243298.75
2022-02-07,107789.5,26931.75,108264.75,783534.0,58916.0,4342.25,96857.0,189785.5,142553.0,156649.75,28025.75,36214.25,1589655.2,1628658.8,39003.5,638940.5,1739863.5,1089778.25,0.6263584758229597,0.4019365331551144,525202.5,150208.30000000005
2022-02-08,108252.75,25297.75,122258.75,725474.5,35078.0,4501.5,97716.5,253595.25,191060.75,164524.25,17688.0,33522.25,1624507.5,1661322.0,36814.5,741696.25,1778970.25,1020863.25,0.5738506588291737,0.4565668364104198,642702.5,154462.75
2022-02-09,109345.0,26855.75,110342.5,518290.5,66825.25,4688.75,97578.25,279575.5,221477.75,190997.25,24456.5,37576.0,1587766.2,1621969.8,34203.5,892308.0,1688009.0,836347.75,0.49546403484815543,0.5619895422890347,729626.5,100242.80000000005
2022-02-10,110954.5,27847.0,101254.75,311575.0,66181.0,4931.25,97687.75,280293.75,273858.0,252151.25,21423.0,36003.5,1568335.8,1585127.8,16792.0,1089325.0,1584160.75,622743.5,0.3931062551575022,0.6945738278753822,842306.5,15824.949999999953
2022-02-11,110709.0,27459.75,86995.0,405293.25,61470.25,5085.0,97506.75,315869.0,232411.5,209975.75,25357.75,36022.5,1582739.5,1615354.0,32614.5,1028981.0,1614155.5,697012.25,0.43181233158763205,0.6501265685224891,794278.75,31416.0
2022-02-12,110135.5,25900.5,123683.0,322163.75,144515.75,4846.25,97621.75,285579.5,194979.5,164045.5,18079.75,34623.5,1376161.2,1403554.8,27393.5,785798.75,1526174.25,731244.75,0.4791358195173323,0.5710077787398744,679228.0,150013.05000000005
2022-02-13,107412.25,24487.25,123906.0,607467.5,146480.25,4109.25,96684.25,166112.5,112273.0,126722.75,16563.25,32794.75,1298462.5,1344379.5,45917.0,420608.75,1565013.0,1013862.5,0.6478300819226421,0.3239282998161287,437903.0,266550.5
2022-02-14,108972.75,24319.5,130354.25,680909.75,91692.5,4466.5,96992.5,212481.25,183078.25,166301.5,26926.75,37701.25,1569445.2,1607767.5,38322.25,666488.75,1764196.75,1040715.25,0.5899088352815524,0.42466519378949963,599562.25,194751.55000000005
2022-02-15,110283.0,28144.75,114705.75,549576.0,58402.25,4931.75,97765.5,266399.75,238381.0,186391.25,29720.25,37446.5,1599276.0,1630063.2,30787.25,876592.0,1722147.75,866043.5,0.5028857134935142,0.548118023405591,728618.5,122871.75
2022-02-16,107520.75,25296.5,110187.25,905564.5,31092.0,4208.75,97349.5,187258.5,161967.25,151424.0,24802.25,34231.75,1608406.0,1640709.2,32303.25,561562.25,1840903.0,1183869.75,0.6430918685014908,0.34914210093720116,534881.5,232497.0
2022-02-17,105036.75,26906.25,94849.0,947388.75,77996.5,4077.25,95736.0,116073.5,132983.75,131497.0,23880.75,32842.25,1590315.8,1629801.0,39485.25,470081.5,1789267.75,1256254.5,0.7021053724351763,0.2955900331242386,413396.5,198951.94999999995
2022-02-18,107232.25,31368.5,99333.75,755067.0,34723.25,4634.75,97063.5,173332.25,140497.25,152505.0,34535.75,30761.25,1538527.0,1562177.0,23650.0,649403.0,1661054.5,1032359.5,0.6215085055908761,0.4220939899007297,497095.75,122527.5
2022-02-19,105223.0,30046.0,107299.75,797056.5,112111.25,4070.75,91545.75,108643.5,93315.75,121814.75,28052.5,31989.5,1362436.0,1419907.5,57471.5,345968.5,1631169.0,1155807.25,0.708576027376685,0.2539337627602324,355763.5,268733.0
2022-02-20,106595.5,27806.75,102351.5,829934.75,43274.75,3980.5,96258.25,118269.75,79036.5,99842.0,13710.75,32297.75,1287545.5,1324620.8,37075.25,311984.5,1553358.75,1113943.75,0.7171194355457167,0.24230949508192137,329446.0,265813.25
2022-02-21,106363.25,29051.5,117293.0,914215.25,68587.0,4391.25,94661.75,150446.25,122848.0,124379.0,33478.0,37314.0,1576538.2,1611621.2,35083.0,476443.0,1803028.25,1239901.25,0.6876771065567053,0.30220834484061343,434987.25,226490.05000000005
2022-02-22,107901.0,27943.5,114024.0,750538.0,72275.75,4562.25,97862.0,244963.5,166566.75,152517.25,28107.75,37239.0,1593619.0,1631943.2,38324.25,656781.25,1804500.75,1077244.5,0.5969764767346315,0.41213191484288275,601286.5,210881.75
2022-02-23,108559.0,29597.0,121502.25,550932.5,155955.75,4675.25,95634.75,258826.5,198045.75,176082.75,38114.5,33633.25,1555581.5,1598014.5,42433.0,727191.0,1771559.25,971221.75,0.548229899733808,0.4674721318040874,666588.25,215977.75
2022-02-24,108740.25,27372.75,107633.0,693461.5,90596.75,4610.75,97789.25,281747.5,182472.75,153710.75,20601.0,35055.25,1597385.2,1632051.2,34666.0,705694.0,1803791.5,1032415.0,0.5723582797679222,0.44178073015826114,652986.25,206406.30000000005
2022-02-25,108578.0,26078.5,125079.0,717801.0,95025.75,4476.0,96460.75,276444.0,173566.5,136717.25,21984.25,37035.75,1581934.0,1629286.8,47352.75,644028.25,1819246.75,1077038.25,0.5920242814780348,0.40711448770934816,623763.5,237312.75
2022-02-26,111066.25,25060.75,24255.5,171626.75,114463.0,4869.0,96309.75,333073.5,254170.75,160496.75,30911.75,35917.5,1303739.5,1326156.2,22416.75,993394.25,1362221.25,451341.25,0.33132741836173824,0.7619576226692526,783658.5,58481.75
2022-02-27,108536.25,23873.0,83976.5,274295.25,177238.25,4182.75,93604.25,319804.75,186256.75,107192.0,15448.25,34233.25,1242169.2,1295499.2,53330.0,706659.25,1428641.25,672102.0,0.470448406834116,0.5688912991885485,647486.75,186472.05000000005
2022-02-28,109166.25,24816.25,100741.0,253448.25,183921.5,4496.25,95963.25,333021.0,244413.0,171872.25,32013.5,38454.0,1490396.0,1526431.8,36035.75,952285.25,1592326.5,676589.5,0.4249062613729031,0.6389478031342005,787760.25,101930.5
2022-03-01,109883.25,28418.5,29261.5,184322.5,179032.5,4792.0,96693.75,333438.75,257956.75,242433.5,28607.5,37979.5,1541387.0,1571208.2,29821.25,1148770.5,1532820.0,535710.25,0.34949325426338385,0.74528363091164,871808.5,-8567.0
2022-03-02,110460.5,30636.0,21613.0,48408.25,139775.0,4971.75,97028.5,344714.25,271997.25,271935.0,27448.5,39019.5,1522604.0,1548421.5,25817.5,1312807.8,1408007.5,355864.5,0.25274332700642577,0.8622122364055264,927666.0,-114596.5
2022-03-03,110225.25,33789.5,42055.0,103227.25,184158.75,4977.5,97283.75,314963.75,284242.75,239651.5,28101.75,39514.25,1519517.2,1541131.5,21614.25,1190076.2,1482191.0,478433.25,0.3227878525777042,0.7831936354521029,878372.25,-37326.19999999995
2022-03-04,111057.25,29612.0,57104.5,131795.5,156708.5,4978.5,98484.5,316804.0,279054.0,230660.75,21790.75,38478.25,1512865.5,1538965.8,26100.25,1167257.0,1476528.5,491256.25,0.3327103066415582,0.7715537171017516,864997.0,-36337.0
2022-03-05,110985.0,23999.75,41361.25,133144.5,163966.5,5018.0,98554.5,310003.0,272253.25,171253.5,20808.25,38870.75,1321141.8,1350086.8,28945.0,982669.5,1390218.25,478475.0,0.3441725786580632,0.7438032011401047,792380.5,69076.44999999995
2022-03-06,110056.25,25377.0,22491.5,103983.5,117568.5,5069.75,97914.75,322110.0,268156.75,153849.75,13521.5,39051.0,1239509.5,1278958.5,39449.0,995466.0,1279150.25,384546.5,0.3006265292134368,0.803112844233949,783167.5,39640.75
2022-03-07,111833.5,26430.75,5381.75,139467.5,188089.5,5017.0,97654.75,314297.25,272252.75,240846.5,34511.5,38092.25,1495492.5,1520859.5,25367.0,1162553.8,1473875.0,476220.0,0.3231074548384361,0.7773718691334126,865488.75,-21617.5
2022-03-08,110749.75,25590.25,48238.75,197060.75,220552.5,4889.5,98353.25,294790.75,270153.75,204051.75,26560.5,38963.0,1513157.2,1550043.2,36886.0,1047305.25,1539954.5,607081.5,0.39422041365507876,0.6921324829964792,807959.25,26797.300000000047
2022-03-09,110901.25,24813.25,52719.0,137701.25,219368.0,4801.25,97542.5,305973.75,281763.25,187301.25,33542.0,39021.75,1495359.5,1528785.8,33426.25,1085571.2,1495448.5,550304.0,0.36798592529264634,0.7259600116226231,814060.0,89.0
2022-03-10,109415.5,22841.75,70240.0,370976.0,219187.75,4445.75,94998.5,291977.25,252188.5,152595.75,28090.5,36510.75,1503501.0,1533340.0,29839.0,843097.25,1653468.0,797106.75,0.48208175180892526,0.5607560287622023,733272.25,149967.0
2022-03-11,106229.75,22861.25,97752.5,657442.25,221421.25,3908.5,93126.5,244375.75,157843.5,109979.25,26270.0,36665.0,1517967.5,1576693.8,58726.25,541351.5,1777875.5,1109615.5,0.6241244114112602,0.35662917684337775,548863.5,259908.0
2022-03-12,108858.75,22434.5,100834.75,419035.0,205267.5,4211.0,96035.25,244672.0,142027.25,103886.0,31908.75,35859.5,1299691.5,1337916.8,38225.25,574554.25,1515030.25,860641.5,0.5680688553908412,0.44206971423603214,526444.75,215338.75
2022-03-13,107803.5,22086.25,92726.75,361260.25,217124.0,4014.0,95665.75,258722.25,118134.75,97631.5,11898.5,35501.75,1206995.5,1257687.5,50692.0,535884.5,1422569.25,805014.75,0.5658879172314458,0.44398218551767593,509990.25,215573.75
2022-03-14,110229.25,22530.25,43282.75,237525.5,131233.0,4671.5,95772.5,323363.5,244299.5,229454.0,25025.75,39129.25,1470851.5,1490113.0,19261.5,1058810.2,1506516.75,549472.25,0.36473026270700276,0.7198620662928922,836246.25,35665.25
2022-03-15,111205.5,27179.75,11561.0,76811.75,67920.0,4596.5,97567.0,327669.0,270847.0,284582.0,37281.25,37244.0,1488482.5,1504001.8,15519.25,1332189.8,1354464.75,299274.5,0.220954070602428,0.8949986311562279,920342.0,-134017.75
2022-03-16,110142.75,28939.75,59371.0,242581.75,146263.5,4788.75,97607.5,324050.75,255029.75,210671.75,17592.5,36601.5,1489536.5,1516145.2,26608.75,1041320.25,1533641.25,592087.5,0.3860664937122681,0.6990901196446009,826353.75,44104.75
2022-03-17,110451.0,29585.5,95923.25,349010.25,59259.25,4634.5,96274.5,306338.0,222358.5,215106.0,28465.5,36606.75,1518071.2,1553758.5,35687.25,1013878.5,1554013.0,648863.75,0.4175407477286226,0.6678728244103439,780409.25,35941.80000000005
2022-03-18,111047.5,25779.0,28386.5,238809.25,183432.5,4545.5,96297.25,286506.25,234555.5,197619.5,22358.75,39454.75,1459353.5,1482963.2,23609.75,1008725.25,1468792.25,592000.25,0.4030524058116456,0.691213780622721,758136.0,9438.75
2022-03-19,108922.5,25506.0,62374.5,495330.75,209242.75,4043.5,94039.75,234868.75,118271.25,107286.5,27293.25,32514.25,1295537.2,1340028.5,44491.25,528589.25,1519693.75,905420.0,0.5957910927777389,0.40800777468991245,492940.75,224156.55000000005
2022-03-20,107769.0,23305.75,94031.75,564500.0,206249.5,3932.25,92420.5,174420.5,96506.75,106500.25,13046.25,32898.5,1223565.5,1279461.8,55896.25,358784.25,1515581.0,999788.25,0.6596732540194157,0.29322847857348056,410326.0,292015.5
2022-03-21,110207.75,27302.5,40748.75,235370.0,221859.0,4563.75,95277.75,295978.0,231653.25,188872.0,34219.0,35679.25,1442809.2,1474301.8,31492.5,944831.5,1521731.0,640051.75,0.42060768296104895,0.6548554722273743,752182.5,78921.80000000005
2022-03-22,110312.0,28032.75,7200.75,88967.25,238104.0,4386.75,96601.75,309719.75,262427.5,230624.25,25103.5,35991.5,1442532.2,1475407.8,32875.5,1108260.2,1437471.75,477003.5,0.33183504301910627,0.7682741501368219,838763.0,-5060.449999999953
2022-03-23,110656.75,28993.75,2748.75,53365.5,238495.25,4170.5,96233.75,314016.25,286201.5,237297.5,21844.75,36303.5,1432650.0,1461076.0,28426.0,1138040.5,1430327.75,438430.5,0.30652450111521645,0.7943604509126444,873818.75,-2322.25
2022-03-24,109071.0,28814.0,3409.0,41562.75,236077.0,4391.75,96343.0,302320.25,289603.75,243068.0,26985.0,36232.75,1425095.2,1447496.5,22401.25,1144046.5,1417878.25,423325.5,0.298562658676794,0.8027860173832597,871224.75,-7216.949999999953
2022-03-25,109403.5,29760.75,17882.0,97225.0,234549.0,4303.75,95899.5,291342.5,276162.5,190116.5,21775.5,37134.0,1407213.8,1436553.0,29339.25,1057557.8,1405554.5,493124.0,0.35083947296245005,0.7515260296623015,794755.5,-1659.3000000000466
2022-03-26,108573.75,27620.5,46697.0,222634.5,219075.25,4069.5,95121.75,305490.25,171738.5,131101.75,20632.5,33232.25,1231079.2,1272933.0,41853.75,742672.5,1385987.5,628670.5,0.4535903101579199,0.6032694728332669,641562.75,154908.30000000005
2022-03-27,103446.75,25475.25,22564.25,67699.0,227885.5,4018.0,89518.25,311959.25,154567.25,132788.0,15356.25,31403.5,1086136.2,1125312.8,39176.5,767987.5,1186681.25,451088.75,0.38012629760519095,0.7070821320567348,630718.0,100545.05000000005
2022-03-28,108559.0,26990.0,40912.75,135736.75,217274.25,4166.0,95746.0,323379.0,240749.5,198319.75,21010.5,34632.0,1413778.0,1452359.8,38581.75,1019854.25,1447475.5,533638.75,0.36866858886385295,0.7213680294926077,797080.25,33697.5
2022-03-29,107893.0,28331.5,25290.0,142592.5,155895.0,4185.75,93989.25,327790.75,249917.0,239437.25,28849.25,39859.25,1444435.8,1467934.2,23498.5,1120658.2,1444030.5,464187.75,0.3214528709746782,0.775844935441229,857004.25,-405.30000000004657
2022-03-30,108483.5,32080.25,25971.75,79091.5,95392.0,4481.25,94226.5,351428.5,259560.25,272782.75,28257.0,35518.0,1451914.8,1464174.5,12259.75,1251459.5,1387273.25,345500.25,0.2490498897747794,0.861937284474268,919289.5,-64641.55000000005
2022-03-31,107958.0,31473.25,93174.0,411168.0,68587.0,4740.25,95640.25,314650.75,231266.75,192983.25,22345.0,38542.25,1511027.2,1543322.8,32295.5,938098.25,1612528.75,717100.5,0.44470555951328,0.6208347870905302,777443.0,101501.55000000005
2022-04-01,108052.0,28395.25,101980.0,584919.0,58932.75,4430.5,96350.0,306704.0,159070.0,154430.0,24025.25,39574.0,1571914.0,1611982.2,40068.25,826082.25,1666862.75,886709.5,0.5319631145395745,0.5255263646738944,659778.0,94948.75
2022-04-02,108018.5,28280.75,58216.0,397323.25,85235.25,4216.25,94909.5,290108.5,174754.25,145594.75,27914.0,34437.5,1341881.2,1379463.0,37581.75,801106.75,1449008.5,681290.0,0.470176675982232,0.5970027376492048,644895.0,107127.30000000005
2022-04-03,107602.0,27847.75,70294.0,219902.75,141010.0,3925.25,94640.25,259073.25,201688.75,125397.25,33248.25,36277.5,1216365.2,1248449.5,32084.25,785158.5,1320907.0,570581.75,0.4319620911994561,0.6454956948784789,622436.75,104541.80000000005
2022-04-04,106446.0,24908.5,101503.25,806665.25,140571.0,3585.0,94916.5,213705.75,119388.0,121298.75,13094.75,33288.5,1531331.0,1588552.0,57221.0,482591.5,1779371.25,1183679.0,0.6652231792550318,0.3151451253843878,487681.0,248040.25
2022-04-05,108906.5,28049.5,59409.75,547461.5,76527.75,3918.0,97746.25,295916.5,185875.5,136513.25,44498.5,38301.25,1537118.2,1554949.8,17831.5,853719.25,1623124.25,824273.0,0.5078311164410242,0.5554024732775918,656606.5,86006.05000000005
2022-04-06,107700.75,29505.0,110963.75,733930.75,117979.5,3742.0,96593.5,272790.75,125760.75,103512.5,23981.5,27304.25,1519852.8,1560509.5,40656.75,556978.75,1753765.0,1103821.75,0.6294011740455534,0.36646887777553194,529368.25,233912.19999999995
2022-04-07,106039.75,29497.0,104349.75,922245.5,112061.5,3492.25,95943.25,182476.75,95426.5,123354.5,17145.75,28680.0,1542987.2,1584466.0,41478.75,404330.5,1820712.5,1277685.75,0.7017504136430106,0.26204397547821523,429937.75,277725.30000000005
2022-04-08,107730.5,37536.0,96270.25,564517.75,108215.5,3881.0,95554.75,254976.75,134507.5,147660.0,40666.25,29410.0,1493749.0,1522915.2,29166.25,724745.5,1620926.25,918151.0,0.5664360115088518,0.48518559677696854,566554.25,127177.25
2022-04-09,104495.25,36021.25,116728.0,558433.5,173348.5,3472.25,97003.75,200643.5,92466.5,110947.0,23666.5,27068.5,1309263.8,1356816.2,47552.5,460753.75,1544294.5,992498.75,0.6426874860980208,0.3519181924987157,431125.5,235030.69999999995
2022-04-10,104645.75,33342.75,103904.25,409608.25,188306.75,3631.5,95912.5,184349.5,99851.5,108188.0,13910.25,32707.0,1211678.2,1265147.2,53469.0,509859.0,1378358.0,843439.25,0.611915953620177,0.4207874665071964,425096.0,166679.80000000005
2022-04-11,106838.75,32406.75,28398.0,134524.0,274497.0,4059.75,96349.0,330792.75,185135.0,160934.5,37577.0,35344.0,1406944.2,1434903.8,27959.5,969525.25,1426856.5,580724.25,0.4069955528113724,0.6891000012651533,712206.25,19912.300000000047
2022-04-12,105483.25,32341.0,104977.0,334504.0,257352.0,3832.75,96345.5,304773.5,152593.75,134231.5,30974.25,34451.0,1419593.8,1465321.5,45727.75,722760.75,1591859.5,838490.0,0.5267361849459704,0.5091320841215282,626049.75,172265.69999999995
2022-04-13,105752.0,34775.25,56230.75,160478.25,229837.25,3921.25,94299.0,286112.75,181889.75,177571.25,35686.5,38055.5,1390728.2,1421187.2,30459.0,944182.0,1404609.5,590994.75,0.42075377533755826,0.6789119541834271,683629.25,13881.300000000047
2022-04-14,106120.75,32291.0,52743.0,130948.5,190255.75,3942.25,95511.75,300598.0,174876.5,168299.75,23385.5,35662.25,1356562.0,1388791.5,32229.5,982614.75,1314635.0,516301.25,0.3927335344030853,0.724341939402696,679436.5,-41927.0
2022-04-15,106359.75,35168.5,31605.25,173454.25,156550.25,4197.25,95405.75,284628.5,123304.75,113221.75,15880.0,35505.0,1124862.5,1141416.2,16553.75,763252.75,1175281.0,507335.25,0.4316714470837187,0.6785298203113714,556660.0,50418.5
2022-04-16,106406.5,32295.75,44273.75,214342.75,259277.25,4022.5,94984.0,265658.75,87484.75,93005.75,24884.25,34271.25,1126544.2,1174152.2,47608.0,608650.5,1260907.25,660618.5,0.5239231513658122,0.5402810648707792,480420.5,134363.05000000005
2022-04-17,105620.25,29305.75,41348.0,153273.0,295409.5,3595.75,94853.5,246402.0,62839.75,84158.75,23523.75,33314.25,1035637.75,1084201.0,48563.25,545607.25,1173644.25,628552.25,0.5355560256014547,0.5268321379748855,426714.75,138006.5
2022-04-18,105746.75,27806.25,54644.0,105751.75,298516.75,3799.0,94908.25,259764.0,73738.75,90193.0,19591.75,33658.5,1042537.75,1088605.5,46067.75,583625.25,1168118.75,596264.5,0.510448531024778,0.5598121027272154,457354.25,125581.0
2022-04-19,106038.25,29132.5,39959.0,192117.75,267139.25,4100.25,95163.5,298857.0,121901.25,146564.75,26333.0,35809.25,1327103.8,1352319.8,25216.0,827887.75,1363115.75,638487.0,0.46840262831678087,0.623830441899119,603132.25,36011.94999999995
2022-04-20,107200.5,32594.75,32487.75,191883.75,261504.5,4201.0,95724.25,296159.0,130284.75,129233.5,31565.25,34258.0,1384774.0,1406205.8,21431.75,898898.0,1347097.0,629872.25,0.4675775018428517,0.6491297496920075,589935.25,-37677.0
2022-04-21,105929.25,35218.75,47452.75,210958.75,195402.5,4256.5,95136.75,308779.5,139695.5,124334.0,22509.5,34466.5,1405646.0,1426911.5,21265.5,951832.0,1324140.25,599218.5,0.45253401216374173,0.6771491541967181,607275.5,-81505.75
2022-04-22,106175.5,32003.0,116195.0,390604.0,216518.0,4214.5,95370.5,296811.5,92416.75,105629.5,30219.25,34276.25,1396796.2,1435072.5,38276.25,673479.25,1520433.75,865710.0,0.5693835722865268,0.4821599958533679,529134.0,123637.55000000005
2022-04-23,104757.5,29237.75,111644.75,436862.0,221335.5,3758.25,94028.0,259584.5,46583.75,76885.5,23995.75,33082.75,1209591.8,1255531.5,45939.75,439749.5,1441756.0,907595.75,0.6295071773587209,0.36355198505809977,416136.5,232164.19999999995
2022-04-24,104377.25,27333.75,104091.75,408842.25,155138.5,3673.25,95621.75,244404.75,67449.5,73860.75,12071.0,32383.25,1156003.0,1204287.8,48284.75,487930.5,1329247.75,803456.75,0.6044446943769511,0.42208411223846304,418098.25,173244.75
2022-04-25,105721.75,33138.75,53295.5,113027.75,165119.0,3910.5,95780.5,323889.25,174275.0,180826.25,20035.25,32928.75,1378295.8,1394156.2,15860.5,1046853.5,1301948.25,474213.25,0.36423356304676474,0.7595274541212416,711919.25,-76347.55000000005
2022-04-26,105701.5,35452.25,15025.25,83166.0,166949.0,3715.0,95673.5,318923.5,195234.5,225039.5,17292.0,31073.0,1409882.0,1426857.5,16975.5,1144741.8,1293245.0,410009.0,0.31703892147272944,0.8119415667410464,770270.5,-116637.0
2022-04-27,105014.0,34211.75,3759.25,68622.75,231559.25,3663.5,95688.5,319195.25,200537.25,209289.75,14881.0,31123.0,1386376.2,1401932.2,15556.0,1082435.0,1317545.25,446830.5,0.33913863679444783,0.7807657113559797,760145.25,-68830.94999999995
2022-04-28,104694.0,34883.75,24647.75,83446.5,291042.25,3578.25,95424.0,321170.0,193323.75,154468.25,22258.0,30744.5,1378339.8,1397229.2,18889.5,979203.25,1359681.0,542292.5,0.398838036274685,0.7104222413079851,699706.5,-18658.800000000047
2022-04-29,104934.75,33598.5,22962.0,81346.25,248087.25,3559.0,95027.25,320104.25,196259.5,162798.5,18978.75,30534.75,1352432.8,1364291.8,11859.0,1000037.25,1318190.75,494487.75,0.37512609612834863,0.7394358152212812,709697.0,-34242.05000000005
2022-04-30,104627.0,29994.5,8148.0,106539.0,185201.0,3500.5,94779.0,312780.0,138521.75,104116.0,11884.0,30023.25,1167084.8,1188072.2,20987.5,867196.75,1130114.0,438010.0,0.3875803679982727,0.7430451926029711,585441.0,-36970.80000000005
2022-05-01,103806.25,29847.0,566.75,51507.0,189436.75,3428.75,94878.5,310929.0,122730.5,64980.75,10914.25,29602.0,1051148.5,1085655.8,34507.25,809638.0,1012627.5,378592.5,0.3738714384114593,0.7702413122408489,528242.25,-38521.0
2022-05-02,104834.25,30268.0,8276.75,64203.5,261985.25,3385.75,94234.0,305053.25,180982.25,96675.0,14686.5,24234.75,1330493.2,1348310.5,17817.25,996027.75,1188819.25,472953.5,0.39783465821233965,0.7486154382450058,606945.25,-141673.94999999995
2022-05-03,103765.75,32510.0,31527.25,88908.75,256260.0,3344.5,93466.75,320446.75,198783.5,116495.75,14758.0,24475.5,1380141.2,1391567.8,11426.5,1003445.25,1284742.5,516316.25,0.40188306217004577,0.7270598472098362,660201.5,-95398.69999999995
2022-05-04,104049.0,36897.5,2207.0,42082.75,228392.75,2901.25,93204.5,320389.75,200942.5,127723.5,22660.25,29224.75,1372443.8,1380967.0,8523.25,1099761.2,1210675.5,416530.25,0.3440478063692542,0.8013160174573268,678280.5,-161768.30000000005
2022-05-05,104611.5,36572.25,6308.75,45421.25,219097.75,2998.5,93280.25,320891.0,194773.0,121329.0,17999.25,30038.25,1383523.2,1400077.5,16554.25,1112695.5,1193320.75,415010.0,0.3477774102226916,0.8042478073370942,667031.25,-190202.44999999995
2022-05-06,104035.75,41214.25,16183.75,42856.75,219307.5,3034.75,85693.25,318561.25,172174.25,114410.25,16664.5,30347.75,1357491.5,1367241.5,9750.0,1079143.5,1164484.0,426632.75,0.3663706414171427,0.7949541488841735,635493.5,-193007.5
2022-05-07,102019.75,39970.75,30660.25,79713.75,223105.5,3090.5,63044.0,284666.75,113818.0,63023.75,16336.25,29759.5,1172521.8,1189764.8,17243.0,839042.25,1049208.75,478560.5,0.45611562046160975,0.7155877613533497,491268.0,-123313.05000000005
2022-05-08,101082.0,37182.75,26216.25,121213.25,252163.25,2863.0,62591.5,273598.0,74686.5,57464.0,11907.25,29618.5,1070459.0,1104887.5,34428.5,670866.25,1050586.25,540720.5,0.5146845392275028,0.6267089631643996,435367.0,-19872.75
2022-05-09,101931.5,38892.25,11922.25,93337.0,302654.25,2768.5,61869.75,293851.25,150083.75,106281.5,26238.5,33075.0,1350181.2,1362746.2,12565.0,942267.75,1222905.5,551505.75,0.45097985903244364,0.6978824397791941,583291.5,-127275.69999999995
2022-05-10,100832.75,41816.25,88410.25,246199.5,252354.0,2586.25,62995.25,303764.0,120622.5,88253.25,24368.5,29982.25,1425098.2,1452698.8,27600.5,838134.5,1362184.75,732199.0,0.5375181303417176,0.5881240324350981,542622.0,-62913.44999999995
2022-05-11,100608.25,39647.25,80718.5,349985.0,275629.0,2551.75,62427.0,273624.0,70420.25,86393.5,23488.75,24141.5,1410687.2,1452993.0,42305.75,704354.75,1389634.75,849139.75,0.6110524726011637,0.49929902957934263,454579.25,-21052.449999999953
2022-05-12,100593.75,38263.75,66611.0,368766.25,265143.25,2746.5,60814.0,262799.25,70452.25,83489.0,40638.5,29012.0,1402651.0,1446193.8,43542.75,702130.5,1389329.5,842124.5,0.6061373489874072,0.5005739132542593,445752.5,-13321.5
2022-05-13,101995.0,42473.75,88119.75,327398.0,222524.0,2723.5,62572.0,246258.5,75408.0,74012.25,33131.5,32473.5,1390079.0,1430820.5,40741.5,752037.25,1309089.75,785234.0,0.5998320588790799,0.541003245139305,428152.25,-80989.25
2022-05-14,102463.75,41100.0,49716.5,228681.25,296070.0,2816.25,60636.25,230041.25,67675.0,57272.75,29819.0,30356.5,1169551.0,1219482.5,49931.5,595083.25,1196648.5,720847.75,0.6023888802768733,0.5088134249810398,385345.5,27097.5
2022-05-15,101684.0,40147.0,19645.75,86369.75,323178.0,2714.75,62466.0,240263.75,55046.5,46890.25,12352.5,32211.25,1065615.5,1118003.5,52388.0,636422.0,1022969.5,573739.25,0.5608566531064709,0.5972341806214343,374411.75,-42646.0
2022-05-16,101600.75,46354.5,67171.5,233165.25,217200.0,2679.5,62156.25,288542.0,92981.75,82237.25,25690.5,32621.5,1373221.8,1394329.5,21107.75,855685.0,1252400.75,668171.5,0.533512535823697,0.6231222079346541,496382.5,-120821.05000000005
2022-05-17,101582.0,49345.25,23550.5,94824.0,233648.0,2764.5,62087.0,310976.5,137808.75,110658.75,29939.25,32821.5,1400260.0,1416509.5,16249.5,1048237.5,1190006.0,505714.25,0.4249678152883263,0.7486020453344379,592265.5,-210254.0
2022-05-18,101025.25,47552.0,39663.0,168538.0,299759.75,2658.0,61841.5,297906.25,119296.5,92495.25,24431.25,31770.75,1410267.2,1447948.5,37681.25,902306.5,1286937.5,659196.0,0.5122206789373999,0.6398124412168134,541468.75,-123329.69999999995
2022-05-19,100889.75,50261.0,28808.0,206169.75,268688.0,2613.5,60470.25,251884.25,116411.5,88174.5,28477.0,32187.75,1407791.8,1432949.2,25157.5,904126.0,1235035.25,657430.0,0.5323167901482974,0.6422299092806194,488658.0,-172756.55000000005
2022-05-20,101094.75,51145.75,23340.25,216120.0,249531.5,2644.5,61050.0,245488.25,128388.75,78485.0,23236.75,26577.5,1384140.8,1402623.8,18483.0,895149.0,1207103.0,643876.75,0.5334066355563692,0.646718166244359,478939.5,-177037.80000000005
2022-05-21,99728.0,46516.0,74977.25,490238.75,243393.0,2843.0,61391.25,178586.5,46873.0,45927.75,24666.25,26144.25,1198887.2,1265533.0,66645.75,390278.25,1341285.0,957696.0,0.7140138001990628,0.3255337533005607,297531.5,142397.80000000005
2022-05-22,101254.0,48841.5,15388.5,58510.5,293018.75,2845.5,61020.75,265878.5,73649.25,58101.5,20180.5,25935.5,1046864.0,1092736.8,45872.75,679946.25,1024624.75,519858.75,0.5073650133866081,0.6495077202005227,423564.75,-22239.25
2022-05-23,100627.5,49696.5,84742.5,352766.75,227501.5,2700.0,61407.0,261162.25,87847.5,83432.5,32951.75,25808.75,1358949.5,1371998.2,13048.75,693938.75,1370644.5,818034.75,0.5968248878538527,0.5106435154507213,458251.0,11695.0
2022-05-24,100325.25,52562.5,74878.5,340866.0,173289.75,2880.0,61517.5,266231.25,91839.75,72537.75,32624.5,26664.75,1387329.5,1433939.8,46610.25,798295.25,1296217.5,744802.0,0.5745964701140048,0.5754186370289106,457273.5,-91112.0
2022-05-25,102398.25,49125.75,79312.5,241382.75,248672.0,2877.25,69494.5,268296.0,70469.75,71295.75,31349.0,27741.25,1332005.8,1369790.0,37784.25,762638.5,1262414.75,723768.5,0.5733206935359397,0.5725489333454854,437802.75,-69591.05000000005
2022-05-26,100649.0,45593.25,111781.5,472019.0,208665.5,2948.75,80201.5,153782.75,36750.0,48237.75,26305.0,27231.5,1128639.5,1188992.8,60353.25,336173.5,1314165.5,941657.0,0.7165436925562267,0.29785728746867357,266002.0,185526.0
2022-05-27,100610.5,43049.0,106144.5,580425.0,219747.25,2927.0,80319.25,134533.5,59419.25,52743.0,38084.25,31564.75,1240401.0,1299608.8,59207.75,334084.25,1449567.25,1052903.25,0.7263569523938955,0.26933568257361934,278260.5,209166.25
2022-05-28,100303.75,41459.0,105706.25,487598.0,240687.5,3054.75,78922.25,148606.5,50004.0,49082.25,18432.25,33965.75,1151169.5,1212001.2,60831.75,317177.75,1357822.25,978809.25,0.7208669986075129,0.27552654061804105,281658.5,206652.75
2022-05-29,101899.5,42319.0,109978.5,154238.5,201924.75,3149.25,81222.5,273164.75,43140.5,52578.0,13332.0,33498.25,1059342.8,1088539.0,29196.25,593201.0,1110445.5,613509.5,0.5524895188462648,0.5599707667810646,402381.5,51102.69999999995
2022-05-30,103322.75,47770.5,4165.5,47380.75,237597.5,3038.75,88519.5,295834.75,106409.0,97021.25,34057.25,34130.0,1322482.8,1336189.2,13706.5,1033339.0,1099247.5,443275.75,0.4032538168155943,0.7813629031697047,533395.0,-223235.30000000005
2022-05-31,102389.75,45571.75,3582.5,54269.75,252171.75,2929.25,92148.75,323450.0,118464.25,220468.25,31366.5,33414.0,1346494.0,1364846.8,18352.75,1036470.0,1280226.5,460914.75,0.3600259407222081,0.7697546368569039,695796.5,-66267.5
2022-06-01,102754.75,47243.75,9342.75,126949.25,250786.75,2874.25,90356.75,351357.75,114595.75,98321.0,27872.0,34003.5,1325389.0,1351052.5,25663.5,938310.25,1256458.25,539951.5,0.4297409006626364,0.7079508355660112,598278.0,-68930.75
2022-06-02,102852.75,46685.5,65101.0,133035.5,293199.75,2896.0,91140.5,337647.75,86444.5,82991.5,25918.75,31283.75,1339249.0,1368994.5,29745.5,847912.75,1299197.25,643770.5,0.4955140568531838,0.6331255427482119,538367.5,-40051.75
2022-06-03,102776.5,43277.75,16754.25,116468.75,289884.5,2929.75,89953.5,312926.5,84824.0,98587.75,27868.5,31739.75,1315089.2,1343786.2,28697.0,891981.75,1217991.5,572091.5,0.4697007327226832,0.6782671091816433,528078.0,-97097.69999999995
2022-06-04,101761.0,46683.0,21098.0,116085.25,264130.75,2803.25,73425.5,289264.25,61858.25,62577.0,26797.75,31133.0,1101200.8,1132712.8,31512.0,699886.75,1097617.0,552561.25,0.503418997701384,0.6355668739071021,444832.5,-3583.8000000000466
2022-06-05,99956.5,42540.0,56595.75,253439.5,204620.25,2809.25,64629.75,282881.75,60427.75,54713.0,17791.25,31213.5,1009905.75,1043203.0,33297.25,495250.25,1171618.25,659961.25,0.5632903464929809,0.49039254405671023,429236.0,161712.5
2022-06-06,99396.0,41101.5,113927.25,344423.25,237020.25,2808.0,55680.25,228560.75,56100.75,50403.75,13114.25,26085.75,1052948.5,1120348.8,67400.25,357577.75,1268621.75,838676.25,0.6610924414625557,0.33959661844810074,361151.0,215673.25
2022-06-07,100925.25,46622.5,99973.25,256272.75,199333.25,2888.25,65115.75,325971.0,96925.5,84521.5,21635.0,28481.5,1305421.0,1328025.5,22604.5,749841.75,1328665.5,706015.25,0.5313717034121831,0.5744060728301444,535899.5,23244.5
2022-06-08,102164.25,53429.0,15228.25,101596.75,229130.5,2879.5,64913.75,325944.75,96889.25,96957.0,30856.25,29074.5,1330687.0,1339782.5,9095.5,984731.5,1149063.75,504428.25,0.4389906565236263,0.7400173744840072,548865.5,-181623.25
2022-06-09,101209.75,51095.25,28575.0,178180.5,194387.25,2965.75,65227.5,327864.75,98466.5,83632.5,17003.5,28881.0,1344319.5,1359838.0,15518.5,943176.75,1177489.25,556413.5,0.4725423183268977,0.7016016281843713,538844.75,-166830.25
2022-06-10,101185.0,49253.75,60612.75,107181.75,282356.75,2932.0,65164.25,331728.25,100575.25,70968.5,25876.75,28621.75,1310122.2,1343228.8,33106.5,859971.0,1226456.75,603522.0,0.49208583996133576,0.6564051811350117,531893.75,-83665.44999999995
2022-06-11,98867.75,48904.0,62902.0,115202.75,288227.75,2809.0,60978.25,278875.5,63952.0,54461.75,31914.0,28287.5,1133254.2,1179680.8,46426.5,666921.75,1135382.25,616913.25,0.5433529104405146,0.5885014588959829,425576.75,2128.0500000000466
2022-06-12,98497.25,45602.5,52472.25,127495.5,314802.25,2767.25,57627.75,236312.5,92665.25,50941.25,19872.75,29281.5,1054088.2,1108905.5,54817.25,559318.25,1128338.0,641637.0,0.5686567322912106,0.5306180735160493,409200.5,74249.80000000005
2022-06-13,99952.0,45640.25,66688.5,258338.75,269171.25,2740.5,61921.75,294304.25,104934.5,60719.5,28120.25,28777.25,1320080.8,1362391.0,42310.25,725882.25,1321308.75,742531.25,0.5619664972323842,0.5498771363086259,488735.5,1227.9499999999534
2022-06-14,100277.0,48788.25,34811.25,99144.5,311966.0,2737.5,64935.5,295868.25,138337.0,87267.0,32713.25,29488.5,1327472.0,1351138.2,23666.25,881550.25,1246334.0,597724.5,0.47958613020265833,0.664081991936553,550960.75,-81138.0
2022-06-15,98681.5,48540.75,3345.25,66200.5,334268.75,2647.0,63861.5,298915.5,157826.0,76907.25,30307.5,28801.25,1306621.2,1326495.2,19874.0,902806.75,1210302.75,553683.75,0.45747541266017944,0.6909475753186922,562450.0,-96318.44999999995
2022-06-16,98489.75,50225.25,8001.75,134561.25,307456.75,2760.5,64773.5,312984.75,113863.5,59575.75,27718.5,29257.25,1164985.5,1208024.0,43038.5,714965.75,1209668.5,601495.25,0.4972397396476803,0.6137121449151084,515681.25,44683.0
2022-06-17,98561.5,46297.5,67453.75,71418.5,311160.5,2727.25,64249.0,296170.75,128961.75,56528.75,37792.0,28670.5,1234317.8,1263558.2,29240.5,784285.0,1209991.75,597619.0,0.4939033675229604,0.6353995705157942,510331.75,-24326.050000000047
2022-06-18,96425.75,41204.5,39168.0,212273.75,321571.75,2521.25,61179.75,250525.0,87704.5,45368.5,36452.25,28226.0,1143566.0,1194682.8,51116.75,570552.5,1222621.0,713165.0,0.5833083187676312,0.49892397990146614,411824.0,79055.0
2022-06-19,95319.5,38643.75,20985.25,243757.25,279986.75,2347.0,62949.0,246718.0,80259.75,49427.25,21001.25,28285.75,1080004.8,1141469.0,61464.25,535275.5,1169680.5,681039.5,0.5822440401460057,0.49562326019291764,404690.75,89675.69999999995
2022-06-20,96724.0,48911.25,43681.0,190269.25,184687.5,2402.75,64350.0,280945.25,145519.0,80369.5,35259.5,27477.5,1312131.5,1331470.2,19338.75,893493.75,1200596.5,566675.75,0.47199517073388103,0.6809483272065338,534311.25,-111535.0
2022-06-21,99059.5,46179.75,25545.0,115503.0,313858.75,2685.25,65193.5,312935.75,175732.25,85184.75,31260.25,29771.0,1341962.8,1387090.2,45127.5,887056.0,1302908.75,602831.25,0.4626810971988637,0.661013852246873,603623.75,-39054.05000000005
2022-06-22,98198.5,47732.5,5341.75,49466.0,252593.75,2606.0,64121.75,318697.0,191056.5,95218.0,34082.5,30296.25,1331989.2,1356686.0,24696.75,1024587.75,1189410.5,455938.5,0.3833314906838304,0.7692162594111124,635267.75,-142578.69999999995
2022-06-23,97181.0,47341.75,29392.75,104066.75,320704.0,2607.75,62849.25,309734.75,184686.0,99680.5,27650.75,27850.75,1333089.8,1373307.2,40217.5,878926.25,1313746.0,601294.0,0.4576942574896517,0.6593151114050981,621952.0,-19343.800000000047
2022-06-24,98187.75,48312.5,59484.5,244091.25,207571.0,2661.25,64359.5,282035.75,164804.0,67341.5,31449.75,28020.0,1344444.8,1378458.8,34014.0,833298.0,1298318.75,660308.25,0.508587163206262,0.6198082658358305,542201.25,-46126.05000000005
2022-06-25,97586.0,45554.5,18146.25,69971.0,271634.0,2752.75,90965.75,294564.5,142997.5,45362.5,30545.5,27242.25,1125249.8,1172410.5,47160.75,765498.5,1137322.5,505644.5,0.4445920132592119,0.6802920560394679,510166.75,12072.699999999953
2022-06-26,96641.5,40685.75,17400.25,76783.25,273811.0,2671.25,92166.0,282536.0,104017.5,51502.25,13833.5,26473.25,1044877.0,1097661.2,52784.25,676882.5,1078521.5,507993.0,0.4710086910645731,0.6478106992497682,464529.0,33644.5
2022-06-27,97378.0,44739.0,15494.0,140198.5,217294.75,2638.0,94352.5,313827.25,169434.0,90282.75,33093.25,26776.0,1318756.0,1343248.5,24492.5,945768.75,1245508.0,517742.25,0.41568761501331186,0.717167353172232,600320.0,-73248.0
2022-06-28,97168.5,45498.5,13955.0,81573.0,275855.75,2773.25,95487.0,325025.5,170127.0,88436.75,31064.5,26205.75,1320117.8,1361755.5,41637.75,948734.0,1253170.5,516824.0,0.4124131552729656,0.7186737426008497,609795.0,-66947.30000000005
2022-06-29,97011.5,47400.0,44294.0,147808.25,206601.25,2828.5,95101.0,329249.0,166267.0,92326.75,28667.5,27432.25,1334112.8,1371223.8,37111.0,935409.25,1284987.0,545943.5,0.42486305308925304,0.701147046936361,615275.0,-49125.80000000005
2022-06-30,96708.75,45497.75,48410.0,118689.0,280909.25,2812.25,94785.0,322302.5,176736.25,212977.25,31706.5,27023.25,1354991.2,1386249.5,31258.25,906983.0,1458557.75,593027.0,0.40658451816529034,0.6693644947657225,739039.25,103566.55000000005
2022-07-01,96770.25,51251.0,67745.25,215025.0,134642.0,2907.5,95960.5,326879.5,183431.5,162710.75,27779.5,26333.25,1320585.2,1353037.8,32452.5,903173.0,1391436.0,568341.0,0.4084564435590282,0.6839187657108379,699355.0,70850.80000000005
2022-07-02,96957.75,41989.0,61200.75,105329.5,334460.5,2963.5,92388.75,254735.25,125941.5,84692.25,32260.0,25325.5,1123257.5,1180223.5,56966.0,622266.75,1258244.25,642901.0,0.5109508746016522,0.5539840597547757,490694.5,134986.75
2022-07-03,96714.5,37238.75,25378.25,151225.0,320000.5,2769.75,90492.5,273589.75,98376.25,79316.5,11655.0,25312.5,1057153.5,1115990.0,58836.5,560549.75,1212069.25,633326.75,0.5225169683992891,0.530244425241935,476595.0,154915.75
2022-07-04,97940.75,41068.25,73404.5,142665.75,284813.25,2720.5,95436.75,306177.25,152621.75,113504.0,44700.5,25914.0,1306229.0,1344310.0,38081.0,805345.5,1380967.25,642613.0,0.46533543789687987,0.6165423520684352,598217.0,74738.25
2022-07-05,97882.0,47310.5,75267.0,144844.0,286033.75,2789.75,95079.5,297417.25,198052.25,133250.0,39241.0,27385.5,1340531.5,1376527.5,35996.0,834386.75,1444552.5,654127.0,0.4528232791816151,0.6224297974348234,656105.0,104021.0
2022-07-06,98299.0,44181.25,86427.25,187902.25,257596.5,2846.0,95402.0,299110.5,188320.25,96085.75,35319.5,25895.75,1333716.2,1370235.2,36519.0,801790.25,1417386.0,677252.25,0.47781779275370295,0.6011700615168355,609412.25,83669.80000000005
2022-07-07,97279.75,41562.0,93865.75,424182.5,126093.75,2886.0,95978.0,292870.5,137202.0,94725.0,20899.75,25855.75,1381150.8,1417199.5,36048.75,737008.75,1453400.75,785869.75,0.5407109842209727,0.5336193194834337,550653.25,72249.94999999995
2022-07-08,99020.5,44770.25,64527.0,269659.25,234300.5,2864.0,96254.0,281351.0,154658.75,87229.5,46150.5,28699.0,1322874.5,1365517.5,42643.0,754387.75,1409484.25,715141.5,0.5073781420402533,0.5702640348725446,551938.25,86609.75
2022-07-09,97162.5,36655.25,87578.5,283377.0,211159.0,2863.0,94873.0,240616.75,108657.5,77099.25,19958.75,31875.75,1137032.2,1184609.5,47577.25,554917.75,1291876.25,718795.25,0.5563963653639425,0.4880404882113277,458249.25,154844.05000000005
2022-07-10,98076.0,32655.0,76659.75,324403.5,215612.25,2874.0,88763.0,203705.5,90473.75,67948.0,17183.5,31467.75,1071839.0,1135850.5,64011.5,455163.5,1249822.0,750280.5,0.6003098841274997,0.4246565948803878,393595.0,177983.0
2022-07-11,100030.5,35634.5,23746.0,89695.75,218130.0,2796.75,95870.0,291961.5,170464.5,192429.75,38375.75,31072.5,1275114.8,1293881.2,18766.5,943543.0,1290207.5,470033.5,0.3643084542602643,0.7399670994329295,685928.25,15092.699999999953
2022-07-12,98175.0,39587.5,38567.25,62035.75,309540.25,2714.25,95595.5,288714.25,159683.5,201400.25,38567.5,30494.0,1294884.2,1332827.0,37942.75,884741.0,1365075.0,550620.0,0.4033624526124938,0.6832587809782528,680292.0,70190.80000000005
2022-07-13,96912.75,37543.75,43653.5,221668.5,246950.5,2677.0,95102.75,293252.75,186957.25,175528.25,30510.25,30203.0,1349019.2,1389699.8,40680.5,836746.75,1460960.25,649406.0,0.4445062759236605,0.6202630399923145,685941.25,111941.05000000005
2022-07-14,98311.75,34871.5,64773.25,202570.0,263599.25,2739.75,95207.5,298597.5,154748.25,149838.25,24912.75,30029.5,1341939.5,1374414.2,32474.75,810997.0,1420199.25,666865.5,0.4695577046671444,0.6043469172790576,633213.5,78259.75
2022-07-15,99291.25,33466.75,78306.0,210230.0,255266.75,2796.5,95691.75,280421.75,153712.75,127197.25,34007.75,30337.5,1306527.5,1350661.2,44133.75,762724.75,1400726.0,679357.25,0.48500366952566026,0.583780096477112,591669.25,94198.5
2022-07-16,97494.0,31977.75,75680.5,306525.25,282302.25,2835.5,89711.5,220681.0,76002.25,71825.75,28390.75,31232.75,1127137.5,1193360.8,66223.25,462629.5,1314659.25,796815.25,0.6061002118990149,0.41044637411141055,399741.75,187521.75
2022-07-17,97948.75,29589.0,28418.25,80214.5,326932.25,2786.0,91982.0,258524.25,65059.0,93385.25,26891.25,32420.0,1023108.0,1078000.2,54892.25,587543.0,1134150.5,565888.75,0.4989538425455881,0.574272706302756,449388.5,111042.5
2022-07-18,98215.5,34923.25,46502.0,40962.0,296443.5,2606.25,94731.0,307558.0,122087.5,197864.5,38267.0,26184.25,1261341.5,1295512.8,34171.25,877434.0,1306344.75,519652.5,0.39779124155396195,0.6956355594420702,653694.25,45003.25
2022-07-19,95086.25,37370.75,31968.5,96056.0,317298.75,2330.5,94731.75,299739.75,145220.75,237169.5,33247.25,29589.25,1315448.2,1352176.0,36727.75,870125.0,1419809.0,580110.75,0.40858365456198686,0.6614665632595795,711719.25,104360.80000000005
2022-07-20,92387.25,40013.25,89573.0,248348.25,294554.25,2255.0,94188.75,296239.25,145081.75,152929.0,36889.0,35438.5,1373677.0,1424100.5,50423.5,741201.5,1527897.25,767131.0,0.5020828462123352,0.539574805430971,629688.5,154220.25
2022-07-21,96853.75,40725.25,48356.5,197546.5,190604.5,2669.75,94984.5,292673.5,151972.5,259262.5,37355.75,33848.5,1339280.8,1388473.0,49192.25,902773.25,1446853.5,576756.25,0.3986279536939987,0.6740731667324731,737757.0,107572.69999999995
2022-07-22,98177.0,36804.25,55681.5,101110.0,247219.5,2783.0,95041.0,303291.25,144525.25,252894.25,37050.0,30624.25,1278973.5,1324422.5,45449.0,874962.5,1405201.25,541775.25,0.38554993457342857,0.6841130797471566,731335.0,126227.75
2022-07-23,97740.5,40520.0,29219.5,101687.5,230089.75,2811.5,94970.5,287784.0,134975.25,166655.5,30096.0,30202.75,1097379.8,1135516.2,38136.5,736383.0,1246752.75,502068.75,0.4027011370137343,0.6710375022394252,619617.5,149372.94999999995
2022-07-24,95781.75,37200.5,71381.75,74824.5,310368.75,2658.0,92998.0,261795.75,94847.0,123875.25,32324.5,31863.25,1029612.0,1093128.2,63516.25,573037.0,1229919.0,592215.25,0.4815075220400693,0.5565562561430908,512381.25,200307.0
2022-07-25,94468.5,34798.0,74614.25,334033.75,259076.75,2478.0,94293.25,282477.5,139916.0,106578.25,18434.0,31471.0,1329512.2,1388005.2,58493.0,661787.5,1472639.25,799469.25,0.5428819379899048,0.49776715098966373,560442.75,143127.05000000005
2022-07-26,95408.25,41395.75,95420.5,263763.5,209542.25,2657.75,94844.0,293646.5,146751.75,177201.75,44389.75,32012.75,1306999.5,1339993.5,32994.0,738273.25,1497034.5,708188.0,0.47306057408830593,0.5648611571771833,649612.75,190035.0
2022-07-27,96798.25,37426.0,83569.0,175701.5,227857.25,2693.75,95415.5,299578.75,145206.5,215749.75,22429.5,31927.5,1280555.5,1321468.5,40913.0,793427.75,1434353.25,624045.75,0.43507117232104436,0.6195965344727347,692462.5,153797.75
2022-07-28,97183.25,35819.0,11403.5,109640.5,288637.5,2834.75,94598.75,323990.0,133397.5,191901.75,20414.25,28529.75,1286924.2,1323822.0,36897.75,877242.75,1338350.5,545518.5,0.4076051079294998,0.6816584457732632,677819.0,51426.30000000005
2022-07-29,97297.5,39707.5,33727.0,149145.25,213121.0,2630.75,95186.0,328993.0,145796.25,177158.5,32415.75,22692.25,1273991.0,1298742.2,24751.25,877997.75,1337870.75,535629.0,0.4003593022719123,0.6891710773467002,674640.0,63879.75
2022-07-30,96934.25,41070.25,11781.75,83029.75,227545.25,2658.25,95060.75,291657.5,141508.75,91667.25,33959.75,24449.0,1065117.2,1106008.0,40890.75,742760.5,1141322.5,463019.5,0.40568682383813515,0.6973509581856344,549282.5,76205.30000000005
2022-07-31,96766.5,34999.25,24681.75,92185.75,226823.0,2656.0,93811.75,290840.75,128566.75,78792.5,14994.25,23925.25,1008869.0,1074600.2,65731.25,665178.5,1109043.5,478112.25,0.4311032434706123,0.6593308942984669,522125.25,100174.5
2022-08-01,98118.75,34502.5,34618.25,140164.75,208719.75,2698.25,95160.0,298802.5,185138.25,97205.75,33443.25,23577.25,1247504.2,1273029.8,25525.5,864001.5,1252149.25,518822.25,0.41434537456297643,0.6925840409996216,604723.75,4645.050000000047
2022-08-02,98092.0,36858.5,76270.0,57930.5,287607.25,2680.25,95101.25,319209.5,184593.5,66121.0,30476.75,22079.25,1272934.5,1315631.8,42697.25,851126.75,1277019.75,559438.5,0.43808132176499226,0.6686335785541204,592003.25,4085.25
2022-08-03,96086.5,38943.0,65908.5,74020.0,302662.25,2499.5,93878.0,315251.0,167862.75,73588.0,39717.75,21676.5,1290196.2,1326759.8,36563.5,847605.5,1292093.75,580119.75,0.4489765158294435,0.656958608310891,578378.25,1897.5500000000466
2022-08-04,95806.75,37772.75,21993.25,118005.75,274492.75,2442.75,91824.5,312900.75,180813.5,75889.5,30790.5,25102.0,1299231.5,1329374.0,30142.5,884739.75,1267834.75,550514.0,0.4342158944610092,0.680971597440487,594705.75,-31396.75
2022-08-05,97357.75,36963.25,24585.0,192932.5,199693.0,2564.5,92532.0,318497.0,187838.5,59392.75,24842.75,22430.25,1279748.2,1314564.0,34815.75,862537.75,1259629.25,554096.0,0.4398881655058423,0.6739902036978838,588158.5,-20118.949999999953
2022-08-06,97418.25,36330.75,41811.25,137181.5,257236.5,2742.0,94255.0,301332.5,148564.5,42580.75,27325.25,21642.75,1093177.2,1145701.8,52524.5,656948.0,1208421.0,572720.25,0.47394099407408513,0.6009528921752119,514120.5,115243.80000000005
2022-08-07,97240.75,31073.75,18354.5,81561.75,294633.5,2719.25,93513.5,273755.5,129782.75,41334.0,13114.25,21029.75,994622.0,1049170.2,54548.25,600072.25,1098113.25,525583.5,0.47862413098102585,0.6033168882248734,465902.0,103491.25
2022-08-08,97396.25,32590.75,2438.25,80000.5,290223.25,2709.5,95472.25,301937.25,187390.75,53877.0,31634.0,25550.5,1224569.2,1253744.5,29175.25,851907.25,1201220.25,505358.5,0.42070427966894497,0.6956791416932584,568755.5,-23348.949999999953
2022-08-09,97490.25,34077.5,425.75,119778.75,294080.5,2619.75,95510.25,302201.75,185345.25,61969.75,28614.25,32657.75,1257746.5,1298821.0,41074.5,843461.5,1254771.5,548472.5,0.4371094657473492,0.6706132754096314,582174.5,-2975.0
2022-08-10,96132.0,34201.25,2603.75,127054.0,297673.5,2620.5,95245.25,304648.25,184336.25,59279.5,36714.5,33207.5,1263762.2,1304850.8,41088.5,836431.0,1273716.25,560285.0,0.43988211660171567,0.661857903330231,581471.5,9954.050000000047
2022-08-11,96869.5,41131.0,2947.5,130995.75,304967.25,2734.0,95113.75,282467.25,164686.5,68138.25,40920.5,32681.5,1264513.2,1295482.2,30969.0,825602.75,1263652.75,579645.0,0.45870592217680056,0.6529016462619766,547973.5,-860.4499999999534
2022-08-12,97274.75,42856.5,13394.25,156418.0,289981.5,2735.75,95250.75,255129.5,162974.75,67950.0,35350.5,32132.5,1237514.5,1273180.0,35665.5,777720.75,1251448.75,602660.75,0.4815704598370489,0.6284538484195539,518186.75,13934.25
2022-08-13,95695.5,38505.25,16460.0,122472.25,252611.5,2753.0,95195.5,239960.75,146287.0,49918.5,28412.75,32143.5,1074475.0,1108211.5,33736.5,682931.25,1120415.5,528497.5,0.4716977764052711,0.6355952907233765,468309.75,45940.5
2022-08-14,94403.75,35756.25,54525.0,137869.25,266440.5,2662.0,94957.0,241917.0,126104.5,45266.5,19369.25,31573.0,1034108.25,1079104.2,44996.0,575273.5,1150844.0,591656.75,0.5141068207333053,0.556299110852273,444861.0,116735.75
2022-08-15,94882.25,37039.0,37928.0,131480.0,201505.75,2663.25,94842.0,275027.25,153560.0,74324.5,26353.25,32037.75,1236105.5,1264152.0,28046.5,865191.75,1161643.0,505498.25,0.43515800465375337,0.6999335817209777,534949.5,-74462.5
2022-08-16,96375.5,40944.75,13231.75,60972.0,257344.5,2689.0,94739.0,283436.25,172505.5,118339.25,33168.25,33153.25,1262302.0,1292444.0,30142.0,930753.75,1206899.0,471557.5,0.39071827882863436,0.7373463323356851,607434.25,-55403.0
2022-08-17,95684.25,40156.0,22533.5,62830.0,207629.25,2585.0,94878.25,266506.25,178089.75,124201.5,24523.0,27418.5,1279045.5,1301824.5,22779.0,986052.75,1147035.25,431418.0,0.37611572966044415,0.770928594799794,596216.0,-132010.25
2022-08-18,97789.0,35039.0,37525.0,94111.75,163840.25,2583.75,94816.0,283763.5,184240.75,119396.25,11548.0,24130.0,1291583.5,1324650.2,33066.75,996106.5,1148783.25,430888.75,0.37508272339451326,0.7712288829951761,611530.5,-142800.25
2022-08-19,98145.0,36533.0,8241.5,91507.25,119673.75,2626.5,95070.25,283408.25,181156.25,109614.75,23404.25,23978.5,1252740.0,1272497.8,19757.75,1033317.5,1073359.25,356727.0,0.3323463230041573,0.8248459377045516,598157.75,-179380.75
2022-08-20,97059.5,44662.0,26224.0,79746.5,138403.5,2664.0,95437.0,289693.5,166671.75,56040.5,24557.75,24964.5,1058374.5,1092628.2,34253.75,814000.5,1046124.5,388759.5,0.3716187700412331,0.7691044143637248,537370.25,-12250.0
2022-08-21,96843.75,41390.25,41526.5,65737.5,249291.75,2780.25,95624.25,265873.0,145214.25,63763.75,12249.0,23795.5,984968.0,1055863.2,70895.25,628412.25,1104089.75,497570.0,0.4506608271655452,0.6380027066869177,498646.5,119121.75
2022-08-22,98118.0,37121.0,9629.25,58574.0,226016.75,2768.25,95492.75,307097.25,218605.25,114063.0,20470.5,29569.5,1230770.2,1255305.5,24535.25,936550.25,1217525.5,432227.25,0.3550046795734463,0.760946478879648,669335.0,-13244.699999999953
2022-08-23,97447.25,37055.0,14383.5,117539.0,255463.25,2750.0,95459.0,302751.5,215178.0,107774.75,23442.0,31150.75,1273127.2,1299210.5,26083.25,885741.5,1300394.0,524638.0,0.4034454173119839,0.6957211345417803,656855.0,27266.800000000047
2022-08-24,97426.0,36562.25,12468.5,114077.0,251399.0,2740.0,95052.0,292105.5,223466.5,110166.75,25731.5,33233.75,1276490.2,1302106.2,25616.0,898545.75,1294428.75,514672.75,0.3976060868549157,0.7039190351794319,658972.5,17938.550000000047
2022-08-25,97491.5,36372.5,68872.0,142796.5,242463.5,2728.25,94611.0,285020.75,230587.25,101345.25,23301.0,32386.5,1300661.5,1336367.8,35706.25,846529.5,1357976.0,590724.25,0.4350034536692843,0.6508453583042167,649339.75,57314.5
2022-08-26,99064.25,39814.25,52753.25,108960.5,173882.0,2741.0,94809.75,286712.5,228707.5,104272.25,23572.5,32845.75,1273843.2,1291428.2,17585.0,938247.5,1248135.5,477215.25,0.3823425020760967,0.7365486584220099,652538.0,-25707.699999999953
2022-08-27,98400.25,39826.25,58960.25,137235.75,110507.25,2872.75,95219.25,298452.5,167422.75,69914.25,13425.75,32682.25,1083113.5,1098603.0,15489.5,776410.25,1124919.25,447802.5,0.39807523962275515,0.7168318463392802,568471.75,41805.75
2022-08-28,96449.25,36974.25,107975.75,186143.5,198246.75,2773.75,95432.0,268371.5,133772.75,52026.5,8560.75,31625.25,1017593.75,1084877.5,67283.75,525227.75,1218352.0,628563.25,0.515912683690756,0.5161467923717102,485796.0,200758.25
2022-08-29,98896.25,34480.5,44189.75,102437.75,224371.25,2789.25,95534.0,285087.0,210937.5,93906.75,29970.0,32076.5,1238922.5,1261614.2,22691.75,867923.75,1254676.5,507164.75,0.4042195338798487,0.7005472497270814,622007.75,15754.0
2022-08-30,99248.0,33459.5,41786.5,117001.25,228811.25,2837.0,95318.0,283517.25,250025.75,101618.75,18479.75,31110.5,1268161.5,1304516.5,36355.0,880562.5,1303213.5,523143.5,0.4014257832657504,0.6943614831391743,666272.25,35052.0
2022-08-31,99830.75,35063.75,43628.5,164899.5,158994.25,2934.0,95643.0,290284.25,235712.5,205320.75,30408.25,30936.0,1286521.2,1308334.5,21813.25,918999.0,1393655.5,505350.75,0.3626080835615401,0.7143286873158406,762253.5,107134.30000000005
2022-09-01,99386.75,34548.5,29150.5,162212.5,212727.0,2924.0,95773.5,296843.75,227027.75,96274.5,27966.5,30134.75,1270903.8,1296420.0,25516.25,866813.75,1314970.0,540949.25,0.41137763599169563,0.6820451319761575,650280.75,44066.19999999995
2022-09-02,99958.75,30252.75,70691.0,254745.0,256228.75,2965.0,96085.75,296408.75,221246.5,68888.25,26358.0,30489.75,1280491.5,1319555.8,39064.25,698826.75,1454318.25,714841.25,0.4915301379185746,0.545748839410492,617033.25,173826.75
2022-09-03,98726.0,28334.0,108811.5,312955.25,202165.25,2952.25,95905.75,260951.5,113520.0,38347.5,33300.5,27627.5,1120870.5,1169038.8,48168.25,496938.5,1323597.0,753944.25,0.5696176781905671,0.443350503024212,440446.5,202726.5
2022-09-04,97859.5,30549.5,90484.0,174420.75,234940.5,2836.25,95674.25,277488.5,117723.25,47927.75,21770.0,27792.0,1037616.25,1082588.8,44972.5,537771.0,1219466.25,631090.5,0.5175137073289237,0.5182754221514939,470931.5,181850.0
2022-09-05,98249.25,32264.75,97199.75,236568.75,236571.25,2744.25,95313.75,300070.25,219036.25,60949.5,36678.0,29166.75,1312402.8,1353025.8,40623.0,742063.0,1444812.5,703598.0,0.4869822208764113,0.5654232069605459,609222.75,132409.69999999995
2022-09-06,97838.0,35837.5,100903.75,262253.75,194493.0,2734.5,94900.0,312898.0,209419.25,68995.5,37133.0,29653.0,1335652.2,1381858.2,46206.0,778001.75,1447059.25,694060.5,0.47963516352215707,0.5824882780112967,620965.75,111407.05000000005
2022-09-07,98712.75,35266.5,36810.75,127509.25,189263.25,2671.75,95079.5,304666.5,236122.5,95814.25,26203.75,29303.75,1324214.0,1362176.0,37962.0,970630.75,1277424.5,490234.25,0.383767690380136,0.7329863224524132,665907.0,-46789.5
2022-09-08,98696.5,34826.25,57714.75,212697.75,107520.5,2597.75,95480.0,324483.75,228810.25,77609.5,22325.75,28680.5,1341710.8,1377095.5,35384.75,963777.75,1291443.25,514053.5,0.39804575230076894,0.7183200358825463,659584.0,-50267.55000000005
2022-09-09,99420.25,37690.75,21015.0,210336.25,161474.0,2652.25,96017.75,323451.0,210537.25,62629.25,22191.75,27295.75,1285783.0,1315918.2,30135.25,892957.75,1274711.25,532588.5,0.4178110925121277,0.6944855780485509,623913.25,-11071.75
2022-09-10,99196.25,37624.25,12386.0,146009.25,130000.0,2885.0,96268.75,293897.5,186109.25,52577.5,13325.75,26857.75,1090163.2,1115640.5,25477.25,801768.0,1097137.25,428100.75,0.39019799026967683,0.7354568563679273,559442.0,6974.050000000047
2022-09-11,98323.25,36157.5,2052.75,64522.0,139670.5,2869.5,96035.25,294005.5,178084.5,59447.25,18703.25,26630.0,1002977.0,1032545.25,29568.25,796731.75,1016501.25,343595.5,0.33801778404109195,0.7943669196801123,558167.25,13524.25
2022-09-12,98983.0,38194.0,50010.75,59602.75,213173.25,2864.5,96120.0,275223.75,223851.25,85484.25,29580.75,27048.0,1242500.2,1264201.0,21700.75,919713.5,1200136.25,462828.25,0.385646421395904,0.7402119532858024,611607.25,-42363.94999999995
2022-09-13,99012.25,37101.25,102604.75,218427.5,147546.5,2749.0,95967.25,286949.5,222864.5,82162.5,27559.25,31086.5,1321121.2,1358552.5,37431.25,852542.5,1354030.75,607441.25,0.4486170273459447,0.6453174016131147,623063.0,32909.55000000005
2022-09-14,99791.0,40326.5,65751.0,109086.25,85951.0,2760.25,95632.75,294139.0,241330.5,89565.25,34542.75,28572.25,1312963.0,1331255.8,18292.75,1052174.8,1187448.5,403666.0,0.33994400599268093,0.8013742961530523,653607.0,-125514.5
2022-09-15,99921.25,38777.75,115111.25,297663.0,112478.0,2843.0,95669.75,304452.75,219801.5,50653.5,31281.0,29224.25,1336129.8,1377868.8,41739.0,810877.5,1397877.0,666794.25,0.4770049510793868,0.6068852741702191,604132.0,61747.19999999995
2022-09-16,99662.5,38058.0,122217.25,497211.25,134954.0,2869.0,96712.0,274301.0,110506.5,45068.5,33617.0,31841.0,1340793.0,1395781.8,54988.75,586410.5,1487018.0,894972.0,0.601856870596052,0.4373609498259612,461717.0,146225.0
2022-09-17,99805.25,34885.25,115246.5,518584.5,138262.25,2883.0,96002.25,176889.5,74448.75,31842.0,31796.75,30210.5,1152542.5,1201400.5,48858.0,380449.25,1350856.5,909666.75,0.6733999873413645,0.3300956363865107,313390.75,198314.0
2022-09-18,98789.5,38447.5,109525.25,537210.0,96350.5,2856.0,97214.75,176048.25,67031.75,31952.5,22569.5,29901.0,1082440.8,1144096.2,61655.5,339355.0,1307896.5,883178.75,0.6752665444092862,0.31350906211221896,304933.5,225455.69999999995
2022-09-19,100690.5,41120.75,137559.0,352892.0,133001.25,2815.0,97129.5,283304.0,136478.0,51709.25,35203.25,30116.5,1306636.0,1355623.5,48987.5,683183.75,1402019.0,768078.5,0.547837440148814,0.5228569777658048,501607.75,95383.0
2022-09-20,101337.75,39180.75,46222.75,122895.5,155219.75,2798.25,97398.0,309786.0,249197.25,94588.75,26258.25,29577.0,1295291.8,1330818.2,35526.5,970953.75,1274460.0,467654.75,0.36694345055945266,0.7496023289887267,683149.0,-20831.800000000047
2022-09-21,102859.5,39696.0,1718.0,30973.75,210916.0,2763.0,97524.5,312633.0,259765.25,118541.75,27179.75,30018.5,1280975.2,1307654.0,26678.75,1037367.5,1234589.0,388926.25,0.3150248787248226,0.8098263729071414,720958.5,-46386.19999999995
2022-09-22,102901.5,40065.5,14762.25,34696.5,226787.75,2767.75,97507.5,324243.5,272400.25,93265.25,32228.75,31222.0,1282352.5,1306591.8,24239.25,1006106.0,1272848.5,421981.25,0.33152511866101897,0.7845783433182374,721131.0,-9504.0
2022-09-23,103794.75,39553.75,32493.25,80010.0,195985.0,2837.5,97339.25,322825.25,275442.25,94611.5,26435.75,31438.25,1270572.8,1293542.5,22969.75,962084.5,1302766.5,454674.25,0.3490067099514763,0.7572053329018219,724317.25,32193.699999999953
2022-09-24,103356.25,33985.0,81631.25,44084.5,100776.75,2805.25,96991.25,320073.5,220058.25,50583.75,19087.5,31322.25,1108470.2,1136917.8,28447.5,881977.75,1104755.5,366639.0,0.33187343262830554,0.795671142083928,622037.75,-3714.6999999999534
2022-09-25,102853.75,33594.5,45414.25,69289.0,108498.0,2805.75,96961.75,294800.0,200928.0,50371.25,20805.75,31094.0,1027221.75,1059178.8,31957.0,804020.5,1057416.0,362455.25,0.34277450880259047,0.7827136643086072,577193.25,30194.25
2022-09-26,102812.0,34239.25,110580.0,426458.0,123090.5,2782.5,96853.5,279714.75,164079.75,45756.0,18062.5,31082.0,1339231.5,1392789.2,53557.75,679103.0,1435510.75,799962.25,0.55726663837244,0.5070841000977053,520632.5,96279.25
2022-09-27,104029.75,38681.25,52277.0,321689.5,89505.25,2842.25,97105.25,283896.25,227460.0,64720.0,31441.0,31031.75,1333117.5,1368199.5,35082.0,869645.75,1344679.25,609025.0,0.4529147006618865,0.652339910022935,607108.0,11561.75
2022-09-28,104409.25,42358.25,2463.75,101643.0,90647.0,2902.75,97538.0,315275.25,277169.75,83185.5,35729.0,32109.5,1315024.5,1344296.5,29272.0,1120270.8,1185431.0,344424.0,0.2905474886349353,0.8519010862535261,707740.0,-129593.5
2022-09-29,104961.5,41978.5,19729.25,48400.0,126686.5,2931.5,97481.75,320762.5,289237.25,78919.75,39342.75,24984.5,1313619.0,1344553.0,30934.0,1118803.2,1195415.75,344687.25,0.2883408972987013,0.8516953545891159,713904.0,-118203.25
2022-09-30,104929.25,42440.5,57915.0,136701.25,171199.0,2974.25,97205.25,297098.75,246816.75,61668.75,37575.25,30221.25,1290304.0,1330150.2,39846.25,924488.75,1286745.25,516159.25,0.40113553945507086,0.7164890986930211,635805.5,-3558.75
2022-10-01,101367.5,36493.5,125667.0,626082.5,58613.5,2942.5,96696.0,165509.25,63207.5,39616.25,27371.25,30829.0,1189992.0,1258132.5,68140.5,379629.0,1374395.75,951166.5,0.6920615841543456,0.31901811104612465,299162.0,184403.75
2022-10-02,102011.0,39551.75,146720.0,463676.75,89895.0,2790.0,94269.75,191579.0,71976.5,37494.25,27371.25,30997.5,1088022.0,1151346.5,63324.5,387730.25,1298332.75,844644.5,0.6505608827937214,0.3563625092139681,332047.25,210310.75
2022-10-03,103296.0,51650.5,66542.5,299135.75,130545.75,2714.75,96773.75,244175.25,141713.75,39939.25,44782.25,30687.75,1075365.8,1118594.5,43228.75,579141.75,1251957.25,653885.25,0.5222903976952887,0.5385532532278784,456516.0,176591.44999999995
2022-10-04,104141.25,53755.5,100555.75,186477.0,169423.25,2709.5,96624.5,293136.25,188413.75,56592.75,41963.5,30044.75,1291309.2,1332720.0,41410.75,834853.25,1323837.75,617062.25,0.466116221568693,0.6465169225155369,568187.5,32528.550000000047
2022-10-05,102321.25,46235.5,129180.0,507524.5,160842.0,2760.0,95186.5,249156.5,104302.0,42370.5,32866.75,29983.75,1365907.5,1425290.8,59383.25,568361.0,1502729.25,948863.25,0.6314266192662451,0.4161050437163571,425812.75,136821.75
2022-10-06,102445.25,45217.25,106216.25,438344.0,173293.75,2747.75,93425.25,261512.5,138355.75,51233.25,45298.25,30401.0,1357713.8,1410600.2,52886.5,639859.75,1488490.25,868264.25,0.5833187352083764,0.47127734136605226,481502.5,130776.44999999995
2022-10-07,105890.5,46356.25,115089.5,272476.5,172085.25,2915.5,96666.25,294244.5,181932.75,54527.75,46863.25,31063.0,1320534.2,1357740.2,37206.0,760883.0,1420111.0,714813.5,0.5033504423245788,0.5761933314563152,561768.0,99576.80000000005
2022-10-08,104751.0,39667.5,110454.5,354368.75,112892.75,2882.75,96763.0,298528.0,121252.0,51190.0,27652.5,30979.0,1155636.2,1208094.5,52458.25,577920.25,1351381.75,725017.25,0.5365006964168341,0.5000883928696592,501949.0,195745.55000000005
2022-10-09,103571.0,35814.0,61460.5,204578.5,183018.0,2903.25,97122.25,302488.75,83169.5,43834.5,24844.75,28412.75,1051517.8,1101560.8,50043.0,602460.75,1171217.75,591345.25,0.5048977869401313,0.5729439387521542,457905.5,119699.94999999995
2022-10-10,101401.75,37049.0,109545.25,322996.75,152779.75,2821.0,96984.75,308904.5,180446.25,57690.25,31475.0,29578.25,1340264.8,1393405.8,53141.0,754943.0,1431672.5,726593.5,0.5075137644957209,0.5632789878537435,576619.25,91407.69999999995
2022-10-11,102172.0,37717.75,65965.25,131544.0,132913.0,2826.0,96876.25,319547.0,225934.5,106197.5,35689.5,29422.0,1336062.5,1377058.8,40996.25,1005640.25,1286804.75,473138.0,0.36768437480511323,0.7526895261262104,681101.0,-49257.75
2022-10-12,103176.25,41631.75,40120.25,58898.25,139890.0,2802.75,96849.75,308966.0,258085.25,117851.5,35262.75,27063.75,1315148.8,1345588.8,30440.0,1076240.2,1230598.25,386519.25,0.31409052466960685,0.8183410120588636,711966.5,-84550.55000000005
2022-10-13,103414.75,41004.0,41446.5,143364.75,79267.75,2800.75,96752.0,323806.25,255677.5,119588.75,38112.5,27169.25,1324350.8,1355018.2,30667.5,1060271.8,1272404.75,411298.5,0.3232450208944913,0.8005973945875972,726241.75,-51946.05000000005
2022-10-14,101684.25,43096.0,30306.5,128034.75,72730.5,2790.75,96631.25,338354.5,215278.75,114596.25,36524.25,26723.0,1302875.2,1332231.0,29355.75,1071803.5,1206750.75,378642.75,0.31377046999970787,0.8226447936072465,694952.5,-96124.44999999995
2022-10-15,99243.5,36320.25,72104.5,261123.0,74988.0,2737.75,96181.75,306598.25,100535.0,55413.75,17676.25,25709.25,1133221.0,1167134.8,33913.75,725005.5,1148631.25,546517.0,0.47579847753576265,0.6397741482023366,488256.25,15410.25
2022-10-16,99060.0,32442.0,98122.75,297456.0,123890.0,2633.0,95694.25,260699.25,84646.25,52564.25,25524.75,24850.0,1080666.2,1148425.5,67759.25,561197.5,1197582.5,653603.75,0.5457692893808986,0.5193069793429276,422759.75,116916.30000000005
2022-10-17,101676.25,30988.5,86919.0,294559.0,136435.5,2629.75,95141.5,311795.0,134317.25,101022.75,31585.0,25994.75,1301724.2,1344217.2,42493.0,783810.75,1353064.25,653208.0,0.48276199744394993,0.6021327328784393,573129.75,51340.05000000005
2022-10-18,102053.5,31500.0,90822.5,131897.5,88054.5,2801.25,96181.0,279046.75,220893.5,131894.75,36059.0,26301.75,1353053.2,1391506.8,38453.5,1042278.75,1237506.0,447129.25,0.3613148138271653,0.7703161634738384,658136.75,-115547.19999999995
2022-10-19,101768.75,30922.0,40901.75,152365.0,101724.5,2895.0,96671.25,284135.0,160483.25,135643.25,33956.25,27780.0,1332021.8,1368744.0,36722.25,1037030.5,1169246.0,430577.0,0.36825184777198294,0.7785386845770842,608041.5,-162775.80000000005
2022-10-20,101512.75,29923.75,118495.0,429139.0,108661.0,3019.75,96613.0,265626.0,120667.25,89881.5,31264.75,27630.25,1368212.8,1407391.5,39178.75,711917.75,1422434.0,790751.25,0.5559141935583655,0.5203267722681735,503805.0,54221.19999999995
2022-10-21,105328.5,32247.5,26300.25,240240.0,51655.0,3130.25,67460.75,301491.75,128490.75,122192.75,31914.0,30898.5,1321604.0,1353542.5,31938.5,1003408.75,1141350.0,458901.5,0.4020690410478819,0.7592355577010965,583073.75,-180254.0
2022-10-22,104648.5,31660.0,50923.5,210217.25,101807.5,3147.25,63187.0,262672.5,56212.75,81673.75,19740.0,31117.75,1120463.2,1165145.0,44681.75,757515.0,1017007.75,502404.0,0.49400213518530217,0.6760730740643691,431676.75,-103455.44999999995
2022-10-23,103671.5,31567.25,61833.75,260710.25,99175.5,2954.75,63171.5,246736.25,42010.0,63003.75,12987.25,30853.0,1042224.75,1077524.0,35299.25,620505.25,1018674.75,559913.0,0.549648452560545,0.5953660666761176,382603.0,-23550.0
2022-10-24,103545.75,31264.0,117062.5,607372.75,56479.25,2813.5,62988.5,203954.25,77569.5,80458.25,22159.5,30765.25,1338805.5,1392008.0,53202.5,557891.0,1396433.0,918537.75,0.6577743078257245,0.4167080281639118,392747.25,57627.5
2022-10-25,103739.5,43067.25,101347.25,346169.25,99344.25,3029.25,63240.25,256476.0,64170.25,120777.5,33226.0,31145.5,1346605.2,1388018.8,41413.5,799744.5,1265732.25,696696.75,0.5504298006154145,0.5938967857839849,472569.25,-80872.94999999995
2022-10-26,103644.75,40744.25,69340.75,191277.0,99580.25,2908.25,63238.0,327264.25,60726.25,130566.5,24445.25,30718.5,1330106.5,1360284.2,30177.75,969908.5,1144454.0,507495.25,0.44343874895801844,0.7291961207617585,549275.5,-185652.5
2022-10-27,103879.25,41959.75,96386.25,253040.5,133432.75,2922.75,63001.5,323275.25,58391.0,88881.5,30778.25,29606.0,1333895.5,1363220.8,29325.25,851036.0,1225554.75,631621.25,0.5153757920647772,0.6380079998770518,500153.75,-108340.75
2022-10-28,104319.75,41122.75,72372.75,353132.5,104952.0,3026.5,62732.5,311822.75,50628.0,82381.25,24332.0,30085.0,1313328.0,1344891.5,31563.5,782870.75,1240907.75,678926.25,0.5471206461560096,0.5960969003935042,474917.0,-72420.25
2022-10-29,104363.75,36447.0,33816.0,148808.25,90599.5,3191.25,67147.25,271449.25,45480.25,80937.5,20633.75,30074.75,1119961.2,1145695.2,25734.0,846737.5,932948.5,417225.75,0.447211984369984,0.7560418164486413,427941.75,-187012.69999999995
2022-10-30,108601.25,38037.0,32287.5,144253.0,123693.25,3502.75,78095.5,293823.0,42445.5,73148.0,28241.5,24736.5,1054426.2,1097981.5,43555.25,754192.5,990864.75,450374.75,0.45452696747966864,0.7152634295316258,434153.0,-63561.44999999995
2022-10-31,105114.75,37916.0,47730.5,136652.25,89463.5,3681.5,91396.5,294906.75,57190.0,125098.5,35875.5,31843.5,1140227.0,1157050.0,16823.0,866380.75,1056869.25,420558.5,0.3979285990201721,0.7598318141913847,509038.75,-83357.75
2022-11-01,103428.0,33982.0,134888.5,471303.75,76286.0,3537.0,93806.75,216964.75,56970.0,59182.0,25708.25,31268.25,1175601.0,1229974.2,54373.25,493122.75,1307325.25,823425.25,0.6298549270734272,0.419464384599877,364385.0,131724.25
2022-11-02,104262.75,30565.5,128439.75,556430.5,94200.5,3572.25,96209.5,224798.25,75798.75,80618.75,33452.25,30062.0,1363059.5,1418803.5,55744.0,583988.75,1458410.75,917471.25,0.629089747178564,0.42843966092455976,411277.75,95351.25
2022-11-03,106425.25,32566.25,129970.75,485934.75,75109.0,3658.0,96246.0,293150.5,59553.0,93848.0,26145.75,32665.25,1403097.0,1442329.2,39232.25,712082.5,1435272.5,833664.0,0.5808402237205826,0.5075076776587791,479216.75,32175.5
2022-11-04,106990.5,37845.5,116367.0,261058.75,40479.5,3855.0,96460.25,326148.75,153900.75,115247.0,41211.0,32191.5,1345107.8,1376279.8,31172.0,927202.5,1331755.5,566596.25,0.42545065516906067,0.6893146408042538,627488.0,-13352.300000000047
2022-11-05,106032.0,33401.0,95078.25,264794.75,74870.0,3715.75,96630.5,290166.75,98555.0,69967.5,17742.25,31387.75,1169549.8,1183981.0,14431.25,734806.75,1182341.5,577891.75,0.4887688962960363,0.6282817114756464,490077.0,12791.699999999953
2022-11-06,103635.75,30195.75,109283.5,506451.75,92693.0,3522.25,96412.5,132268.0,113274.0,50915.0,27814.75,30861.75,1132711.5,1198591.8,65880.25,424283.25,1297328.0,845782.0,0.6519415290504791,0.374573092972041,327318.75,164616.5
2022-11-07,105126.0,29890.75,112221.75,589195.5,66364.0,3686.25,95624.5,223247.75,115275.5,74601.25,38956.25,31878.25,1388652.0,1438706.2,50054.25,620870.75,1486067.75,906484.25,0.6099885082628299,0.4471031979214375,445002.75,97415.75
2022-11-08,104880.0,30277.75,118139.75,529766.0,97589.75,3879.5,95833.25,245356.75,114791.75,80530.25,34975.25,30312.5,1396295.0,1440496.8,44201.75,650799.5,1486332.5,884532.75,0.5951109526300474,0.46609026029599765,470991.25,90037.5
2022-11-09,105166.0,31268.5,121145.25,551441.5,54832.0,3793.25,95359.25,274919.75,121409.0,76858.25,34183.5,30113.25,1396327.8,1448549.5,52221.75,668909.0,1500489.5,867646.5,0.578242300262681,0.4790486875646249,503300.25,104161.69999999995
2022-11-10,105250.0,33668.25,141422.0,457779.0,88964.5,3766.5,95348.0,294493.5,134589.0,68884.75,34018.0,30563.0,1403915.0,1454807.5,50892.5,715749.5,1488746.5,830850.25,0.5580871222871053,0.5098239565785678,528530.25,84831.5
2022-11-11,106555.5,33106.5,143480.0,364241.0,70019.25,3839.5,95904.25,314755.75,141144.0,78305.25,33285.0,29416.5,1380103.8,1419734.2,39630.5,802363.5,1414052.5,721241.75,0.5100530213694329,0.5813790962679763,563621.5,33948.69999999995
2022-11-12,107836.75,36709.5,35759.0,95677.5,68514.25,4076.25,96055.25,356344.25,170684.0,80362.25,31257.0,28887.0,1155306.5,1179134.8,23828.25,955355.75,1112163.0,348573.25,0.31341921103291515,0.8269283951920984,636277.5,-43143.5
2022-11-13,106370.0,30238.25,42773.0,234703.0,91202.5,4162.0,95774.25,338564.5,168574.75,80063.0,16927.5,27427.5,1076847.8,1117047.2,40199.5,708169.25,1236780.25,509448.75,0.4119153341913408,0.657631700598729,614629.75,159932.44999999995
2022-11-14,106256.25,30852.75,104727.5,351360.25,74710.25,3954.75,95598.75,364294.5,204587.5,115454.75,36706.0,23732.75,1368700.0,1408148.5,39448.5,837902.0,1512236.0,671861.75,0.444283663396454,0.6121882077884123,708069.5,143536.0
2022-11-15,106145.5,33323.75,93532.5,288379.0,81998.0,3755.25,95038.5,364050.25,253436.5,82095.25,38804.25,23781.25,1377514.0,1420954.2,43440.25,913604.5,1464340.0,607134.0,0.4146127265525766,0.663227016204554,723363.25,86826.0
2022-11-16,103888.25,33532.5,116094.25,433659.0,35342.75,4004.25,94838.5,348822.0,197108.0,87290.75,36475.75,23828.0,1417584.0,1463489.0,45905.0,832488.0,1514884.0,726521.0,0.47958853615194297,0.5872583212000135,657048.75,97300.0
2022-11-17,99443.25,30419.25,73471.5,683082.5,28756.0,3960.75,94563.25,258940.5,196660.0,83273.75,31699.5,27259.5,1431513.0,1489128.5,57615.5,646203.0,1611529.75,919133.25,0.5703482979448564,0.4514125963229115,566133.75,180016.75
2022-11-18,102562.5,31466.0,119617.5,326325.0,27414.75,4129.0,94635.25,349143.75,258345.5,104833.5,43083.75,30411.5,1398463.0,1444687.0,46224.0,925105.75,1491968.0,611514.75,0.4098712237795985,0.6615160715728625,742734.25,93505.0
2022-11-19,102275.75,32905.5,64562.5,143426.25,42167.0,4242.75,94931.75,342849.5,277347.0,103028.25,34988.25,29769.25,1209318.5,1249237.0,39918.5,959162.75,1272493.75,389579.75,0.3061545488926763,0.7931432042096437,752994.0,63175.25
2022-11-20,101120.5,29039.5,21148.5,144836.0,36248.0,4134.0,94549.5,340879.75,264456.0,94450.25,18854.25,29784.0,1122340.2,1175984.5,53644.25,920107.75,1179500.25,336526.5,0.2853127839523561,0.8198118092891977,729570.0,57160.05000000005
2022-11-21,102690.5,34452.25,48524.5,214934.0,45974.0,4354.5,94288.25,352259.25,248365.25,142725.25,50349.5,34023.75,1386775.8,1427531.8,40756.0,1077343.2,1372941.0,450929.75,0.3284407341611912,0.7768690512193823,777373.5,-13834.800000000047
2022-11-22,103047.5,35511.25,145310.5,367240.0,29744.0,4427.0,93738.25,338842.25,221565.75,125289.5,40902.0,35080.25,1447658.0,1491326.5,43668.5,905363.5,1540698.25,685280.25,0.4447855055329621,0.6253987474942286,720777.75,93040.25
2022-11-23,105036.25,33570.25,119370.0,349709.25,65835.25,4312.25,93457.5,346217.5,244363.0,119097.0,30517.5,36203.5,1422852.2,1474134.2,51282.0,887937.75,1547689.25,677833.25,0.4379646947861142,0.6240548034433935,745881.0,124837.05000000005
2022-11-24,103724.75,35775.75,93508.0,271962.5,36352.0,4276.75,93037.75,352494.25,247281.25,130981.75,41436.75,35417.5,1413666.0,1462478.5,48812.5,1011843.5,1446249.0,545599.75,0.3772516005196892,0.7157585313645515,766174.75,32583.0
2022-11-25,105584.75,33608.75,85775.5,237329.0,41660.25,4243.75,93053.5,309191.0,315428.5,138650.5,32072.5,34207.0,1382755.8,1424547.8,41792.0,1017991.0,1430805.0,508202.0,0.35518606658489454,0.736204469364728,797477.0,48049.19999999995
2022-11-26,105079.75,33960.75,54974.25,154520.5,36658.25,3645.75,92812.75,322560.75,331617.75,106858.25,27178.0,32677.0,1177145.2,1205824.8,28679.5,930992.25,1302543.75,388839.25,0.2985229862720542,0.790889900413305,793713.75,125398.55000000005
2022-11-27,103199.0,28589.0,111030.5,311367.0,46451.0,3615.5,92824.5,296428.75,215230.75,91566.25,18107.0,31214.0,1140142.5,1196537.0,56394.5,671294.0,1349623.25,604252.0,0.44771902084526183,0.5887807883663665,634439.75,209480.75
2022-11-28,104488.5,30587.25,82630.5,299498.75,20566.0,3992.5,89451.75,332153.25,296864.5,160618.75,45357.5,36516.75,1437402.0,1482247.0,44845.0,1034706.75,1502726.0,541763.5,0.36052048077959653,0.7198450746555244,826153.25,65324.0
2022-11-29,104665.25,34575.5,27989.75,74419.25,14120.5,4696.25,92192.25,351269.25,353412.25,209767.5,40712.0,32703.25,1427959.5,1469834.8,41875.25,1311430.0,1340523.0,260466.5,0.19430214923578334,0.9183943942387722,947152.25,-87436.5
2022-11-30,104421.0,38364.25,27659.5,62044.25,16809.75,4681.5,92118.5,362878.25,364124.25,233284.25,38547.5,35137.0,1426247.2,1474535.5,48288.25,1319733.8,1380070.0,253980.25,0.1840343243458665,0.925319117190905,995423.75,-46177.19999999995
2022-12-01,102343.0,32983.5,35212.25,66338.5,15538.0,4589.0,89876.75,366651.0,362199.75,232063.25,44683.75,37290.0,1436737.0,1476426.5,39689.5,1319648.2,1389768.75,257004.25,0.18492590943637205,0.9185036649017878,998204.0,-46968.25
2022-12-02,103648.0,30981.25,105185.0,193953.25,7597.25,4926.5,90357.0,346143.25,347006.5,197871.75,26863.75,36899.75,1451517.0,1482306.2,30789.25,1144781.5,1491433.25,446291.25,0.2992364894640776,0.7886793609720038,927921.25,39916.25
2022-12-03,104058.5,26806.25,129350.25,157724.25,7673.75,4961.25,87105.0,305452.75,311916.25,178337.0,24772.0,35613.0,1262276.2,1290228.2,27952.0,967528.0,1373770.25,430574.25,0.3134252252150605,0.7664946863451914,831319.0,111494.05000000005
2022-12-04,102380.5,23993.75,119626.25,183220.25,10088.25,4958.25,86333.5,299595.75,284669.25,157092.75,14430.25,35798.75,1190715.8,1234564.2,43848.5,877781.0,1322187.5,444267.25,0.3360092649491846,0.7371876647643375,777156.5,131471.69999999995
2022-12-05,102851.25,26912.0,113125.5,127794.75,8357.25,4673.5,89683.5,365389.5,313619.25,203102.25,40536.75,38167.5,1442363.2,1481882.0,39518.75,1193085.8,1434213.0,383714.25,0.26754341928290987,0.8271743205872142,920278.5,-8150.199999999953
2022-12-06,102547.75,29971.75,52471.0,101139.25,13839.25,4885.5,89853.5,362946.5,342966.5,217609.25,36958.75,36015.0,1444671.5,1485701.2,41029.75,1277222.0,1391204.0,304854.5,0.21912997662456404,0.8840916429790441,959537.25,-53467.5
2022-12-07,101764.5,27574.0,93624.5,297882.0,27387.5,4957.25,86327.0,345837.5,319389.5,199337.5,26317.75,42404.25,1461929.8,1509272.8,47343.0,1043035.75,1572803.25,553189.75,0.3517221559657891,0.7134650035863555,906968.75,110873.44999999995
2022-12-08,101610.5,26290.75,28925.75,161336.75,25677.0,4958.75,88823.25,359830.0,357510.25,216140.25,39851.0,38847.5,1457247.2,1499344.2,42097.0,1241307.8,1449801.75,348799.5,0.24058427298766882,0.8518169051894559,972328.0,-7445.449999999953
2022-12-09,104835.25,29685.25,53850.25,55260.75,20414.5,4997.25,87784.5,349620.75,329936.0,229583.75,41031.5,39053.5,1442724.0,1484992.8,42268.75,1313198.5,1346053.25,269043.25,0.1998756364207731,0.9102215669802401,948194.0,-96670.75
2022-12-10,108696.0,26029.0,44743.25,35812.0,14255.75,4975.0,89497.0,323901.75,332786.0,208867.5,17516.75,34651.5,1258524.2,1305787.0,47262.75,1163713.2,1241731.5,234511.0,0.1888580582839366,0.9246649369157939,900206.75,-16792.699999999953
2022-12-11,107694.25,24067.0,50678.75,32991.25,11666.5,5015.25,90027.75,333878.25,327604.75,195852.25,21726.25,34556.25,1214777.2,1253138.5,38361.25,1119440.8,1235758.5,232113.0,0.18783038919012088,0.9215194358274094,891891.5,20981.300000000047
2022-12-12,107941.5,28967.75,40154.0,72580.25,24783.25,4907.75,89764.25,367831.25,347047.0,242633.5,46961.75,38269.0,1469938.5,1510120.8,40182.25,1332421.0,1411841.25,279334.5,0.19785121025469402,0.9064467663102912,995780.75,-58097.25
2022-12-13,107219.5,31336.0,70908.75,148397.5,33148.0,4767.75,89521.25,369029.75,346301.5,242608.0,48996.0,37180.25,1515409.8,1568624.0,53214.25,1262955.5,1529414.25,395777.5,0.2587771756409357,0.8334085605095071,995119.5,14004.449999999953
2022-12-14,108674.75,30671.5,71296.5,157727.0,15475.5,4310.5,89238.25,374847.0,335207.75,240495.25,53725.0,38026.0,1525619.2,1580428.8,54809.5,1281120.2,1519695.0,388155.75,0.2554168764127012,0.8397378585691633,988576.0,-5924.199999999953
2022-12-15,109385.75,32896.75,81169.0,163520.75,20089.25,3818.25,88960.0,353631.5,302762.5,241820.75,42633.5,37046.5,1513803.0,1563020.5,49217.5,1249024.0,1477734.5,410879.75,0.2780470713785189,0.8250901867680273,935261.25,-36068.5
2022-12-16,110054.5,32705.25,32108.25,73165.5,16725.0,3654.0,88721.0,358040.25,307755.0,242100.5,50349.0,34847.0,1476595.5,1519370.0,42774.5,1354596.8,1350225.25,268412.5,0.19879090544336955,0.9173783883263901,942742.75,-126370.25
2022-12-17,109420.75,29535.5,110846.25,77106.25,16103.75,3674.0,88545.0,348192.0,279054.5,188394.75,23892.0,32745.5,1326706.0,1349293.5,22587.5,1122649.8,1307510.25,346686.5,0.26515012023806317,0.846193354066387,848386.75,-19195.75
2022-12-18,108648.75,25498.75,114040.75,324871.75,16730.0,3691.75,88111.75,298723.0,236190.5,151021.0,16234.5,31377.0,1271301.5,1296346.5,25045.0,815659.0,1415139.5,593481.75,0.4193803861739426,0.6415936738845978,717311.5,143838.0
2022-12-19,108390.0,25291.0,135266.5,589548.0,6472.25,3584.5,87742.75,274107.25,179408.75,154226.0,26209.5,31591.75,1478693.8,1530021.2,51327.5,747407.0,1621838.25,868552.25,0.5355356799606866,0.5054508242341991,639333.75,143144.44999999995
2022-12-20,107220.25,26008.25,112258.25,597710.5,11769.0,3532.25,87309.0,259379.5,180328.0,130959.0,38801.75,31015.0,1434496.2,1481028.2,46532.0,712758.5,1586290.75,858498.5,0.5411987052184475,0.49687026009549556,601681.5,151794.55000000005
2022-12-21,107478.75,26182.75,93099.25,366842.5,14279.0,3809.0,86974.25,299795.5,211378.0,122647.5,24446.75,31184.25,1354708.2,1389895.5,35187.25,880487.5,1388117.5,611691.25,0.4406624439213539,0.6499462393451224,665005.25,33409.30000000005
2022-12-22,108323.75,27797.5,99398.25,425638.5,18517.0,4192.75,86476.25,304320.0,172016.25,101304.75,19715.0,33605.5,1337994.8,1380693.8,42699.0,794441.0,1401305.5,683867.75,0.48802188387899714,0.5937549234122583,611246.5,63310.69999999995
2022-12-23,109298.5,33734.25,37453.75,288247.25,12089.75,4408.0,85968.5,305345.5,170916.75,111068.25,39604.75,34234.25,1226160.5,1261701.8,35541.25,888369.75,1232369.5,485231.5,0.3937386473780794,0.7245134303380348,621564.75,6209.0
2022-12-24,106908.75,41159.75,50451.25,387944.75,27502.75,4021.0,85741.0,279750.5,73732.75,81055.75,42230.5,32800.75,1049326.0,1100434.0,51108.0,583427.25,1213299.5,617988.25,0.5093451781691165,0.5560019002674097,467339.75,163973.5
2022-12-25,106435.5,37255.5,77995.0,298098.0,36443.5,3429.25,85670.25,197666.25,59617.0,66014.25,31144.75,31517.25,1003558.25,1050526.2,46968.0,591021.75,1031286.5,559656.75,0.542678247024469,0.5889262033369762,354814.75,27728.25
2022-12-26,104963.25,34018.75,115326.75,603012.75,15213.75,3380.25,85186.25,126343.0,86764.75,60606.0,19476.5,31180.75,1047961.75,1106914.5,58952.75,314408.5,1285472.75,875915.5,0.6813956188491743,0.30001906081018703,304894.5,237511.0
2022-12-27,106220.0,36089.75,137652.5,571027.5,49176.0,3351.0,85404.25,156293.75,102035.25,72947.0,41126.0,30893.5,1194002.8,1242378.5,48375.75,436146.75,1392216.5,903516.75,0.6489771885335363,0.3652811785701005,362169.5,198213.69999999995
2022-12-28,105403.75,35106.75,142179.25,709156.25,30597.25,3322.75,84808.25,120110.25,69525.75,66394.25,35899.75,25890.25,1210004.8,1274826.2,64821.5,328072.0,1428394.5,1025766.0,0.7181251397985641,0.2711328087293538,281920.5,218389.69999999995
2022-12-29,103462.75,32465.75,107179.75,749820.75,30969.0,3252.0,84068.75,118496.75,87900.25,60681.0,41149.75,30187.5,1181342.2,1230963.5,49621.25,293372.75,1449634.0,1027150.0,0.7085581601976775,0.2483385000552761,297265.5,268291.80000000005
2022-12-30,103439.75,31811.25,121809.75,668891.0,48324.0,3337.75,83458.5,113228.0,82357.5,56432.75,27591.75,30076.75,1164400.5,1203169.5,38769.0,325375.75,1370758.75,977613.5,0.7131915079878206,0.2794362850239243,282095.0,206358.25
2022-12-31,102889.75,30405.0,99311.25,686188.75,33698.5,3054.0,80582.75,91227.0,54711.5,51097.0,19166.25,29791.25,1067390.8,1116439.8,49049.0,248192.25,1282123.0,955547.25,0.74528516374794,0.23252238074377257,226826.75,214732.19999999995
2023-01-01,100293.25,29731.75,108998.25,566387.75,42147.75,2819.0,59036.5,97752.0,49896.5,35431.75,18599.5,43854.5,987276.25,1030749.25,43473.0,269742.5,1154948.5,850377.75,0.7362906224823011,0.2732188685790831,226934.75,167672.25
2023-01-02,104031.25,29916.25,85465.25,581304.0,32404.25,2993.0,59035.75,256484.25,76830.5,53181.25,26442.0,44666.0,1243093.2,1276573.0,33479.75,543919.75,1352753.75,836114.0,0.6180829289883691,0.43755347547553153,431162.0,109660.55000000005
2023-01-03,106262.75,32115.5,101895.5,329554.5,43750.75,3434.25,59058.0,316322.0,159465.0,77043.75,45942.0,44118.25,1294132.5,1323734.2,29601.75,818931.75,1318962.25,617013.25,0.467802054228618,0.6328036348673726,596949.0,24829.75
2023-01-04,105394.75,31309.5,124654.0,962063.75,12822.75,2894.25,58430.5,121924.75,125344.0,52163.0,24336.5,35332.0,1400035.5,1461191.5,61156.0,300495.0,1656669.75,1239139.0,0.7479698352674092,0.21463384321326137,334763.75,256634.25
2023-01-05,108025.25,31922.25,61968.75,637492.5,22007.5,3290.5,58084.25,210936.75,159067.75,80342.75,47440.5,35550.75,1335106.8,1377969.2,42862.5,613638.0,1456129.5,864706.75,0.5938391811991997,0.45961716321121276,485898.0,121022.69999999995
2023-01-06,108791.25,29615.5,134245.5,516810.75,28575.5,3515.5,58026.5,244328.75,112201.25,70047.75,24946.25,42160.25,1276183.2,1317862.0,41678.75,596551.5,1373264.75,821554.0,0.5982488081777385,0.4674497360567041,468738.0,97081.55000000005
2023-01-07,108349.5,28500.25,140286.75,445605.25,44962.75,3015.25,57812.25,171397.0,55414.5,50984.0,23822.0,41409.0,1153712.5,1187894.0,34181.5,522857.75,1171558.5,770719.75,0.6578585277645119,0.4531958785225955,319204.5,17846.0
2023-01-08,107868.25,29318.0,148974.25,474627.25,22691.25,3134.25,57922.25,159628.75,54708.75,51265.0,33600.0,42968.5,1123149.0,1179123.8,55974.75,476856.25,1186706.5,786613.25,0.6628540839710577,0.42457078268333054,308571.0,63557.5
2023-01-09,109332.0,32982.25,95994.25,446041.5,25121.0,3209.0,57592.5,299406.5,145708.25,82391.5,46312.25,44477.75,1386812.8,1431688.8,44876.0,819656.0,1388568.75,712680.0,0.5132479036417894,0.5910357908435803,571984.0,1755.9499999999534
2023-01-10,108303.0,35332.0,94434.25,510837.0,28160.25,3296.25,57408.5,337982.75,165357.5,85099.75,32489.0,43556.75,1437926.8,1481545.0,43618.25,804495.25,1502257.0,780362.75,0.5194602188573593,0.5594827567022188,631996.75,64330.19999999995
2023-01-11,107132.75,34590.25,116704.75,694999.75,18232.5,3142.5,56946.0,254808.25,145064.0,72697.0,39751.5,41939.5,1463759.0,1510780.5,47021.5,633822.0,1586008.75,974802.5,0.6146261803410605,0.4330098055759179,514508.75,122249.75
2023-01-12,107286.5,34752.0,115519.5,954111.75,18134.5,2933.25,56438.25,155098.75,118406.0,60672.75,39354.0,43934.0,1495196.5,1540988.8,45792.25,407430.75,1706641.25,1232737.5,0.7223178860817996,0.27249311378136587,378111.5,211444.75
2023-01-13,107973.25,35965.5,102890.0,935310.25,34885.0,2974.25,55599.75,115765.0,110765.25,75178.5,41512.75,42588.5,1453933.0,1498939.2,45006.25,380847.75,1661408.0,1219998.25,0.7343158634122383,0.26194312255103913,344297.25,207475.0
2023-01-14,107026.0,32233.0,141148.25,847623.25,29056.5,2802.75,56244.0,99367.0,76787.75,54196.5,20527.75,40845.0,1272512.2,1307514.5,35002.25,254684.25,1507857.75,1159889.75,0.7692302208215596,0.20014287485809568,271196.25,235345.55000000005
2023-01-15,105340.25,30120.75,110560.5,890098.5,24156.5,2848.25,55959.0,102250.5,84399.0,54677.0,11276.5,40432.0,1222049.8,1280433.5,58383.75,197234.25,1512118.75,1163124.75,0.7692019889310941,0.16139624588130533,281758.5,290068.94999999995
2023-01-16,109018.25,32280.0,80227.75,607532.75,49393.5,3335.0,55813.0,267371.75,181515.5,107125.5,40000.75,41274.5,1450468.5,1462706.0,12237.5,713314.5,1574888.25,881787.25,0.559904647202746,0.4917821379781774,597287.25,124419.75
2023-01-17,109476.5,34647.5,119994.5,434913.25,58172.5,3442.5,55464.0,310183.25,236890.5,138856.25,38777.5,44503.25,1481387.8,1525443.0,44055.25,868307.5,1585321.5,760646.75,0.47980598887985815,0.5861446273555108,730433.25,103933.69999999995
2023-01-18,110477.0,34857.75,113173.0,256158.25,32823.0,3633.5,54976.5,328897.75,287041.0,178867.0,25077.25,39694.5,1466745.0,1490564.0,23819.0,1064590.8,1465676.5,551122.5,0.37601919659624755,0.7258185983248622,834500.25,-1068.5
2023-01-19,109869.75,36370.75,102319.5,414230.0,35169.0,3689.25,61295.25,309828.0,296790.5,183056.0,25614.5,42195.5,1504152.2,1548953.5,44801.25,952433.75,1620428.0,701648.25,0.4330018056957791,0.6332030428835593,831870.0,116275.80000000005
2023-01-20,111295.75,41626.25,23432.25,87588.0,23860.75,3738.0,65758.5,346840.75,336325.25,212765.75,44525.25,42049.0,1442666.0,1462941.0,20275.0,1307785.0,1339805.5,291541.0,0.2175994948520513,0.9065057331357362,937980.75,-102860.5
2023-01-21,110174.25,33323.5,33367.75,305315.25,16202.5,3611.5,64069.75,330043.25,301338.5,152602.0,8584.5,44518.25,1298176.0,1327320.5,29144.5,943290.5,1403151.0,501994.75,0.35776245749744684,0.7266275913281404,828502.0,104975.0
2023-01-22,109942.5,31468.5,45455.0,224778.75,7429.0,3596.75,50292.0,343328.0,286846.5,164215.0,24781.75,44953.0,1215139.5,1257543.2,42403.75,937476.75,1337086.75,422670.5,0.3161129971559437,0.7714972231583287,839342.5,121947.25
2023-01-23,110619.75,40970.5,9119.75,118188.25,13367.5,3530.25,51530.75,372852.0,330810.25,227578.5,46423.25,45672.5,1436044.8,1466793.2,30748.5,1295369.2,1370663.25,295796.0,0.2158050126462499,0.9020395463985524,976913.25,-65381.55000000005
2023-01-24,111295.25,43442.25,6611.5,82611.25,12763.5,3422.0,51245.25,372087.5,348410.75,223759.75,48516.0,47880.0,1433834.5,1475657.5,41823.0,1331848.2,1352045.0,260145.75,0.1924090914133775,0.9288716375564962,992138.0,-81789.5
2023-01-25,112541.0,42635.75,67019.5,40610.25,7633.5,3747.5,51269.0,372388.25,357304.0,242595.75,42449.25,42497.25,1453478.5,1485922.2,32443.75,1338215.2,1382691.0,274187.5,0.1982999093796083,0.9206983109829282,1014785.25,-70787.5
2023-01-26,112205.25,39112.25,94776.75,56816.5,10759.5,4194.5,51188.25,382389.75,332654.25,227152.75,30292.25,44894.0,1494557.2,1524120.8,29563.5,1332204.5,1386436.0,317864.75,0.22926752479018145,0.8913707016365784,987090.75,-108121.19999999995
2023-01-27,112328.5,32676.75,42336.0,173262.5,17263.75,4481.0,51095.75,379168.75,308009.5,218898.5,32324.25,43826.75,1465370.2,1495000.8,29630.5,1232508.0,1415672.0,382348.5,0.2700826886453924,0.8410898488313738,949903.5,-49698.19999999995
2023-01-28,112260.25,30064.5,40996.25,83149.25,24544.5,4576.75,50919.75,367357.25,272584.25,201232.5,14498.0,42025.25,1262141.0,1275250.5,13109.5,1113451.0,1244208.5,295591.5,0.23757392752099024,0.8821922431804371,883199.25,-17932.5
2023-01-29,109382.0,27093.5,100667.75,411609.25,30793.5,4460.0,50850.25,227290.25,130548.0,155534.75,15861.5,43934.0,1220881.0,1237805.5,16924.5,677810.5,1308024.75,684006.0,0.5229304720724894,0.5551814632220503,557307.0,87143.75
2023-01-30,106652.5,31989.0,88238.25,775428.25,30933.0,3629.75,50683.5,188978.5,126354.0,140591.25,28326.75,45119.5,1496266.0,1526067.8,29801.75,601666.5,1616924.25,1036870.75,0.6412611784380128,0.40211199078238763,501043.25,120658.25
2023-01-31,107939.75,28958.0,79062.75,777985.75,26033.75,3800.5,50602.5,177509.5,138930.25,159607.25,27701.25,45876.5,1486766.5,1518498.2,31731.75,603684.25,1624007.75,1023780.5,0.6304037034306025,0.40603837253529723,521923.5,137241.25
2023-02-01,107463.5,27722.0,75727.25,916869.75,25795.25,4165.0,49683.25,164463.0,126330.0,174315.25,24865.5,46883.0,1490719.0,1531629.0,40910.0,472326.75,1744282.75,1157742.75,0.6637357102797697,0.3168449251669832,511991.25,253563.75
2023-02-02,110891.25,29070.5,79874.75,581029.5,29839.5,4288.0,50516.25,267970.75,205312.0,189932.75,31803.5,45293.5,1492826.0,1531566.0,38740.0,802082.25,1625822.25,834993.5,0.5135822812118607,0.5372911846390671,708509.0,132996.25
2023-02-03,107570.0,29133.0,63145.5,912682.25,21445.5,3748.5,50330.0,201740.75,182225.75,147513.25,8647.75,48383.75,1474663.2,1526273.2,51610.0,477390.0,1776566.0,1137724.75,0.6404066890844472,0.3237281570463005,579863.5,301902.80000000005
2023-02-04,110568.0,30826.75,33269.25,167648.75,75589.75,3747.5,50500.5,292137.0,216120.25,160447.75,37995.5,42893.25,1236956.0,1252331.8,15375.75,960448.25,1221744.25,421650.0,0.3451213296072398,0.7764611271540782,711598.25,-15211.75
2023-02-05,107910.75,27949.75,96784.5,180825.5,44758.5,3775.5,55759.25,295560.5,186850.25,131630.25,10369.75,37898.5,1182093.0,1234741.5,52648.5,859724.5,1180073.0,462004.5,0.39150501706250374,0.7272900693938632,651939.5,-2020.0
2023-02-06,110186.25,31014.25,11052.25,108397.75,48802.0,3706.75,62171.25,346509.5,276679.0,279429.75,36409.75,45421.25,1418291.5,1436392.2,18100.75,1250039.5,1359779.75,313159.25,0.2303014513931392,0.8813699440488785,948039.5,-58511.75
2023-02-07,111147.25,34200.5,33471.25,100627.25,131770.0,3565.5,67224.75,328857.5,302945.25,292430.5,40351.75,47511.0,1445138.2,1490816.0,45677.75,1179269.8,1494102.5,414781.75,0.2776126470573471,0.8160256230165392,971744.25,48964.30000000005
2023-02-08,111154.75,31700.75,59218.75,217199.25,149983.25,3500.25,71839.5,319818.75,306894.0,251342.75,26572.25,45741.0,1465662.2,1494713.2,29051.0,1039261.0,1594965.25,572757.0,0.3591031215256884,0.7090726635373417,923796.5,129303.05000000005
2023-02-09,110855.0,30129.0,110723.5,339808.25,137046.5,3836.0,73325.25,310651.0,246366.0,248686.25,34782.25,44144.0,1501707.8,1546713.8,45006.0,914129.5,1690353.0,732398.25,0.43328124362189435,0.6087266111290093,849847.25,188645.19999999995
2023-02-10,111100.75,29000.75,94767.0,419289.5,104123.0,4284.75,73656.25,299970.25,226725.0,226500.0,27829.75,46622.0,1470337.8,1500555.8,30218.0,852158.25,1663869.0,762565.75,0.4583087670964481,0.5795663078239571,799817.25,193531.19999999995
2023-02-11,108451.5,27518.75,77039.0,533720.75,50497.5,3980.75,73362.25,246333.5,201713.0,147060.25,10736.5,46229.5,1279144.0,1331384.8,52240.75,617886.75,1526643.25,801208.25,0.5248169472468437,0.4830470611596505,641336.25,247499.25
2023-02-12,109790.0,26551.25,29233.25,96908.25,55049.5,3929.75,73198.5,349729.0,264122.25,168984.75,12773.5,47001.5,1147581.8,1160803.0,13221.25,966390.75,1237271.5,321462.0,0.25981524669403605,0.8421105580447511,829837.5,89689.69999999995
2023-02-13,110215.5,29040.75,23339.5,79737.25,78466.5,4295.5,73119.5,356279.0,317942.5,276813.0,30104.25,48587.25,1387463.2,1419572.5,32109.25,1205920.0,1427940.5,325095.0,0.2276670491522581,0.8691545837035534,999621.75,40477.30000000005
2023-02-14,110799.75,29334.25,18051.25,60268.0,90286.75,4264.0,73097.75,372252.75,321280.0,287366.75,24429.5,48726.25,1394897.8,1422794.0,27896.25,1226291.8,1440157.0,313004.0,0.2173401927706493,0.8791266284884813,1029625.75,45259.19999999995
2023-02-15,111074.0,33028.25,34834.5,114508.75,107505.75,4410.0,73030.0,378638.0,314768.0,227861.75,27064.75,43379.5,1409345.2,1426684.2,17339.0,1152496.2,1470103.25,405361.25,0.2757365851684227,0.8177529536411661,964647.25,60758.05000000005
2023-02-16,110472.25,31851.0,70342.25,369982.75,104741.0,4318.75,72709.0,365327.25,260601.75,163408.0,25357.75,45766.75,1426645.5,1455107.5,28462.0,881579.5,1624878.5,691708.0,0.4256982906721949,0.6179387240908831,835103.75,198233.0
2023-02-17,106931.5,28140.0,72032.5,906551.0,35326.75,3270.25,71926.5,151057.25,153201.75,101308.0,13503.25,46437.75,1425232.5,1475069.8,49837.25,411322.25,1689686.5,1152252.0,0.6819324176407872,0.28860010559680616,452004.75,264454.0
2023-02-18,108353.25,26180.0,59903.5,704446.75,43489.25,2949.25,71609.5,160541.5,85031.5,85691.0,19607.5,46331.5,1228306.8,1259442.2,31135.5,420467.25,1414134.5,945322.0,0.668480968394449,0.3423145178387028,377595.5,185827.69999999995
2023-02-19,109086.0,27109.0,60097.5,386436.25,71054.25,2936.25,71907.0,198936.75,70087.5,104197.5,31840.75,40852.25,1127222.8,1143624.2,16401.5,609634.75,1174541.0,656719.25,0.5591284169730985,0.5408289736509942,414074.0,47318.19999999995
2023-02-20,106020.75,28268.75,85780.0,821170.75,108211.75,2923.25,71688.25,165323.25,127447.5,109973.5,20789.25,40324.75,1367854.2,1422844.5,54990.25,352691.75,1687921.75,1152375.25,0.6827184080067693,0.25784308736998435,443069.0,320067.55000000005
2023-02-21,110299.75,28227.0,51463.0,369666.0,105476.5,2943.25,71819.5,288196.75,202265.0,170171.5,27209.5,44370.5,1387315.5,1417148.0,29832.5,860710.0,1472108.25,668075.5,0.4538222647689122,0.6204140298295521,705003.75,84792.75
2023-02-22,111040.5,28787.25,26833.25,115995.25,114732.5,3587.75,71684.5,360542.75,268407.25,227558.25,21027.75,45955.75,1373354.5,1392533.8,19179.25,1115793.5,1396152.75,400976.5,0.2872010243864792,0.8124584730308162,902464.0,22798.25
2023-02-23,111008.75,31741.75,66165.25,126878.0,52835.0,4087.5,71534.25,375886.0,268292.75,237576.0,23054.25,48205.25,1384600.2,1395292.5,10692.25,1138722.0,1417264.75,392716.25,0.27709448781534995,0.8224193525322328,929960.0,32664.550000000047
2023-02-24,111437.5,29021.5,102439.75,508185.5,49015.75,4578.75,71479.5,289408.5,183416.75,180792.0,14310.5,50453.75,1398353.2,1418163.5,19810.25,738712.25,1594539.75,804678.75,0.5046464034527831,0.5282730071343921,704071.0,196186.55000000005
2023-02-25,108710.75,28603.5,108115.75,585942.5,76767.5,3912.75,71739.75,192439.0,117676.25,113755.0,20914.5,46251.75,1272120.8,1323168.5,51047.75,501295.0,1474829.0,912052.75,0.6184125413861539,0.39406241922936874,470122.0,202708.19999999995
2023-02-26,109354.75,27724.25,76695.0,333164.5,99283.5,4408.75,71783.5,233487.0,102332.25,129667.5,11442.25,49634.0,1173730.2,1214357.8,40627.5,664587.25,1248977.25,650630.75,0.5209308256015072,0.5662180712398812,515120.75,75247.05000000005
2023-02-27,109489.0,29807.25,11233.0,190701.5,123574.5,4699.25,71631.25,349113.0,245263.0,248852.0,27459.5,48066.5,1378024.0,1398646.5,20622.5,1052515.0,1459889.75,469504.5,0.32160271006766095,0.7637856815265917,891294.5,81865.75
2023-02-28,110385.5,30966.25,7738.75,157966.0,174022.75,4494.5,71548.5,353019.25,242012.75,252087.75,32673.75,46090.75,1398488.5,1424815.0,26326.5,1058761.0,1483006.5,485573.75,0.32742523380713434,0.7570752280050926,893210.5,84518.0
2023-03-01,110420.5,30803.25,7124.75,172587.25,187857.0,4480.25,71273.75,333902.0,231876.0,267971.0,25550.75,47647.75,1398177.2,1427655.0,29477.75,1030608.25,1491494.25,513273.0,0.3441334084928588,0.7371084652217187,881396.75,93317.05000000005
2023-03-02,111418.0,32317.75,18533.5,148571.5,165024.0,4583.25,71021.5,339722.0,234951.75,265694.75,33501.5,46542.5,1399827.0,1425263.2,25436.25,1067698.0,1471882.0,480448.0,0.3264174709657432,0.7627356809091409,886911.0,72055.0
2023-03-03,111722.0,36725.25,67647.5,144425.5,117668.25,4779.25,71042.5,314149.75,239405.25,258541.25,31589.75,51813.0,1384786.2,1411050.2,26264.0,1055045.0,1449509.25,482967.75,0.3331939758231967,0.761882953484083,863909.25,64723.05000000005
2023-03-04,109234.75,28173.0,89180.5,409156.5,77772.25,4677.5,70982.75,254279.0,145201.5,158110.0,21088.25,45024.25,1256040.0,1300455.5,44415.5,679930.75,1412880.25,718194.5,0.5083194417927492,0.541328898761186,602614.75,156840.25
2023-03-05,110331.75,27069.5,73974.25,256687.0,63595.75,4675.75,70867.25,275616.75,164633.25,179946.75,20682.0,45490.75,1152569.2,1190885.8,38316.5,758312.25,1293570.75,536334.0,0.41461512638562675,0.657932079045666,665687.5,141001.55000000005
2023-03-06,111756.75,30466.75,65157.0,202386.25,71016.5,4758.75,70715.25,328557.25,244196.75,281007.5,41674.25,46703.75,1388987.2,1413351.2,24364.0,1050427.5,1498396.75,485542.0,0.3240410125021961,0.756254269297802,900465.25,109409.55000000005
2023-03-07,105761.5,27997.5,83255.5,624304.75,89570.0,4651.5,70494.75,280638.0,168932.0,197774.25,19962.25,44288.25,1449583.0,1505626.5,56043.5,652452.75,1717630.25,935540.75,0.5446694653869772,0.45009685544049566,691632.5,268047.25
2023-03-08,108593.25,28291.75,22644.0,198475.25,45411.0,4533.0,70175.0,340613.75,247122.5,287762.75,39555.25,44091.25,1402036.8,1420349.8,18313.0,1135506.5,1437268.75,407948.25,0.2838357474898136,0.8098977858498436,919590.25,35231.94999999995
2023-03-09,110991.0,31340.5,15105.5,264731.0,72224.5,4743.75,69754.25,316853.5,205888.0,238789.0,31244.5,46616.5,1368911.5,1393636.0,24724.5,1016850.5,1408282.0,499136.25,0.3544291910285014,0.7428168292837046,808147.0,39370.5
2023-03-10,109852.5,30350.75,112802.5,506707.25,75512.75,4621.75,69726.5,256330.0,113442.0,178839.0,18154.0,45788.0,1384374.5,1408562.5,24188.0,689352.0,1522127.0,839847.5,0.5517591501891761,0.49795196314292123,594399.0,137752.5
2023-03-11,109897.25,30600.25,79695.25,383882.75,118190.0,4624.5,70099.0,199061.75,120969.0,134744.75,35656.75,47811.25,1228063.2,1269646.5,41583.25,646295.25,1335232.5,726890.0,0.5443920815288723,0.5262719785105523,502586.75,107169.30000000005
2023-03-12,109914.0,27260.25,87891.25,394573.0,82823.75,4117.25,69833.25,144059.5,75901.0,119958.25,20820.0,49639.25,1139675.0,1176660.0,36985.0,574387.0,1186790.75,706579.5,0.5953699083010211,0.5039919275231974,389558.0,47115.75
2023-03-13,107131.25,26895.0,106354.25,838786.75,101200.75,3327.5,68749.5,117832.25,101282.0,94454.0,34822.75,47287.5,1405788.5,1473587.2,67798.75,359446.75,1648123.5,1183695.5,0.7182080105040672,0.2556904897144912,360855.75,242335.0
2023-03-14,108142.75,34234.75,86815.5,759930.75,83101.5,3663.5,69020.5,155958.0,132309.5,108919.75,34523.75,46825.75,1421882.8,1468727.8,46845.0,492035.0,1623446.0,1075888.75,0.6627191480344896,0.34604469510426594,444013.0,201563.19999999995
2023-03-15,110484.0,38255.5,108016.5,307769.0,147130.0,4185.25,69489.5,276413.5,134809.0,181727.5,40774.0,47293.75,1420332.2,1460348.0,40015.75,857416.75,1466347.5,715840.25,0.4881791321634196,0.6036733871132401,640243.75,46015.30000000005
2023-03-16,107456.25,31787.0,117735.0,421479.25,207495.0,4102.25,69278.75,242707.75,97953.5,148746.0,21840.0,47943.75,1396940.5,1440799.0,43858.5,650231.25,1518524.5,890054.75,0.5861313070681441,0.4654681069093494,537351.0,121584.0
2023-03-17,107841.5,31418.0,86487.0,393892.5,177666.0,3975.75,68746.5,235646.0,107462.0,102231.25,38782.5,48461.5,1368880.5,1394671.0,25790.5,710835.0,1402610.5,801280.75,0.5712781631108566,0.5192819972232784,493800.75,33730.0
2023-03-18,109961.0,29617.0,23949.5,184358.0,186962.75,3541.75,68404.5,234148.75,75294.25,90976.0,25012.75,48103.0,1129007.5,1165701.5,36694.0,733737.25,1080329.25,538390.0,0.49835732949006056,0.6498958155725272,448522.0,-48678.25
2023-03-19,109406.25,29332.0,49070.0,119353.75,128573.75,3493.5,68328.0,258753.25,82561.5,106928.0,23458.75,47840.0,1046709.0,1085176.5,38467.5,749711.5,1027098.75,439229.25,0.42764072101148987,0.7162559030255783,496082.75,-19610.25
2023-03-20,108005.75,34464.25,52533.75,209936.5,85933.0,3721.75,68314.5,318712.75,125887.25,204910.75,33208.75,50065.25,1312900.2,1331168.5,18268.25,964497.0,1295694.25,494595.0,0.38172199961526415,0.734630857699618,699576.0,-17205.949999999953
2023-03-21,106813.0,33820.5,97340.0,193508.5,123070.75,3617.0,68150.25,317997.0,128555.75,199960.0,20438.25,45661.25,1343207.8,1360061.0,16853.25,929288.5,1338932.25,558169.75,0.416876768783484,0.6918426918009261,692174.0,-4275.550000000047
2023-03-22,106943.0,31412.75,115478.5,545406.0,175240.0,3206.0,67805.75,162029.75,118709.5,107961.25,33262.5,43869.25,1358624.8,1403689.5,45064.75,522500.25,1511324.25,977686.25,0.6469070088698703,0.3845802387826278,432569.75,152699.44999999995
2023-03-23,103995.75,30638.25,103276.25,616998.0,92439.0,3259.0,67561.25,145056.5,114172.25,106861.0,46398.5,44276.75,1370889.8,1419480.2,48590.5,558176.5,1474932.5,950606.25,0.6445083080073156,0.4071636538545987,410366.5,104042.69999999995
2023-03-24,103037.25,31116.0,97331.0,679330.75,98093.0,3102.0,67519.75,132193.0,107827.0,95224.0,36089.25,46306.75,1345341.8,1393219.2,47877.5,470587.0,1497169.75,1012010.0,0.6759487359399293,0.3497899195579889,381550.75,151827.94999999995
2023-03-25,104339.5,33534.0,114299.75,693326.25,141150.0,2963.0,67831.75,99464.0,66622.0,68565.75,16788.25,47014.25,1156500.2,1221672.5,65172.25,207724.25,1455898.5,1089612.5,0.7484124064967441,0.17961453876099634,281666.0,299398.30000000005
2023-03-26,101263.0,28409.5,93630.25,356498.0,105936.25,2937.0,65132.5,111639.75,48639.25,68798.5,24395.75,46050.25,1048632.0,1083026.8,34394.75,492567.5,1053330.0,688674.0,0.6538064993876563,0.4697238878844056,275127.75,4698.0
2023-03-27,106033.25,33369.25,110733.25,493491.75,180729.0,3816.5,68067.25,161742.75,119395.0,102121.5,39828.75,48427.75,1344376.8,1396633.8,52257.0,559422.75,1467756.0,928173.0,0.6323755447090661,0.4161205028233156,431687.0,123379.19999999995
2023-03-28,106093.0,33630.25,80034.5,277735.25,204698.5,4007.75,68080.5,229456.75,152326.75,136943.25,44664.0,48630.25,1381556.2,1427670.8,46114.5,819088.0,1386300.75,706199.25,0.5094127302463047,0.5928734567584004,567357.0,4744.550000000047
2023-03-29,108282.75,33162.5,82997.5,234953.5,119076.25,3596.25,67622.0,280974.25,110900.5,163945.75,41140.25,47124.75,1366625.0,1391171.8,24546.75,929597.75,1293776.25,582068.75,0.44989908417317137,0.6802142138479832,602945.25,-72848.75
2023-03-30,107806.75,35094.75,129506.0,624191.5,103705.5,3181.25,66950.25,182891.5,73991.0,98461.5,29437.0,46489.0,1370125.8,1423493.2,53367.5,512722.75,1501706.0,1003485.75,0.6682304991789338,0.3742158201823511,401833.0,131580.19999999995
2023-03-31,109736.75,42637.5,55698.5,422201.75,106311.0,3651.0,67061.0,197119.75,60469.0,109552.0,42920.5,47558.25,1336623.0,1370020.5,33397.5,752411.75,1264917.0,740236.5,0.5852055905644402,0.5629199482576613,414699.0,-71706.0
2023-04-01,107569.0,38163.0,132013.75,572597.0,80264.75,3050.0,67116.75,135269.25,57324.25,62203.0,30502.25,45704.5,1199832.8,1263605.5,63772.75,414957.25,1331777.5,933657.5,0.7010611757594644,0.34584589619486983,300501.0,131944.69999999995
2023-04-02,107299.75,33855.5,94798.5,440546.75,118845.0,3102.5,66974.0,160462.5,58158.75,74834.0,23245.25,43179.0,1113709.2,1159092.2,45383.0,459519.0,1225301.5,798448.0,0.6516339039819995,0.41260232024661375,336634.25,111592.30000000005
2023-04-03,109617.0,35499.75,22015.75,270957.25,214608.75,3479.75,66774.75,257718.0,145445.0,153133.25,31755.25,46515.5,1318946.8,1365514.0,46567.25,811365.0,1357520.0,656178.25,0.48336543844657903,0.6151612786808384,602811.75,38573.19999999995
2023-04-04,109799.25,35413.0,6937.5,85449.5,259784.5,3759.0,66651.0,276054.75,211357.0,175975.0,36281.25,47138.0,1328572.2,1369729.2,41157.0,976400.75,1314599.75,501142.75,0.38121317914445063,0.7349248689683556,710524.75,-13972.449999999953
2023-04-05,111616.25,32430.0,8853.0,34424.75,262367.0,3815.25,66121.25,292913.75,207153.75,184988.25,41308.75,45017.5,1319004.8,1358708.2,39703.5,1013360.0,1291009.5,453506.25,0.3512803352725135,0.7682762033921332,730073.25,-27995.300000000047
2023-04-06,110308.0,31700.25,64164.0,156462.75,267097.25,3726.0,65803.0,287708.75,138219.75,148393.75,33695.0,45739.5,1301270.8,1339711.5,38440.75,813546.75,1353018.0,633458.25,0.46818168716158987,0.6251940410866055,620061.75,51747.19999999995
2023-04-07,109441.5,29362.0,90628.75,206156.75,176304.75,3968.75,65319.25,265370.0,75936.5,118459.0,23367.25,40671.0,1088092.0,1123061.2,34969.25,615001.75,1204985.5,615862.5,0.5110953617284192,0.5652111678056635,500436.5,116893.5
2023-04-08,109943.25,32113.25,23923.25,83304.5,91963.5,3570.0,64933.75,267571.75,62053.75,125110.25,35179.75,45930.5,1056870.8,1070827.8,13957.0,857679.5,945597.5,344817.75,0.36465594505061616,0.8115272935916102,500666.25,-111273.30000000005
2023-04-09,108707.25,30759.0,24455.75,61734.75,220536.25,3473.0,64766.75,190534.25,49236.25,87448.0,30796.5,46578.25,930229.75,976175.0,45945.25,623503.0,919026.0,449666.0,0.4892853956253686,0.6702677483707654,373796.75,-11203.75
2023-04-10,106997.25,27351.75,122116.0,394887.25,257183.5,3169.5,64175.5,106672.25,43028.5,77434.0,13312.75,44049.0,991279.75,1052392.0,61112.25,217093.0,1260377.25,911705.25,0.7233590181035083,0.219002758807491,271183.75,269097.5
2023-04-11,107704.25,28179.5,97229.5,511330.25,173941.0,3459.75,63970.25,134421.0,69860.5,104156.5,61197.75,44464.25,1259343.0,1307864.5,48521.5,476842.25,1399914.5,921844.25,0.658500394131213,0.3786436657844606,352902.25,140571.5
2023-04-12,108051.0,30751.25,53832.5,426391.25,127956.25,3631.0,63490.0,207525.25,81460.75,111019.25,33561.25,43715.0,1317902.8,1357569.8,39667.0,709722.75,1291384.75,750613.25,0.5812467972848525,0.5385243509612393,443720.25,-26518.050000000047
2023-04-13,107596.25,34371.5,99059.75,369553.25,159067.0,3665.0,63054.5,227944.75,92778.25,115148.0,31832.75,43408.75,1302852.8,1360907.2,58054.5,675172.75,1347479.75,773312.75,0.5738956373926956,0.5182264258863318,479279.75,44626.94999999995
2023-04-14,109007.75,35004.75,49314.25,98228.0,171499.75,4014.0,62702.75,274711.5,144444.75,152197.75,32748.75,43213.0,1273981.8,1293688.0,19706.25,954939.75,1177087.0,467068.5,0.39680032147156497,0.7495709514845502,614567.0,-96894.80000000005
2023-04-15,107952.75,33880.5,87197.0,245640.25,90701.25,3887.0,56262.75,226725.0,62529.0,97743.75,13684.0,44047.5,1134165.8,1168936.5,34770.75,710627.25,1070250.75,569258.75,0.5318928765058095,0.6265638145674998,431045.25,-63915.05000000005
2023-04-16,104850.25,34798.75,20766.25,158410.5,90294.5,3674.5,0.0,242183.25,73683.5,100259.5,21661.75,44520.0,1048078.25,1073448.2,25370.0,778607.0,895102.75,412794.75,0.46117023995289924,0.7428901420289945,460646.25,-152975.5
2023-04-17,104303.25,38261.0,22510.25,195388.25,165286.25,3988.25,0.0,264523.25,122768.75,159950.0,40610.25,45364.25,1288536.0,1312191.2,23655.25,905351.25,1162953.75,529737.25,0.45551016108766146,0.7026200664940677,592606.25,-125582.25
2023-04-18,103426.25,35615.25,58008.5,367461.0,144806.5,3981.25,0.0,270150.75,127576.25,120562.75,30315.5,45289.5,1320742.8,1352804.0,32061.25,750466.75,1307193.5,713298.75,0.5456718917283478,0.5682156662144968,563579.25,-13549.300000000047
2023-04-19,102452.5,33865.5,55013.75,477019.25,203721.0,3958.5,0.0,202034.5,139378.75,109042.25,27180.0,43839.5,1326539.0,1378212.2,51673.25,590785.0,1397505.5,876030.5,0.6268529891295598,0.44535818396594445,494295.0,70966.5
2023-04-20,104102.5,36768.75,79291.75,362562.75,137076.75,3963.0,0.0,220279.75,147246.5,136336.5,39734.25,41110.25,1337980.5,1364664.8,26684.25,759049.25,1308472.75,723765.5,0.553137617883139,0.5673096506264479,544973.0,-29507.75
2023-04-21,102527.0,35543.5,67473.25,427295.25,275462.25,3453.0,0.0,191941.0,115097.5,122297.25,36116.25,44297.25,1272104.8,1324920.8,52816.0,501874.0,1421503.5,911754.25,0.64140134020071,0.3945225267603738,473633.0,149398.69999999995
2023-04-22,102759.25,33473.25,52685.25,331474.75,262114.25,3366.25,0.0,176358.75,71879.75,95735.75,30898.75,42236.5,1071027.2,1108985.8,37958.5,424753.0,1202982.5,785873.0,0.6532705172352882,0.3965846992494682,386210.75,131955.30000000005
2023-04-23,101808.5,33082.75,38730.25,204182.75,199252.0,3188.5,0.0,180354.25,32360.25,78946.75,20404.0,42113.5,987824.5,1036785.75,48961.25,545659.5,934423.5,580244.75,0.6209654936974509,0.5523850643510057,333774.75,-53401.0
2023-04-24,102164.5,38457.0,61661.75,549809.0,150771.5,3173.5,0.0,208971.5,77504.25,98766.25,31373.75,40507.5,1282876.5,1323929.0,41052.5,520634.25,1363160.5,906037.25,0.664659260593305,0.40583349215610387,425749.5,80284.0
2023-04-25,101341.5,36939.25,75988.75,416981.75,159040.0,3516.25,0.0,218134.5,147696.75,149298.0,30157.25,42662.5,1328076.0,1374837.5,46761.5,676065.5,1381756.5,793807.5,0.5744915981940378,0.5090563341254567,557791.75,53680.5
2023-04-26,102021.75,37202.0,76720.5,259293.0,223923.5,3439.25,0.0,250962.5,127739.5,149888.5,34434.25,38654.75,1313300.8,1349877.0,36576.25,753363.75,1304279.5,702600.0,0.5386882182845011,0.5736414308131085,567245.25,-9021.300000000047
2023-04-27,102955.75,39230.75,40382.0,93218.5,259188.75,3602.5,0.0,272923.5,76253.25,154089.25,31282.5,36929.5,1294034.0,1327138.8,33104.75,901244.75,1110056.25,538578.25,0.4851810437534134,0.6964614144605165,540195.5,-183977.75
2023-04-28,103738.5,39874.0,60534.25,211597.0,120966.5,3757.25,0.0,297388.5,51501.25,126357.75,32951.0,43572.0,1274151.2,1292896.2,18745.0,881053.5,1092238.0,540467.5,0.4948257614182989,0.6914826905943345,518819.5,-181913.19999999995
2023-04-29,102973.5,47323.5,33544.75,230351.75,161343.75,3143.5,0.0,243137.75,40744.75,95253.0,26431.5,38114.75,1098496.8,1136098.0,37601.25,673256.5,1022362.5,578680.75,0.5660230593356075,0.6128889041825156,417250.25,-76134.30000000005
2023-04-30,101891.5,46727.25,15040.25,104096.5,296750.25,3061.5,0.0,173295.5,50623.5,76904.0,33095.25,42826.0,976326.75,1030268.25,53941.5,560439.75,944311.5,567567.25,0.6010381637838785,0.5740288791636612,343649.0,-32015.25
2023-05-01,102979.5,45617.0,32414.0,125128.75,226103.75,3045.5,0.0,177162.0,46777.0,74408.75,20459.75,44018.5,988237.75,1034815.0,46577.25,604591.25,898114.5,535288.5,0.596013648593804,0.611787244516818,342366.25,-90123.25
2023-05-02,104053.75,49461.25,62291.75,260490.25,188320.25,3080.75,0.0,230624.5,47217.25,112302.5,38775.5,41047.0,1267295.0,1308284.5,40989.5,756192.75,1137664.75,667698.0,0.5869022486633255,0.5966982825624657,431191.25,-129630.25
2023-05-03,104172.0,50079.0,11634.5,98396.0,309678.0,3330.75,0.0,234748.25,46069.5,135174.0,32807.25,42178.0,1277313.8,1311932.0,34618.25,857605.25,1068267.25,577290.25,0.5403987157707961,0.6714131249501885,458169.75,-209046.55000000005
2023-05-04,104027.25,49006.75,49794.0,187027.5,317953.75,3249.25,0.0,216865.0,40366.25,118148.5,32773.0,42425.0,1281876.2,1319763.8,37887.5,727101.0,1161636.25,711058.5,0.6121180360891803,0.5672162413187795,417804.75,-120239.94999999995
2023-05-05,103413.75,47233.25,80900.5,343267.75,235834.25,3089.25,0.0,207775.25,69308.75,136843.0,34117.25,41456.0,1307081.8,1338947.0,31865.25,647079.25,1303239.0,813738.75,0.6243971750385002,0.4950564302861535,455383.0,-3842.8000000000466
2023-05-06,103652.5,48507.5,81040.0,161545.5,210257.0,3330.5,0.0,213138.5,43803.75,91939.75,28281.75,43225.5,1114925.8,1151652.5,36726.75,662083.25,1028722.25,608333.0,0.5913481505819477,0.5938361548364922,392107.5,-86203.55000000005
2023-05-07,102354.5,48514.5,107440.75,282885.0,228431.5,3135.25,0.0,163545.0,47141.0,88633.0,12330.0,44175.0,1030433.5,1086981.0,56547.5,411676.25,1128585.5,772761.5,0.6847168424545592,0.39951753315473537,343494.0,98152.0
2023-05-08,102742.75,52514.5,53513.75,272001.0,236309.0,3246.75,0.0,201514.25,82882.75,128654.25,36603.0,43668.0,1280216.2,1304894.2,24678.0,718392.5,1213650.0,720327.75,0.5935218143616364,0.561149358991083,456719.25,-66566.19999999995
2023-05-09,102129.75,52644.5,37491.75,359232.25,269298.5,3120.5,0.0,185787.0,117435.5,124951.5,27530.25,41411.5,1313296.8,1351486.5,38189.75,647274.25,1321033.0,823917.25,0.6236916488838659,0.4928621237788746,469585.5,7736.199999999953
2023-05-10,102743.0,55694.5,31692.0,212760.0,168083.0,2943.75,0.0,252349.0,106764.5,131647.0,29965.75,39418.75,1322452.8,1355454.5,33001.75,909917.75,1134061.25,573916.25,0.5060716517736586,0.6880531010256093,530179.25,-188391.55000000005
2023-05-11,104090.75,51290.75,29455.5,89028.75,142375.0,3133.75,0.0,292955.25,109771.25,163074.75,31732.25,43178.0,1310945.0,1323940.0,12995.0,1050085.8,1060086.0,419374.5,0.39560422456291283,0.8010143827544253,608979.25,-250859.0
2023-05-12,104884.0,53917.0,50921.5,229320.5,206650.75,3308.0,0.0,256894.75,53284.0,122842.75,30814.5,43317.0,1280002.2,1304596.2,24594.0,793109.5,1156154.75,649001.75,0.5613450535060294,0.6196157319104608,476338.5,-123847.44999999995
2023-05-13,104265.25,52469.0,36930.75,197055.75,240510.25,3212.0,0.0,140404.75,50938.75,80874.0,29784.0,43305.0,1075118.0,1116252.5,41134.5,600621.25,979749.5,634443.0,0.6475563396562081,0.5586561196073361,315522.5,-95368.5
2023-05-14,103369.25,52359.75,15382.25,82060.5,235754.0,3285.5,0.0,144633.5,55264.0,88463.0,21079.75,42226.5,982872.25,1028952.0,46079.75,649675.5,843878.0,492211.25,0.5832729968075954,0.6609968894736828,330587.0,-138994.25
2023-05-15,104323.25,54165.75,48202.25,151985.0,237221.5,3376.25,0.0,187033.25,48420.25,157264.5,37307.0,41608.25,1243658.2,1263793.5,20135.25,806249.5,1070907.25,599274.0,0.5595946801181895,0.6482886535866527,434326.25,-172750.94999999995
2023-05-16,103241.75,51076.75,90732.0,451440.0,171871.75,3580.0,0.0,160177.0,54000.25,149348.5,26164.75,41664.0,1303691.2,1342493.8,38802.5,589647.5,1303296.75,871942.25,0.6690281779648418,0.452290772538773,405189.75,-394.44999999995343
2023-05-17,103215.25,48992.0,70651.25,329277.75,259819.25,3465.0,0.0,169307.75,52035.0,133093.25,41155.0,38879.25,1292700.8,1345784.5,53083.75,632952.5,1249890.75,815420.5,0.6523934191848367,0.4896357300931507,393315.25,-42810.05000000005
2023-05-18,104378.25,48835.75,5512.0,132618.0,305840.0,3519.75,0.0,140229.75,44036.25,91571.0,29970.0,42835.25,997142.0,1041258.75,44116.75,553172.0,949346.0,600703.75,0.6327553389385956,0.5547574969262151,318672.25,-47796.0
2023-05-19,104813.75,49574.5,29433.5,217396.25,263571.0,3277.75,0.0,131099.25,37314.75,95808.5,38072.75,44578.75,1100230.5,1138036.8,37806.25,589829.75,1014940.75,668066.75,0.65823226626776,0.5360965270459236,308801.25,-85289.75
2023-05-20,102988.25,49024.25,69185.5,325722.75,246622.25,2756.75,0.0,105190.75,29748.5,62164.25,32948.0,43907.75,1042275.0,1094866.0,52591.0,400744.5,1070259.0,796299.75,0.7440252779934576,0.38449017773620203,241011.25,27984.0
2023-05-21,100942.75,47649.0,63517.5,241287.25,278437.0,2611.75,0.0,113886.75,44959.75,59934.25,19969.0,38267.25,990974.5,1042508.0,51533.5,407732.75,1011462.25,734445.25,0.7261222551805566,0.4114462582034149,257048.0,20487.75
2023-05-22,100742.0,52021.5,65126.0,204796.5,287996.25,2536.0,0.0,172697.0,43690.5,125223.5,42906.0,38965.0,1247746.0,1276034.2,28288.25,689827.25,1136700.25,713218.25,0.6274461978872619,0.5528587148345897,380576.0,-111045.75
2023-05-23,96628.25,50556.25,91653.5,427498.5,164737.75,2587.25,0.0,179346.75,43873.0,115688.75,19788.75,44935.0,1285404.0,1316485.2,31081.25,601514.25,1237293.75,833661.5,0.6737781549450161,0.46795735037389025,383843.5,-48110.25
2023-05-24,99178.75,56212.25,60874.0,149383.5,208708.75,2778.25,0.0,204296.0,39658.5,173298.75,28088.25,45284.25,1260913.0,1284847.8,23934.75,841946.75,1067761.25,577135.5,0.5405098752178916,0.6677278686158363,462537.5,-193151.75
2023-05-25,99443.5,51703.25,67936.0,179737.0,305354.0,3144.0,0.0,172341.5,37913.0,132928.25,21717.75,43741.0,1254776.5,1284695.5,29919.0,701749.5,1115959.25,707317.75,0.6338204105571059,0.55926254595938,386923.75,-138817.25
2023-05-26,100969.0,53855.5,53298.75,223913.0,340702.25,3124.5,0.0,113518.5,37684.25,112721.5,34062.0,46429.75,1227830.0,1270367.0,42537.0,609916.0,1120279.0,775863.0,0.6925622992129639,0.4967430344591678,310354.0,-107551.0
2023-05-27,102606.5,52924.75,6396.75,113050.5,359652.5,3194.5,0.0,94903.25,32977.0,96784.25,34113.0,49543.5,997841.25,1041182.25,43341.0,518741.5,946146.5,637825.5,0.6741297462919326,0.5198637558830125,274208.0,-51694.75
2023-05-28,99677.5,49214.0,23059.75,119408.75,343473.5,2934.75,0.0,86818.75,43856.25,57274.75,28620.25,48607.75,900857.0,951347.75,50490.75,414915.0,902946.0,637768.25,0.706319370150596,0.4605780939705192,236557.5,2089.0
2023-05-29,99179.25,47407.25,64477.0,207969.25,340918.5,2848.5,0.0,83994.0,34459.25,56218.25,14484.5,47799.0,924870.0,977601.0,52731.0,311505.25,999754.75,762799.75,0.7629868725304881,0.3368097678592667,222470.5,74884.75
2023-05-30,100981.5,51818.5,35834.0,167837.75,325330.25,2859.25,0.0,107560.25,36197.75,136377.5,41928.5,41064.0,1180885.0,1204258.0,23373.0,651883.0,1047789.25,684661.25,0.6534341233220325,0.552029198440153,321199.5,-133095.75
2023-05-31,100192.75,53673.75,53732.0,198251.5,363306.25,2946.0,0.0,115083.25,30638.5,131009.75,29345.75,40606.0,1239411.2,1272361.2,32950.0,624121.5,1118785.5,772102.25,0.6901253636197466,0.5035629014809613,317337.5,-120625.69999999995
2023-06-01,100607.25,54478.75,75269.25,247969.5,316482.25,2950.75,0.0,103997.25,52402.25,145548.0,28398.5,38862.25,1263636.2,1295211.0,31574.75,623915.25,1166966.0,797757.75,0.68361696056269,0.4937459452332879,340809.75,-96670.19999999995
2023-06-02,101487.5,54953.75,46724.25,200103.0,318072.75,3066.25,0.0,105974.5,29846.0,114527.75,31749.75,37279.25,1222858.5,1253500.8,30642.25,657958.5,1043784.75,724407.5,0.6940200074775954,0.5380495780991832,287627.5,-179073.75
2023-06-03,99754.25,50847.75,7175.0,192924.5,366966.25,2822.0,0.0,101377.25,26287.25,78074.0,27732.25,37022.25,1019841.75,1061887.8,42046.0,452776.0,990982.75,720489.75,0.7270457028641518,0.44396691937744265,242760.75,-28859.0
2023-06-04,99874.25,50669.25,9612.5,118115.75,358711.25,2708.5,0.0,97593.25,28414.5,74966.25,17345.75,36705.0,949229.5,997018.25,47788.75,462790.0,894716.25,639691.5,0.7149657782565143,0.4875427912849316,237679.0,-54513.25
2023-06-05,100111.75,53820.0,3908.75,123051.5,325487.25,2678.5,0.0,123251.0,38973.0,164830.75,37467.0,34859.75,1198035.8,1230554.8,32519.0,745588.25,1008439.25,609057.75,0.6039607740377023,0.6223422121442448,361914.5,-189596.55000000005
2023-06-06,99805.25,57849.25,21601.25,102796.5,264984.25,2709.0,0.0,146682.5,55725.75,189058.0,34174.75,36063.0,1238115.0,1267605.2,29490.25,848733.0,1011449.5,549745.5,0.5435224398252211,0.6855041736833816,427529.25,-226665.5
2023-06-07,99876.0,53470.0,24522.75,76065.5,281516.25,2756.25,0.0,181344.0,69243.75,187807.75,30923.75,33757.0,1230302.5,1261420.0,31117.5,848198.0,1041283.0,538206.75,0.5168688531359871,0.6894223168692253,472152.5,-189019.5
2023-06-08,99729.0,52715.5,38561.0,109873.25,289993.5,2708.0,0.0,137022.5,35621.75,137778.0,24450.0,33937.75,1072759.0,1103739.0,30980.0,634331.25,962390.25,593580.25,0.6167770818542686,0.5913082528321831,344360.0,-110368.75
2023-06-09,99717.5,50878.0,47745.75,199074.5,335786.5,2627.0,0.0,141463.0,34136.25,116927.25,24520.0,36154.25,1142199.2,1171058.8,28859.5,559592.5,1089030.0,735829.25,0.6756739942884953,0.4899254876032132,328680.75,-53169.19999999995
2023-06-10,98851.5,51090.5,78676.0,267229.25,325183.75,2505.5,0.0,96388.25,28145.5,94769.5,30032.25,36243.75,1062745.5,1098553.2,35807.75,391656.5,1109115.75,823536.5,0.742516279297269,0.36853272961400446,255547.0,46370.25
2023-06-11,97640.25,49276.75,94426.5,254638.25,349269.25,2494.5,0.0,100846.5,26573.0,85334.5,15955.5,36111.75,1000025.25,1058045.8,58020.5,301691.25,1112566.75,847745.5,0.7619727086037759,0.3016836324882797,248865.75,112541.5
2023-06-12,97460.75,51145.0,70826.5,245202.0,355827.25,2428.0,0.0,167091.25,42673.0,111652.5,33871.25,37323.5,1260688.8,1290501.8,29813.0,588833.0,1215501.0,822889.5,0.6769961522039061,0.46707244484126453,358740.25,-45187.80000000005
2023-06-13,97328.5,50588.5,78312.25,267000.75,360800.75,2527.0,0.0,177576.5,38830.25,116397.75,25781.75,37657.0,1277280.2,1305737.5,28457.25,571166.5,1252801.0,856557.75,0.6837141333699446,0.4471740030104593,370461.5,-24479.199999999953
2023-06-14,97298.25,52073.75,42256.0,208018.0,323701.75,2569.75,0.0,201272.75,44191.0,135363.25,27620.25,36698.0,1263530.0,1293622.5,30092.5,689554.25,1171062.75,725917.5,0.6198792507062495,0.5457363497503027,417525.0,-92467.25
2023-06-15,98025.25,52141.25,11212.75,101306.0,298618.25,2506.25,0.0,219334.5,94974.0,177486.5,25058.75,36900.5,1257171.0,1284144.5,26973.5,846034.0,1117564.0,563809.75,0.5044988474932979,0.6729665256357329,528695.5,-139607.0
2023-06-16,98383.75,51147.5,21916.0,107835.75,257921.75,2445.5,0.0,247797.75,133273.0,150812.25,23560.75,36248.25,1241138.0,1264764.0,23626.0,853464.5,1131342.25,539650.25,0.47699999712730606,0.6876467403302453,568131.25,-109795.75
2023-06-17,97895.5,47803.25,3319.0,48080.5,314166.75,2448.0,0.0,173027.75,38126.0,102356.25,24869.75,39681.25,1050519.2,1078576.0,28056.75,684953.0,891774.0,513713.0,0.5760573867369984,0.652013785183555,353191.25,-158745.19999999995
2023-06-18,96303.25,45166.25,13231.0,36804.0,319531.75,2318.5,0.0,175584.5,36460.25,90673.0,16953.75,35953.25,988866.0,1020894.5,32028.5,619299.25,868979.5,513354.75,0.5907558808924721,0.6262721642770608,338671.0,-119886.5
2023-06-19,96664.5,45813.25,84530.5,166574.5,246880.75,2387.5,0.0,249641.0,62653.0,153769.0,30901.75,41457.0,1249958.8,1284393.2,34434.5,751973.0,1181272.75,642851.0,0.5442020058449668,0.6015982286776171,507520.0,-68686.05000000005
2023-06-20,95726.75,48739.5,50485.0,99782.75,275918.25,2296.5,0.0,294042.0,76988.75,208178.5,24466.25,42559.5,1297545.5,1322343.0,24797.5,871359.5,1219183.75,572948.75,0.4699445428139934,0.6715444660707467,621768.75,-78361.75
2023-06-21,95719.5,51408.75,45688.0,148532.0,269155.5,2236.5,0.0,288393.5,89970.0,187262.0,21137.25,40070.0,1311800.0,1339247.0,27447.0,848424.5,1239573.0,612740.25,0.49431558286603533,0.6467636072572038,605695.5,-72227.0
2023-06-22,95772.75,52310.5,11925.0,185807.25,263098.5,2313.75,0.0,305754.25,92650.25,196654.0,17855.0,40563.25,1290886.0,1311178.8,20292.75,830055.25,1264704.5,611227.75,0.4832968887198551,0.6430120475394419,635621.75,-26181.5
2023-06-23,96568.75,52809.0,24458.25,325463.75,168625.25,2417.75,0.0,265033.75,52289.5,116245.0,25584.5,40430.25,1247394.2,1270503.8,23109.5,728847.0,1169925.75,670342.75,0.5729788834889735,0.5842956460756351,473998.5,-77468.44999999995
2023-06-24,96047.75,52000.5,14057.75,58447.25,335048.75,2521.25,0.0,153928.5,33985.5,99215.75,23168.75,41172.5,1040667.25,1069551.2,28884.0,633113.5,909594.25,558123.25,0.6135958423220024,0.6083726570620916,328302.25,-131073.0
2023-06-25,94408.0,48052.5,16269.75,30610.25,339673.75,2414.75,0.0,133461.75,33089.25,93414.5,23423.5,40641.0,972056.5,1005167.0,33110.5,585502.75,855459.0,531429.0,0.6212208884353312,0.6023340721449834,300606.5,-116597.5
2023-06-26,93618.5,46703.25,89928.75,357056.5,298599.75,2441.0,0.0,162596.75,41557.25,105165.25,17409.25,40250.25,1259233.0,1293165.8,33932.75,513648.0,1255326.5,888347.75,0.7076627076700762,0.40790544720476674,349569.5,-3906.5
2023-06-27,95628.25,45900.25,68111.25,323313.75,257184.0,2507.25,0.0,196235.5,62722.25,131945.5,23021.5,39236.5,1280328.8,1311173.8,30845.0,631719.75,1245806.0,792644.75,0.6362505478381064,0.49340431145499497,430139.75,-34522.80000000005
2023-06-28,96749.75,46758.0,33292.25,131705.0,264981.25,2533.75,0.0,241941.25,92263.5,185956.75,24457.25,38923.5,1269247.2,1296907.0,27659.75,839268.75,1159562.25,576020.0,0.49675642683262583,0.6612334854865152,559085.0,-109684.94999999995
2023-06-29,96573.75,47699.75,34193.0,44582.5,243810.75,2550.75,0.0,282478.0,91515.5,214247.25,22771.75,39466.5,1274114.0,1295466.8,21352.75,951527.75,1119889.5,469410.5,0.41915787227221973,0.7468152378829523,627707.25,-154224.5
2023-06-30,97046.25,46720.5,28212.0,73695.5,178776.5,2644.25,0.0,266355.25,81084.0,149386.0,21114.5,41980.5,1242976.0,1259381.5,16405.5,962292.0,987015.25,427095.0,0.43271367894265056,0.7741838941379399,538805.75,-255960.75
2023-07-01,96060.0,46883.25,106429.5,376689.25,197384.5,2713.25,0.0,87453.5,29884.0,70044.5,20436.5,43346.0,1061969.8,1100046.0,38076.25,381466.5,1077324.25,826159.75,0.7668626692474434,0.3592065424082681,230728.0,15354.449999999953
2023-07-02,94234.75,39981.25,90097.75,459865.0,254664.5,2684.75,0.0,86068.0,32774.0,71995.0,16362.0,42427.25,1007689.75,1053016.2,45326.5,203062.5,1191154.25,941528.0,0.7904333128979727,0.20151291605377547,233264.25,183464.5
2023-07-03,96386.5,45065.25,102840.5,496709.75,235495.5,2639.5,0.0,104884.25,68233.5,97269.25,27954.25,42812.5,1263412.2,1293998.5,30586.25,428366.5,1320290.75,979137.0,0.7416071043442515,0.3390552188747267,313199.5,56878.55000000005
2023-07-04,96703.0,46743.0,85409.5,396805.25,286758.75,2565.5,0.0,138425.0,74239.5,121851.0,23096.0,43576.75,1289744.0,1312052.2,22308.25,520770.5,1316173.25,914985.0,0.6951858351474626,0.4037781916411319,378092.25,26429.25
2023-07-05,95523.5,46750.75,84569.0,603700.5,232864.25,2625.5,0.0,144986.5,65648.75,88018.0,17792.5,39695.0,1290216.5,1316423.0,26206.5,369082.75,1422174.25,1066033.5,0.7495800883752466,0.28606264917554536,338348.25,131957.75
2023-07-06,98329.0,52102.25,50176.0,176497.25,309882.0,2518.5,0.0,205243.5,72186.0,143748.75,20409.75,41212.75,1253100.2,1271498.2,18398.0,716545.0,1172305.75,689505.0,0.5881614075508885,0.5718178003642487,462391.0,-80794.44999999995
2023-07-07,97263.5,50256.5,12418.75,67209.75,362952.75,2368.25,0.0,205777.0,50287.5,132573.0,24328.0,40363.75,1220479.2,1238338.8,17859.5,777898.0,1045798.75,592469.5,0.566523434838682,0.6373709605210806,429001.25,-174680.44999999995
2023-07-08,94750.75,44495.25,64649.5,153794.25,337004.5,2277.75,0.0,154041.75,27842.25,82868.5,16216.0,39699.0,1050949.8,1081635.5,30685.75,495501.5,1017639.5,696972.0,0.684890867541993,0.47147970340733686,304451.5,-33310.30000000005
2023-07-09,93308.5,45206.0,48697.0,122834.5,321386.0,2150.5,0.0,158684.75,30211.0,97211.25,17822.25,42494.75,1003401.5,1030259.75,26858.25,510484.0,980006.5,633582.5,0.6465084670356778,0.5087534750546018,328601.75,-23395.0
2023-07-10,95460.25,48635.75,16785.75,161771.5,260614.5,2139.25,0.0,210858.75,54525.75,182128.75,33109.75,44941.25,1258361.2,1275391.8,17030.5,819189.5,1110971.25,585407.0,0.5269326276445048,0.6509971063952067,492454.5,-147389.94999999995
2023-07-11,94742.5,45528.5,63773.75,146557.75,327553.5,2114.0,0.0,205088.25,41429.0,170757.75,22763.5,44542.5,1277396.0,1303794.2,26398.25,739511.0,1164851.0,680270.0,0.5839974382989755,0.578920710570567,461817.5,-112545.0
2023-07-12,93654.75,45517.0,57776.75,377958.25,251339.75,2232.0,0.0,172864.25,51611.0,145228.75,20417.25,41218.25,1285182.0,1312052.2,26870.25,598107.25,1259818.0,828478.5,0.6576176082577008,0.465387198077782,410922.25,-25364.0
2023-07-13,96844.25,52020.75,71488.25,244465.75,264660.5,2471.25,0.0,182291.0,37107.75,165799.75,22951.75,43766.0,1260373.5,1282333.5,21960.0,679759.0,1183867.0,731950.75,0.6182710980203012,0.5393313966058474,428964.5,-76506.5
2023-07-14,97032.75,51040.0,20298.25,91985.25,294946.75,2562.5,0.0,177635.5,39290.0,168579.5,23502.75,43406.5,1224880.8,1245895.5,21014.75,817650.5,1010279.75,557865.5,0.5521891337523097,0.6675347511366003,428911.5,-214601.05000000005
2023-07-15,92795.75,43490.5,81323.0,368909.0,270756.25,2451.75,0.0,108009.25,34219.75,68953.75,22160.0,48063.75,1087701.5,1121381.8,33680.25,366713.25,1141132.75,859726.25,0.753397227447902,0.337145117479382,259246.5,53431.25
2023-07-16,92063.5,39593.25,85061.75,365849.0,274125.25,2463.25,0.0,111587.75,32574.5,79771.25,17369.0,46797.75,988513.75,1035538.75,47025.0,263477.75,1147256.25,859156.0,0.7488789012916687,0.266539286883971,270731.25,158742.5
2023-07-17,95080.25,45815.25,83705.75,328035.0,277806.75,2462.75,0.0,141075.75,62575.5,123495.0,24188.0,48113.5,1227092.8,1255906.5,28813.75,537545.25,1232353.5,832905.75,0.6758659345715332,0.4380640567689746,375259.75,5260.699999999953
2023-07-18,97858.75,47799.5,40735.5,110621.75,299007.0,2480.0,0.0,191815.75,72276.25,172664.75,27465.5,48775.0,1249825.2,1268848.8,19023.5,799461.0,1111499.75,598502.5,0.5384639087863042,0.6396582498096534,485531.75,-138325.44999999995
2023-07-19,96815.75,51915.5,12139.75,113561.25,245333.75,2460.5,0.0,203469.5,79467.75,206133.5,22125.75,43479.5,1236340.2,1252485.8,16145.5,865305.5,1076902.5,522226.5,0.4849338728436418,0.6998927156133886,532550.25,-159437.69999999995
2023-07-20,97142.75,50644.75,58997.5,144777.0,268822.25,2539.75,0.0,186172.5,66186.0,179961.0,23586.75,45994.25,1236691.0,1257905.0,21214.0,764094.25,1124824.5,622924.0,0.5537966144940834,0.6178538131190411,478313.75,-111866.5
2023-07-21,98125.0,48875.25,21845.25,79852.25,196511.25,2586.75,0.0,191032.0,63390.0,206045.75,25439.0,42267.0,1197335.8,1210435.5,13099.75,899127.0,975969.5,447795.75,0.45882145907223537,0.7509397113157394,502734.75,-221366.30000000005
2023-07-22,96525.5,43578.5,42773.0,200621.25,256175.0,2569.5,0.0,116796.0,39576.5,75939.25,22721.5,46427.0,1013566.0,1047581.0,34015.0,513996.75,943703.0,642242.75,0.6805560117960842,0.5071171980907015,278738.75,-69863.0
2023-07-23,94823.5,38435.5,98224.5,412672.5,200183.5,2495.0,0.0,94225.0,39883.75,66381.75,11767.5,48949.25,979872.25,1024288.5,44416.25,268791.75,1108041.75,846834.5,0.7642622671934519,0.2743130545844114,249439.75,128169.5
2023-07-24,96749.5,41839.0,50678.5,348609.75,181832.75,2493.0,0.0,134364.75,53544.5,123201.25,29366.0,49049.25,1221543.8,1239203.8,17660.0,640422.75,1111728.25,722202.5,0.6496214340150123,0.5242732597881468,360159.75,-109815.55000000005
2023-07-25,96911.25,51439.0,76269.0,196757.5,178382.0,2557.0,0.0,146107.5,51318.5,149619.0,22888.75,48482.75,1225236.5,1243786.8,18550.25,773828.0,1020732.25,602315.75,0.5900820219994029,0.6315743940047492,395527.75,-204504.25
2023-07-26,96205.5,54004.75,65805.5,238572.25,225330.0,2629.5,0.0,130496.5,59352.0,114384.0,17250.25,47967.75,1215942.8,1245832.0,29889.25,686235.0,1051998.0,682547.5,0.6488106441266999,0.5643645408320194,352200.25,-163944.80000000005
2023-07-27,96317.25,51173.75,31565.5,310280.75,125074.25,2584.0,0.0,144735.75,45921.75,98588.5,22612.25,49303.75,1227439.0,1242514.5,15075.5,760518.5,978157.5,616995.5,0.6307731628086479,0.6195977967133194,338549.75,-249281.5
2023-07-28,96433.5,49242.25,4523.25,235264.5,175929.0,2535.75,0.0,157093.0,41145.5,129568.5,29964.5,47660.25,1205179.2,1222172.8,16993.5,789462.5,969360.0,563928.25,0.5817531670380457,0.6550581855378852,375467.25,-235819.19999999995
2023-07-29,96630.75,48912.75,41873.75,205709.0,199848.5,2450.5,0.0,109302.25,37615.0,78030.5,26263.75,43557.5,1026356.25,1054013.2,27657.0,578925.0,890194.25,595425.25,0.6688711480668404,0.564058532307861,268505.25,-136162.0
2023-07-30,95167.75,45096.5,72565.5,324619.75,223221.5,2397.5,0.0,99994.75,41781.5,58865.25,10744.5,47601.75,956282.25,1001326.0,45043.75,335875.5,1022056.25,763068.5,0.7466012756147228,0.3512305075201385,248243.25,65774.0
2023-07-31,96135.0,44537.5,50894.25,497154.0,158021.75,2474.75,0.0,91008.5,39539.25,68000.0,27933.5,49961.5,1211423.2,1242389.8,30966.5,505353.25,1125660.0,849217.25,0.7544171863617789,0.4171566550813952,248509.25,-85763.19999999995
2023-08-01,96419.5,46679.75,56946.0,475508.5,171709.0,2604.0,0.0,94642.5,54731.0,77360.0,26219.25,43690.25,1224605.2,1256541.8,31936.5,520441.75,1146509.75,849866.75,0.7412643023750998,0.4249873755231482,270423.75,-78095.44999999995
2023-08-02,96961.0,51404.75,64467.5,447864.0,141156.0,2709.25,0.0,89233.25,51058.0,86124.0,31046.0,44057.25,1249470.0,1274384.5,24914.5,595982.5,1106081.0,804562.5,0.7273992591862621,0.4769882430150384,270472.5,-143389.0
2023-08-03,96432.75,50419.75,54853.5,643161.25,204945.5,2697.0,0.0,78043.75,51779.25,75011.25,17573.75,40844.5,1243911.2,1289945.5,46034.25,340951.0,1315762.25,1052509.75,0.7999239604267412,0.2740959322498262,245678.75,71851.05000000005
2023-08-04,98414.5,56099.0,54901.0,146022.25,190877.25,2705.25,0.0,112093.25,59151.25,122294.75,42317.75,38846.75,1189244.2,1209795.8,20551.5,797443.75,923723.0,549019.25,0.5943548552975296,0.6705466799838082,332386.0,-265521.19999999995
2023-08-05,98720.25,55075.5,16586.25,78091.5,196589.25,2766.0,0.0,98242.25,37791.75,105288.0,25322.0,39775.75,1002549.0,1031860.5,29311.5,711282.0,754248.5,447828.75,0.5937416514583721,0.7094735519161657,281097.75,-248300.5
2023-08-06,97492.5,52496.5,26445.25,238738.5,145118.0,2725.5,0.0,91395.5,34194.25,52834.0,26917.0,46133.5,971733.75,1007126.0,35392.25,561432.0,814490.5,563016.25,0.6912496216960173,0.5777631990244241,224557.25,-157243.25
2023-08-07,94585.75,51141.25,56964.75,651701.75,165241.75,2682.25,0.0,106668.0,59922.75,80218.25,29399.25,43700.5,1212292.8,1254174.2,41881.5,338384.5,1342226.25,1022317.5,0.7616581034680256,0.27912769918290364,290509.5,129933.44999999995
2023-08-08,94725.25,49564.0,73811.75,565531.75,219863.75,2695.5,0.0,111529.25,64771.25,94832.25,27929.0,43445.75,1221137.5,1261851.5,40714.0,361930.25,1348699.5,1006192.0,0.7460460984822787,0.2963877941673235,314578.5,127562.0
2023-08-09,97897.5,55066.0,81495.75,253705.25,197585.5,2695.0,0.0,125440.25,60194.0,143373.25,28929.75,37684.75,1224452.5,1258178.2,33725.75,691666.0,1084067.0,688445.0,0.6350576117527791,0.5648777719021358,366692.25,-140385.5
2023-08-10,99296.5,56892.75,34871.25,62412.75,299545.25,2693.5,0.0,146375.0,56511.75,160705.75,28820.75,40586.0,1209999.0,1235401.5,25402.5,813169.75,988711.25,555712.0,0.5620569200562854,0.6720416711088191,404178.5,-221287.75
2023-08-11,98729.0,51630.25,28374.0,53146.0,309819.0,2635.5,0.0,151180.0,63512.75,132320.0,30808.0,42206.5,1184314.2,1213431.5,29117.25,792975.25,964361.0,544333.75,0.564450190333288,0.6695649262670329,389219.25,-219953.19999999995
2023-08-12,98521.0,45993.75,46690.0,151831.5,185313.25,2525.5,0.0,126471.0,35971.25,65823.0,21784.0,38129.5,1055439.2,1081881.5,26442.25,671604.5,819053.75,530875.0,0.6481564854565406,0.6363270380709756,266394.75,-236385.44999999995
2023-08-13,98077.25,42550.5,61676.25,97598.25,234733.5,2545.75,0.0,102514.0,39635.5,76841.75,17184.75,38334.25,963501.75,1005610.25,42108.5,569493.75,811691.75,537181.5,0.6618048045948477,0.591066648296176,257325.5,-151810.0
2023-08-14,97814.5,46762.0,27732.75,56009.75,260116.75,2522.25,0.0,155914.0,72162.5,137592.25,34024.25,39253.75,1188985.0,1214350.5,25365.5,845125.75,929904.75,490958.0,0.527965901884037,0.7107959730358246,404922.5,-259080.25
2023-08-15,96237.25,47284.0,58113.75,112338.0,227449.75,2640.5,0.0,164006.25,59075.75,146824.0,27267.25,46038.75,1209354.5,1241495.2,32140.75,811453.0,987275.25,544063.25,0.5510755485868809,0.6709802626111698,415944.75,-222079.25
2023-08-16,97298.25,50845.0,20601.25,65992.75,239832.25,2934.0,0.0,179716.25,69494.75,172574.75,24092.0,42427.5,1220635.5,1248508.8,27873.25,894209.25,965808.75,477503.5,0.4944079249644404,0.7325768011826627,464213.25,-254826.75
2023-08-17,98062.25,51358.25,39615.75,143264.5,195225.75,2980.0,0.0,185003.0,72326.25,125564.75,27927.75,42759.25,1241675.2,1266135.2,24460.0,863569.25,984087.5,530506.5,0.539084685050872,0.6954872336984744,425653.25,-257587.69999999995
2023-08-18,97509.75,50052.75,62535.75,85410.5,284319.25,2587.25,0.0,183471.75,58566.25,136241.0,30098.25,43649.0,1220749.0,1250853.2,30104.25,788483.5,1034441.5,582415.25,0.5630238636017599,0.645901409708302,421928.0,-186307.5
2023-08-19,97151.25,45266.0,78301.5,135104.5,246015.0,2564.75,0.0,124566.0,39831.5,87374.25,25344.75,43977.25,1065870.5,1101864.8,35994.25,606449.5,925496.75,604403.0,0.6530579388852527,0.5689710898275165,295749.0,-140373.75
2023-08-20,97109.25,44202.75,16600.25,50140.0,281137.5,2540.25,0.0,131726.25,47915.5,94606.0,22198.25,45402.25,978949.0,1017842.5,38893.5,631071.25,833578.25,491730.0,0.5899026276177431,0.6446416003285156,319650.0,-145370.75
2023-08-21,97737.75,44412.75,11847.5,35665.5,277261.0,2546.0,0.0,238311.25,104771.5,175287.75,35962.5,49025.75,1230364.0,1258742.0,28378.0,905590.0,1072829.25,469470.5,0.43760039167463044,0.7360342142650468,567396.25,-157534.75
2023-08-22,97215.25,45941.0,16436.75,51798.75,260018.0,2503.25,0.0,275448.5,134560.25,198921.25,30928.25,50196.5,1254510.8,1294091.2,39580.5,926257.25,1163967.75,473913.0,0.40715303323481256,0.7383413917201829,659126.5,-90543.05000000005
2023-08-23,97550.0,47265.25,16341.25,38897.25,281008.25,2501.25,0.0,265417.5,155250.0,199955.25,34422.5,51199.5,1241496.2,1278611.0,37114.75,905249.5,1189808.0,483563.25,0.4064212461170206,0.72916010536319,671822.25,-51688.19999999995
2023-08-24,98005.75,47043.0,18283.5,65259.25,241143.0,2459.0,0.0,272704.0,169198.0,205000.5,32433.0,44632.0,1261656.2,1289833.5,28177.25,936970.5,1196161.0,472193.5,0.39475747829932595,0.7426512071989184,691534.5,-65495.19999999995
2023-08-25,98072.5,48271.75,14807.0,171932.75,151599.0,2579.75,0.0,268158.5,115016.25,196176.0,29426.75,49159.5,1253612.5,1275525.0,21912.5,915273.75,1145199.75,487262.75,0.42548275966703625,0.7301089850332539,628510.25,-108412.75
2023-08-26,97854.75,43802.25,24004.75,188368.5,203533.0,2702.5,0.0,220809.75,50216.5,102321.25,14748.75,45618.25,1054698.5,1092906.0,38207.5,638792.25,993980.25,560265.75,0.5636588352736385,0.6056633720442383,418965.75,-60718.25
2023-08-27,97720.25,47345.75,23890.75,112300.75,122324.25,2761.5,0.0,205413.0,39796.75,84680.25,11638.75,49791.5,973384.75,1005250.75,31866.0,714869.0,797663.5,406343.25,0.5094168781698046,0.7344156562962385,379681.5,-175721.25
2023-08-28,98801.25,44508.0,31279.5,125565.25,125180.25,2693.0,0.0,265197.75,107131.0,176013.5,22472.0,48567.25,1221190.0,1240034.0,18844.0,939165.0,1047408.75,428027.25,0.408653498455116,0.7690572310615056,596909.5,-173781.25
2023-08-29,99034.25,38181.0,7839.75,51318.75,111772.0,2673.5,0.0,295263.5,134883.25,203274.0,29465.25,47433.75,1251767.5,1283518.2,31750.75,1080837.0,1021139.0,310819.25,0.30438485847666186,0.8634486835614441,680854.5,-230628.5
2023-08-30,98524.0,47541.5,27788.25,108791.5,171731.0,2643.25,0.0,283350.25,113249.0,162593.25,23701.5,44608.25,1240418.0,1265668.2,25250.25,932107.25,1084521.75,457019.5,0.4214018759881948,0.7514460851100193,603800.75,-155896.25
2023-08-31,98342.25,52690.0,38790.75,289076.75,195346.25,2580.0,0.0,240890.25,69453.5,138074.25,18931.5,45204.5,1245297.2,1274137.8,28840.5,722083.5,1189380.0,676826.0,0.5690578284484353,0.5798483285757007,493622.5,-55917.19999999995
2023-09-01,98576.0,55739.5,24730.0,142789.75,167061.25,2559.0,0.0,241285.75,66301.5,147301.0,32003.25,47313.25,1247501.0,1269882.2,22381.25,912920.0,1025660.25,491455.5,0.47916013124229,0.7317990125859618,502201.5,-221840.75
2023-09-02,98016.5,54035.0,12936.5,31865.75,240168.0,2573.25,0.0,179212.75,51415.75,112169.25,22849.0,47408.0,1036169.0,1065159.5,28990.5,751198.75,852649.75,439595.0,0.5155633951690011,0.7249770549012757,390205.75,-183519.25
2023-09-03,96171.75,50634.0,32693.0,75390.5,220659.75,2510.0,0.0,156628.75,33813.0,90094.0,15172.0,50569.5,973121.75,1011144.0,38022.25,644378.5,824336.25,478059.0,0.579932036229148,0.662176649530236,331105.25,-148785.5
2023-09-04,96895.25,48934.25,13461.25,112575.5,288655.25,2522.0,0.0,181805.0,60381.75,130937.25,30438.75,50591.25,1206742.0,1235493.2,28751.25,792050.0,1017197.5,563043.5,0.5535242664281027,0.6563540508244513,423715.25,-189544.5
2023-09-05,95953.5,48940.5,10925.0,175171.5,281377.75,2527.5,0.0,207239.0,60544.75,145579.75,28749.75,47393.75,1254455.8,1282288.2,27832.5,786981.5,1104402.75,614895.75,0.5567676737494541,0.6273489269211399,460757.25,-150053.05000000005
2023-09-06,94804.75,50100.25,28446.5,113394.75,284770.25,2423.5,0.0,230079.5,74421.75,159246.25,33309.25,42630.5,1261034.5,1293951.5,32917.0,834423.0,1113627.25,573940.0,0.5153789115702763,0.6616972017815531,506378.0,-147407.25
2023-09-07,94314.25,46656.75,68279.25,239123.0,292005.5,2621.25,0.0,210372.5,68982.5,138457.0,23049.5,43433.25,1271467.0,1304471.2,33004.25,672059.25,1227294.75,743000.0,0.6053965439027584,0.5285699510879952,461245.25,-44172.25
2023-09-08,94666.25,46491.5,32756.0,142087.0,284024.5,2872.75,0.0,218474.0,85961.0,162047.5,35179.0,43422.75,1248425.5,1279586.2,31160.75,789558.0,1147982.25,602898.0,0.5251805940379305,0.6324430252345855,509905.25,-100443.25
2023-09-09,94747.0,44724.5,5583.0,43392.25,276848.25,2937.25,0.0,224918.5,68893.75,121186.0,23445.25,46807.5,1069172.8,1101973.2,32800.5,743349.25,953483.25,468232.25,0.49107548559452935,0.6952564169234383,461805.75,-115689.55000000005
2023-09-10,94327.5,43777.5,5875.25,14018.75,262867.75,2912.0,0.0,202591.0,68189.5,106311.0,19544.5,48213.5,991813.75,1026066.25,34252.5,709052.0,868628.25,423778.75,0.4878712498701257,0.7149043860301393,425305.0,-123185.5
2023-09-11,95175.75,45498.5,41430.5,38947.0,263323.0,2990.0,0.0,240082.75,112939.0,171583.0,36361.75,48376.25,1259002.5,1295522.0,36519.5,915302.0,1096707.5,487364.75,0.4443890007134993,0.727005704913215,572981.0,-162295.0
2023-09-12,95766.75,46089.25,39834.5,52482.5,211906.5,3090.0,0.0,275123.5,160819.0,181903.5,29977.25,46587.0,1308736.0,1341745.8,33009.75,1004512.5,1143579.75,449169.5,0.39277496825210484,0.7675440272140447,664433.0,-165156.25
2023-09-13,94943.5,46988.0,78988.75,192701.75,119631.75,3218.75,0.0,282340.5,138613.0,154972.25,19738.5,47951.25,1313444.8,1342621.0,29176.25,922122.5,1180088.0,536472.5,0.4546038092074489,0.70206414460661,623877.0,-133356.80000000005
2023-09-14,94299.75,47324.5,21624.0,42148.25,218550.0,3276.0,0.0,291633.75,153820.5,177102.75,31293.0,52367.0,1270104.8,1307283.5,37178.75,987782.5,1133439.5,427222.5,0.3769257203406093,0.7777173190747724,674924.0,-136665.30000000005
2023-09-15,95988.25,44256.25,28471.0,134715.5,261424.0,3308.0,0.0,266306.0,84776.0,138089.25,28012.5,50506.75,1238262.8,1276151.5,37888.75,813652.25,1135853.5,568163.0,0.5002079933723848,0.657091733677213,539678.0,-102409.30000000005
2023-09-16,95459.25,40281.25,13468.25,112484.25,250707.5,3200.75,0.0,187279.5,59455.75,80435.0,27617.5,45325.5,1060234.2,1087184.5,26950.25,683574.25,915714.5,515601.25,0.5630589556024285,0.6447389171185008,372495.75,-144519.69999999995
2023-09-17,94107.75,39329.75,35222.75,113272.0,219407.0,3009.25,0.0,160922.0,49371.5,73643.75,19117.25,50216.5,989252.0,1024204.25,34952.25,621350.25,857619.5,504348.5,0.588079562090181,0.6281010804122711,334153.75,-131632.5
2023-09-18,94194.5,38584.75,75780.75,436834.0,119818.25,3070.5,0.0,169112.0,76033.0,91888.5,27859.75,56424.0,1281954.2,1310587.8,28633.5,649521.25,1189600.0,768282.75,0.6458328429724277,0.506664941696045,393457.5,-92354.19999999995
2023-09-19,93612.75,41862.75,53478.0,594858.5,185437.0,3103.5,0.0,152009.25,71556.25,79320.5,32456.75,51141.0,1267873.8,1321646.8,53773.0,434100.25,1358836.25,972352.5,0.7155773920514705,0.3423844313211614,354027.0,90962.44999999995
2023-09-20,94640.0,41176.25,69026.75,454148.75,221589.5,3149.25,0.0,151870.5,89280.75,97196.25,28236.0,46612.0,1265850.2,1314400.8,48550.5,521085.25,1296926.0,883730.5,0.6814039505723534,0.41164843201825935,384959.5,31075.800000000047
2023-09-21,95552.0,40617.5,36898.25,346989.5,184282.25,3187.0,0.0,207409.75,101091.0,101399.25,34417.75,50167.5,1304301.8,1336255.0,31953.25,736131.75,1202011.75,707526.5,0.588618622072538,0.5643875903567717,460067.5,-102290.05000000005
2023-09-22,96091.0,39905.25,44238.75,283370.0,98779.5,3342.75,0.0,257671.75,93086.0,119546.0,34390.75,51386.25,1258884.2,1297098.0,38213.75,832496.0,1121808.0,565727.25,0.5042995325403278,0.6612967261007804,521690.0,-137076.19999999995
2023-09-23,96033.25,49208.75,35421.25,285830.25,161324.5,3314.75,0.0,179763.0,41583.0,66458.0,20053.75,51221.25,1055817.5,1095667.0,39849.5,573241.5,990211.75,631132.75,0.6373715016005415,0.542936160842191,339025.25,-65605.75
2023-09-24,95973.25,43048.75,90208.0,120025.0,223178.25,3126.0,0.0,129731.25,47124.0,54380.75,18629.5,51466.0,964511.75,1011504.0,46992.25,531100.5,876890.75,575559.25,0.656363691828201,0.5506418143687726,282702.0,-87621.0
2023-09-25,97737.75,41463.0,89141.0,228657.5,241581.5,3192.75,0.0,177587.5,114423.5,108214.0,31344.75,50214.5,1236363.8,1277595.0,41231.25,676983.75,1183557.75,701773.5,0.5929355791891017,0.5475603135581938,450439.5,-52806.05000000005
2023-09-26,101825.75,43361.25,23989.5,36450.5,231793.75,3101.75,0.0,262814.25,158469.75,142866.25,33477.75,50275.75,1266914.0,1300512.0,33598.0,974680.25,1088426.25,440522.5,0.4047334396795373,0.7693341852722442,614426.0,-178487.75
2023-09-27,101530.5,41773.0,36242.25,78169.75,215091.75,3090.25,0.0,256045.5,157999.0,133579.0,31387.5,46010.0,1276337.0,1306740.0,30403.0,946833.25,1100918.5,475897.5,0.4322731428348238,0.741836403708425,593633.5,-175418.5
2023-09-28,101553.75,38397.75,109307.75,169004.75,208375.0,3136.25,0.0,233271.0,98660.0,115094.75,31640.25,48127.25,1290940.0,1336635.8,45695.75,804252.5,1156568.5,629775.25,0.5445204931657744,0.6229975831564596,495153.0,-134371.5
2023-09-29,101291.0,37801.25,101822.75,304698.25,144898.75,3241.75,0.0,247109.25,65241.0,105806.0,20806.75,49366.25,1269252.8,1296302.8,27050.0,717833.0,1182083.0,693753.75,0.586890895140189,0.5655555772656164,467522.5,-87169.80000000005
2023-09-30,102100.25,34286.5,74862.0,199850.75,179037.0,3079.75,0.0,199958.0,46370.25,80299.0,25630.75,46583.0,1074698.2,1102774.0,28075.75,620948.5,992057.25,593216.25,0.5979657424004512,0.5777887224524988,373210.25,-82640.94999999995
2023-10-01,101679.25,32819.5,57441.5,141078.5,186989.25,3180.25,0.0,166051.75,34622.75,70780.75,19307.75,50334.5,976404.0,1018269.0,41865.0,590894.75,864285.75,523188.25,0.6053417518453822,0.6051744462333215,321789.75,-112118.25
2023-10-02,102932.0,35187.5,29692.5,136696.25,198884.0,3213.25,0.0,239100.75,87969.5,123210.5,35825.75,49923.75,1131981.0,1166490.8,34509.75,766708.25,1042635.75,506605.5,0.4858892475152516,0.6773154761431508,500204.5,-89345.25
2023-10-03,99857.25,32876.25,96441.75,657241.0,123121.25,2957.25,0.0,96718.5,45935.75,66589.5,17595.0,45259.0,1059111.5,1115203.5,56092.0,182307.5,1284592.5,1012494.75,0.7881836068636552,0.1721324902996521,254502.75,225481.0
2023-10-04,101919.25,33482.5,109959.5,511100.0,166870.25,3258.25,0.0,137564.25,89184.25,121141.5,35093.5,44779.25,1274900.2,1317617.0,42716.75,486970.5,1354352.5,926589.75,0.6841570049156331,0.38196754538119926,392669.25,79452.30000000005
2023-10-05,103034.25,34865.25,80164.0,390692.75,123977.5,3273.5,0.0,188639.5,101395.75,163005.75,37596.25,44734.25,1319242.5,1357367.2,38124.75,724408.25,1271378.75,736007.25,0.5789047913534814,0.5491092426146065,497775.25,-47863.75
2023-10-06,100705.5,32106.25,115091.0,504566.5,165611.75,3360.25,0.0,164508.25,81593.75,123505.5,34359.75,48723.0,1293424.2,1334117.8,40693.5,508155.0,1374131.5,921441.25,0.67056264265829,0.3928757479564709,418330.5,80707.30000000005
2023-10-07,97372.5,30497.25,45223.5,603178.5,105984.25,3034.25,0.0,112607.5,50185.0,74849.0,23318.5,47720.0,1110152.5,1170470.0,60317.5,355766.25,1193970.25,885290.25,0.7414675951934313,0.3204661071339298,285361.5,83817.75
2023-10-08,99014.75,31129.0,30936.25,136717.75,116648.25,3347.75,0.0,167145.25,44914.25,113077.0,27058.25,49782.5,1009062.5,1038619.75,29557.25,724760.25,819771.0,417793.75,0.5096469013907542,0.7182510994115825,374919.0,-189291.5
2023-10-09,99870.5,38089.75,61511.25,235904.75,62818.5,3278.5,0.0,253989.5,131446.75,212111.25,38078.5,50718.25,1281453.8,1308388.0,26934.25,921219.25,1187817.5,501473.25,0.42218038545483627,0.7188860417753647,648265.75,-93636.30000000005
2023-10-10,100080.25,35062.25,74846.5,199081.0,145342.5,3353.25,0.0,275075.25,143783.25,185792.5,29504.75,53601.5,1319793.8,1347024.5,27230.75,900523.75,1245523.0,557765.75,0.4478164995748774,0.6823215490177329,658252.5,-74270.80000000005
2023-10-11,97965.75,33424.0,100379.5,637656.75,168495.75,2893.5,0.0,155417.25,99004.25,82842.25,32055.0,46882.75,1326224.8,1390912.2,64687.5,419692.75,1457016.75,1040815.25,0.7143467980035233,0.3164567198562416,384146.5,130791.94999999995
2023-10-12,100570.75,34238.5,62804.5,301700.5,74732.25,3239.75,0.0,263799.75,178893.25,173563.0,40851.0,52435.5,1352925.2,1384113.0,31187.75,913688.0,1286828.75,577286.25,0.4486115576761865,0.675342583610683,668691.5,-66096.44999999995
2023-10-13,97536.5,31739.5,72694.75,626998.75,125684.25,3147.5,0.0,174751.0,72168.0,107759.25,25870.75,49258.0,1309371.8,1347270.8,37899.0,483994.0,1387608.25,957801.25,0.6902533550085191,0.3696383257986769,403936.25,78236.44999999995
2023-10-14,94762.75,29045.5,82332.0,654955.5,110031.25,2934.5,0.0,101100.25,68929.0,71944.25,40347.0,48238.75,1121976.0,1181454.8,59478.75,274657.25,1304620.75,974061.5,0.7466242584291258,0.24479779424871834,290212.25,182644.75
2023-10-15,94198.25,28571.25,120060.25,509724.0,120911.0,3005.5,0.0,130019.25,68643.0,76239.75,22237.0,48675.75,1083459.5,1144194.5,60735.0,332764.25,1222285.0,876470.25,0.7170751911379097,0.3071312310243253,323577.75,138825.5
2023-10-16,94542.0,29595.0,79514.5,174938.5,148568.75,3229.25,0.0,302318.75,188616.25,157801.75,29367.25,50210.5,1329105.8,1360958.0,31852.25,926084.0,1258702.5,530388.0,0.4213767748931936,0.6967722208420127,698947.25,-70403.30000000005
2023-10-17,95097.75,32271.25,13484.25,118103.25,123821.5,3634.0,0.0,356889.5,208324.75,178047.5,25820.0,51213.0,1357143.2,1381664.0,24520.75,1101734.2,1206706.75,386412.0,0.32022030207421975,0.8118039422811093,794474.75,-150436.44999999995
2023-10-18,95314.0,30185.5,100560.75,360781.5,130793.75,3542.25,0.0,284807.0,87786.25,119635.0,21803.75,47758.25,1380029.5,1410259.0,30229.5,787893.5,1282968.0,721177.75,0.5621167090683478,0.5709251142819773,539986.5,-97061.5
2023-10-19,94992.0,29918.25,121537.25,458641.0,52539.5,3320.0,0.0,226670.25,128144.75,142785.0,33478.75,45737.75,1403386.5,1437303.8,33917.25,770668.75,1337764.5,760948.0,0.5688205958522595,0.5491493255778077,543337.75,-65622.0
2023-10-20,94502.0,28337.25,49360.0,689208.0,36221.75,3422.5,0.0,175673.75,90739.0,125614.75,26382.75,46123.5,1371647.2,1410039.5,38392.25,596857.5,1365585.25,901051.5,0.6598280846984836,0.43513922530516597,438151.0,-6061.949999999953
2023-10-21,94636.0,37004.75,108573.25,424338.5,112497.5,3268.0,0.0,116954.75,57252.25,74296.25,31403.75,44981.0,1137685.5,1195900.2,58214.75,492276.25,1105206.0,780318.0,0.7060385122773492,0.43269976632382146,293484.25,-32479.5
2023-10-22,94941.75,31666.75,115970.0,406348.25,120936.0,3400.0,0.0,160319.25,47523.0,67880.25,21051.25,45269.5,1072712.2,1129267.8,56555.5,429458.0,1115306.0,773262.75,0.6933189187541356,0.4003478286161004,320992.0,42593.80000000005
2023-10-23,98428.75,35165.5,32865.5,156783.75,106913.75,3673.5,0.0,336700.5,145488.75,183114.5,41313.25,44756.5,1335299.0,1358239.2,22940.25,1038736.0,1185204.25,433830.75,0.3660388072351242,0.777905173298265,710060.25,-150094.75
2023-10-24,101180.0,35600.0,116443.75,251863.75,29436.5,3730.5,0.0,346375.25,152819.5,190678.75,25500.25,49258.25,1388683.5,1421933.5,33250.0,990939.5,1302886.5,538254.5,0.4131246275097639,0.7135819645009104,739131.75,-85797.0
2023-10-25,101559.0,34278.75,102000.75,264139.75,89125.5,3746.0,0.0,320737.0,173107.75,174542.0,22634.75,44857.0,1376060.8,1415189.5,39128.75,920794.75,1330728.25,594849.75,0.4470106875690059,0.6691526638939209,713243.75,-45332.55000000005
2023-10-26,102348.0,33966.75,85784.25,201824.75,45001.5,3832.25,0.0,329530.5,189321.0,188327.5,24120.5,43663.25,1395145.8,1424491.8,29346.0,1062535.2,1247720.25,472757.5,0.37889703240770517,0.7615943795981752,750842.25,-147425.55000000005
2023-10-27,102911.25,36357.25,111659.5,181567.75,48521.0,3927.25,0.0,339719.0,167589.5,136683.25,28603.5,46726.75,1361517.8,1388206.5,26688.75,1019769.5,1204266.0,484944.0,0.40268844258660463,0.7489946146866386,690718.5,-157251.80000000005
2023-10-28,102874.0,35961.75,109957.75,311057.75,74054.5,3709.75,0.0,147692.5,50063.0,70701.0,27635.5,38720.5,1144678.2,1184121.2,39443.0,649608.25,972428.0,637615.5,0.6556943033314548,0.567502945369275,307177.0,-172250.19999999995
2023-10-29,104600.0,31834.75,153771.0,694880.0,65529.0,3299.5,0.0,87002.25,40849.25,47586.75,21306.0,33578.25,1162526.2,1227715.8,65189.5,248346.25,1284236.75,1053914.25,0.8206541745515381,0.21362636816271324,209016.5,121710.55000000005
2023-10-30,103509.5,31260.0,94194.5,409790.0,80153.25,3552.0,0.0,221664.0,111976.25,139630.5,37898.0,50721.25,1307607.2,1335648.0,28040.75,723469.5,1284349.25,722459.25,0.5625099637034086,0.5532773909473732,523992.0,-23257.949999999953
2023-10-31,103765.25,44491.0,41957.0,480516.0,49960.0,3594.0,0.0,237644.75,81776.5,116054.25,27189.0,51001.0,1302165.0,1339954.2,37789.25,729732.0,1237948.75,724283.25,0.5850672331952352,0.5603990277729781,486476.5,-64216.25
2023-11-01,103558.75,42171.0,115065.0,424836.25,92256.5,3446.75,0.0,115605.0,40007.0,84496.5,13541.5,50554.25,1195271.2,1229347.0,34075.75,563113.5,1085538.5,781334.25,0.7197665029844634,0.4711177680847661,290662.75,-109732.69999999995
2023-11-02,102097.25,37007.75,113264.0,770723.25,35604.25,2969.0,0.0,108588.75,66601.25,81677.5,22865.75,50299.0,1381498.5,1426419.0,44920.5,461907.0,1391697.75,1061665.5,0.7628563745252875,0.3343521545626,307166.5,10199.25
2023-11-03,102253.0,49281.75,120955.5,550118.5,51915.5,3344.0,0.0,131330.75,58751.75,114526.5,46397.25,47793.25,1357687.0,1384780.2,27093.25,634697.5,1276667.75,877868.25,0.6876246776030803,0.4674844054631148,352402.25,-81019.25
2023-11-04,97994.25,43122.0,138052.5,660718.75,88483.75,2800.25,0.0,80004.0,36176.75,60840.25,20022.0,45641.25,1201083.5,1246866.5,45783.0,313828.5,1273855.75,1031171.5,0.8094884369756937,0.26128782886452107,222662.25,72772.25
2023-11-05,97746.25,38603.5,62737.0,645281.5,49374.25,2791.0,0.0,95545.0,34835.0,59931.25,26865.5,46347.0,1120364.8,1174265.5,53900.75,362972.0,1160057.25,896533.5,0.7728355647964787,0.32397661904408276,236658.25,39692.44999999995
2023-11-06,98709.0,39747.5,103655.25,793705.25,81829.0,3064.25,0.0,151543.5,61973.25,114751.0,33867.0,47666.25,1402939.8,1447098.8,44159.0,423750.25,1530511.25,1120710.25,0.7322456793440754,0.30204449969984454,375934.0,127571.44999999995
2023-11-07,100241.5,42617.5,119224.75,597536.5,65635.5,3335.0,0.0,204991.25,88456.75,138589.5,37757.75,43357.75,1432330.2,1466676.8,34346.5,649933.5,1441743.75,928590.75,0.6440747532285124,0.45375954511047806,475395.25,9413.550000000047
2023-11-08,99922.75,39399.0,130758.25,672153.25,74783.75,3502.75,0.0,208341.25,95456.0,127087.75,27409.75,43064.0,1450006.0,1496473.0,46467.0,572310.75,1521878.5,1020519.75,0.6705658500333633,0.3946954357430245,473949.0,71872.5
2023-11-09,102473.25,37786.5,73239.5,603448.75,49442.5,3602.0,0.0,262039.0,121855.0,131565.0,21251.0,43806.25,1451743.5,1486747.8,35004.25,725612.75,1450508.75,869992.5,0.5997843859956032,0.49982159382838637,559265.25,-1234.75
2023-11-10,105701.75,40362.75,90553.0,461580.25,56177.5,3724.5,0.0,303562.0,91357.0,148200.5,35078.0,45613.5,1411836.5,1443868.5,32032.0,803525.75,1381910.75,758099.75,0.5485880690920163,0.5691351300239086,588733.0,-29925.75
2023-11-11,104691.75,38637.75,28409.75,312756.25,53559.75,4139.5,0.0,289465.5,74728.0,133011.0,21048.75,46805.5,1194688.8,1227120.2,32431.5,799963.0,1107253.5,542194.75,0.4896753543791011,0.6695994806346222,544010.0,-87435.30000000005
2023-11-12,103968.25,38609.0,23302.25,143880.25,57818.0,4003.75,0.0,291964.75,71394.5,126190.5,23287.25,43552.5,1131865.0,1160698.5,28833.5,906864.5,927971.0,371581.5,0.4004236123758178,0.8012126004426323,533102.25,-203894.0
2023-11-13,105046.0,46807.0,65291.5,498870.25,27097.5,3815.25,0.0,252286.0,96565.5,141879.5,36082.25,41556.5,1411451.8,1435783.0,24331.25,820192.5,1315297.25,746927.5,0.5678773372330855,0.5810984831362997,532287.5,-96154.55000000005
2023-11-14,103387.0,46113.0,67390.75,832520.0,30578.5,3297.25,0.0,161699.25,102654.75,107036.25,30960.5,40150.5,1441876.8,1483519.0,41642.25,511387.5,1525787.75,1083286.5,0.7099850552607989,0.3546679577617172,411540.75,83910.94999999995
2023-11-15,104466.75,47186.0,62652.75,479897.5,49002.0,3676.0,0.0,285341.5,130190.5,169175.75,34270.0,43083.0,1440701.2,1475431.2,34730.0,849149.0,1408941.75,746881.0,0.5301006943686636,0.5893998005970982,627790.75,-31759.449999999953
2023-11-16,105166.0,52062.5,50872.0,379598.0,41291.75,4233.0,0.0,318163.5,207139.75,235279.25,34331.0,49155.25,1457530.0,1491761.2,34231.25,985768.25,1477292.0,633223.25,0.42863783869404287,0.6763279315005523,809737.75,19762.0
2023-11-17,106178.75,50908.25,18975.75,228306.75,43338.0,4419.75,0.0,359751.25,224952.5,236127.75,38182.25,47307.5,1429458.8,1457216.8,27758.0,1138838.2,1358448.5,452127.25,0.3328261984167968,0.7966918668799687,868139.0,-71010.30000000005
2023-11-18,105599.75,44717.75,96158.25,288222.0,48438.75,4315.25,0.0,237060.25,67673.0,151456.0,16525.75,47584.5,1225278.0,1239345.2,14067.25,792459.0,1107751.25,587451.75,0.5303101666551945,0.646758531533252,503773.75,-117526.75
2023-11-19,102945.0,45236.5,108032.75,699475.75,49223.75,3583.25,0.0,110007.25,50228.5,84918.25,26394.25,47905.0,1161763.0,1219147.2,57384.25,305030.75,1327950.25,1008497.0,0.7594388419295075,0.26255849945298654,293059.0,166187.25
2023-11-20,104997.75,50321.5,29870.25,417596.5,42396.0,4209.75,0.0,272483.5,167390.75,192836.0,34881.5,45701.0,1388488.0,1418862.5,30374.5,898625.25,1362684.5,649391.75,0.4765532667319545,0.6471969869383098,678411.25,-25803.5
2023-11-21,105444.75,52525.5,73371.5,173519.0,28592.5,4288.75,0.0,341282.0,259273.25,243929.25,30916.75,46809.5,1449863.8,1472292.5,22428.75,1174380.8,1359952.75,437742.0,0.32188030062073847,0.8099938766662083,891294.0,-89911.05000000005
2023-11-22,104916.0,48718.75,92855.25,268347.0,47490.25,4283.25,0.0,329592.5,207105.0,248966.5,27054.25,46010.5,1466125.5,1493350.8,27225.25,1057433.0,1425339.25,566610.5,0.39752676424226724,0.7212431677915704,831674.5,-40786.25
2023-11-23,102969.75,46681.5,61798.0,932900.0,37578.25,3441.5,0.0,136676.0,137384.5,202332.5,21438.25,47327.75,1484012.2,1523140.8,39128.5,451736.0,1730528.0,1185369.0,0.6849753370069713,0.30440181017379775,523720.75,246515.80000000005
2023-11-24,101375.25,43448.75,86567.25,854937.75,36348.25,4193.0,0.0,137534.5,146905.0,172720.0,29811.25,45128.0,1461894.5,1492603.2,30708.75,484041.25,1658969.0,1126870.25,0.6792593773602762,0.3311054593884853,502287.5,197074.5
2023-11-25,101843.5,45902.5,95337.5,457461.75,29745.25,4123.25,0.0,232909.75,133254.75,146233.25,16439.0,46103.25,1274791.8,1313445.2,38653.5,692247.25,1309353.75,734413.75,0.5608978856936103,0.5430276928358027,558501.0,34561.94999999995
2023-11-26,102224.5,43519.75,32684.75,185754.5,34753.0,4422.25,0.0,331393.5,203443.75,212197.0,13865.0,48722.5,1184614.5,1206000.8,21386.25,931422.25,1212980.5,403358.75,0.3325352303685014,0.7862661228610658,795756.75,28366.0
2023-11-27,102841.25,44407.0,90522.5,328121.5,20490.25,4487.5,0.0,361066.25,205574.0,271401.5,25178.0,47968.0,1474431.8,1498341.2,23909.5,1035297.5,1502057.75,590870.0,0.3933736901926707,0.7021670992174748,886009.75,27625.949999999953
2023-11-28,102885.0,49983.25,87224.25,304955.0,13522.5,4526.25,0.0,338418.75,237696.5,296212.0,34876.5,47220.25,1538164.0,1570683.5,32519.5,1132462.2,1517520.25,563096.25,0.3710634174403933,0.7362428193612645,919547.5,-20643.75
2023-11-29,102863.5,51689.25,54129.0,405476.75,17895.0,4664.5,0.0,349332.0,264755.0,303415.5,32213.25,47813.5,1544118.0,1583161.5,39043.5,1066617.2,1634247.25,636718.0,0.3896093446080451,0.6907614573497621,965316.0,90129.25
2023-11-30,103677.5,54054.25,26569.5,38871.75,13260.0,4696.25,0.0,366218.5,275038.0,353602.5,39195.0,49125.5,1524895.8,1559305.2,34409.5,1446194.5,1324308.75,241129.25,0.18207933006559082,0.9483890636986474,1043984.5,-200587.05000000005
2023-12-01,103712.75,51950.75,41327.75,49484.25,5257.5,4759.25,0.0,376162.75,274822.0,345597.0,33142.0,49201.75,1506035.5,1536448.5,30413.0,1409966.0,1335417.75,256492.25,0.19206892375063908,0.9362103350153432,1045783.5,-170617.75
2023-12-02,103232.75,48179.75,16383.5,69324.5,7228.0,4538.75,0.0,365522.5,260161.25,301559.5,24088.0,44891.75,1315155.5,1337120.2,21964.75,1222219.5,1245110.25,248887.25,0.19989173649482045,0.9293345919931141,972135.0,-70045.25
2023-12-03,102654.75,44505.25,59219.5,157720.5,18017.25,4461.0,0.0,358693.25,232690.5,225909.0,16031.75,46571.75,1251967.0,1281200.8,29233.75,1017009.75,1266474.5,386578.25,0.3052396633331346,0.8123295182700503,863864.5,14507.5
2023-12-04,103762.25,44438.75,105544.5,370586.0,4906.25,4537.5,0.0,374657.0,236766.0,292868.25,27609.75,47855.5,1542724.5,1573526.8,30802.25,1061687.8,1613531.75,633775.25,0.3927875915673801,0.6881901467177063,952146.75,70807.25
2023-12-05,103661.0,45746.75,138792.25,395319.0,10919.5,4101.5,0.0,360062.5,221517.25,280360.0,28907.5,44435.5,1565434.0,1597866.5,32432.5,1020403.25,1633822.75,698540.0,0.4275494388849708,0.6518340920153772,906375.25,68388.75
2023-12-06,104192.0,50769.75,73306.0,155898.25,7381.5,4483.75,0.0,364086.0,245353.25,330594.75,37887.75,48244.0,1544443.0,1574382.2,29939.25,1307857.2,1422197.0,396031.25,0.2784644110485397,0.8468148063735599,988278.0,-122246.0
2023-12-07,103894.5,47616.75,33608.75,122176.25,31763.75,4520.25,0.0,359285.5,233619.75,325368.75,29477.0,49531.5,1512860.2,1545183.0,32322.75,1325311.5,1340862.75,343580.25,0.25623819440132856,0.8760303827148074,967805.5,-171997.44999999995
2023-12-08,104314.5,41422.0,102342.5,288497.0,9404.0,4517.75,0.0,363217.5,174737.5,269485.25,26783.5,45636.0,1491088.2,1517427.0,26338.75,1090844.8,1430357.5,550497.75,0.38486724472727973,0.7315763078267269,853076.25,-60730.69999999995
2023-12-09,103356.5,39626.25,137310.25,514008.5,23758.0,4451.25,0.0,230525.75,79960.75,150706.5,6774.25,45222.25,1263981.8,1279635.8,15654.0,588905.0,1335700.25,822510.75,0.6157899199315116,0.46591256298152395,506415.25,71718.44999999995
2023-12-10,101313.75,40251.75,87609.0,754705.0,26495.75,3329.0,0.0,146212.0,49672.25,112179.75,15667.0,43293.5,1192777.8,1237789.0,45011.25,323968.0,1380728.75,1013704.25,0.7341805912276398,0.27160800611815544,351357.5,187950.94999999995
2023-12-11,102172.75,44577.75,32084.75,645858.75,22166.0,4114.25,0.0,305050.0,104113.5,153491.25,26682.75,43870.5,1424807.2,1448281.5,23474.25,724697.75,1484182.25,850974.25,0.5733623684018591,0.5086286411242167,606525.25,59375.05000000005
2023-12-12,101355.5,44367.0,66906.5,207957.0,23665.75,4156.0,0.0,376646.75,204991.0,249526.5,31541.5,49155.0,1443863.5,1474759.2,30895.75,1145334.2,1360268.5,448407.75,0.32964649993732853,0.7932427130403947,880319.25,-83595.0
2023-12-13,101868.75,42683.5,156696.75,282653.25,23077.0,4439.75,0.0,360920.75,165181.0,236897.5,20524.75,47758.75,1467777.2,1499604.0,31826.75,1005350.25,1442701.75,611419.0,0.42380138514422677,0.6849474497900635,810758.0,-25075.449999999953
2023-12-14,103297.5,45266.75,35064.5,112445.75,16511.25,4469.0,0.0,377679.0,210203.5,275031.5,36999.5,42980.0,1435248.0,1459551.5,24303.5,1271226.5,1259948.25,317054.75,0.2516410892272758,0.8857190534318807,905894.0,-175299.75
2023-12-15,103765.5,45751.75,82315.75,259008.5,20111.25,4420.0,0.0,371592.0,138724.0,214875.25,27180.0,43444.0,1411536.0,1431478.8,19942.75,1050100.5,1311188.0,515372.75,0.3930578605051297,0.7439417060563811,768635.25,-100348.0
2023-12-16,102604.5,42166.75,121051.75,551206.0,39549.75,3463.75,0.0,175634.25,102436.75,158500.25,21930.25,43206.0,1255107.0,1295845.8,40738.75,543299.5,1361750.0,860042.5,0.6315715072516982,0.43287106198913716,479777.25,106643.0
2023-12-17,102122.25,39258.5,88577.25,607935.25,55993.0,3288.0,0.0,154671.5,119849.75,140486.5,18868.25,43502.25,1191903.8,1236472.2,44568.5,439398.25,1374552.5,897174.25,0.6527027887257854,0.3686524449372508,458510.0,182648.69999999995
2023-12-18,103761.75,41842.75,118236.5,628288.0,59787.0,3595.25,0.0,187975.5,131098.75,177573.25,30218.5,46944.0,1447024.8,1472461.8,25437.0,640713.25,1529321.25,955511.25,0.6247943327799833,0.4427797298290948,543591.5,82296.44999999995
2023-12-19,104794.0,42760.5,102489.0,626656.25,39232.5,3969.25,0.0,207800.25,99902.0,174348.75,29913.0,49083.5,1459615.8,1486262.5,26646.75,691238.0,1480949.0,919901.5,0.6211567717726943,0.47357530659780467,531134.5,21333.199999999953
2023-12-20,103853.25,40327.75,108537.0,815759.75,26221.75,3269.5,0.0,133162.0,91694.75,163635.75,28153.5,47059.25,1415539.8,1448300.0,32760.25,465021.25,1561674.25,1097969.0,0.703071719342238,0.32851160384187006,435551.75,146134.44999999995
2023-12-21,101789.25,39927.75,104551.0,1044918.25,7985.75,3040.5,0.0,92168.25,77458.25,102260.5,27157.25,44140.0,1385691.5,1422246.2,36554.75,228236.5,1645396.75,1302212.5,0.7914276602284525,0.16470946094422892,316027.0,259705.25
2023-12-22,100695.5,44603.0,118975.0,995239.25,17985.5,3107.5,0.0,91630.0,53919.0,88441.5,32715.25,43185.5,1338532.8,1388678.8,50146.0,206333.0,1590497.0,1280605.75,0.8051607453519246,0.15414863199467357,277176.0,251964.19999999995
2023-12-23,101294.25,46071.0,98599.75,716101.0,10714.0,3232.0,0.0,93399.75,50299.0,89651.25,40201.5,46704.25,1200311.5,1238030.5,37719.0,374896.75,1296267.75,976012.0,0.7529401236742949,0.31233288192273423,280054.25,95956.25
2023-12-24,98051.0,42705.5,111521.5,851255.75,10762.5,3025.25,0.0,82016.0,34412.5,70982.25,15004.25,46262.0,1094547.5,1151038.5,56491.0,121007.75,1365998.5,1117321.5,0.8179522159065329,0.11055504672022,233672.75,271451.0
2023-12-25,98104.5,42920.0,105364.5,739584.75,28408.5,3026.5,0.0,82346.5,35773.5,71620.25,31019.5,46331.5,1059197.0,1100347.8,41150.75,185839.25,1284500.0,1017408.75,0.792065978980148,0.1754529610639003,236071.75,225303.0
2023-12-26,97693.0,42908.0,119056.5,783633.0,28899.5,3085.0,0.0,93139.0,38254.25,80189.25,17671.5,45752.75,1077192.2,1122224.0,45031.75,145603.25,1350281.75,1075275.0,0.7963338021860993,0.1351692390643007,257335.25,273089.55000000005
2023-12-27,100039.0,43156.75,97257.5,411669.25,50748.75,4013.5,0.0,110483.0,43467.25,130200.0,38715.5,49479.0,1157062.5,1174092.0,17029.5,597387.0,1079229.5,706884.75,0.6549902036591846,0.5162962242748339,333629.25,-77833.0
2023-12-28,99198.25,40550.5,125059.5,895990.0,31729.25,3186.0,0.0,77666.0,59713.5,81379.25,29938.5,48465.5,1204966.2,1249685.8,44719.5,152187.5,1492876.25,1195713.5,0.8009461601388594,0.1263002231929825,267224.25,287910.05000000005
2023-12-29,100683.75,39773.25,130810.75,932315.25,30031.0,3243.5,0.0,74794.5,60773.75,74988.5,23990.5,47534.75,1186491.5,1235267.2,48775.75,93334.5,1518939.5,1236857.5,0.8142901675807365,0.07866428035936203,258091.5,332448.0
2023-12-30,102158.5,39471.5,135191.25,638871.25,46203.25,3723.0,0.0,79325.25,53990.0,82644.25,40818.0,48295.5,1104329.8,1140727.2,36397.5,284064.0,1270691.75,965618.75,0.7599158096367589,0.25722750576865716,264255.0,166361.94999999995
2023-12-31,102991.75,40013.5,136906.5,642169.25,26130.25,3366.25,0.0,78428.5,48256.25,73237.0,23333.75,46774.5,1051890.0,1096641.0,44751.0,246684.0,1221607.5,951577.5,0.7789551881434913,0.23451501582865128,246696.25,169717.5
2024-01-01,97756.0,47621.75,101283.75,675507.75,38018.0,3379.5,0.0,84051.5,46609.5,73006.5,19541.25,36818.5,1021080.0,1069010.5,47930.5,206270.5,1223594.0,963566.75,0.787488946496959,0.20201208524307596,240486.0,202514.0
2024-01-02,100081.0,47486.75,114717.5,692631.0,10702.25,4103.75,0.0,94460.5,51214.5,120667.0,37303.75,40169.5,1271127.2,1298320.8,27193.5,453076.5,1313537.5,969722.25,0.7382524290322887,0.3564367909049543,306511.5,42410.30000000005
2024-01-03,99360.0,45136.25,96273.0,903231.0,32264.75,3995.5,0.0,90543.75,54869.25,117225.75,24662.25,44267.5,1354050.5,1391433.8,37383.25,322281.75,1511829.0,1180260.5,0.7806838604101389,0.23801309478486954,306906.25,157778.5
2024-01-04,100680.5,46706.5,65056.0,532893.25,26356.75,4018.25,0.0,195833.0,77297.75,173498.0,31471.5,43663.25,1381903.5,1411446.2,29542.75,757597.5,1297474.75,775711.25,0.5978623090738374,0.5482274992428922,490292.0,-84428.75
2024-01-05,101159.5,46912.25,131692.0,434751.5,25621.0,4722.0,0.0,259096.0,81515.5,188761.5,19254.75,44859.5,1366758.2,1383590.0,16831.75,774693.75,1338345.5,744858.25,0.5565515406896052,0.5668111228452846,574232.5,-28412.699999999953
2024-01-06,101702.5,46680.0,138591.5,253361.0,13241.5,4727.5,0.0,272074.75,72580.25,184937.25,18446.25,45972.75,1248272.0,1263186.5,14914.5,843078.0,1152315.25,558304.0,0.48450630155246144,0.6753960675237448,575565.0,-95956.75
2024-01-07,101206.5,49160.75,97026.75,326788.25,16333.5,4741.0,0.0,254985.75,80138.5,187570.0,14480.5,47015.5,1229167.5,1256576.2,27408.75,789019.0,1179447.0,595256.75,0.504691393508992,0.6419133275163881,569709.75,-49720.5
2024-01-08,102335.5,49066.5,118657.5,408766.75,41129.25,4398.0,0.0,282991.25,144335.0,272711.75,21735.5,48014.75,1500717.8,1530228.2,29510.5,932164.25,1494141.75,724353.5,0.4847957029512093,0.6211455944615303,748052.75,-6576.050000000047
2024-01-09,102626.75,54681.25,25245.25,264538.75,75589.75,4422.75,0.0,321633.25,216634.0,315659.75,34860.25,49212.25,1535753.0,1560796.8,25043.75,1170379.2,1465104.0,527104.5,0.35977275333355174,0.762088174335326,903139.25,-70649.0
2024-01-10,104029.25,57768.75,20518.5,140196.5,70612.0,4453.0,0.0,355247.25,237488.25,378974.5,36478.0,47315.25,1537874.0,1562963.2,25089.25,1306547.0,1453081.25,397578.0,0.273610302245659,0.8495800046037582,1019025.25,-84792.75
2024-01-11,104464.5,57016.5,39570.0,102113.25,65201.0,4618.0,0.0,370062.75,243259.25,378557.0,31019.75,46453.25,1553537.5,1578310.2,24772.75,1346653.2,1442335.25,372983.25,0.2585967790775411,0.8668301859465896,1038332.25,-111202.25
2024-01-12,104978.25,55118.5,94183.75,133805.75,21011.5,4287.5,0.0,350910.75,238197.5,363536.5,36222.75,46092.25,1537871.8,1561530.2,23658.5,1288870.8,1448345.0,413385.25,0.28541904725738687,0.8380872839985751,998737.0,-89526.80000000005
2024-01-13,103891.75,49821.0,109356.75,509679.25,13296.5,3385.0,0.0,243651.5,158963.75,246456.0,19283.75,44480.25,1386131.2,1395885.8,9754.5,753798.75,1502265.5,789430.25,0.5254931634920724,0.5438148639897868,693551.5,116134.30000000005
2024-01-14,102582.25,45924.5,126165.25,557681.25,34536.75,3270.25,0.0,222463.75,133476.25,218589.75,17862.0,45267.75,1303766.5,1330346.5,26580.0,585383.25,1507819.75,870160.25,0.5770983235894078,0.44899393411320204,619797.5,204053.25
2024-01-15,102029.5,48290.5,119156.75,588047.5,22651.5,3636.75,0.0,281967.5,159328.75,288355.0,25020.5,38493.25,1570357.0,1600262.5,29905.5,840501.25,1676977.5,883812.5,0.5270270471726664,0.5352294096183224,768144.5,106620.5
2024-01-16,103119.0,47282.25,88122.25,333509.75,33751.75,3943.0,0.0,353905.5,210660.25,326944.5,32929.0,47243.25,1555490.5,1581840.5,26350.0,1100106.8,1581410.5,609728.0,0.3855596001164783,0.7072410921185311,938753.5,25920.0
2024-01-17,104309.25,49089.5,80568.75,277128.75,14472.0,4068.5,0.0,347881.25,207725.5,339328.5,34571.5,45760.25,1594771.5,1625624.2,30852.75,1222602.0,1504903.75,529636.75,0.3519406141422666,0.766631457860891,940695.5,-89867.75
2024-01-18,104329.25,52156.0,85199.75,177454.75,23482.75,4510.75,0.0,362081.75,171808.5,337417.0,32890.5,48326.5,1565016.2,1588808.8,23792.5,1278879.0,1399657.5,447133.25,0.31945904623095295,0.8171666210228368,919633.75,-165358.69999999995
2024-01-19,104201.5,48283.0,125813.0,594041.25,32442.5,3472.0,0.0,278736.25,148047.75,289411.0,26033.75,41903.0,1589958.5,1616435.8,26477.25,837661.75,1692385.0,908253.25,0.5366705861845856,0.5268450402950768,758098.0,102426.5
2024-01-20,104168.75,46179.0,126359.75,599107.0,61247.75,3370.75,0.0,191547.75,100947.5,249597.25,22765.75,36252.75,1390531.8,1415873.0,25341.25,603817.25,1541544.0,940433.0,0.6100591355160799,0.43423476543290845,578345.25,151012.19999999995
2024-01-21,102742.5,43582.25,126755.5,773557.25,43170.25,3345.75,0.0,93851.5,91902.0,178596.75,12692.25,37236.5,1317760.2,1344092.8,26332.5,374277.25,1507432.5,1093153.5,0.725175754138245,0.2840253105231134,401586.75,189672.30000000005
2024-01-22,102301.5,43174.5,92094.5,986958.0,22913.0,3310.25,0.0,90164.5,124972.25,177736.5,24677.25,34299.25,1538080.8,1576839.8,38759.0,436115.25,1702601.5,1250751.75,0.7346121508761739,0.28354508423744706,427172.5,164520.69999999995
2024-01-23,102331.75,44267.5,110019.0,896238.75,54288.25,3474.0,0.0,108881.5,115634.5,198168.25,31134.75,41689.25,1540014.5,1578943.8,38929.25,479468.5,1706127.5,1210619.25,0.7095713831469219,0.3113402503677725,464373.5,166113.0
2024-01-24,100023.25,43853.75,95576.0,1029204.5,40377.0,3497.0,0.0,97150.5,108331.75,166988.0,23567.75,39821.25,1504781.0,1550611.2,45830.25,339623.5,1748390.75,1312531.5,0.7507083299313955,0.22569629733496102,412291.5,243609.75
2024-01-25,103147.0,50257.25,77143.5,552569.5,65498.75,3828.25,0.0,160621.75,118912.25,244776.0,33215.75,41170.5,1469992.0,1500140.5,30148.5,774780.25,1451140.5,852444.25,0.58743054170151,0.5270642629347643,565480.5,-18851.5
2024-01-26,102367.75,50327.25,109749.25,719793.75,24737.25,3558.5,0.0,143152.5,113997.75,185186.0,15735.75,44047.75,1454436.8,1481378.0,26941.25,600156.5,1512653.5,1010533.75,0.6680536884355869,0.41263841783981264,486384.0,58216.69999999995
2024-01-27,103142.75,51689.5,115413.0,433004.0,123524.25,3717.5,0.0,143117.25,83154.75,166903.5,26855.25,47266.0,1279784.8,1315624.0,35839.25,607843.5,1297787.75,830491.0,0.639928216305016,0.47495758661925036,440441.5,18002.949999999953
2024-01-28,102832.25,49497.25,108454.5,363615.75,142216.25,3639.5,0.0,119062.0,64392.0,159344.25,9352.75,46728.75,1138178.5,1179785.8,41607.25,523892.0,1169135.25,770255.5,0.6588249734151802,0.4602898403018507,389527.0,30956.75
2024-01-29,104029.75,53125.5,72062.5,361101.5,124073.0,3960.25,0.0,204127.5,132989.5,231102.5,30260.75,45370.0,1397396.5,1415288.0,17891.5,840159.5,1362202.75,718352.5,0.5273462412258381,0.6012320053757112,613589.5,-35193.75
2024-01-30,104060.0,53501.25,107775.0,424770.25,76415.5,3854.25,0.0,229037.5,115430.75,209884.0,23825.0,45491.5,1445950.2,1465406.5,19456.25,836989.5,1394045.0,770376.25,0.5526193559031451,0.5788508483902143,599843.75,-51905.19999999995
2024-01-31,102696.0,54212.25,118063.25,492575.5,44627.75,3839.0,0.0,216617.0,131828.0,201816.25,29429.0,46041.0,1514986.8,1540154.8,25168.0,859720.25,1441745.0,816013.75,0.5659903450332756,0.5674770565657734,596302.25,-73241.80000000005
2024-02-01,103304.75,52421.75,92091.25,670442.75,67201.5,4054.25,0.0,176399.5,130314.75,191849.25,35926.5,47874.0,1507569.8,1543450.8,35881.0,677834.25,1571880.25,989516.25,0.6295112175370866,0.44962047528412946,546437.5,64310.44999999995
2024-02-02,104253.5,51035.75,124865.5,747270.25,48930.25,3841.75,0.0,138935.25,101264.5,172273.5,20640.75,45434.75,1484117.2,1509691.0,25573.75,563051.25,1558745.75,1080197.0,0.6929911436807445,0.37938462676667317,457908.0,74628.55000000005
2024-02-03,101908.75,47339.5,128853.75,832640.0,51887.25,3549.25,0.0,88819.75,88512.75,123627.75,29465.5,46174.5,1294613.5,1335573.0,40959.5,281232.5,1542778.75,1166178.5,0.7558948423421051,0.21723278800970328,347134.75,248165.25
2024-02-04,100825.75,44231.5,135560.0,910004.75,35799.0,3489.25,0.0,83828.0,73895.0,107629.75,19232.5,47137.0,1227674.5,1286404.2,58729.75,146310.75,1561632.5,1229910.25,0.7875798243184616,0.1191771515984082,312489.75,333958.0
2024-02-05,100699.25,45031.5,110290.5,1005739.5,82874.5,3456.5,0.0,89011.5,100771.25,158676.75,34549.0,46204.75,1445726.0,1484145.5,38419.5,246821.5,1777305.0,1348091.75,0.758503323852687,0.1707249506476331,394664.25,331579.0
2024-02-06,100031.25,45010.0,120142.0,1060473.5,44833.5,3574.0,0.0,93579.0,104097.25,152546.0,24526.5,42584.5,1493298.2,1532889.5,39591.25,267849.25,1791397.5,1374064.25,0.767034814997788,0.17936755699564896,392806.75,298099.30000000005
2024-02-07,103304.75,47755.75,103359.5,521538.25,45611.75,3688.75,0.0,249594.25,111057.25,227380.0,32935.75,44435.75,1496148.2,1525186.5,29038.25,825638.75,1490661.75,825258.75,0.5536190554295768,0.5518428923017118,632467.25,-5486.449999999953
2024-02-08,103246.25,49938.25,47381.75,230076.25,39536.75,4322.25,0.0,322885.25,155379.0,293633.25,30316.5,47391.0,1466770.5,1486629.2,19858.75,1149775.8,1324106.5,474501.5,0.3583559932679131,0.7838825501330986,819288.5,-142664.0
2024-02-09,103062.75,45973.25,142651.25,511694.75,37277.75,4301.0,0.0,246204.0,69870.25,183073.75,22554.0,47064.75,1450209.5,1474661.8,24452.25,758585.75,1413727.5,844960.75,0.5976828985784035,0.5230870091528155,546212.75,-36482.0
2024-02-10,103377.0,44629.75,103775.5,214524.5,70696.25,4033.5,0.0,251166.75,66003.5,155476.25,19423.25,48833.0,1221815.0,1235992.5,14177.5,832818.75,1081939.25,541036.5,0.50006181030959,0.681624263902473,521479.5,-139875.75
2024-02-11,101615.5,43705.5,132111.0,315569.75,30264.25,4231.25,0.0,202063.0,62194.75,141125.75,15943.25,49266.25,1161706.8,1203013.0,41306.25,683761.75,1098090.25,627497.25,0.5714441504238836,0.588583754523947,454649.75,-63616.55000000005
2024-02-12,104670.0,46876.75,52256.75,284175.75,53982.5,4459.0,0.0,286749.75,88295.5,210060.0,37509.75,48316.75,1375301.2,1396709.8,21408.5,984886.25,1217352.5,546420.75,0.44885992348148956,0.7161240388650865,633422.0,-157948.69999999995
2024-02-13,105646.0,44726.75,123083.25,376243.5,120545.25,4414.5,0.0,263412.25,100631.75,195237.0,19626.0,48941.25,1437377.8,1473135.5,35757.75,817505.75,1402507.5,774659.25,0.5523387575467511,0.5687480006996073,608222.25,-34870.30000000005
2024-02-14,103080.5,44961.25,58239.0,450853.75,53021.5,4157.0,0.0,278841.75,115378.75,175528.0,23928.25,47581.25,1425812.5,1446096.0,20283.5,863698.25,1355571.0,714313.0,0.5269462093833521,0.6057586463858327,617329.75,-70241.5
2024-02-15,103239.0,44634.0,100754.5,295791.5,86343.25,3644.75,0.0,275223.0,111780.5,197540.75,24191.25,49676.0,1399301.2,1418132.5,18831.25,916412.0,1292818.5,634407.0,0.49071621422496664,0.654906892097284,634220.25,-106482.69999999995
2024-02-16,102726.5,44189.25,122944.75,466619.75,85237.0,3508.0,0.0,219445.5,81708.25,165876.0,24075.75,48116.5,1403246.2,1429286.2,26040.0,728444.75,1364447.25,825225.25,0.6048055357215165,0.5191140015201894,515146.25,-38798.94999999995
2024-02-17,102612.75,45057.75,53297.75,270768.25,80149.25,3132.5,0.0,218417.25,75721.0,176590.0,29531.75,44595.75,1207079.0,1232265.2,25186.25,802863.75,1099874.0,555018.25,0.5046198473643344,0.6651294157217548,515324.0,-107205.0
2024-02-18,102046.0,45016.25,119964.25,408276.25,90326.5,2895.75,0.0,135193.75,60122.5,139253.5,11561.75,43702.75,1145994.0,1196975.2,50981.25,527427.0,1158359.25,768525.0,0.6634599758235625,0.4602353939025859,378272.5,12365.25
2024-02-19,104350.5,46628.0,108324.25,581311.0,55619.0,2885.5,0.0,195582.75,93375.75,157600.0,30044.5,41174.5,1414850.2,1433872.5,19022.25,669596.0,1416895.75,899118.25,0.6345690923273642,0.47326282315965323,487733.0,2045.5500000000466
2024-02-20,107138.5,50737.0,109762.75,458189.75,88504.25,2895.0,0.0,205626.25,104872.5,179248.25,29024.75,43389.0,1440520.8,1462467.5,21946.75,784064.0,1379388.0,817227.25,0.5924564009546263,0.5442920366023177,533136.0,-61132.80000000005
2024-02-21,107372.25,48723.75,110761.75,567027.75,106293.5,3089.25,0.0,160282.0,106102.0,165754.75,28397.5,44101.0,1458503.2,1494856.0,36352.75,674420.25,1447905.5,943268.25,0.6514708660199163,0.4624057389795237,476239.75,-10597.699999999953
2024-02-22,106195.75,48987.0,103713.0,688992.25,43666.0,3183.0,0.0,150430.5,77993.75,154799.5,30708.75,45286.0,1456507.0,1491199.8,34692.75,620135.75,1453955.5,994737.0,0.6841591781866777,0.4257691518132079,428509.75,-2551.5
2024-02-23,106738.0,49232.5,93163.5,700258.5,84458.5,3013.5,0.0,149266.25,74485.75,182979.25,41125.0,44755.75,1445184.8,1486606.2,41421.5,567304.25,1529476.5,1036864.5,0.6779211710673554,0.39254789422086367,451487.0,84291.69999999995
2024-02-24,106724.5,50417.25,66134.25,351347.75,141314.0,2899.25,0.0,174824.25,51845.0,158831.25,18012.5,46084.75,1220587.5,1251383.5,30796.0,661791.5,1168434.75,718837.0,0.6152136437229379,0.5421909531270802,431585.25,-52152.75
2024-02-25,106524.5,48357.25,30361.5,302670.75,154637.5,2828.0,0.0,185557.0,47949.5,163018.0,21528.5,46074.5,1158855.8,1197464.5,38608.75,671186.0,1109507.0,645379.5,0.5816813233264865,0.579179911771594,442599.0,-49348.80000000005
2024-02-26,106799.25,47602.5,63064.75,261548.75,100958.75,2806.0,0.0,269360.5,68359.5,200384.75,20753.25,46027.0,1399382.0,1428722.5,29340.5,973809.75,1187665.0,582780.0,0.4906939246336299,0.6958855766331138,584131.75,-211717.0
2024-02-27,108099.25,48545.75,17303.25,141909.75,79709.75,2808.0,0.0,336589.25,102202.5,271659.0,37997.25,48000.0,1429045.8,1449852.2,20806.5,1190123.0,1194823.75,398375.75,0.3334180041198545,0.8328095572584168,758450.75,-234222.05000000005
2024-02-28,108090.5,47166.75,69319.0,84430.75,100875.25,2772.75,0.0,335624.25,104183.75,286395.5,30506.5,47634.0,1436330.2,1463724.8,27394.5,1181705.2,1216999.0,412655.0,0.3390758743433643,0.8227253036940948,773837.5,-219331.19999999995
2024-02-29,107567.5,44805.5,136877.25,378032.75,156351.25,2818.0,0.0,227330.0,79577.75,199283.25,26343.0,44241.5,1453382.5,1484567.8,31185.25,782121.25,1403227.75,826452.25,0.5889651555137788,0.5381386180169363,550432.5,-50154.75
2024-03-01,107839.5,45516.0,110530.25,279929.75,92550.25,2800.5,0.0,242114.75,79201.25,192829.5,25001.75,45714.25,1399353.5,1419481.0,20127.5,916343.25,1224027.75,639166.25,0.5221828099893977,0.6548332855136318,559859.75,-175325.75
2024-03-02,106179.5,44432.75,100085.25,284312.75,164759.5,2761.0,0.0,184398.5,58883.5,155650.0,18604.0,44397.5,1185000.5,1221485.2,36484.75,635843.0,1164464.25,702530.75,0.6033081307562684,0.5365761449045802,443329.5,-20536.25
2024-03-03,105267.5,42541.0,102482.0,258227.25,185383.25,2642.75,0.0,197896.5,67214.75,137894.0,11461.5,42244.25,1112723.5,1148147.0,35423.5,566631.0,1153254.75,696543.75,0.6039808203694804,0.5092289324346974,445249.5,40531.25
2024-03-04,105842.0,44856.5,50181.25,142168.0,93207.25,2705.0,0.0,358073.25,121230.5,226343.0,31566.5,48997.75,1411423.2,1428599.2,17176.0,1125866.8,1225171.0,438960.0,0.3582846802609595,0.7976819425952472,754644.5,-186252.19999999995
2024-03-05,105250.5,44488.75,122404.0,194964.5,67234.25,2753.25,0.0,382776.0,145559.0,258052.0,17805.5,48097.25,1464541.5,1490976.0,26434.5,1079938.8,1389385.0,537095.25,0.386570497018465,0.7373903709795865,834484.25,-75156.5
2024-03-06,105663.5,45330.5,65361.25,89675.25,114284.25,2745.25,0.0,383041.5,152965.75,267402.75,26904.0,49072.25,1431877.8,1452061.8,20184.0,1162557.0,1302446.25,423060.0,0.32481954629605636,0.811910765010813,852482.25,-129431.55000000005
2024-03-07,106824.75,46380.5,61771.5,252899.75,131133.5,2813.25,0.0,330511.0,109693.75,207431.25,25818.0,49248.5,1423678.0,1443544.2,19866.25,977873.25,1324525.75,601823.25,0.45436885617361533,0.6868640591482063,696884.5,-99152.25
2024-03-08,106589.75,45826.5,116272.75,482141.25,247356.0,2748.0,0.0,164455.5,64717.5,153637.75,27810.0,47496.0,1379269.2,1419045.0,39775.75,533499.25,1459051.0,1000934.25,0.686017315364576,0.3867984944490894,430306.75,79781.80000000005
2024-03-09,104985.0,43026.0,159836.25,471859.0,228277.75,2743.25,0.0,92698.25,61257.0,124797.5,24796.75,47190.75,1221117.2,1264848.8,43731.5,361144.25,1361467.5,1010727.25,0.7423807399001445,0.2957490484942805,325943.5,140350.30000000005
2024-03-10,104268.5,40856.25,152551.5,558337.5,135100.75,2705.0,0.0,101777.0,68315.25,114587.25,10682.0,46994.25,1171143.2,1212211.5,41068.25,325153.5,1336175.25,993819.5,0.74377930589569,0.27763769622707113,331673.75,165032.05000000005
2024-03-11,103595.75,43819.0,125705.5,321828.0,150435.0,2761.0,0.0,224593.25,92215.5,200389.5,28742.5,45827.25,1405393.5,1426698.0,21304.5,807425.0,1339912.25,748144.25,0.5583531682765047,0.574518809144912,563025.5,-65481.25
2024-03-12,103806.0,45027.0,19310.25,130675.0,84734.0,2719.0,0.0,341293.5,113805.5,260149.5,28838.75,45176.5,1412513.2,1430517.8,18004.5,1177794.0,1175535.0,386271.25,0.32859187518874383,0.8338286679374041,760425.0,-236978.19999999995
2024-03-13,104945.25,45231.75,97660.0,176302.75,111560.25,2748.0,0.0,309400.75,99967.25,219444.5,28013.75,46697.5,1423990.0,1447524.5,23534.5,1038467.0,1241971.75,538448.0,0.43354287245261414,0.7292656549554422,675510.0,-182018.25
2024-03-14,104403.25,44557.75,128311.75,265166.75,172493.0,2712.75,0.0,210307.5,86205.0,197229.25,29714.0,46372.75,1398288.5,1433789.5,35501.0,832317.0,1287473.75,717645.25,0.5574057335149551,0.5952398235414222,540114.5,-110814.75
2024-03-15,105032.75,42830.0,152455.75,486067.25,153149.5,2696.75,0.0,146682.75,53187.0,139406.5,25580.25,44779.25,1382702.8,1420493.8,37791.0,591030.25,1351867.75,942232.0,0.6969853375080514,0.42744561593424124,384055.5,-30835.050000000047
2024-03-16,104575.5,43566.0,97672.5,550088.75,120067.25,2678.25,0.0,113657.25,56373.5,112051.75,21717.5,42781.5,1217161.8,1267408.0,50246.25,449333.25,1265229.75,918648.25,0.7260722805482561,0.3691647651117542,324864.0,48067.94999999995
2024-03-17,105558.75,45170.5,76586.0,145665.5,203607.75,2645.0,0.0,166482.25,45070.75,125007.5,19797.5,43950.5,1102700.8,1138990.8,36290.0,676841.5,979542.0,579233.5,0.5913309485453406,0.6138033997980231,380511.0,-123158.80000000005
2024-03-18,106361.75,44877.25,70880.5,181126.0,148395.25,2680.5,0.0,271119.25,84990.5,216481.25,35111.25,44398.0,1369294.8,1392523.2,23228.5,968893.0,1206421.5,554321.25,0.4594756061625228,0.7075853935909199,616989.0,-162873.30000000005
2024-03-19,106897.75,48523.25,70391.75,110431.25,208684.75,2686.75,0.0,289050.75,94681.5,219103.0,26476.0,44554.25,1387820.8,1421219.2,33398.5,998313.0,1221481.0,547615.5,0.4483209317214103,0.7193385486080047,647389.5,-166339.80000000005
2024-03-20,106710.0,48837.5,16754.5,37091.0,220275.5,2652.75,0.0,304574.75,127672.25,239906.5,31903.25,41111.0,1355589.2,1385205.5,29616.25,1081468.2,1177489.0,432321.25,0.3671552345711934,0.7977846090836368,713264.5,-178100.19999999995
2024-03-21,106638.25,46048.5,79141.75,240716.25,139776.5,2629.75,0.0,277662.75,91082.0,201994.25,25376.5,44433.75,1368859.0,1388678.2,19819.25,909224.5,1255500.25,614951.0,0.48980555758551225,0.6642207122866562,615172.75,-113358.75
2024-03-22,107125.0,47986.25,109934.25,369207.5,141444.75,2764.25,0.0,157467.75,58486.0,177827.25,28610.5,45572.25,1368782.8,1406582.8,37800.0,748196.25,1246425.75,778462.0,0.624555453864781,0.546614298484756,439353.25,-122357.05000000005
2024-03-23,106168.0,46821.25,124872.25,455206.0,144938.0,2881.25,0.0,102876.75,34275.5,116406.25,28191.5,46365.0,1183285.2,1228229.5,44944.25,458269.0,1209001.75,880886.75,0.7286066790225904,0.3872853307047194,299923.5,25716.550000000047
2024-03-24,105083.5,44295.5,128127.5,677388.25,122569.25,2841.75,0.0,95263.0,30271.75,96285.0,11268.0,44677.5,1136911.0,1204207.8,67296.75,208826.0,1358071.0,1080305.75,0.7954707449021443,0.18367840578550124,266497.25,221160.0
2024-03-25,107780.75,45524.5,25917.25,259583.75,223314.0,2789.5,0.0,231721.5,67238.25,202970.25,40967.75,41141.75,1322880.8,1342824.2,19943.5,814065.75,1248949.25,664909.75,0.532375314689528,0.6153734712908374,543071.75,-73931.55000000005
2024-03-26,107200.5,45445.0,70584.75,370882.25,226181.5,3040.25,0.0,196272.0,81015.5,163756.5,31352.5,44051.0,1376795.8,1400213.0,23417.25,709147.25,1339781.75,823334.25,0.6145286349810333,0.5150707534116533,485095.0,-37014.05000000005
2024-03-27,106525.25,46417.25,56566.0,218874.25,184237.75,3136.0,0.0,157355.0,82588.75,177529.25,37461.25,45403.75,1368202.5,1400631.2,32428.75,908524.5,1116094.5,615756.5,0.5517064191249038,0.6640278029019827,462876.75,-252108.0
2024-03-28,105508.5,46407.25,68946.5,544685.5,151639.0,3270.0,0.0,113306.5,55289.25,121467.25,26432.75,45627.75,1352206.0,1387465.2,35259.25,586935.0,1282580.25,920456.75,0.7176601620054573,0.43405738474759026,335690.75,-69625.75
2024-03-29,104277.0,44999.0,111219.25,460904.75,137197.0,2810.0,0.0,94583.75,46637.0,92853.0,36429.25,47894.0,1122028.2,1182311.8,60283.5,412707.25,1179804.0,861407.0,0.730127207570071,0.36782252888118144,281967.75,57775.80000000005
2024-03-30,104347.0,43795.0,41140.25,221022.5,165992.5,2647.75,0.0,128314.75,52290.0,111760.25,32426.25,47759.75,1072349.5,1102076.2,29726.75,644194.25,951496.0,578945.0,0.6084576288287077,0.6007316178167659,340124.75,-120853.5
2024-03-31,99367.5,41421.5,23184.75,110360.75,206778.0,2510.0,0.0,91289.75,41051.25,70605.75,23627.75,34389.25,864718.0,906499.5,41781.5,524394.5,744586.25,483622.5,0.6495184406104733,0.6064341207191246,237336.0,-120131.75
2024-04-01,102733.75,43225.25,45123.25,338949.75,89289.5,2671.5,0.0,87527.5,38756.0,79017.25,20690.25,47548.25,1041487.0,1067919.0,26432.0,568124.5,895532.25,621993.0,0.6945512012548962,0.5454936067372901,252849.0,-145954.75
2024-04-02,103396.25,44992.5,74069.25,739921.75,179558.5,2610.75,0.0,80699.0,48612.75,97616.75,30597.75,47509.5,1326668.5,1394968.0,68299.5,333119.0,1449584.75,1144549.0,0.7895702545159916,0.251094376628374,274438.0,122916.25
2024-04-03,105732.5,43175.75,69031.0,315459.5,118775.25,2619.75,0.0,180812.0,57111.75,201076.25,32911.25,46175.25,1349412.8,1372430.0,23017.25,846147.0,1172880.25,654793.75,0.5582784346483795,0.6270482983413229,485175.25,-176532.55000000005
2024-04-04,104777.75,42786.5,117938.0,600910.75,127439.0,2511.5,0.0,123509.25,45748.5,129458.25,23488.0,47411.5,1355950.0,1397191.5,41241.5,509662.25,1365979.0,996363.5,0.7294134829305575,0.3758709760684391,346127.5,10029.0
2024-04-05,105081.0,44751.5,97187.5,579830.75,194067.75,2577.75,0.0,100410.25,57963.5,113638.75,34250.0,44282.5,1321410.0,1359571.8,38161.75,450324.0,1374041.25,1023496.25,0.7448802938048621,0.34079051921810793,316295.0,52631.25
2024-04-06,103575.75,43620.75,109042.5,351377.5,290608.0,2487.75,0.0,82357.0,47174.25,81661.75,33825.0,44277.0,1113232.5,1157597.5,44365.0,362204.5,1190007.25,900712.25,0.7568964390763165,0.3253628509767726,255470.0,76774.75
2024-04-07,100108.25,43273.0,108789.25,340737.0,235187.0,2445.25,0.0,89038.0,40897.75,96197.75,26028.0,45613.5,1043015.0,1111525.0,68510.0,358301.75,1128314.75,830539.75,0.736088711062228,0.34352502121254247,271747.0,85299.75
2024-04-08,95812.5,46162.75,47196.75,128604.25,250281.25,2339.75,0.0,177770.25,72248.0,165229.75,40768.25,45127.0,1265132.5,1302323.2,37190.75,839050.25,1071540.5,570397.25,0.5323151574765489,0.6632113632366571,460375.0,-193592.0
2024-04-09,93389.5,45898.5,106435.75,489031.25,147705.75,2433.25,0.0,118660.5,56382.0,111293.25,27034.75,44857.75,1339949.5,1373208.0,33258.5,596776.75,1243122.25,884894.0,0.7118318411564108,0.445372568145292,331193.5,-96827.25
2024-04-10,95023.5,45021.0,97751.75,315160.75,209252.25,2572.75,0.0,131108.25,79350.0,148199.5,39058.75,43355.5,1349295.5,1401620.5,52325.0,727130.75,1205854.0,764782.0,0.6342243754219001,0.5388965945561962,402013.25,-143441.5
2024-04-11,96927.25,44711.0,98044.5,332974.0,242582.75,2609.25,0.0,121128.75,65507.25,151515.5,35655.0,43232.5,1359908.8,1402741.0,42832.25,686307.5,1234887.75,817848.75,0.6622859041236744,0.5046717103382227,381384.0,-125021.05000000005
2024-04-12,97135.0,45063.75,117367.25,282044.75,254527.5,2608.0,0.0,118201.0,39695.25,117516.25,35796.25,44830.0,1320189.0,1361612.8,41423.75,666249.5,1154785.0,798746.25,0.6916839498261581,0.5046622112439961,320242.5,-165404.0
2024-04-13,94894.0,41161.0,83469.25,363385.75,291841.25,2551.75,0.0,73515.0,29968.0,75957.75,31421.25,43990.25,1105669.0,1158901.0,53232.0,366972.75,1132155.25,877303.0,0.7748963757399879,0.33190109336519336,223431.0,26486.25
2024-04-14,93973.75,41757.25,72256.75,419718.0,275190.25,2513.75,0.0,85774.75,29772.75,88838.75,26502.0,40082.75,1056624.0,1123735.2,67111.25,289459.0,1176380.75,905409.75,0.7696570604372777,0.2739470237284029,244469.0,119756.75
2024-04-15,95586.75,45142.5,67728.5,391592.75,180823.0,2630.75,0.0,122783.5,37903.25,129739.75,37963.75,38768.25,1288905.8,1321043.2,32137.5,648761.5,1150662.75,783504.25,0.6809156288408571,0.5033428354500383,329194.75,-138243.05000000005
2024-04-16,96892.25,47771.75,68750.5,529004.75,170216.0,2686.75,0.0,143297.75,55527.5,124814.0,23253.0,38022.75,1368465.5,1417293.8,48828.25,600494.25,1300237.0,915322.0,0.70396550782665,0.43880846831725023,361662.0,-68228.5
2024-04-17,101077.5,51838.5,21029.0,116983.0,201029.0,2688.5,0.0,226291.75,105333.0,213348.75,32007.75,42478.75,1347067.5,1378243.5,31176.0,1008026.5,1114105.5,494645.5,0.44398443414918964,0.7483117958083021,587452.25,-232962.0
2024-04-18,101171.75,52056.5,47595.25,156271.5,229827.0,2694.75,0.0,233132.25,97025.0,200126.75,34601.75,41171.25,1352113.5,1382634.5,30521.0,918419.75,1195673.75,589616.75,0.4931251104241437,0.6792475261877053,571455.25,-156439.75
2024-04-19,100966.25,47659.5,124553.5,636237.5,109912.5,2747.5,0.0,114792.0,60755.75,117954.5,27580.0,41525.5,1366390.8,1412338.8,45948.0,495687.25,1384684.5,1022076.75,0.7381296966926401,0.362771214501737,335027.75,18293.699999999953
2024-04-20,105258.25,49489.5,79551.25,293747.5,207170.5,2678.0,0.0,119161.0,35870.5,100145.5,28221.5,40697.25,1150676.2,1196863.5,46187.25,570207.0,1061990.75,737895.0,0.6948224360711239,0.4955407959250396,295874.25,-88685.44999999995
2024-04-21,104813.75,49190.25,56434.0,240087.25,207088.75,2686.5,0.0,130485.5,45841.75,106116.5,14280.25,42095.75,1090198.8,1138932.2,48733.5,586588.75,999120.25,660300.5,0.6608819108610801,0.5380566828728852,324539.5,-91078.55000000005
2024-04-22,103416.0,51211.25,37167.5,109300.5,243445.25,2680.0,0.0,232385.5,61893.25,230637.5,39712.0,41761.75,1329936.8,1357158.2,27221.5,940023.5,1153610.5,547220.5,0.47435464569713953,0.7068181736154681,566678.0,-176326.30000000005
2024-04-23,102356.25,50526.25,62115.75,117366.0,246155.5,2689.25,0.0,223014.75,76624.5,258437.5,29856.75,40232.25,1362938.8,1393337.8,30399.0,937301.5,1209374.75,581209.0,0.4805863525759902,0.6877062271614837,598309.0,-153564.05000000005
2024-04-24,103388.0,50705.25,83351.0,206045.0,203207.75,2701.75,0.0,227429.5,68292.25,256301.5,25439.75,41797.25,1374619.8,1407521.0,32901.25,882016.0,1268659.0,649398.75,0.5118780933253144,0.6416436021072881,593820.5,-105960.80000000005
2024-04-25,104457.75,49305.25,25568.5,171140.75,215952.0,2661.0,0.0,242215.25,68403.25,252729.5,25942.25,42417.75,1359405.8,1389336.8,29931.0,946744.5,1200793.25,569085.25,0.4739244245418601,0.6964399445698995,605765.75,-158612.55000000005
2024-04-26,105782.0,49310.5,16208.5,201564.75,244968.25,2634.75,0.0,221152.25,77144.25,203340.25,32251.25,42133.75,1317475.0,1342205.8,24730.75,854733.5,1196490.5,620468.75,0.5185739042641793,0.6487663902540846,543770.5,-120984.5
2024-04-27,104297.25,48678.5,27495.5,178810.0,329115.25,2609.0,0.0,140840.75,36856.25,111479.5,29363.25,42333.25,1104069.0,1137671.5,33602.5,568648.25,1051878.5,691005.5,0.6569252057152989,0.515047746110071,331509.75,-52190.5
2024-04-28,101762.5,45305.25,96055.0,403142.25,258821.75,2485.5,0.0,92873.0,23531.0,78574.75,11641.5,40753.5,1055036.8,1106609.2,51572.5,297017.75,1154946.0,907572.25,0.7858135791630085,0.2815235923524184,235732.25,99909.19999999995
2024-04-29,103204.75,48936.0,57394.25,129279.5,322154.75,2450.75,0.0,136592.25,41942.0,153940.5,38336.0,40904.25,1249768.2,1279690.8,29922.5,740939.75,1075135.0,663420.0,0.617057392792533,0.5928617402811177,373379.0,-174633.19999999995
2024-04-30,101284.5,49810.75,71337.5,195705.0,348198.0,2449.25,0.0,127029.0,40288.0,124886.25,35325.5,38638.25,1265943.5,1295532.8,29589.25,650703.0,1134952.0,768785.0,0.6773722589149145,0.5140063517842621,330841.5,-130991.5
2024-05-01,93949.0,47806.5,77562.25,346888.5,344996.0,2325.75,0.0,84732.0,23712.25,71918.5,20284.5,41195.5,977648.5,1024993.75,47345.25,208201.75,1155370.75,913528.0,0.790679528627499,0.2129617648878917,221558.25,177722.25
2024-05-02,94365.75,48102.0,121688.25,473196.5,307097.75,2920.25,0.0,83753.25,47993.0,91590.0,26507.25,40571.75,1248289.2,1301487.8,53198.5,346306.75,1337785.75,1047370.5,0.7829134822223962,0.2774250950821332,263908.0,89496.55000000005
2024-05-03,97629.0,51575.5,97170.75,307962.75,169942.0,3198.75,0.0,125489.5,35476.5,127396.0,41408.75,38930.0,1287554.2,1313320.5,25766.25,712478.75,1096179.5,727478.75,0.663649292839357,0.5533582586270932,327292.0,-191374.69999999995
2024-05-04,97671.5,50106.75,22978.5,71634.5,262161.25,3165.25,0.0,128553.75,23139.0,129729.25,27763.0,45309.0,1079405.5,1114819.5,35414.0,722631.25,862211.75,507717.75,0.588855057936754,0.669471528540479,326731.0,-217193.75
2024-05-05,96375.75,44988.75,51869.0,311532.0,224473.5,3119.5,0.0,114513.5,22957.25,85289.25,10495.25,43496.25,1031532.75,1077912.8,46380.0,443658.25,1009110.0,732358.5,0.7257469453280614,0.4300961360654812,266256.25,-22422.75
2024-05-06,101037.25,50879.5,12637.25,118778.25,218977.25,3045.5,0.0,195707.0,51100.0,184731.75,33189.75,42845.75,1289584.2,1310141.2,20557.0,939191.5,1012929.25,505355.0,0.498904538495655,0.7282901729099969,474384.5,-276654.94999999995
2024-05-07,101351.0,53784.25,10716.0,129763.75,174692.75,3063.5,0.0,217018.0,50589.25,200991.75,32017.5,43837.0,1316889.8,1336016.2,19126.5,1001717.25,1017824.75,473371.25,0.4650812922362126,0.7606690020683583,512436.0,-299065.05000000005
2024-05-08,101401.0,55078.0,2844.0,76276.75,243263.5,3176.75,0.0,230925.5,38645.25,204820.5,27050.25,44220.0,1278744.2,1306862.5,28118.25,956360.0,1027701.5,482040.0,0.46904670276339966,0.7478900002048885,518611.25,-251042.69999999995
2024-05-09,101018.5,55595.25,11858.25,36718.75,359172.75,3122.75,0.0,158318.75,19767.75,125264.0,24535.75,46055.75,1016763.5,1056685.0,39921.5,609013.75,941428.25,567486.25,0.6027928841098618,0.598972868321886,349406.25,-75335.25
2024-05-10,101270.25,53286.75,8624.5,41457.75,358070.25,2701.75,0.0,135345.75,23914.0,138682.25,26814.75,46521.25,1097757.5,1135340.0,37582.5,689605.0,936689.25,565411.25,0.6036273502658432,0.6281942960990929,344463.25,-161068.25
2024-05-11,100833.25,51186.5,10878.0,89673.75,360378.5,2558.25,0.0,113807.75,20237.5,99583.25,29262.5,46028.5,1016886.75,1055842.2,38955.5,555956.5,924427.75,615508.25,0.6658262368259715,0.5467241066913302,279657.0,-92459.0
2024-05-12,97981.0,47187.25,60567.25,227310.75,370939.5,2498.5,0.0,85396.5,20703.75,76701.75,19229.5,45674.5,973127.25,1023939.5,50812.25,314309.75,1054190.25,806484.25,0.765027232987594,0.3229893623881152,228476.5,81063.0
2024-05-13,98420.5,50431.75,100803.0,312580.25,362755.5,2435.0,0.0,98776.0,39567.5,121291.5,40827.75,45567.5,1260027.5,1297513.2,37485.75,483888.75,1273456.25,927426.0,0.7282747247893283,0.3840303088623066,305202.5,13428.75
2024-05-14,97086.25,48004.5,104785.75,416008.0,386691.5,2379.25,0.0,93382.75,49637.5,95666.0,33944.5,43944.0,1293651.2,1335627.8,41976.5,386166.0,1371530.0,1054955.25,0.7691813157568554,0.298508593351902,282630.25,77878.80000000005
2024-05-15,97264.25,48945.75,71637.5,442873.5,316390.5,2410.25,0.0,118171.75,60059.25,132693.5,35306.5,45450.75,1287045.8,1325712.0,38666.25,456144.25,1371203.5,979521.75,0.7143518449303842,0.3544118243499959,356375.25,84157.69999999995
2024-05-16,97900.75,50746.5,62202.0,411954.0,286115.5,2348.0,0.0,119092.75,65700.75,148332.0,34762.5,43782.75,1310088.0,1356637.8,46549.75,549816.5,1322937.5,911266.75,0.6888207114848585,0.4196790597272855,376908.25,12849.5
2024-05-17,99478.0,56307.25,60925.25,412782.25,206672.5,2445.0,0.0,128530.5,50898.25,125195.25,38922.5,43835.75,1278607.5,1316755.0,38147.5,598227.5,1225992.5,838610.25,0.68402559558888,0.467874230363892,348459.75,-52615.0
2024-05-18,99235.25,58259.0,45485.5,140967.75,257912.25,2433.5,0.0,111699.25,29530.5,87978.25,31860.75,46052.75,1073761.5,1109403.8,35642.25,629396.0,911414.75,604293.25,0.6630277269486806,0.586159961965483,275260.75,-162346.75
2024-05-19,98083.5,57124.25,44620.25,73727.0,263794.25,2381.5,0.0,115447.25,21609.25,76384.5,27761.75,46038.5,955874.5,998932.0,43057.5,573733.0,826972.0,539730.75,0.6526590380327266,0.6002179156364146,259479.5,-128902.5
2024-05-20,98489.0,56914.0,43759.75,70168.25,343176.5,2368.75,0.0,122592.25,20906.5,75713.5,32932.5,41565.25,964388.5,1006564.75,42176.25,507284.0,908586.25,614876.25,0.6767395500427175,0.5260162268629291,260777.5,-55802.25
2024-05-21,97750.5,57209.0,78675.0,340262.75,226712.75,2360.25,0.0,145258.25,35568.5,132761.25,33421.5,34925.75,1261562.2,1296814.8,35252.5,615911.75,1184905.5,802970.25,0.6776660670407894,0.48821354190859556,348513.75,-76656.69999999995
2024-05-22,95618.5,57344.25,77924.75,289746.25,199077.25,2509.5,0.0,172762.5,38306.0,145065.25,30712.5,41110.0,1307173.8,1351010.0,43836.25,740425.5,1150176.75,722220.5,0.6279213173105785,0.5664323290445387,397243.75,-156997.05000000005
2024-05-23,94272.25,58784.5,22527.25,123468.25,303209.5,2757.75,0.0,212501.75,47206.0,147995.0,32739.5,39162.75,1235897.2,1273666.2,37769.0,786692.25,1084624.5,605019.5,0.5578147091458842,0.6365353445254185,446865.5,-151272.69999999995
2024-05-24,94899.75,61544.75,17123.0,94511.25,248880.5,2748.75,0.0,225000.75,55918.75,201110.0,30335.75,41063.5,1212960.8,1230773.8,17813.0,852446.0,1073136.75,519708.0,0.48428869852793693,0.7027811616006057,523093.0,-139824.05000000005
2024-05-25,94135.5,58533.25,41013.75,57988.75,291859.25,2832.25,0.0,168111.25,24584.75,109038.75,23233.75,40307.75,992192.75,1029759.75,37567.0,601331.0,911639.0,546362.75,0.5993191932332864,0.6060626828809221,342042.5,-80553.75
2024-05-26,93493.0,54665.25,19751.25,97002.0,335599.5,2769.25,0.0,144108.5,22108.5,85206.25,16978.75,42593.75,972830.25,1021331.0,48500.75,520477.5,914276.0,603280.25,0.659844784288333,0.5350136881537144,294017.0,-58554.25
2024-05-27,93623.0,57900.5,44576.0,95574.5,269016.0,2757.75,0.0,211177.0,39813.5,149171.0,32524.25,43537.5,1209857.8,1240761.0,30903.25,800691.25,1039671.0,563447.75,0.5419481258975195,0.6618060816733999,443699.0,-170186.80000000005
2024-05-28,97824.25,60791.75,23700.25,155778.0,264086.25,2899.0,0.0,238153.0,44396.25,130050.0,27402.0,40666.0,1208772.5,1237895.5,29123.0,765208.0,1085746.75,605079.5,0.5572934019834735,0.6330455069088683,453265.25,-123025.75
2024-05-29,98815.75,58771.75,92369.0,296028.75,227004.75,2368.0,0.0,179984.5,36613.0,116705.75,26678.0,40267.75,1279524.0,1323937.8,44413.75,664121.5,1175607.0,775358.0,0.6595384341876154,0.519037939108606,373571.0,-103917.0
2024-05-30,98262.25,62343.5,25473.25,70634.0,233775.75,2376.5,0.0,217575.5,15338.25,142721.75,28804.25,39901.0,1097436.0,1123250.8,25814.75,767553.0,937206.0,492865.25,0.5258878517636464,0.6994057056630182,415536.5,-160230.0
2024-05-31,97997.0,59765.25,61569.5,115564.25,186835.25,2408.5,0.0,220745.0,12284.75,113349.5,26778.5,41211.0,1167677.5,1192851.8,25174.25,803708.5,938508.5,524139.75,0.558481622702405,0.6882966401253771,387590.25,-229169.0
2024-06-01,96063.0,47917.5,87858.25,228643.75,197548.0,2451.0,0.0,110981.0,12181.75,77454.5,30468.75,38651.25,1072784.8,1109355.5,36570.75,558734.75,930218.75,660481.5,0.7100281519803809,0.520826497541725,239268.5,-142566.05000000005
2024-06-02,94212.0,45393.25,107093.25,315805.5,192727.75,2340.75,0.0,108754.5,11889.5,64742.0,18344.5,38116.5,1037858.25,1094005.5,56147.25,422231.75,999419.5,757572.5,0.7580125262715006,0.40682988259716585,223502.5,-38438.75
2024-06-03,96660.0,51181.25,54098.0,138417.5,189312.0,2259.75,0.0,228993.0,35691.75,192301.75,44510.25,43130.5,1261541.5,1289466.8,27925.25,879714.0,1076555.75,531928.5,0.49410214008889,0.6973325887416307,500117.0,-184985.75
2024-06-04,95604.25,45116.0,50603.25,72944.25,307375.25,2141.5,0.0,227303.5,34168.75,167448.0,33051.75,40309.25,1253161.0,1291544.5,38383.5,822238.25,1076065.75,573784.5,0.5332243870785777,0.6561313749789532,469229.5,-177095.25
2024-06-05,95148.25,47052.5,82713.5,299512.25,259044.5,2174.5,0.0,194254.5,25436.25,115900.75,42865.5,37335.25,1290514.0,1328833.5,38319.5,649243.75,1201437.75,785645.5,0.653921104110471,0.503089272956357,372926.75,-89076.25
2024-06-06,96556.25,51596.0,66570.0,117177.25,355843.5,2567.25,0.0,233554.25,24724.75,150929.25,25830.5,38481.0,1254607.5,1288587.0,33979.5,715016.75,1163830.0,690310.25,0.5931366694448502,0.5699127017812343,447689.25,-90777.5
2024-06-07,95861.25,54080.75,58327.5,82960.0,353338.0,2765.75,0.0,192105.5,25788.5,155296.0,34420.5,41117.25,1223695.0,1259010.0,35315.0,729069.5,1096061.0,647333.25,0.5905996564059847,0.5957934779499794,414307.25,-127634.0
2024-06-08,95710.75,50758.5,81708.5,219327.0,345613.5,2822.75,0.0,113423.5,22326.5,91376.75,32662.75,40583.25,1041593.75,1082532.8,40939.0,394944.75,1096313.75,795941.0,0.7260157049019954,0.37917350214515017,267710.0,54720.0
2024-06-09,93769.5,49214.5,77850.75,227817.25,325645.25,2276.0,0.0,91935.25,32126.25,103914.5,23720.25,40013.5,984087.75,1040080.5,55992.75,352774.5,1068283.0,776573.25,0.7269358868389744,0.358478702737637,267989.5,84195.25
2024-06-10,95993.0,51025.75,62036.75,228444.0,287234.5,2284.5,0.0,163949.25,45281.25,139054.25,31108.75,41100.75,1238770.2,1273658.2,34888.0,661055.0,1147512.75,727018.5,0.6335602807027634,0.5336381194833392,389385.5,-91257.44999999995
2024-06-11,95509.75,51572.75,90455.75,439746.75,263768.75,2239.25,0.0,134718.5,47918.75,101959.25,25329.5,38828.0,1288722.0,1333182.0,44460.0,494750.75,1292047.0,943293.0,0.7300763826702898,0.38390804999061084,323424.5,3325.0
2024-06-12,97229.25,53614.25,89705.25,217134.75,318229.75,2229.75,0.0,187399.25,38232.75,120331.0,24394.25,37096.5,1297178.2,1331855.8,34677.5,672108.5,1185596.75,778143.0,0.656330240446425,0.5181312020198922,383059.5,-111581.44999999995
2024-06-13,97671.0,57319.25,41955.0,102753.5,328496.75,2262.0,0.0,226992.0,42455.0,137547.5,32506.0,35609.5,1265399.2,1294215.8,28816.5,792194.0,1105567.5,630457.5,0.5702569042595771,0.6260427539388361,442604.0,-159831.69999999995
2024-06-14,97572.0,60489.75,54167.5,289692.25,202570.5,2333.75,0.0,182616.25,30557.5,81374.75,39235.75,33767.25,1258817.8,1284542.8,25725.0,712387.5,1074377.25,706825.75,0.6578934447839434,0.5659178794580121,328315.75,-184440.55000000005
2024-06-15,95698.0,51341.0,79619.0,422371.75,262553.5,2352.0,0.0,79360.0,19243.0,61578.25,26358.0,33699.0,1049889.2,1108321.8,58432.5,285345.0,1134173.5,913935.25,0.8058160854578246,0.27178582273253216,193880.25,84284.30000000005
2024-06-16,96052.25,54402.0,76080.25,255687.75,303790.75,2312.5,0.0,96443.0,21039.5,63648.75,27980.5,36604.75,999384.0,1057924.2,58540.25,363825.25,1034042.0,788325.5,0.7623728049731056,0.3640495044947688,217736.0,34658.0
2024-06-17,97105.0,60296.0,40169.5,127377.75,282171.25,2120.75,0.0,212758.25,48083.0,122933.0,36367.5,36573.25,1248698.0,1286756.0,38058.0,798979.5,1065955.25,609240.25,0.5715439273834432,0.6398500678306525,420347.5,-182742.75
2024-06-18,96708.75,61818.75,8495.25,65513.25,313482.75,2119.25,0.0,260152.5,62021.0,167615.5,32718.75,37286.0,1280398.2,1301311.5,20913.25,892907.0,1107931.75,548138.0,0.49473986100678136,0.6973666473445527,527075.0,-172466.44999999995
2024-06-19,95926.25,63681.25,36272.25,129505.25,248734.75,2096.5,0.0,253193.25,57701.75,130142.75,32771.5,39215.0,1293133.8,1320125.5,26991.75,878621.5,1089240.5,576216.25,0.5290073679779627,0.6794513452513575,480252.75,-203893.30000000005
2024-06-20,96567.5,60496.75,11779.0,82824.75,293987.5,2269.0,0.0,255888.5,57664.75,136028.25,39269.25,38571.25,1278746.2,1310500.8,31754.5,890155.0,1075346.5,547924.5,0.5095329737903085,0.6961154605972631,488152.75,-203399.69999999995
2024-06-21,95920.75,61538.0,21942.25,154611.25,187989.0,2350.75,0.0,267229.25,76980.25,176278.0,29464.25,37571.0,1261185.0,1285430.8,24245.75,896642.5,1111874.75,524352.0,0.47159268613663546,0.7109523979432042,558058.5,-149310.25
2024-06-22,95284.5,52539.75,37139.5,317830.0,301343.75,2343.0,0.0,104012.25,15705.0,69805.5,26395.5,37386.75,1080581.8,1134664.2,54082.5,424268.5,1059785.5,806480.5,0.7609846520828979,0.39262969263409764,226909.5,-20796.300000000047
2024-06-23,94410.75,53969.25,22683.25,107319.0,311083.75,2389.75,0.0,124007.25,25696.75,78236.0,25606.5,37741.0,996102.25,1039074.5,42972.25,555016.25,883143.25,591855.75,0.6701695902674906,0.5571880296425392,265681.0,-112959.0
2024-06-24,95824.25,60826.25,1610.75,57843.0,393079.25,2309.75,0.0,194785.0,43861.0,129631.75,38958.5,41356.5,1219620.8,1257486.2,37865.5,767087.75,1060086.0,611493.25,0.5768336248191185,0.6289559426995669,409634.25,-159534.80000000005
2024-06-25,93794.25,60615.25,14176.25,154850.5,423683.5,2277.75,0.0,200447.75,48864.0,130584.25,34309.75,38476.0,1257934.8,1296710.8,38776.0,665224.5,1202079.25,749397.5,0.6234177155957064,0.5288227179977849,418372.0,-55855.55000000005
2024-06-26,93812.25,59665.75,21938.5,128612.5,374690.5,2269.75,0.0,227626.0,53119.5,140720.25,35043.25,38203.5,1281116.2,1315893.0,34776.75,755874.75,1175701.75,680989.25,0.5792193896113534,0.5900126389784158,459669.25,-105414.44999999995
2024-06-27,92480.75,60851.0,34453.5,103949.75,319052.25,2199.5,0.0,224629.25,53196.0,136254.0,35757.0,38164.5,1309375.8,1348737.8,39362.0,851920.25,1100987.5,612986.75,0.5567608624076114,0.6506308196623154,452243.75,-208388.30000000005
2024-06-28,92426.25,60125.75,80455.25,238175.0,349246.0,2261.0,0.0,160215.75,24513.25,96191.25,31517.75,38225.0,1269305.5,1317998.5,48693.0,601429.25,1173352.25,822689.25,0.7011443068353941,0.4738254502166736,319145.25,-95953.25
2024-06-29,93870.5,59219.25,17525.5,82752.75,374780.75,2484.5,0.0,116375.75,14974.25,86017.75,40902.5,40203.5,1060522.2,1100460.0,39937.75,585463.25,929107.0,630633.25,0.6787520167214325,0.5520518570945522,257571.25,-131415.19999999995
2024-06-30,91582.0,56235.0,43481.5,261332.5,169207.25,2551.75,0.0,116795.0,21174.25,68328.5,19876.5,40005.5,1049916.5,1102703.0,52786.5,575895.25,890569.75,624390.0,0.7011129672886374,0.5485152866918465,246303.25,-159346.75
2024-07-01,91010.5,60981.0,50962.5,184430.75,224484.0,2548.75,0.0,224731.0,40467.75,104440.0,34228.0,42602.0,1255238.8,1280621.0,25382.25,795361.5,1060886.25,614417.5,0.5791549282498477,0.6336336161692898,412240.75,-194352.55000000005
2024-07-02,92037.5,60453.5,91786.5,261026.5,171347.75,2558.75,0.0,234288.5,40215.5,81475.25,26670.5,45133.25,1305262.8,1332048.8,26786.0,781102.0,1106993.5,679210.5,0.6135632232709587,0.5984250834391358,401112.5,-198269.30000000005
2024-07-03,94157.25,62733.5,76308.25,161265.0,197481.5,2587.25,0.0,242356.0,38916.5,114913.75,39867.75,45375.5,1301699.8,1323988.8,22289.0,866645.0,1075962.25,594532.75,0.5525591162701108,0.6657794677390286,441561.75,-225737.55000000005
2024-07-04,91823.0,55779.25,130087.25,452509.0,247011.0,2552.0,0.0,96979.75,17521.0,71768.25,30008.5,42262.0,1315871.5,1366536.5,50665.0,486264.25,1238301.0,979761.5,0.7912143331871653,0.3695377930139835,228531.0,-77570.5
2024-07-05,94750.25,57824.75,95413.5,386609.0,301877.5,2534.75,0.0,103850.0,15137.25,75156.75,42190.75,43800.0,1259627.0,1307940.8,48313.75,475727.0,1219144.5,939009.75,0.7702202240997683,0.3776729142833553,237944.0,-40482.5
2024-07-06,92271.0,52268.5,79780.75,462203.25,278181.25,2625.5,0.0,86727.75,14916.25,64781.25,19589.5,43498.0,1086331.2,1152743.2,66412.0,266166.0,1196843.0,967330.25,0.8082348729114847,0.24501367538739569,209923.25,110511.80000000005
2024-07-07,93211.5,56136.25,67310.0,239661.75,304068.75,2636.0,0.0,105114.25,15786.0,63999.25,40192.5,46432.0,983059.25,1031850.25,48791.0,372018.75,1034548.25,763024.25,0.7375434156889251,0.3784296317846559,231331.5,51489.0
2024-07-08,93958.0,60889.0,30563.0,80288.75,371343.75,2630.75,0.0,201690.5,49068.25,122190.5,41963.75,46101.75,1213182.2,1249636.5,36454.25,730986.75,1100688.0,639673.25,0.5811576486706497,0.602536659374,419051.0,-112494.19999999995
2024-07-09,92218.75,62319.25,64800.75,178665.25,401374.25,2515.25,0.0,202571.5,32751.75,110483.25,30584.75,45138.0,1274278.0,1309904.8,35626.75,629437.75,1223422.75,801893.5,0.6554508652058334,0.4939563815745073,390944.5,-50855.25
2024-07-10,92843.75,65611.5,63038.75,160694.25,255736.75,2522.75,0.0,238636.75,43258.5,105139.0,41521.0,43513.0,1323157.0,1359617.5,36460.5,843687.25,1112516.0,640447.75,0.5756750914144156,0.6376320043653172,430547.25,-210641.0
2024-07-11,93977.75,64480.25,32981.5,67046.5,313332.5,2711.25,0.0,240008.25,57347.5,144736.75,43192.0,43671.5,1275838.8,1309519.2,33680.5,862478.25,1103485.75,574529.75,0.5206499041786448,0.6760087951549992,485764.0,-172353.05000000005
2024-07-12,94830.0,63148.25,42163.5,253278.0,208798.25,2770.25,0.0,212383.0,41889.5,130006.0,29753.75,44610.5,1259328.5,1280519.0,21190.5,755088.75,1123631.0,664988.25,0.591820846879447,0.5995963324898944,428889.0,-135697.5
2024-07-13,93287.75,57384.5,92774.75,279756.75,263030.25,2835.25,0.0,100636.5,13396.5,65033.75,29185.25,47219.5,1067131.2,1111259.5,44128.25,431569.5,1044540.75,789069.25,0.7554221795559436,0.40442028121752976,226286.25,-22590.449999999953
2024-07-14,91181.0,55005.25,105133.25,138462.0,335793.0,2730.5,0.0,105139.0,12998.0,66841.5,25020.75,46475.5,989230.75,1045090.5,55859.75,409842.5,984779.75,728305.0,0.7395613079980574,0.41430424600124893,231454.0,-4451.0
2024-07-15,89556.5,61673.0,56754.25,111484.5,389618.25,2618.0,0.0,162872.25,22209.5,115984.75,49855.75,47131.25,1216637.8,1251678.2,35040.5,658780.75,1109758.0,711704.5,0.6413150434599255,0.5414764772227199,348197.75,-106879.80000000005
2024-07-16,88125.25,59884.0,72923.0,336263.75,274708.0,2673.5,0.0,162189.75,26449.75,87370.25,28950.25,43152.25,1268339.5,1313073.2,44733.75,584444.75,1182689.75,834577.5,0.7056605504528978,0.46079519718498085,319162.0,-85649.75
2024-07-17,91971.75,57475.25,72653.75,273386.75,267626.25,2554.0,0.0,172130.25,22951.5,101988.75,35179.25,46280.0,1274574.0,1321148.8,46574.75,660907.25,1144197.5,765667.75,0.669174465072682,0.5185318781020168,343350.5,-130376.5
2024-07-18,94528.75,59532.5,16152.75,36644.25,374080.25,2425.5,0.0,213130.5,51013.75,140691.25,42306.5,46256.75,1264553.5,1299364.5,34811.0,837676.25,1076762.75,583364.0,0.5417757997293275,0.6624284777196062,451092.25,-187790.75
2024-07-19,93794.75,59700.75,15265.75,50967.0,367167.25,2794.0,0.0,217879.75,43207.25,135523.75,41428.25,45646.25,1228499.2,1263023.0,34523.75,795099.25,1073374.75,589689.5,0.5493789564175978,0.6472118581762203,442257.0,-155124.44999999995
2024-07-20,92344.25,56462.75,52825.5,108924.25,366124.25,2719.5,0.0,148697.5,12489.75,77295.25,36571.5,47897.5,1065072.2,1107042.2,41970.0,537198.25,1002352.0,679400.5,0.6778062995833799,0.5043773088810317,286380.0,-62720.19999999995
2024-07-21,90984.25,55694.0,37300.5,128225.75,308987.75,2540.5,0.0,135100.5,17121.5,78437.75,32280.75,48216.5,1005621.5,1052559.5,46938.0,531107.5,934889.75,623732.75,0.6671725195404057,0.5281385690341744,278876.25,-70731.75
2024-07-22,93348.25,57966.75,40428.0,218111.75,276683.25,2568.0,0.0,175427.0,23235.0,120228.25,36198.0,50767.5,1249415.2,1293542.5,44127.25,714192.25,1094961.75,689106.0,0.6293425318281666,0.5716212272749683,369657.75,-154453.44999999995
2024-07-23,93865.5,61157.75,43446.5,182412.0,266456.5,2761.25,0.0,191364.5,36857.5,123653.75,39463.0,47025.5,1250083.0,1284743.2,34660.25,757768.0,1088463.75,650099.5,0.5972633447829567,0.6061741500364376,398901.25,-161619.25
2024-07-24,94159.0,60732.25,49949.0,190974.25,293321.0,2616.25,0.0,190872.25,42974.25,110919.25,36176.75,45858.5,1239784.0,1286727.5,46943.5,705539.75,1118552.75,691751.75,0.6184346245628559,0.5690827999070805,390624.25,-121231.25
2024-07-25,94975.25,57940.5,51749.0,43563.75,357772.25,2633.25,0.0,187746.5,50099.75,131092.25,31216.5,44819.5,1222179.2,1263785.5,41606.25,769094.25,1053608.5,608634.0,0.5776661824577155,0.6292810825122863,413758.0,-168570.69999999995
2024-07-26,95022.75,55216.0,40964.0,137505.25,228982.5,2600.5,0.0,196646.0,41851.75,123536.75,32418.5,44389.75,1226108.0,1261260.2,35152.25,818656.25,999133.75,560291.0,0.5607767728795069,0.6676869003383062,406424.25,-226974.25
2024-07-27,94561.5,52824.75,2291.0,33875.0,220503.0,2564.25,0.0,176279.25,32928.5,135427.5,33387.5,45150.5,1047631.75,1079946.8,32315.0,790962.75,829792.75,406619.5,0.4900253707928877,0.7550007433432597,389785.75,-217839.0
2024-07-28,92596.5,52707.25,24609.0,185151.5,313645.0,2565.25,0.0,135154.75,11497.0,75858.25,20927.25,47074.75,975491.25,1028966.75,53475.5,452085.75,961786.5,671274.5,0.6979454379948149,0.46344418773617907,269584.75,-13704.75
2024-07-29,93122.25,51224.75,17256.0,86337.0,405747.75,2537.75,0.0,170738.25,31145.75,102975.25,38304.25,50221.5,1138319.0,1182338.5,44019.5,628978.25,1049610.5,656225.5,0.6252085892814525,0.5525500760331682,355080.75,-88708.5
2024-07-30,91991.0,50647.0,2841.75,50579.0,394049.0,2468.75,0.0,207122.75,68107.0,127317.75,34174.0,46998.75,1176721.8,1216691.2,39969.5,729252.0,1076296.75,592576.5,0.5505698126469303,0.6197318686540862,449546.25,-100425.05000000005
2024-07-31,91536.5,49557.75,15500.25,47735.75,327485.0,2459.75,0.0,232623.5,82638.25,144511.5,27660.0,52141.25,1215445.0,1249542.2,34097.25,824724.0,1073849.5,534275.0,0.49753247545396256,0.678536667640247,511914.5,-141595.5
2024-08-01,92755.25,55263.0,20067.25,76051.25,265180.75,2534.0,0.0,261494.75,102519.25,145100.75,28596.25,49023.75,1281153.5,1308534.5,27381.0,919854.25,1098586.25,511851.5,0.46591835643309754,0.7179891012279169,558138.5,-182567.25
2024-08-02,93792.25,54714.0,5688.5,70964.25,242089.75,2573.25,0.0,252517.25,78732.75,134065.25,35010.5,50204.25,1222347.8,1253428.5,31080.75,903605.25,1020352.0,469822.0,0.4604509032177131,0.7392374330775577,515519.5,-201995.80000000005
2024-08-03,93275.5,52165.75,19850.75,51527.75,301755.5,2617.5,0.0,158946.75,29097.25,81027.0,33077.0,44661.0,1041826.75,1084907.8,43081.0,668692.75,868001.75,521192.75,0.6004512663712948,0.6418464010450874,313732.0,-173825.0
2024-08-04,91885.0,50767.25,48787.5,193179.5,241460.0,2615.75,0.0,146957.0,16038.25,67476.75,17355.5,43282.25,1003191.25,1054742.8,51551.5,519764.25,919804.75,628695.0,0.6835091904015499,0.518110828817536,273754.25,-83386.5
2024-08-05,91921.0,51271.5,22441.75,46304.25,313359.25,2606.0,0.0,208589.75,39551.5,126370.5,40319.5,42744.0,1210206.8,1251424.8,41218.0,828101.5,985479.0,527903.75,0.5356823940439116,0.6842644579422293,417255.75,-224727.80000000005
2024-08-06,88188.75,50158.0,15483.25,56061.75,381126.75,2584.0,0.0,207076.0,55227.5,140925.5,35805.25,43908.5,1230951.0,1271609.8,40658.75,778279.25,1076545.25,593602.5,0.5513957727276211,0.6322585139457216,447137.5,-154405.75
2024-08-07,88082.75,50797.5,25413.25,102678.0,269186.5,2548.75,0.0,215955.5,69115.0,133698.5,35173.25,43460.25,1265740.0,1301953.5,36213.5,868462.25,1036109.25,538706.75,0.5199323816479777,0.6861300504052965,462229.25,-229630.75
2024-08-08,89435.75,51266.75,37058.5,82775.25,255391.25,2577.75,0.0,204712.5,64219.75,123477.5,41723.75,43041.0,1249067.2,1289347.8,40280.5,873842.25,995679.75,518505.25,0.5207550419700712,0.6995958664193568,435450.75,-253387.44999999995
2024-08-09,90020.25,47158.5,98363.0,407165.25,249689.75,2599.25,0.0,111367.5,27898.5,90005.25,32052.75,45468.75,1250240.0,1307952.5,57712.5,495022.0,1201788.75,894996.0,0.7447199018962359,0.39594157921679035,274740.0,-48451.25
2024-08-10,92584.25,44426.75,92062.75,192748.5,335573.25,2554.0,0.0,106566.0,13711.0,62511.5,39781.25,46476.0,1060111.0,1112939.2,52828.25,439726.5,1028995.25,759949.5,0.7385354791482274,0.4147928848960156,229264.5,-31115.75
2024-08-11,92245.5,42738.75,33254.75,88996.75,353144.0,2518.0,0.0,118055.25,9149.5,75352.75,32279.5,45755.0,992690.25,1042048.5,49358.25,517294.75,893489.75,612897.75,0.6859594640005663,0.5211038891537416,248312.5,-99200.5
2024-08-12,92443.5,46139.0,36795.75,113158.25,363243.5,2457.0,0.0,176389.0,41461.25,104011.75,38835.5,44248.0,1234082.5,1277061.5,42979.0,720885.0,1059182.5,654237.0,0.6176810889530369,0.5841465218087122,366110.0,-174900.0
2024-08-13,90088.75,45869.75,49291.75,224974.0,340536.25,2384.5,0.0,196175.5,73931.25,108580.0,20399.75,48065.75,1300394.8,1352855.8,52461.0,685592.75,1200297.25,753145.0,0.6274654049236553,0.5272189261292032,426752.5,-100097.55000000005
2024-08-14,92034.0,48641.5,25814.75,119844.0,281910.0,2385.0,0.0,211357.0,84848.5,142561.75,36308.25,46028.5,1295530.8,1317381.2,21850.5,867962.0,1091733.25,570629.25,0.5226819371856632,0.6699663180528012,484795.75,-203797.55000000005
2024-08-15,92103.5,45957.25,43384.25,81890.5,307704.75,2568.75,0.0,191568.25,67853.5,127785.5,19992.0,42505.25,1241758.8,1282846.8,41088.0,808779.25,1023313.5,573609.0,0.5605408313288156,0.651317510292659,429712.5,-218445.30000000005
2024-08-16,92967.25,43742.0,31671.5,155382.0,291358.5,2661.5,0.0,204011.5,57672.75,130633.75,39435.0,41450.0,1230733.0,1270019.8,39286.75,752321.0,1090985.75,617782.75,0.5662610625299185,0.6112788070198817,433768.0,-139747.25
2024-08-17,91509.75,42651.25,5686.0,44399.75,242398.25,2704.0,0.0,198032.25,59504.75,114808.75,22701.25,45248.5,1058836.2,1096794.8,37958.5,766352.25,869644.5,429349.0,0.4937063363247856,0.7237684639040487,417594.25,-189191.69999999995
2024-08-18,90075.25,45197.0,21211.25,79262.75,143567.75,2741.0,0.0,200879.75,46038.75,67677.5,13954.75,43384.5,1000247.5,1039081.0,38833.5,756205.75,753990.25,382055.0,0.5067107963266103,0.7560186353877415,357980.5,-246257.25
2024-08-19,91222.0,52421.5,25527.5,73331.25,242218.75,2771.0,0.0,220845.25,79514.5,119796.0,31439.0,45563.75,1201470.2,1235183.8,33713.5,860392.75,984650.5,487492.0,0.49509140552916997,0.7161165961502832,465719.5,-216819.69999999995
2024-08-20,90659.25,52579.5,80952.75,146165.75,263964.5,2754.25,0.0,191316.0,51470.75,107091.0,37071.0,47538.25,1251541.5,1280440.8,28899.25,760458.5,1071563.0,637076.0,0.5945296730103596,0.6076174861161217,397416.0,-179978.5
2024-08-21,90000.0,48482.0,87188.25,423861.5,272153.5,2764.75,0.0,125670.25,31901.75,75660.75,27535.25,44423.25,1274875.5,1322585.5,47710.0,491672.25,1229641.25,924450.0,0.7518046422076358,0.38566295297070186,277656.0,-45234.25
2024-08-22,90988.25,48667.25,123608.0,290670.5,304486.0,2914.75,0.0,122386.25,29905.0,78277.5,39875.5,41823.5,1245999.5,1291717.2,45717.75,527235.0,1173602.5,861334.75,0.7339237518665818,0.4231422243748894,272392.25,-72397.0
2024-08-23,89526.5,43791.25,97766.25,521447.75,292807.5,2899.75,0.0,90541.5,37474.5,68444.75,32389.0,45585.5,1268705.8,1334527.0,65821.25,356684.25,1322674.25,1048239.0,0.7925148614634329,0.2811402375554679,242046.25,53968.44999999995
2024-08-24,88759.75,43457.75,54823.5,323673.5,329105.75,2724.0,0.0,94806.25,20356.5,58308.25,42600.75,43263.75,1085988.0,1134618.5,48630.5,378385.25,1101879.75,842544.25,0.7646426481655553,0.348424890514444,216734.75,15891.75
2024-08-25,89065.0,42458.5,91606.75,339814.0,220099.0,2723.5,0.0,95679.75,25843.75,63178.75,21838.0,42507.0,1004808.0,1071078.2,66270.25,353288.25,1034814.0,785766.75,0.7593313870898538,0.351597767931784,227209.25,30006.0
2024-08-26,92125.25,45826.25,76892.75,128265.25,277325.5,2730.75,0.0,151698.75,62783.25,136241.75,41376.5,45137.25,1226284.0,1268007.8,41723.75,743800.5,1060403.25,623165.75,0.5876686534108605,0.6065483199650326,395861.0,-165880.75
2024-08-27,90773.0,42443.75,36379.0,102189.75,337559.75,2656.0,0.0,170015.25,82098.75,161076.0,28928.5,42661.25,1247752.0,1291326.2,43574.25,771623.5,1096781.0,612001.25,0.5579976768379467,0.6184109502529349,455851.25,-150971.0
2024-08-28,90480.0,44826.5,44958.0,183481.5,343097.0,2610.25,0.0,175550.25,84901.0,134279.5,34632.5,42332.75,1291307.2,1330502.0,39194.75,719770.75,1181149.25,709453.25,0.6006465736654364,0.5573969927527702,437063.5,-110157.94999999995
2024-08-29,89825.25,44821.75,31367.25,134777.25,322183.0,2574.0,0.0,193547.0,98628.0,177818.75,37445.5,41348.75,1314414.2,1354384.0,39969.75,826086.75,1174336.5,625548.5,0.5326824977338267,0.628482825276842,511342.5,-140077.69999999995
2024-08-30,89351.0,41113.5,13931.5,121136.0,253418.0,2612.25,0.0,218364.0,104210.0,188484.0,31935.25,40365.5,1280762.0,1308477.2,27715.25,892276.5,1104921.0,521562.25,0.4720357835537563,0.6966762755297237,551423.5,-175841.0
2024-08-31,89703.75,37001.25,28904.0,208270.75,303968.25,2637.5,0.0,144228.25,50506.75,85583.0,24770.25,40415.0,1058827.0,1098893.5,40066.5,517684.0,1015988.75,670485.5,0.6599339805681903,0.48892217519953685,320733.0,-42838.25
2024-09-01,89686.75,35222.0,85066.25,249530.75,316098.0,2601.75,0.0,139543.75,36083.75,87138.25,11570.0,44040.75,1011448.75,1061619.5,50170.75,360753.75,1096582.0,778205.5,0.7096646671201972,0.356670320666272,306806.5,85133.25
2024-09-02,90902.25,41889.25,74113.75,163901.75,264715.5,2594.75,0.0,204257.5,97879.25,160011.5,30609.25,47137.75,1276205.5,1302593.8,26388.25,773474.5,1178012.5,638117.25,0.5416897104232765,0.6060736299914081,509286.0,-98193.0
2024-09-03,89693.25,43475.5,25355.5,61612.75,276921.0,2605.0,0.0,214906.75,122623.5,214855.0,34007.5,44131.75,1326380.2,1359242.0,32861.75,962491.0,1130187.5,499663.0,0.4421062876735055,0.7256524185146913,596517.0,-196192.69999999995
2024-09-04,91449.0,41622.0,27540.5,101448.75,223443.75,2624.75,0.0,202055.25,130886.5,235645.75,28317.5,40570.5,1357057.0,1381693.8,24636.75,1004624.0,1125604.25,488128.75,0.4336592989942957,0.7402960966267444,609158.0,-231452.75
2024-09-05,91220.75,41383.5,39464.25,448572.5,284865.25,2670.0,0.0,159448.0,84588.5,132216.75,24186.5,41290.25,1335986.5,1372749.8,36763.25,563084.5,1349906.25,908176.25,0.6727698682778896,0.4214746930451767,417543.5,13919.75
2024-09-06,91809.5,41570.5,87895.0,356993.5,239113.75,2451.75,0.0,178522.75,98286.5,138987.75,30859.5,40161.5,1313287.8,1348780.5,35492.75,629285.5,1306652.0,819834.0,0.6274310221849428,0.4791680087182718,455958.5,-6635.800000000047
2024-09-07,92568.0,36641.75,42440.75,121623.25,307149.0,2355.75,0.0,178645.5,56053.25,97182.75,27727.75,39691.5,1099099.0,1135334.5,36235.5,627886.0,1002079.25,602778.5,0.6015277733772054,0.571273379377108,371573.0,-97019.75
2024-09-08,90750.75,35513.25,27615.25,155958.0,210696.25,2357.25,0.0,176399.75,54580.25,79422.5,19907.25,39893.25,1040699.75,1081299.0,40599.25,646430.25,893093.75,522890.75,0.5854824871409077,0.6211496159194811,350295.75,-147606.0
2024-09-09,90956.0,43644.75,61057.75,235384.5,129942.25,2365.0,0.0,225423.75,96476.25,141771.5,33690.25,38313.5,1296825.2,1325213.5,28388.25,870440.75,1099025.5,563350.25,0.5125906996698438,0.671209003341391,501985.0,-197799.69999999995
2024-09-10,87926.75,44405.75,126058.0,484484.5,175796.75,2441.0,0.0,153669.25,40863.75,80730.75,22059.25,42173.0,1332218.0,1394411.2,62193.25,545878.75,1260608.75,921112.75,0.7306888437828153,0.4097518198973441,317436.75,-71609.25
2024-09-11,89346.75,43875.75,65077.25,403398.5,134425.75,2481.25,0.0,177661.0,84148.75,99630.0,21776.25,44624.5,1321308.2,1364269.2,42961.0,718406.75,1166445.75,738605.25,0.633210117144325,0.5437086896153372,406064.25,-154862.44999999995
2024-09-12,90398.75,48435.0,40676.25,118674.5,199073.0,2483.5,0.0,206760.25,116096.75,168641.75,34237.0,42871.25,1284406.8,1316952.5,32545.75,925983.0,1068348.0,499741.0,0.46776986524989983,0.7209421501038455,534370.0,-216058.80000000005
2024-09-13,91122.5,46875.25,78774.25,272539.0,149067.0,2577.5,0.0,162258.0,75207.0,101126.25,31415.75,42110.25,1277324.5,1303570.8,26246.25,776944.25,1053072.75,640955.5,0.6086526310741589,0.6082590993909535,380701.5,-224251.75
2024-09-14,89209.5,46467.5,29052.5,407995.75,178593.75,2568.5,0.0,97589.25,52567.25,66949.75,27998.25,43765.25,1091412.5,1146568.2,55155.75,475770.5,1042757.25,753887.5,0.7229750740165076,0.43592179858669383,260871.5,-48655.25
2024-09-15,90612.5,44324.0,24233.75,227982.75,221483.25,2501.0,0.0,121678.5,63191.75,66497.25,19431.0,42920.5,1021685.5,1066837.0,45151.5,547985.75,924856.25,611137.25,0.6607916095068829,0.5363546316356648,294288.0,-96829.25
2024-09-16,91274.75,49434.0,45891.75,252238.75,85603.5,2504.75,0.0,201454.75,117862.5,136806.75,39908.0,43433.25,1291542.2,1309116.0,17573.75,907808.25,1066412.75,526947.5,0.49413090756838757,0.7028870214229159,499557.25,-225129.44999999995
2024-09-17,90213.25,46681.75,59794.5,288696.0,185705.0,2462.0,0.0,199060.25,101990.0,106547.75,25703.25,46496.5,1303570.2,1335429.2,31859.0,769374.75,1153350.25,673552.5,0.5839964919589691,0.5902058439200283,454094.5,-150219.94999999995
2024-09-18,91040.25,46871.25,34127.25,304874.0,250812.5,2307.0,0.0,195680.5,89368.25,99265.75,24638.25,45548.75,1273465.0,1305977.0,32512.0,683651.25,1184533.75,730032.25,0.616303461171959,0.5368433761430428,429863.25,-88931.25
2024-09-19,92036.0,46860.0,47711.25,348754.75,249788.25,2490.25,0.0,190227.75,58007.5,89703.25,29008.5,46015.75,1277031.5,1310689.8,33658.25,630777.25,1200603.25,787640.5,0.6560372879217177,0.4939402434474013,383954.25,-76428.25
2024-09-20,93077.5,45995.0,75900.75,355135.5,288421.25,2568.75,0.0,162698.0,43464.25,78537.5,26195.0,42936.5,1233050.8,1278872.8,45822.0,513593.25,1214930.0,861098.75,0.7087640851736314,0.41652237685584403,327636.25,-18120.800000000047
2024-09-21,94244.25,44936.25,42434.25,179026.5,293237.25,2493.0,0.0,161897.75,29664.5,74482.0,27464.75,43699.75,1002567.0,1037170.75,34603.75,487869.0,993580.25,656371.5,0.6606124668842803,0.48661984685312804,309744.0,-8986.75
2024-09-22,93437.0,46324.75,12684.25,61510.75,255268.25,2504.75,0.0,182018.0,56037.5,85965.5,24357.0,43519.25,945731.75,980301.5,34569.75,616268.5,863627.0,471729.75,0.5462193169041728,0.6516313954776288,367540.25,-82104.75
2024-09-23,94115.5,47419.5,7208.0,57865.0,184974.0,2299.0,0.0,243195.25,120289.5,150362.75,35547.25,44214.25,1206294.0,1234061.5,27767.5,956247.0,987490.0,393881.0,0.3988708746417685,0.7927147113390268,558061.75,-218804.0
2024-09-24,94044.0,50242.25,73890.75,253287.75,139403.25,2475.25,0.0,236435.0,93772.75,95228.25,22764.75,37745.75,1260840.2,1286471.2,25631.0,794258.5,1099289.75,613343.25,0.5579450276871953,0.6299438263469074,463181.75,-161550.44999999995
2024-09-25,93303.5,48163.75,106087.5,401764.25,140983.75,2545.5,0.0,207331.75,57587.75,89011.0,34615.5,43611.25,1293646.8,1337207.0,43560.25,644811.25,1225005.5,792848.25,0.6472201553380781,0.4984445909037923,397541.75,-68641.30000000005
2024-09-26,93317.25,48664.25,79417.0,644532.5,64990.5,2626.75,0.0,153596.0,48303.5,64247.25,25442.25,47004.25,1321367.2,1358623.8,37256.5,532427.25,1272141.5,933548.25,0.7338399462638394,0.40293663260295853,313151.0,-49225.69999999995
2024-09-27,90753.75,50261.25,113028.75,830542.0,153642.75,2948.0,0.0,79046.75,41793.75,54945.75,21006.25,41393.5,1337458.8,1403808.5,66349.75,240245.25,1479362.5,1241176.5,0.8389941613363865,0.17962815004095825,217179.75,141903.69999999995
2024-09-28,92394.0,50237.0,154508.25,425493.25,175221.75,3050.5,0.0,99317.75,27455.25,55641.75,38606.25,43426.5,1146370.8,1200558.0,54187.25,391147.5,1165352.25,900904.75,0.7730750509127176,0.34120504465047435,225841.25,18981.449999999953
2024-09-29,93411.25,51215.75,56722.5,171043.0,229217.25,3039.75,0.0,127701.25,36418.75,56052.0,33117.25,44341.5,1039369.0,1084001.5,44632.5,582386.25,902280.25,604649.5,0.6701349165073712,0.5603267463239716,264513.5,-137088.75
2024-09-30,92732.75,49001.25,78247.25,558316.5,152664.0,2897.5,0.0,138799.75,54402.5,99774.0,31503.25,45557.25,1326559.8,1392585.5,66025.75,537332.0,1303896.0,933859.25,0.7162068523870002,0.40505674904365413,338533.5,-22663.800000000047
2024-10-01,95014.0,53623.0,121245.25,401332.75,106277.5,2942.5,0.0,191382.0,79678.25,84545.5,39830.75,43639.75,1339663.8,1377187.5,37523.75,710808.25,1219511.25,780435.0,0.6399571959668269,0.5305870398229765,399245.5,-120152.55000000005
2024-10-02,94477.25,53450.5,132910.25,225568.75,95404.75,3002.5,0.0,260568.5,112392.5,110579.25,27277.25,45507.0,1318949.5,1355298.0,36348.5,865065.75,1161138.5,604814.0,0.5208801534011662,0.6558748079437461,529047.25,-157811.0
2024-10-03,92870.25,53722.5,83455.0,268444.0,99557.75,3028.25,0.0,245695.0,37573.75,68929.75,23161.75,43527.0,1095669.5,1132677.5,37008.0,644212.75,1019965.0,601077.75,0.5893121332594746,0.5879626566222752,395725.5,-75704.5
2024-10-04,96930.0,55690.5,9126.75,174093.25,117274.0,2978.75,0.0,273126.75,95308.25,96279.5,34635.25,45669.0,1156938.2,1189731.2,32793.0,856444.25,1001112.0,456093.25,0.45558663765892327,0.7402679330667792,510383.5,-155826.19999999995
2024-10-05,96371.0,51722.0,13841.0,73331.25,138643.0,2986.5,0.0,259294.5,66174.5,77911.25,24036.75,45294.5,1066268.8,1096261.5,29992.75,840453.5,849606.25,376894.75,0.4436110845465179,0.788219161997425,448674.75,-216662.55000000005
2024-10-06,93123.75,49732.5,102507.25,218869.75,167337.25,2974.5,0.0,184172.75,29772.0,72902.0,16410.5,44068.5,1017598.25,1071183.0,53584.75,528884.0,981870.75,634545.0,0.6462612314299006,0.5197375290297521,330915.25,-35727.5
2024-10-07,93582.0,52374.25,107752.0,265564.75,126711.75,2907.25,0.0,242335.75,78572.25,107519.5,39003.75,42638.0,1287632.8,1332678.5,45045.75,787604.25,1158961.25,648892.0,0.5598910231036629,0.611668365391127,471065.5,-128671.55000000005
2024-10-08,95909.0,51932.75,91366.0,268606.5,106363.25,2745.0,0.0,259856.25,81835.5,99763.0,31312.5,43530.5,1308472.5,1343295.0,34822.5,842136.75,1133220.25,616922.5,0.5443977020354164,0.643602941597932,484985.25,-175252.25
2024-10-09,95975.0,50709.0,72926.5,392696.0,136812.5,2658.5,0.0,225181.5,51989.25,83578.5,38343.75,43609.5,1311437.5,1356939.8,45502.25,709002.5,1194480.0,751777.5,0.6293763813542295,0.5406300338369155,404358.75,-116957.5
2024-10-10,95247.75,52823.75,89031.75,614503.0,84860.25,2709.5,0.0,157031.25,66328.75,102219.5,29573.75,42379.5,1348678.8,1398120.0,49441.25,560283.75,1336708.75,939176.0,0.7026033157933619,0.4154315690288896,367959.0,-11970.050000000047
2024-10-11,97513.0,54774.5,136403.5,217319.75,158195.25,2831.0,0.0,230610.0,60620.0,119174.75,48623.75,43717.25,1316338.5,1357455.8,41117.25,804420.0,1169782.75,667037.0,0.5702229751635507,0.6111042106570612,454122.0,-146555.75
2024-10-12,99321.5,51757.5,123130.5,330812.75,157191.25,2881.75,0.0,136729.0,27620.5,68728.5,24038.5,39537.75,1131569.8,1165599.5,34029.75,520435.25,1061749.5,765095.25,0.7205986440304422,0.4599232411469447,272615.75,-69820.30000000005
2024-10-13,96801.0,48204.0,89136.0,751826.75,121182.25,2694.5,0.0,107540.5,47239.25,63350.25,13297.25,39195.0,1082438.2,1150705.0,68266.75,120293.25,1380466.75,1109844.5,0.8039632247571338,0.11113174867627547,257325.0,298028.55000000005
2024-10-14,100871.25,58664.5,39039.0,187006.75,97194.25,2487.5,0.0,226683.0,125919.0,186825.0,38169.5,44748.75,1311607.8,1331837.0,20229.25,988367.75,1107608.5,485263.25,0.4381180263603972,0.753554339948268,584175.75,-203999.30000000005
2024-10-15,100105.75,57252.0,54381.5,191627.25,140780.75,2609.75,0.0,262808.75,105209.5,137581.0,29643.0,44346.75,1315372.8,1338990.8,23618.0,928583.25,1126346.0,546757.0,0.4854254376541489,0.7059468235925207,549946.0,-189026.80000000005
2024-10-16,98513.5,51270.25,81560.25,606823.0,166541.75,2550.0,0.0,132653.25,68149.5,124486.5,16642.0,41838.75,1352292.0,1402328.8,50036.75,497367.0,1391028.75,1007258.75,0.7241106627019751,0.36779556486321,367128.0,38736.75
2024-10-17,100968.75,52191.5,87589.0,351051.5,150831.25,2631.5,0.0,204951.5,72269.75,136644.5,23229.0,40595.0,1343937.5,1377045.2,33107.75,754465.75,1222953.25,745263.5,0.6093965570638126,0.5613845509928848,454460.75,-120984.25
2024-10-18,102120.25,58203.25,18589.75,104799.25,113393.25,2869.25,0.0,287060.0,111905.75,148013.75,38498.75,42656.0,1284742.5,1299625.8,14883.25,1047960.25,1028109.25,399975.0,0.3890393944028808,0.815696725219256,589635.5,-256633.25
2024-10-19,101280.75,53380.0,42726.0,191993.25,89614.0,3006.5,0.0,233132.5,34080.0,91350.75,16985.25,41930.5,1126902.5,1141667.2,14764.75,802569.25,899479.5,482000.5,0.5358660202928471,0.7121904956285038,400493.75,-227423.0
2024-10-20,99529.0,46260.75,86738.0,336835.75,112994.0,3006.0,0.0,113886.5,25181.5,70471.0,12557.5,41905.25,1051856.0,1096217.2,44361.25,515288.25,949365.25,685363.5,0.7219176181137871,0.48988478460930013,251444.25,-102490.75
2024-10-21,98597.5,49557.25,96627.0,320803.0,107509.0,3040.25,0.0,220010.25,94365.25,147251.25,30925.5,41995.75,1302105.8,1335108.8,33003.0,777166.75,1210682.0,676134.0,0.5584736536927121,0.596853765646386,503622.5,-91423.80000000005
2024-10-22,100599.25,46600.75,76414.25,294816.5,101380.5,3048.25,0.0,259733.25,114548.25,145991.0,19530.25,41653.0,1331705.5,1363706.5,32001.0,859094.25,1204315.25,622859.5,0.5171897474519234,0.6451082840763217,561925.5,-127390.25
2024-10-23,102366.75,49569.0,56566.75,101855.5,122734.75,2960.0,0.0,277647.5,145913.75,188270.0,29605.75,39021.75,1328509.8,1348015.2,19505.5,1047352.75,1116511.5,436052.75,0.390549268861091,0.7883665969193453,650853.0,-211998.30000000005
2024-10-24,101779.25,50768.5,55099.5,210903.75,110466.25,2978.5,0.0,287650.75,140915.75,134473.25,21656.5,40852.0,1320363.8,1339743.0,19379.25,943894.25,1157544.0,531995.75,0.4595900890160547,0.7148743778040567,603891.75,-162819.80000000005
2024-10-25,102262.25,48791.0,20125.25,156590.0,138203.25,2926.25,0.0,278337.0,138335.75,178048.0,29333.25,40947.75,1282762.8,1312019.8,29257.0,967844.25,1133899.75,468898.0,0.41352685720232324,0.7544997796942662,635668.5,-148863.05000000005
2024-10-26,99638.25,46172.75,30872.5,120884.5,125770.5,3064.0,0.0,268388.25,122805.0,104554.0,18866.5,42765.5,1086088.0,1105547.5,19459.5,808560.5,983781.75,426402.5,0.4334320086746883,0.7444705217256797,538512.75,-102306.25
2024-10-27,99552.75,42825.75,66194.75,204286.0,84347.25,3027.0,0.0,222970.25,64325.0,98668.5,19315.5,38781.25,1096052.0,1143445.2,47393.25,741224.0,944294.0,500233.5,0.5297433850050938,0.6762671844036596,424745.0,-151758.0
2024-10-28,96546.75,41237.75,109670.75,270038.0,88838.5,2693.5,0.0,261438.25,110209.25,162625.75,19435.5,42439.75,1300084.0,1332396.5,32312.5,831536.75,1205173.75,609025.25,0.5053422794845971,0.6396023256958782,576713.0,-94910.25
2024-10-29,97108.5,43327.5,31045.25,141634.0,85994.5,2877.25,0.0,280744.25,146882.0,230064.0,26598.5,41522.5,1309610.8,1327845.5,18234.75,1050937.0,1127798.25,401987.0,0.35643520461217243,0.8024804010473952,699212.75,-181812.55000000005
2024-10-30,97393.5,43046.25,48774.75,114952.75,63374.5,2843.75,0.0,288650.0,160918.5,233852.0,27245.75,38265.25,1343602.8,1366408.5,22805.75,1116500.8,1119317.0,370385.5,0.330903131105844,0.8309753447968402,721685.75,-224285.80000000005
2024-10-31,99129.75,44809.25,86684.25,258292.75,45791.5,2816.75,0.0,253743.25,133219.5,178236.25,26310.25,33899.75,1268132.0,1280957.5,12825.5,877363.5,1162933.25,537524.25,0.4622141898513952,0.6918550277100491,599098.75,-105198.75
2024-11-01,97683.0,35664.5,102662.75,398941.5,63610.0,2814.0,0.0,196095.0,52955.0,122080.75,17172.0,38474.25,1219064.2,1266395.8,47331.5,653850.0,1128152.75,701375.75,0.6217028234873336,0.5363540328720998,409605.0,-90911.44999999995
2024-11-02,99066.25,35262.0,29184.5,113937.0,71585.0,2865.25,0.0,256552.0,81516.25,132606.75,24963.75,32436.5,1141276.8,1162970.0,21693.25,926570.25,879975.25,351900.0,0.3998976107566662,0.8118716248328188,503111.5,-261301.55000000005
2024-11-03,97900.25,33885.75,44813.25,109960.5,129997.0,2737.75,0.0,246460.25,81183.75,122427.5,11668.0,33237.5,1126541.8,1159415.8,32874.0,841771.0,914271.5,419294.5,0.45861048933495135,0.7472168365168518,483309.0,-212270.30000000005
2024-11-04,99336.25,38405.75,10786.5,99468.0,86186.75,2687.75,0.0,266101.25,154802.25,257566.5,29566.5,35220.0,1335925.8,1356331.0,20405.25,1139484.5,1080127.5,336871.0,0.3118807733346295,0.8529549320778145,713690.0,-255798.30000000005
2024-11-05,101649.5,40741.25,15374.75,91821.75,75285.5,2868.5,0.0,276050.5,154561.0,289736.0,30988.0,34954.25,1385386.2,1414999.2,29613.0,1202904.2,1114031.0,327741.25,0.29419401255440825,0.8682807725383723,755301.75,-271355.19999999995
2024-11-06,105011.25,46500.25,179.0,7213.75,36511.75,2788.75,0.0,285923.0,165835.75,347973.75,42231.0,41485.0,1414779.0,1439436.8,24657.75,1370874.5,1081653.25,198204.75,0.18324241155841764,0.9689672379926476,841217.5,-333125.75
2024-11-07,104855.0,45276.75,14827.25,30061.0,22467.25,2732.75,0.0,309833.5,156967.25,348021.75,38227.75,42723.75,1421129.2,1448056.2,26927.0,1353773.8,1115994.0,220220.0,0.1973308100222761,0.952604309305586,857546.25,-305135.19999999995
2024-11-08,104342.25,39181.5,92861.0,178953.75,22069.75,2880.75,0.0,313307.75,150350.75,313584.75,20232.0,40798.25,1406847.0,1427505.0,20658.0,1112962.5,1278562.5,440289.0,0.34436251649802024,0.7911041499182214,818041.5,-128284.5
2024-11-09,104015.0,36179.75,36034.5,75846.5,48775.25,2894.75,0.0,306004.75,145211.0,240969.25,20233.75,41711.0,1201015.2,1222215.2,21200.0,1040359.0,1057875.5,303745.75,0.28712806941837676,0.8662330002151514,733896.0,-143139.69999999995
2024-11-10,102958.75,34641.75,32794.5,28114.5,33330.25,2832.5,0.0,282997.25,117216.25,228042.75,17215.25,39503.75,1141521.0,1164532.8,23011.75,1047281.75,919647.5,234672.25,0.25517630396429064,0.9174441381279889,667760.0,-221873.5
2024-11-11,103013.0,36235.5,115053.75,145661.0,27821.25,2878.75,0.0,282853.0,155202.5,299520.5,24205.0,41332.5,1430760.0,1460153.8,29393.75,1142224.0,1233776.75,430663.25,0.349060922083351,0.7983337526908776,778908.5,-196983.25
2024-11-12,103309.5,42045.5,28060.0,114863.25,30726.25,3085.75,0.0,295476.0,165611.75,345911.75,35740.5,48841.75,1439916.8,1475340.0,35423.25,1266267.2,1213672.0,322090.25,0.26538492277979553,0.8794030321751923,855841.25,-226244.80000000005
2024-11-13,104204.75,39769.75,75463.0,95919.75,21623.75,3144.75,0.0,314894.75,169619.5,356775.75,39358.25,49646.5,1475445.5,1508360.0,32914.5,1282439.0,1270420.5,340125.75,0.2677269061700437,0.8691876453586391,890936.5,-205025.0
2024-11-14,103936.5,34059.0,129442.5,266426.0,31630.75,2983.5,0.0,306364.5,154654.0,317363.5,21213.25,45995.0,1482973.2,1515775.5,32802.25,1055474.0,1414068.5,568478.25,0.4020160621638909,0.711728303653768,824377.0,-68904.69999999995
2024-11-15,105235.0,32414.5,84311.25,202215.75,35148.25,3219.0,0.0,302251.75,154726.75,298986.0,28777.25,44194.75,1434138.2,1455877.8,21739.5,1112463.0,1291480.25,462543.75,0.3581500762400354,0.7757013933524677,800159.25,-142657.94999999995
2024-11-16,105088.25,30838.0,114046.75,480478.0,48810.25,3324.75,0.0,233778.0,97839.25,183885.25,17373.0,40380.25,1304615.8,1332900.8,28285.0,661280.75,1355841.75,782586.0,0.577195679363023,0.5068777719846717,555882.75,51225.94999999995
2024-11-17,104015.0,30260.0,111463.5,688726.75,41442.25,3198.0,0.0,141329.5,85899.0,132922.25,14384.25,41216.0,1239255.2,1287230.8,47975.5,397622.75,1394856.5,979105.5,0.7019399486613856,0.3208562288058182,401366.75,155601.30000000005
2024-11-18,105378.25,32297.25,129161.5,563670.0,53363.5,3135.5,0.0,215139.5,141269.5,204125.5,27204.0,41155.75,1507169.8,1537390.5,30220.75,760974.75,1515900.25,887006.0,0.585134806858169,0.5049031303573094,601690.25,8730.449999999953
2024-11-19,104403.75,33609.75,49661.5,501643.5,22367.5,3158.5,0.0,282965.5,152461.5,255980.5,22525.75,41147.5,1493536.8,1522985.5,29448.75,919864.25,1469925.25,714844.5,0.4863135047173317,0.6158966086406441,732555.0,-23611.550000000047
2024-11-20,104477.0,36502.75,60365.0,511810.25,48512.25,3028.75,0.0,285263.0,136503.5,199464.75,18168.25,41362.0,1500267.0,1539015.5,38748.5,879579.5,1445457.5,764696.0,0.5290338871948846,0.5862819751417581,662593.25,-54809.5
2024-11-21,104998.0,37965.0,88029.0,433304.25,43893.5,3029.25,0.0,278661.25,123431.75,287937.0,35340.75,42468.75,1533264.5,1561756.2,28491.75,968037.75,1479058.5,711219.0,0.4808592763572232,0.6313573098444528,732498.75,-54206.0
2024-11-22,105334.0,37790.75,120042.0,623788.75,38530.75,3150.25,0.0,261940.5,120436.5,211600.75,21594.0,42396.0,1507946.2,1526150.8,18204.5,725584.75,1586604.25,928636.5,0.5852981296375577,0.4811741625795403,636373.75,78658.05000000005
2024-11-23,104594.25,34429.75,99948.5,656640.0,56596.0,3137.75,0.0,156761.5,62733.0,152225.75,8644.5,41792.25,1331646.5,1358006.2,26359.75,518462.0,1377503.25,955346.25,0.6935346613519786,0.3893390625815485,413512.5,45856.75
2024-11-24,101836.0,33962.5,123895.25,862319.75,53030.5,3090.0,0.0,85867.25,47178.0,93737.75,13581.5,41052.75,1238422.5,1304510.2,66087.75,199177.0,1459551.25,1178134.0,0.8071891959943167,0.16083121874804437,267835.75,221128.75
2024-11-25,103100.5,35973.25,69447.75,764856.25,62641.0,3116.5,0.0,162903.0,75171.5,171610.25,24676.5,42232.0,1459586.8,1486137.8,26551.0,562641.75,1515728.5,1039135.25,0.6855681937761281,0.38548015780904565,451916.75,56141.69999999995
2024-11-26,103370.0,40305.25,114280.0,428137.0,56822.25,3146.75,0.0,266405.5,121424.25,241278.25,22583.25,48834.5,1492434.5,1524695.8,32261.25,893195.25,1446587.0,746061.25,0.5157389427666639,0.5984820439355965,677942.5,-45847.5
2024-11-27,102949.75,41511.5,84294.25,543569.25,61229.75,3294.25,0.0,257475.0,112053.75,216281.0,25115.0,43801.75,1485728.5,1514879.2,29150.75,796635.25,1491575.25,836848.75,0.5610503057086794,0.536191672973898,629611.5,5846.75
2024-11-28,103978.75,40024.5,85049.25,735383.5,34457.25,3206.75,0.0,232288.5,108706.0,225257.25,15223.25,37814.25,1502966.0,1543741.8,40775.75,648076.0,1621389.25,1002100.0,0.6180502306895151,0.431198044400206,604066.0,118423.25
2024-11-29,106174.75,43283.25,67418.25,155148.0,62157.25,3313.5,0.0,282467.0,144724.25,288600.75,30180.25,46732.25,1427937.0,1444077.5,16140.5,1143213.5,1230199.5,437495.0,0.35562931053052776,0.8006049986799137,762524.25,-197737.5
2024-11-30,105827.0,39209.5,104581.75,350587.75,109063.5,3336.25,0.0,273568.25,95348.5,175593.0,18800.5,41762.0,1295023.0,1331655.5,36632.5,730790.0,1317678.0,712605.75,0.5408041645986349,0.5643065798831373,586271.75,22655.0
2024-12-01,104912.0,37173.0,78626.75,318086.75,74638.25,3249.25,0.0,276988.0,67843.75,160013.75,14442.25,42815.5,1240470.5,1264290.2,23819.75,769118.75,1178789.25,616686.0,0.523152039264016,0.6200217981806097,547661.0,-61681.25
2024-12-02,105023.75,39099.5,107704.75,446115.5,29315.0,3245.5,0.0,266555.5,107804.5,254694.25,29842.5,43269.25,1491681.5,1527780.2,36098.75,908546.25,1432670.0,730504.0,0.5098899258028715,0.6090752281904682,672323.5,-59011.5
2024-12-03,105587.75,45040.0,99792.5,303756.75,36936.75,3138.75,0.0,296466.5,135962.0,320458.0,24991.75,44418.25,1492615.0,1533807.8,41192.75,1052129.0,1416549.0,594252.5,0.41950719671539777,0.7048897404890075,797304.75,-76066.0
2024-12-04,107244.0,48485.25,40576.0,135297.25,36173.75,3228.0,0.0,303315.0,145581.0,356797.5,42971.0,44669.0,1513638.5,1540819.8,27181.25,1301591.5,1264337.75,371004.25,0.2934376119039394,0.8599090866148027,850362.5,-249300.75
2024-12-05,105057.25,40807.0,95801.0,538355.0,60282.25,3257.5,0.0,265755.0,106604.75,230742.0,16345.5,43582.25,1539786.2,1566146.5,26360.25,845348.0,1506589.5,843560.0,0.559913632744686,0.5490034915236933,646684.0,-33196.69999999995
2024-12-06,105378.25,40783.5,88846.5,686607.0,25480.0,3294.75,0.0,216849.75,88376.25,169162.75,39453.75,42874.0,1488982.5,1531406.5,42424.0,688049.0,1507106.5,950390.0,0.6306057335695918,0.4620934094255641,517262.75,18124.0
2024-12-07,102548.25,40621.75,113562.25,548063.5,18726.25,3387.75,0.0,190419.5,53896.25,127986.75,8979.75,41532.0,1291137.8,1337608.0,46470.25,610785.75,1249724.0,826909.75,0.6616738975965893,0.47306007925722565,413834.5,-41413.80000000005
2024-12-08,102542.25,39240.0,114817.5,308970.25,33497.25,3379.5,0.0,224984.25,48950.75,164748.0,25602.5,44944.0,1231954.2,1258588.8,26634.5,774669.25,1111676.25,602446.75,0.5419264376656423,0.6288133519898711,483627.0,-120277.94999999995
2024-12-09,99859.5,38766.25,139769.75,599982.0,12305.5,3292.75,0.0,218891.0,95405.0,216429.75,19945.75,43961.25,1540947.0,1583453.8,42506.75,788889.75,1488608.5,893975.75,0.6005445689716269,0.5119512546505494,574687.0,-52338.5
2024-12-10,99898.5,46688.0,64791.75,352366.75,12939.75,3250.25,0.0,259435.5,127681.25,326077.25,28939.75,45961.0,1517898.8,1547491.0,29592.25,1087800.5,1368029.75,579935.0,0.4239198745495118,0.7166488964876974,759155.0,-149869.05000000005
2024-12-11,102187.25,54496.0,19665.75,38671.75,12986.25,3296.5,0.0,270984.0,145705.5,415848.0,44699.75,52058.25,1496399.2,1538906.8,42507.5,1425075.5,1160599.0,231303.5,0.1992966562955853,0.9523364487230414,884595.75,-335800.19999999995
2024-12-12,104197.0,52078.5,19784.25,15052.5,15430.75,3232.25,0.0,268865.75,146537.25,416866.0,44634.75,53576.75,1461856.5,1503155.8,41299.25,1411589.0,1140255.75,209775.25,0.1839721045037484,0.9656139299582415,885845.75,-321600.75
2024-12-13,104476.5,47358.5,25919.0,120411.0,26561.75,3319.75,0.0,247449.0,154133.0,390848.0,39180.5,46943.0,1453673.0,1492948.2,39275.25,1280781.2,1206600.0,328046.5,0.2718767611470247,0.8810655491296873,839373.0,-247073.0
2024-12-14,103571.75,36007.25,109907.75,410271.0,20081.25,3352.5,0.0,241249.75,123122.5,182102.25,13844.5,41764.5,1324852.5,1334149.2,9296.75,784592.5,1285275.0,683191.5,0.5315527805333489,0.5922112084175408,588239.0,-39577.5
2024-12-15,100498.0,33530.75,76324.25,826461.0,24157.25,3239.0,0.0,115295.75,101717.25,121385.75,10885.75,41981.75,1260323.5,1298539.2,38215.75,333381.0,1455476.5,1064210.25,0.7311765253509761,0.26452018073137573,380380.5,195153.0
2024-12-16,101643.0,33902.75,58547.5,976938.25,25287.75,3165.25,0.0,135885.0,125846.25,157042.5,23722.5,39236.25,1441869.8,1484574.5,42704.75,381096.25,1681217.0,1199484.5,0.7134620337529302,0.26430697834159506,458010.0,239347.19999999995
2024-12-17,105385.0,35327.25,106062.5,537609.5,27160.0,3275.25,0.0,242992.5,122692.0,224707.75,33856.5,39851.5,1436394.0,1469454.5,33060.5,765562.0,1478919.75,814819.5,0.5509558581525468,0.5329749358462929,630243.75,42525.75
2024-12-18,104485.0,33815.25,106677.75,819207.25,32798.5,3228.75,0.0,111658.5,54618.5,159088.0,20169.25,36295.25,1401654.8,1436044.5,34389.75,442971.25,1482042.0,1100212.5,0.7423625646236747,0.3160344829554324,361660.25,80387.19999999995
2024-12-19,105349.5,34418.5,112733.0,900563.75,19794.75,3256.5,0.0,84805.25,72714.75,136565.25,29626.0,39013.75,1382757.5,1435545.0,52787.5,349666.0,1538841.0,1176116.0,0.7642868886389173,0.2528758657971481,333099.0,156083.5
2024-12-20,106905.0,37122.75,124784.5,735492.0,39862.5,3347.25,0.0,112742.25,84610.25,157493.75,41576.0,38542.75,1380819.8,1418903.8,38084.0,480680.75,1482479.0,1047514.0,0.7065961811263431,0.34811258500204006,393389.0,101659.19999999995
2024-12-21,104203.0,34530.25,124076.0,885489.5,30222.75,3265.25,0.0,76342.5,55052.0,87361.75,19139.25,35952.5,1269901.5,1318142.8,48241.25,230113.25,1455634.75,1181786.75,0.8118703885023355,0.18120558956737984,254708.75,185733.25
2024-12-22,103227.25,38299.0,123282.25,687032.0,21552.75,3183.25,0.0,96649.0,35067.75,83086.0,32696.75,43019.5,1188050.8,1231234.5,43183.75,356183.75,1267095.5,976576.5,0.7707205179088711,0.29980515142955166,257822.25,79044.69999999995
2024-12-23,103718.5,41779.75,110258.5,650691.75,31522.25,3228.75,0.0,149125.0,51878.75,127472.5,17981.0,38860.5,1276222.2,1321558.8,45336.5,483749.75,1326517.25,941199.5,0.7095267701946583,0.37904821746557926,367336.75,50295.05000000005
2024-12-24,105165.75,39686.5,64909.5,240549.25,33799.25,3316.5,0.0,238115.0,82752.0,148949.5,26658.5,44379.0,1130943.2,1157065.8,26122.5,791685.25,1028280.75,487426.75,0.47402107838739566,0.7000221142847847,514195.5,-102662.44999999995
2024-12-25,103822.0,38830.0,59712.75,151024.75,48980.5,3258.0,0.0,253361.0,76651.25,129829.75,13682.25,45670.5,1087917.2,1131888.0,43970.75,828199.25,924822.75,405628.0,0.43860080215371,0.761270480878508,505512.5,-163094.44999999995
2024-12-26,104432.0,38273.25,26821.0,76459.0,52246.75,3203.0,0.0,263196.75,113177.75,184142.0,16703.75,44716.5,1072831.0,1094785.2,21954.25,917304.25,923371.75,301435.0,0.32645031646246486,0.8550314541619323,605233.0,-149459.25
2024-12-27,103628.25,39413.5,2941.25,46422.0,61205.75,3249.25,0.0,262041.75,127732.0,276928.25,33337.75,46651.0,1155151.2,1173772.5,18621.25,1044582.25,1003550.75,256860.0,0.2559511813428469,0.9042818377369127,713353.0,-151600.44999999995
2024-12-28,104735.5,38594.25,22347.75,31442.25,61088.5,3295.0,0.0,267978.5,126707.0,265150.5,20830.25,44891.25,1150659.8,1169656.2,18996.5,1035781.25,987060.75,261503.25,0.264931261829629,0.9001628891528147,704727.25,-163599.05000000005
2024-12-29,103246.5,35856.25,97298.25,257394.5,39719.0,3266.75,0.0,248342.5,107777.25,219174.0,13292.25,44499.25,1179162.0,1191639.8,12477.75,784750.25,1169866.5,536781.25,0.4588397479541469,0.6655152133464274,619793.0,-9295.5
2024-12-30,103210.5,36087.5,61186.75,534347.25,22927.5,3206.75,0.0,202778.75,127162.25,240093.5,23337.25,42030.25,1278285.0,1305939.5,27654.5,659823.5,1396368.25,760966.25,0.5449610086737506,0.5161787081910528,612064.75,118083.25
2024-12-31,102963.25,36333.0,69337.25,529023.25,49085.25,3132.75,0.0,168489.25,82801.0,211986.5,18785.0,43699.25,1204279.5,1228304.8,24025.25,556833.75,1315635.75,789874.75,0.6003749518056195,0.46237916530174267,506976.0,111356.25
2025-01-01,92642.5,33560.75,68182.5,904260.75,56781.25,3054.0,0.0,78747.75,56688.5,94714.25,5171.25,43258.75,1180492.0,1249835.0,69343.0,151267.5,1437062.25,1158481.75,0.8061458367582893,0.12813936900885395,273409.25,256570.25
2025-01-02,98269.5,34751.75,131287.0,506115.5,29470.75,3026.0,0.0,189536.5,100554.0,197138.5,34925.25,42397.75,1306006.2,1320455.2,14449.0,639133.0,1367472.5,802920.5,0.5871565972990316,0.4893797594529031,529626.75,61466.30000000005
2025-01-03,96623.5,35305.0,96849.75,678718.75,30355.5,3118.25,0.0,196708.25,108910.25,215450.25,11116.75,41535.75,1366766.2,1414780.8,48014.5,560842.25,1514692.0,940970.75,0.621229101361861,0.4103424931052583,562604.5,147925.80000000005
2025-01-04,99989.75,36686.25,56389.5,259667.75,27526.25,3238.0,0.0,283078.5,119107.0,199086.0,34604.5,42372.0,1264564.5,1270472.0,5907.5,920981.0,1161745.5,483497.5,0.41618194346352105,0.7282989519316729,643643.5,-102819.0
2025-01-05,97232.5,37078.0,107471.0,494995.75,9092.5,3196.25,0.0,197156.75,44942.25,144152.75,10062.0,41021.25,1225571.8,1242696.5,17124.75,614012.5,1186401.0,749066.0,0.6313767436136686,0.501000838955335,427273.0,-39170.80000000005
2025-01-06,92141.0,39849.25,110000.5,935617.5,40295.25,3105.5,0.0,86080.0,47030.5,115267.5,17397.75,40178.75,1346586.2,1408273.5,61687.25,260673.0,1526963.5,1221009.0,0.7996320802691093,0.19358062632752362,288556.75,180377.30000000005
2025-01-07,99018.75,41676.25,92782.75,869129.0,47116.25,3126.0,0.0,135939.5,75857.0,160414.5,33120.0,37488.75,1479229.8,1517188.0,37958.25,470201.75,1595668.75,1152849.0,0.7224864183120714,0.3178693060402109,409699.75,116438.94999999995
2025-01-08,102934.5,41683.75,92283.5,571546.5,32787.0,3165.5,0.0,232763.5,139722.5,255269.75,24684.75,39383.0,1538766.5,1576488.0,37721.5,842149.5,1536224.25,844400.75,0.5496598234274717,0.5472886886996825,667138.75,-2542.25
2025-01-09,104521.75,46138.0,49488.0,380266.0,30077.5,3115.75,0.0,271461.75,162552.0,269352.5,36491.0,42932.25,1497376.8,1522594.0,25217.25,1037545.25,1396396.5,613607.0,0.439421754494515,0.6929085918788109,746298.5,-100980.30000000005
2025-01-10,105109.0,44025.75,94535.0,521278.5,40318.25,3241.0,0.0,243388.75,140550.25,237122.25,28852.25,42821.0,1535796.8,1570858.5,35061.75,879665.0,1501242.0,808507.5,0.5385590730874835,0.5727743409805255,663882.25,-34554.80000000005
2025-01-11,104108.0,40592.75,57245.75,507007.75,51872.5,3284.5,0.0,193908.5,132947.75,259845.0,6619.75,41657.0,1344364.0,1372627.5,28263.5,728238.0,1399089.25,764111.25,0.5461490394554886,0.5416970403848957,628358.25,54725.25
2025-01-12,105522.25,41416.0,24254.75,255121.5,64977.75,3292.25,0.0,235072.75,134282.25,228473.5,23466.0,43225.0,1268635.0,1292938.5,24303.5,924281.0,1159104.0,494584.5,0.42669553379161834,0.7285633771731034,641053.5,-109531.0
2025-01-13,105622.5,44677.25,105549.0,179902.5,83647.75,3158.75,0.0,253384.75,149359.0,336356.25,39066.0,48310.75,1543399.0,1566310.0,22911.0,1174299.8,1349034.5,522557.75,0.3873568466929497,0.760853026339916,787410.75,-194364.5
2025-01-14,106140.0,46245.75,140255.75,437204.75,68972.25,3165.0,0.0,251743.0,140928.75,362327.75,28614.5,50241.0,1617477.5,1655648.5,38171.0,971044.75,1635838.5,801983.5,0.49025835985642835,0.6003451361765465,805240.5,18361.0
2025-01-15,108019.5,50019.75,27973.0,153305.0,22816.5,3219.5,0.0,290373.0,153176.75,420208.0,43421.0,44204.25,1525815.0,1554333.0,28518.0,1321720.5,1316736.25,365353.25,0.2774688173125028,0.8662390263564063,907962.0,-209078.75
2025-01-16,106186.5,47684.5,94357.0,115134.75,45649.0,3227.5,0.0,258973.75,131179.5,399633.25,35127.75,43148.5,1545103.8,1575202.0,30098.25,1289963.0,1280302.0,412239.25,0.32198594550348275,0.8348714177002218,832935.0,-264801.80000000005
2025-01-17,106707.25,50953.0,90572.5,62176.75,33999.5,3238.25,0.0,270614.75,132500.25,386613.75,43448.25,46307.75,1544152.0,1574974.8,30822.75,1357403.2,1227132.0,347647.25,0.2833006147667896,0.8790606106134629,836036.5,-317020.0
2025-01-18,106589.75,45409.5,20504.5,61516.25,70783.5,3204.25,0.0,249656.75,133499.25,344004.75,21668.25,43539.75,1324961.2,1343942.5,18981.25,1172157.0,1100376.5,308007.75,0.2799112394712174,0.8846726983401476,770700.5,-224584.69999999995
2025-01-19,104993.75,42393.75,5009.25,130763.0,107347.25,3193.5,0.0,244919.0,134927.0,289150.25,14864.5,43274.5,1252942.8,1292423.2,39480.5,1009823.25,1120835.75,393700.5,0.3512561943174992,0.8059611739658027,712270.75,-132107.05000000005
2025-01-20,108137.25,50612.5,26526.0,93391.5,76330.0,3138.25,0.0,260282.0,158795.75,389733.75,49746.75,36587.25,1518645.0,1546404.8,27759.75,1322397.5,1253281.0,358135.5,0.2857583415052171,0.870774604993267,845398.75,-265364.0
2025-01-21,108407.25,50616.0,101733.25,66455.25,72233.75,3204.0,0.0,284828.5,159155.0,417402.0,44298.75,39681.25,1531658.0,1571319.5,39661.5,1291235.8,1348015.0,402649.5,0.2986980857037941,0.8430314077946904,901066.75,-183643.0
2025-01-22,107651.5,45096.5,34275.25,287857.75,65603.0,3237.25,0.0,278849.0,158453.75,381848.75,33496.5,37119.25,1508915.8,1536659.8,27744.0,1121179.8,1433488.5,543721.25,0.37929934561735235,0.743036688992189,856270.75,-75427.30000000005
2025-01-23,102885.5,37857.25,103467.5,642017.25,33519.0,3234.5,0.0,224805.25,130010.75,248827.5,18311.75,35098.5,1526153.2,1555265.5,29112.25,747149.5,1580034.75,922981.0,0.5841523422190557,0.4895638917508413,638742.0,53881.55000000005
2025-01-24,101346.0,36599.0,124716.25,779479.25,62504.75,2940.75,0.0,123167.5,94998.5,200716.75,10556.25,33828.25,1486932.0,1545260.2,58328.25,520231.75,1570853.25,1107586.0,0.7050855959969526,0.3498692273755626,452711.0,83921.25
2025-01-25,106373.25,34852.25,107712.0,460465.5,53975.75,2683.5,0.0,185713.0,76879.75,149356.75,39803.0,33470.0,1292431.8,1312205.2,19773.5,670278.5,1251284.75,766062.25,0.6122205597087313,0.5186180810469071,445419.5,-41147.05000000005
2025-01-26,107170.5,34352.0,56047.0,354777.0,54017.75,2782.5,0.0,228010.75,63638.0,144628.5,16426.0,35981.0,1193862.0,1213174.0,19312.0,729020.25,1097831.0,609146.75,0.5548638633815223,0.6106403001351915,472258.25,-96031.0
2025-01-27,105047.5,36010.25,129650.0,785890.5,45989.0,2749.0,0.0,145832.25,59115.75,148791.5,20936.25,34391.0,1484311.5,1543745.5,59434.0,522782.0,1514403.0,1105336.25,0.7298825015534174,0.3522050459084902,388130.5,30091.5
2025-01-28,106747.0,43231.75,126830.5,484716.25,44580.0,2611.0,0.0,214336.25,90511.75,193021.5,41112.5,34344.5,1483767.0,1513305.2,29538.25,827640.25,1382043.0,808716.5,0.5851601578243224,0.5577966419255853,532214.0,-101724.0
2025-01-29,105545.0,44391.5,100070.25,648855.75,66163.25,2815.0,0.0,205616.0,90137.0,183939.75,25950.0,34723.75,1491606.5,1544881.2,53274.75,676517.25,1508207.25,967840.75,0.641716017477041,0.4535494113226243,514416.5,16600.75
2025-01-30,106993.25,44727.5,102114.5,268692.0,69635.75,3199.5,0.0,243911.0,137830.5,280528.5,30488.0,29681.75,1486554.2,1513575.5,27021.25,1046112.0,1317802.25,595362.5,0.4517844008841235,0.7037160165434937,691951.75,-168751.94999999995
2025-01-31,107288.75,42966.75,61684.25,304805.25,89026.25,3239.25,0.0,268103.0,152799.5,270898.25,29265.0,31412.5,1457845.8,1491004.5,33158.75,1002330.0,1361488.75,609010.5,0.4473121794065504,0.68754185113405,723213.25,-96357.05000000005
2025-02-01,106977.5,41715.0,7928.0,100842.0,124061.25,3286.5,0.0,285516.5,150912.5,222211.0,21205.0,32391.0,1258504.8,1290614.8,32110.0,1025673.5,1097046.25,384810.25,0.35076939554736186,0.8149937131745544,691031.0,-161458.55000000005
2025-02-02,106675.0,40175.0,17128.5,46868.0,126384.25,3268.0,0.0,287189.75,140651.25,212370.0,14445.5,32685.75,1215841.8,1250357.0,34515.25,1025461.0,1027841.0,340498.75,0.33127570314863874,0.8434164707941444,672896.75,-188000.80000000005
2025-02-03,108076.5,44375.0,36594.25,50420.75,108915.25,3044.25,0.0,290509.5,128561.25,343633.75,42708.75,36145.75,1477660.5,1494213.2,16552.75,1281730.2,1192985.0,351426.0,0.29457704832835285,0.8674050636123791,798850.25,-284675.5
2025-02-04,107194.75,44468.0,115574.0,167005.0,94754.75,2987.25,0.0,278828.75,135616.75,334070.75,33719.25,38064.0,1536943.0,1562691.0,25748.0,1159609.2,1352283.25,531983.75,0.3933966866778835,0.7544907000454799,786580.25,-184659.75
2025-02-05,104830.0,43718.75,84551.75,228640.5,71152.25,3183.25,0.0,268875.25,153876.75,355516.75,28815.25,37889.75,1555796.8,1587564.0,31767.25,1171452.2,1381050.25,536076.5,0.3881658180069842,0.7529596410019611,816158.5,-174746.55000000005
2025-02-06,104790.5,42352.25,50374.75,164031.5,40593.0,3106.75,0.0,274390.25,189545.5,352893.0,29769.5,38136.5,1512802.2,1535125.2,22323.0,1257803.0,1289983.5,405248.75,0.31415033603142983,0.8314391663364847,854965.25,-222818.69999999995
2025-02-07,103441.75,36711.25,150507.25,649838.25,72696.0,3141.75,0.0,249376.25,154388.5,223026.25,13519.25,44294.25,1528301.5,1568300.2,39998.75,655260.0,1700940.75,1016336.25,0.5975141991277474,0.42875047888129403,671085.25,172639.25
2025-02-08,107739.25,37012.5,123992.0,388101.75,154275.75,2629.75,0.0,218979.25,138904.25,204408.25,14120.25,36969.0,1319652.8,1358928.0,39275.25,653283.25,1427132.0,813751.0,0.5702002337555321,0.49504176401550465,599260.75,107479.19999999995
2025-02-09,107528.0,34802.5,105202.0,206922.0,122205.75,2492.5,0.0,228049.25,161862.5,235740.25,15521.5,36807.25,1245012.5,1263407.5,18395.0,810682.75,1257133.5,579152.75,0.4606931165226287,0.6511442656198231,662459.25,12121.0
2025-02-10,107201.5,35556.75,140019.25,478044.75,85127.25,2529.25,0.0,229882.25,175766.25,262344.5,26088.75,44587.5,1539663.5,1561921.0,22257.5,836472.25,1587148.0,848478.75,0.5345933397515543,0.5432825094574236,712580.5,47484.5
2025-02-11,105968.75,41362.75,103630.5,525244.75,71124.25,2594.0,0.0,208621.0,187399.0,308420.75,27299.75,42874.25,1580243.5,1613996.0,33752.5,880244.0,1624539.75,849925.0,0.5231789496071118,0.5570306095231526,747315.0,44296.25
2025-02-12,106861.0,42163.5,141826.0,267747.25,62317.0,2845.5,0.0,242985.5,198878.5,345317.5,28399.75,43079.75,1560450.8,1589315.0,28864.25,1088560.5,1482421.25,623760.25,0.420771255134126,0.697593605642677,830261.25,-78029.55000000005
2025-02-13,108086.5,49709.5,76237.25,131958.5,28449.25,3048.25,0.0,260470.75,189872.0,385702.0,42030.0,45716.5,1564519.8,1590732.0,26212.25,1327874.8,1321280.5,397489.25,0.3008363856122905,0.8487427260428407,881761.25,-243239.30000000005
2025-02-14,109307.0,49533.25,20529.75,81256.25,27663.25,3195.5,0.0,253091.5,186898.5,407295.5,40515.5,45308.25,1524579.8,1554521.5,29941.75,1395130.5,1224594.25,291485.0,0.2380257787426325,0.9150918174306126,892593.75,-299985.55000000005
2025-02-15,108956.75,43789.5,18584.75,31009.5,60230.5,3264.75,0.0,252334.5,193996.5,301756.5,20626.0,47989.25,1307378.5,1322886.0,15507.5,1197553.8,1082538.5,265835.75,0.24556701678508433,0.9159962474524401,796076.75,-224840.0
2025-02-16,106625.75,37760.75,57800.0,183402.25,97200.25,3254.0,0.0,239288.25,185591.75,230924.25,10401.5,48234.25,1256914.2,1309867.5,52953.25,918511.75,1200483.0,486043.0,0.4048728720023524,0.7307672631910754,704038.5,-56431.19999999995
2025-02-17,107701.5,39728.5,18781.25,97957.5,186219.0,3225.5,0.0,281081.5,185984.0,350627.0,42611.25,50200.75,1493540.2,1524910.5,31370.25,1190582.5,1364117.75,453613.25,0.33253232721295506,0.7971546396943316,867893.25,-129422.44999999995
2025-02-18,107644.25,38315.75,55955.5,211343.25,211395.5,3206.75,0.0,283280.5,169609.25,299454.5,28407.0,44035.25,1527676.0,1554964.2,27288.25,1048981.8,1452647.5,627861.0,0.43221841499744434,0.6866520125995303,796379.5,-75028.5
2025-02-19,107777.0,36385.0,132231.5,466425.25,212098.25,3225.75,0.0,245766.0,153191.25,241421.0,21254.5,42641.25,1533209.2,1570233.2,37024.0,722454.25,1662416.75,958142.75,0.5763553272667639,0.47120396225120487,683019.5,129207.55000000005
2025-02-20,108481.75,35351.5,147046.0,409024.5,130990.0,3056.5,0.0,246315.5,156333.75,240315.25,30620.0,43780.75,1543621.2,1566096.8,22475.5,856560.75,1551315.5,833950.25,0.5375761732542478,0.5549034633626436,686745.25,7694.300000000047
2025-02-21,107280.75,34217.5,144319.5,395186.0,159384.75,3055.75,0.0,226612.0,95241.25,183574.0,21388.0,40858.0,1436871.0,1471249.5,34378.5,737980.75,1411117.5,843444.25,0.5977136914537592,0.5136026476976708,546285.25,-25753.5
2025-02-22,106766.5,34785.0,128186.75,463760.75,141190.0,2962.75,0.0,168313.75,62164.25,126135.5,35903.75,40881.75,1266828.8,1314402.0,47573.25,533691.25,1311050.75,877651.75,0.6694262216775362,0.42128127336543025,397495.25,44221.94999999995
2025-02-23,105401.75,33675.75,99661.0,268334.0,137532.0,3011.0,0.0,202211.0,67368.0,124684.5,24099.5,40140.5,1141099.0,1179853.5,38754.5,635572.0,1106119.0,647615.5,0.5854844731895935,0.5569823477191724,434404.0,-34980.0
2025-02-24,104115.5,32407.75,145863.25,569689.75,116136.0,2835.0,0.0,197625.5,87027.25,149803.5,13792.5,39775.5,1441009.2,1490554.5,49545.25,609320.25,1459071.5,971047.25,0.6655241021430409,0.42284272022690766,474231.75,18062.300000000047
2025-02-25,105390.75,36887.5,47868.75,137177.5,112589.0,2916.25,0.0,283434.25,140714.75,278296.75,38572.75,42413.5,1404481.5,1426692.0,22210.5,1106846.2,1226261.75,442829.75,0.361121718099745,0.7880817226855604,744859.25,-178219.75
2025-02-26,104983.5,36686.25,18504.5,179163.75,65861.25,3087.25,0.0,291850.25,153643.5,331682.5,27918.75,39314.0,1434223.8,1466292.8,32069.0,1170694.2,1252695.5,408286.5,0.32592637237062,0.8162562913821398,816490.25,-181528.30000000005
2025-02-27,103205.0,35832.25,37906.5,200827.5,111052.75,3154.0,0.0,295847.0,144890.25,314751.0,23111.0,40677.75,1438264.8,1478599.8,40335.0,1088478.0,1311255.0,491978.0,0.375196281425047,0.7567994433292117,796166.0,-127009.80000000005
2025-02-28,103346.5,34250.0,33346.0,127181.25,87049.5,3120.5,0.0,301375.25,147948.5,336072.5,28121.25,41930.5,1422233.5,1446295.8,24062.25,1174656.8,1243741.75,388293.75,0.3121980507609397,0.8259240131806768,827326.75,-178491.75
2025-03-01,103533.25,33859.5,24356.5,109210.0,113461.25,3089.75,0.0,297311.75,142291.75,205293.0,23180.25,43448.0,1244284.0,1262280.0,17996.0,997256.25,1099035.0,387510.25,0.35259136424226706,0.8014699618415089,688344.5,-145249.0
2025-03-02,101887.25,34637.0,88687.25,175953.0,233790.5,3070.25,0.0,248214.0,101334.25,153822.75,21015.25,48718.75,1182745.5,1223666.2,40920.75,684314.75,1211130.25,638025.25,0.5268015145356992,0.578581571436966,552089.75,28384.75
2025-03-03,102640.0,34366.5,123688.75,223292.0,273229.75,2925.75,0.0,256714.75,115561.25,205025.5,35350.0,48792.25,1405731.2,1445715.5,39984.25,785520.75,1421586.5,760142.75,0.5347143842460519,0.5587986878287968,626093.75,15855.300000000047
2025-03-04,102945.0,33385.25,118209.0,209951.25,264354.75,2850.5,0.0,249893.25,117490.0,202975.75,32035.5,36599.0,1447902.8,1484410.5,36507.75,855387.75,1370689.25,731695.75,0.533815925090242,0.5907770535425444,606958.0,-77213.55000000005
2025-03-05,102211.0,31895.0,140209.75,350216.75,275760.0,2843.75,0.0,222389.0,79872.75,198899.75,29145.25,34928.25,1447370.2,1488771.5,41401.25,681183.75,1468371.25,903136.25,0.6150598835274117,0.47063546700077147,536089.75,21001.050000000047
2025-03-06,103069.25,33249.5,90135.0,226418.75,282010.25,2756.5,0.0,232176.75,86635.0,179674.25,34888.0,30286.25,1398046.0,1436409.8,38363.75,799482.0,1301299.5,737639.25,0.5668481775333042,0.571856720022088,528772.25,-96746.5
2025-03-07,103121.75,32686.75,37171.25,120764.5,276952.25,2844.0,0.0,239636.25,98809.25,196830.75,38363.25,31160.25,1329325.5,1373748.5,44423.0,894437.5,1178340.25,573540.5,0.48673589822633995,0.672850629887112,566436.5,-150985.25
2025-03-08,101630.25,30122.5,37259.5,167915.5,276344.5,2850.5,0.0,208812.0,59412.0,148264.5,21204.0,31108.0,1146977.5,1193597.5,46620.0,665458.0,1084923.25,616122.75,0.5678952405158614,0.5801840053532,447596.5,-62054.25
2025-03-09,100921.75,29180.25,65178.0,135497.5,274183.5,2812.25,0.0,198461.5,53634.0,121091.25,23479.75,35440.5,1099817.5,1146013.5,46196.0,624958.5,1039880.25,607773.25,0.58446465350217,0.5682383668199497,408627.25,-59937.25
2025-03-10,101323.5,28229.75,25068.5,76652.25,195868.0,2798.75,0.0,218094.0,109379.0,238040.0,32361.25,37141.0,1344024.5,1376075.8,32051.25,1046435.75,1064956.0,429940.75,0.4037169141260296,0.7785838353393112,602654.0,-279068.5
2025-03-11,102209.0,28958.75,38408.25,76864.0,156305.0,2825.75,0.0,245694.25,142425.25,284387.5,33954.75,37382.0,1391007.5,1426290.8,35283.25,1119430.2,1149414.5,405570.75,0.3528498639959736,0.8047621598014388,709889.0,-241593.0
2025-03-12,102854.0,30821.5,24641.0,76839.25,90916.0,2632.0,0.0,270209.75,155942.0,289812.5,33976.25,41050.75,1418158.5,1449046.8,30888.25,1225762.2,1119695.0,328703.75,0.2935654352301296,0.8643337116408356,757015.0,-298463.5
2025-03-13,102981.0,32921.5,55748.0,69254.25,114235.0,2856.25,0.0,279633.0,150052.0,286834.0,31104.25,40369.0,1431450.5,1462976.2,31525.75,1192213.2,1165988.25,377996.0,0.32418508505553123,0.8328707140065269,756888.0,-265462.25
2025-03-14,102980.25,35114.75,50081.75,94833.75,117652.75,2880.5,0.0,275515.75,139411.25,267529.25,28267.0,47134.75,1416698.5,1441962.0,25263.5,1154130.2,1161401.75,403543.75,0.34746266741891857,0.8146618352458197,729591.0,-255296.75
2025-03-15,101623.5,31333.75,20635.5,285356.0,158577.0,2918.5,0.0,236969.25,68303.0,133050.0,22574.75,46689.25,1202481.5,1244025.8,41544.25,737913.0,1108030.5,600444.25,0.5419022761557556,0.6136585053491468,485011.5,-94451.0
2025-03-16,101013.5,29254.5,65015.5,228095.75,232474.25,2980.0,0.0,228681.0,66607.75,130690.5,21462.75,40538.75,1153088.8,1199064.2,45975.5,627503.25,1146814.25,658833.5,0.5744901582797737,0.5441933439991785,466518.0,-6274.550000000047
2025-03-17,101814.5,29557.25,62886.0,296244.75,268308.5,2907.25,0.0,241601.0,97146.0,167780.5,31322.25,39361.75,1401572.8,1441027.0,39454.25,774133.5,1338929.75,761718.25,0.5689008329227131,0.5523319944565134,545889.25,-62643.05000000005
2025-03-18,102137.25,29972.0,23343.75,198121.5,339753.0,2940.5,0.0,236132.0,122173.25,182565.5,27794.75,40948.75,1402288.8,1443131.0,40842.25,841070.5,1305882.25,696268.0,0.5331782402280144,0.5997840815672206,581819.5,-96406.55000000005
2025-03-19,102528.25,30279.75,14108.75,102239.75,334205.5,2913.0,0.0,257668.25,120074.0,222077.5,35600.0,36972.75,1372994.0,1414752.5,41758.5,922440.0,1258667.5,586275.0,0.4657902106791508,0.6718456162226492,636792.5,-114326.5
2025-03-20,102046.0,30064.25,16761.25,103119.5,312618.25,2767.0,0.0,262999.0,120720.25,232878.5,32369.0,34131.5,1346672.0,1386469.8,39797.75,914173.0,1250474.5,567376.25,0.45372876456097266,0.6788386481637696,650729.25,-96197.5
2025-03-21,100106.25,28749.5,77071.25,339130.75,295733.0,2700.25,0.0,173033.75,75375.75,136918.25,33060.0,37299.75,1347446.0,1386541.2,39095.25,635511.0,1299178.5,843491.0,0.6492495065150785,0.4716411640985984,422627.5,-48267.5
2025-03-22,97429.25,29388.75,72427.75,614614.25,260513.75,2836.25,0.0,94116.0,43871.5,105804.75,13385.25,39267.0,1185537.8,1245546.0,60008.25,237982.0,1373654.5,1077210.0,0.7841928228677589,0.20073758930335245,283059.25,188116.69999999995
2025-03-23,99957.25,29233.5,110747.75,276992.0,183688.0,2835.0,0.0,148029.0,64375.25,120628.0,26062.75,41332.0,1126025.0,1153691.8,27666.75,554597.25,1103880.5,703453.5,0.6372551195532488,0.4925265868875025,374364.25,-22144.5
2025-03-24,101366.25,29491.25,10981.75,50118.25,177995.5,2683.5,0.0,296656.5,139022.75,242602.25,45208.0,43888.0,1318668.0,1347006.5,28338.5,1079572.5,1140014.0,372636.5,0.32687010861270127,0.8186840812092202,722169.5,-178654.0
2025-03-25,100275.5,31131.75,84571.25,166926.5,197588.25,2805.25,0.0,287560.25,133345.0,177706.0,22909.0,42745.5,1388528.5,1432488.0,43959.5,939442.5,1247564.25,583298.5,0.46754986767214596,0.6765741574623784,641356.75,-140964.25
2025-03-26,100595.25,31248.75,61577.75,210492.25,110777.75,2680.75,0.0,294537.0,158096.0,205705.0,30934.0,40064.75,1399177.0,1421595.0,22418.0,1016329.25,1246709.25,517372.5,0.4149905040008326,0.7263764698819377,698402.75,-152467.75
2025-03-27,99013.5,29264.0,101140.25,102523.75,252725.25,2468.0,0.0,280421.75,127899.5,156337.5,31191.5,38371.5,1360875.2,1400014.5,39139.25,904486.0,1221356.5,587134.75,0.4807234824557777,0.6646355227871006,603030.25,-139518.69999999995
2025-03-28,99944.25,30340.0,77940.75,147350.5,333176.75,2749.75,0.0,261968.0,92500.0,146348.5,32715.0,41217.75,1307689.0,1357297.5,49608.5,749221.0,1266251.25,691502.0,0.546101731390196,0.5729351550712746,542034.25,-41437.75
2025-03-29,99415.75,29956.0,39464.25,240727.5,199315.75,2901.75,0.0,201220.5,66985.25,102117.0,33042.75,40770.0,1126671.0,1168542.2,41871.25,647163.5,1055916.5,611781.0,0.5793838812065158,0.5744032641294575,411092.75,-70754.5
2025-03-30,90193.0,32845.25,72105.5,648926.25,154325.0,2692.75,0.0,102920.25,35677.75,66848.0,8222.0,35059.25,1078479.2,1134612.8,56133.5,203122.5,1249815.0,1001087.75,0.8009887463344575,0.18834160176663584,240505.25,171335.80000000005
2025-03-31,95882.25,33641.0,59466.5,367050.25,155544.0,2850.5,0.0,230407.25,99670.75,141316.25,36960.5,41447.75,1341868.5,1371434.0,29565.5,759807.75,1264237.0,714434.5,0.5651112093697621,0.5662311545430867,512842.0,-77631.5
2025-04-01,95351.0,33379.75,21155.75,287475.5,269969.5,2731.0,0.0,233717.0,100056.25,144142.5,28030.0,42796.0,1342900.0,1378683.0,35783.0,764299.25,1258804.25,710062.5,0.5640769801976757,0.5691408518877057,520711.75,-84095.75
2025-04-02,93541.25,32341.0,68540.25,446878.25,322821.75,2714.5,0.0,180255.25,68665.75,96234.5,29575.5,42684.0,1317064.8,1366340.8,49276.0,478824.5,1384252.0,966837.0,0.6984544721625832,0.36355424577439166,387839.5,67187.19999999995
2025-04-03,94086.5,32719.0,46248.25,269295.75,368875.5,2521.0,0.0,198592.75,83867.5,115902.0,38133.75,43636.5,1298442.0,1344622.0,46180.0,614022.5,1293878.5,813746.0,0.6289199488205423,0.47289174256532057,441998.75,-4563.5
2025-04-04,94893.0,32359.75,30976.75,114144.75,370820.0,2718.5,0.0,222289.0,102653.25,127485.5,38708.25,43208.0,1267084.2,1305734.5,38650.25,751142.75,1180256.75,645912.75,0.5472646100096441,0.592812024646823,495635.75,-86827.44999999995
2025-04-05,92669.5,30827.25,62731.5,317465.25,326259.5,2759.5,0.0,115557.25,31238.25,74630.0,28409.25,40225.75,1102793.0,1151082.2,48289.25,396336.75,1122773.0,832712.5,0.7416570402031399,0.35939360333262904,261651.25,19980.0
2025-04-06,91946.0,30408.25,32875.5,240947.5,355100.25,2865.25,0.0,99358.5,42273.5,79937.75,23303.25,39414.25,1053186.0,1106250.2,53064.25,424262.75,1038430.0,754142.75,0.7262335930202325,0.40283743802139416,260984.0,-14756.0
2025-04-07,93658.5,30041.75,20227.5,159717.5,355954.5,2811.25,0.0,192202.5,114402.5,160768.25,32841.0,42235.75,1293661.0,1332264.0,38603.0,757761.5,1204861.0,662411.0,0.549782091046187,0.5857496670302343,509609.0,-88800.0
2025-04-08,94985.5,33089.0,2013.25,62123.5,348351.75,2832.25,0.0,202862.75,133369.75,191068.0,37500.75,40787.5,1301073.0,1337737.5,36664.5,888584.5,1148984.0,543395.25,0.4729354368729243,0.6829628314475821,568088.0,-152089.0
2025-04-09,95157.25,31991.25,64938.5,165311.25,290773.0,2840.75,0.0,196652.0,112478.25,166562.0,30828.25,40169.25,1326976.5,1367696.2,40719.75,805953.75,1197701.75,651012.0,0.5435510134305139,0.6073609819013374,515861.5,-129274.75
2025-04-10,96784.25,30249.75,58717.0,225523.75,293471.75,2811.0,0.0,186471.0,117702.25,159924.0,39318.75,42962.0,1343984.5,1381131.2,37146.75,766272.0,1253935.5,707557.5,0.5642694540508663,0.5701494325269376,507059.25,-90049.0
2025-04-11,98599.75,31700.75,51840.75,403650.75,321993.75,2729.5,0.0,141339.0,92666.75,146679.0,40543.25,41365.5,1317890.5,1369724.8,51834.25,540405.25,1373108.75,910515.25,0.6631049798495567,0.4100532252110475,422050.25,55218.25
2025-04-12,98982.0,29138.5,39860.5,140242.5,366719.0,2696.0,0.0,128644.25,52313.0,115899.5,42452.25,38007.25,1084508.2,1127108.8,42600.5,537686.25,1054954.75,677638.5,0.6423389249633693,0.49578809085998615,334864.0,-29553.449999999953
2025-04-13,97863.75,28884.75,94471.25,431156.75,201453.75,2637.25,0.0,110110.5,48286.5,83034.25,17698.0,36040.75,1072549.8,1126752.5,54202.75,345468.0,1151637.5,856467.5,0.7436953902595218,0.32209972907551704,277472.0,79087.69999999995
2025-04-14,100373.25,31990.75,34495.5,127183.25,303543.0,2637.75,0.0,216988.25,119830.5,139107.5,41718.0,37365.0,1268208.0,1301912.0,33704.0,802986.25,1155232.75,600223.5,0.5195693248827996,0.6331660500485725,513291.25,-112975.25
2025-04-15,98305.0,32061.75,98527.75,412083.25,260386.25,2636.25,0.0,190807.5,98900.5,122383.5,29136.0,36087.75,1332443.5,1380774.2,48330.75,561446.25,1381315.5,904000.25,0.6544487845101282,0.4213658965652202,448179.25,48872.0
2025-04-16,98865.5,33817.75,33681.0,191054.75,271589.5,2589.5,0.0,218238.5,112562.25,125913.5,34272.25,34716.75,1304241.2,1333197.5,28956.25,807916.0,1157301.25,631598.0,0.5457507282567957,0.6194529048767974,491431.0,-146939.94999999995
2025-04-17,100135.75,37072.0,39889.0,341716.5,162966.25,2715.25,0.0,223835.5,110121.5,144230.0,33913.75,42483.25,1328354.5,1357213.8,28859.25,783782.75,1239078.75,684494.75,0.5524223137552798,0.5900403469104069,520670.25,-89275.75
2025-04-18,99369.75,36129.25,34877.75,204731.75,90705.5,2794.25,0.0,218890.0,94038.5,97989.75,24406.25,41607.0,1079107.0,1108606.0,29499.0,748792.0,945539.75,468608.25,0.4955986778979942,0.6938996781598118,452525.25,-133567.25
2025-04-19,99354.5,35207.75,39414.75,71022.25,273892.5,2779.5,0.0,148974.5,40838.25,87287.0,30743.0,40132.5,1036645.0,1082314.2,45669.25,652315.5,869646.5,521671.25,0.5998658650382656,0.629256399249502,317232.25,-166998.5
2025-04-20,98214.0,32644.0,21614.25,101092.0,315270.25,2724.75,0.0,119539.0,31812.25,79219.75,33545.75,41285.0,950209.75,999441.25,49231.5,512233.25,876961.0,571559.25,0.6517499067803472,0.5390738729001676,271856.0,-73248.75
2025-04-21,97908.5,31857.25,2751.5,67840.0,239729.5,2677.5,0.0,156292.25,57250.25,95846.75,20928.75,42730.75,982258.5,1015462.25,33203.75,671937.5,815813.0,442764.25,0.5427276226292055,0.684073998850608,352120.0,-166445.5
2025-04-22,98958.25,33905.25,3932.25,72591.75,254611.5,2628.25,0.0,195099.75,118472.5,147116.0,38791.5,39443.0,1228780.5,1262310.8,33530.25,897645.0,1005550.0,466627.25,0.4640517627169211,0.730516963770177,500131.25,-223230.5
2025-04-23,99314.0,33253.25,25678.5,81693.75,269961.75,2709.75,0.0,195688.25,123256.25,181863.0,24583.0,40043.0,1284799.8,1316480.0,31680.25,907465.75,1078044.5,512611.0,0.47550077942051555,0.7063090685412622,540850.5,-206755.30000000005
2025-04-24,98651.25,38793.5,49004.25,180297.0,164951.25,2809.75,0.0,212802.25,98417.5,137689.0,28902.75,37455.75,1330403.8,1349640.8,19237.0,936151.25,1049774.25,534507.0,0.509163755921809,0.703659482932926,486364.5,-280629.55000000005
2025-04-25,104577.75,40347.5,7054.5,127745.5,202337.5,2826.75,0.0,203840.0,77884.25,125999.75,30312.75,34276.75,1294835.0,1322592.0,27757.0,957697.5,957203.0,484889.5,0.5065691394615354,0.7396289874771689,442000.75,-337632.0
2025-04-26,111434.5,36791.5,11538.0,228456.75,347937.0,2792.0,0.0,122816.0,22417.25,84359.0,32015.25,31648.5,1075475.0,1120891.0,45416.0,487543.25,1032205.75,738949.75,0.7158938515891817,0.45332829679908876,261240.75,-43269.25
2025-04-27,109707.5,33688.5,33563.75,181109.5,382400.5,2751.25,0.0,109580.0,24714.5,72620.5,23939.25,31547.75,997387.5,1046716.5,49329.0,400313.75,1005623.0,743221.0,0.7390652361769768,0.401362309032347,238462.75,8235.5
2025-04-28,111006.5,35802.25,15669.0,47778.0,412575.0,2457.25,0.0,194930.25,56577.75,130576.75,37981.25,35854.5,1231660.0,1274267.5,42607.5,755638.0,1081208.5,625288.0,0.5783232373774346,0.6135118458016011,417939.25,-150451.5
2025-04-29,109570.75,37582.75,20360.25,87001.25,402054.5,2341.0,0.0,202929.5,64765.0,128736.0,28873.0,33646.5,1263496.8,1301078.8,37582.0,754080.75,1117860.5,658910.5,0.5894389326754098,0.5968204668187526,430077.0,-145636.30000000005
2025-04-30,99944.25,35340.5,14121.0,55831.0,403548.75,2464.75,0.0,201517.25,46687.5,129472.25,33510.5,36124.75,1231318.8,1270044.2,38725.5,757818.0,1058562.5,611250.25,0.5774342563618114,0.615452310157207,413801.75,-172756.30000000005
2025-05-01,93669.25,32629.5,9210.0,65283.25,395093.75,2322.25,0.0,135979.25,21955.0,86849.75,34022.0,36558.75,960950.5,1006570.25,45619.75,491363.5,913572.75,598208.0,0.654800616590195,0.5113307085016345,281342.75,-47377.75
2025-05-02,94296.5,34949.75,43074.0,208063.5,355497.75,2327.75,0.0,105936.75,17981.25,75129.75,34156.0,36785.5,1096700.0,1140526.8,43826.75,490064.75,1008198.5,738209.25,0.7322062570019694,0.4468539710039209,235833.25,-88501.5
2025-05-03,94766.5,34528.5,65942.0,207477.75,243919.5,2434.25,0.0,99645.0,11477.25,70755.5,31854.0,37969.25,1034279.5,1069363.8,35084.25,516940.25,900769.5,649068.5,0.7205711339027354,0.4998071121007426,219847.0,-133510.0
2025-05-04,93107.25,35359.0,98710.0,350948.5,213836.5,2523.5,0.0,91839.0,14257.5,65585.25,20351.25,38794.75,1014938.25,1070063.8,55125.5,351443.25,1025312.5,794484.75,0.7748708320633954,0.3462705736038621,210476.5,10374.25
2025-05-05,93677.5,43295.75,63038.25,237291.0,259846.0,2531.25,0.0,155516.0,32504.25,103274.5,29540.5,38750.0,1243756.5,1273310.8,29554.25,683581.25,1059265.0,699679.75,0.6605332471100244,0.5496101929919562,330044.75,-184491.5
2025-05-06,94280.5,47238.25,81533.0,204329.5,345739.0,2497.75,0.0,148608.0,39596.75,116346.0,34519.25,36676.5,1254562.8,1289052.5,34489.75,622961.25,1151364.5,775618.0,0.6736511330686329,0.49655644978473773,341227.25,-103198.30000000005
2025-05-07,96106.25,45470.25,26476.75,167943.5,325819.25,2508.25,0.0,190094.25,48947.75,140661.0,33804.0,37917.5,1257752.2,1291466.5,33714.25,737512.75,1115748.75,664324.25,0.595406671977002,0.5863736513440406,417620.5,-142003.44999999995
2025-05-08,96899.75,45023.5,14476.0,175375.25,309427.5,2668.5,0.0,186975.75,43045.75,148587.25,36612.25,37735.5,1251253.5,1279863.8,28610.25,751974.75,1096827.0,643870.5,0.5870301332844651,0.6009771401238838,416344.25,-154426.5
2025-05-09,95764.75,42477.75,13023.25,131339.0,415645.5,2673.25,0.0,163997.0,43434.5,139656.0,33333.0,37377.0,1219278.0,1259910.8,40632.75,659270.25,1118721.0,700923.5,0.6265400399205879,0.5407054420730957,384464.5,-100557.0
2025-05-10,94667.75,37698.75,6748.75,112672.5,400205.0,2526.0,0.0,124782.75,23981.0,85784.5,34136.5,36795.5,1023457.25,1064103.8,40646.5,503831.0,959999.0,654518.75,0.6817910747823696,0.49228338555420853,271343.75,-63458.25
2025-05-11,92845.75,35356.0,42860.5,204596.25,406994.0,2456.5,0.0,94434.0,15309.5,67233.75,25042.0,36318.5,940816.5,986481.0,45664.5,286365.75,1023446.75,785109.0,0.7671224711984282,0.3043800252227719,213295.75,82630.25
2025-05-12,92814.75,36901.75,92347.0,282598.5,437928.0,2448.0,0.0,117905.0,25825.5,104138.25,30978.25,39081.25,1195099.0,1232199.5,37100.5,382225.5,1262966.25,945038.0,0.748268609711463,0.31982747872770373,286950.0,67867.25
2025-05-13,93248.0,37027.25,45296.0,137505.75,438599.5,2472.75,0.0,168387.25,44819.25,127436.0,37255.5,39349.75,1232124.8,1264433.5,32308.75,610723.5,1171397.0,754149.25,0.6438032964059154,0.49566691620848796,379992.25,-60727.80000000005
2025-05-14,92709.0,35170.0,57561.25,227187.25,413062.0,2492.75,0.0,150321.25,47832.25,109132.75,22494.75,35998.25,1242819.8,1282249.8,39430.0,545009.25,1193961.5,828182.25,0.6936423410637612,0.4385263656082724,343284.5,-48858.30000000005
2025-05-15,93751.75,33409.0,68438.75,332218.5,366984.0,2472.25,0.0,141574.0,42446.0,104157.75,32231.25,35007.0,1240970.5,1275051.8,34081.25,473329.25,1252690.25,897274.25,0.7162778268610297,0.3814186155110053,323184.75,11719.75
2025-05-16,95052.25,33723.0,69110.25,258890.5,340333.0,2584.0,0.0,139453.5,39619.5,105759.5,35711.25,34554.75,1226357.0,1259674.8,33317.75,558023.25,1154791.5,799693.0,0.6924999014973698,0.4550251272671824,319387.25,-71565.5
2025-05-17,93953.0,32524.25,49600.5,278386.75,298016.0,2513.0,0.0,112458.5,23893.0,84051.0,32069.75,35539.25,1055431.0,1099422.5,43991.5,429427.75,1043005.0,754993.5,0.7238637398670189,0.40687430064115987,255941.75,-12426.0
2025-05-18,93440.5,32692.75,31171.0,220119.5,295843.0,2487.0,0.0,116409.75,25327.0,88871.75,22508.0,38449.0,990734.75,1036506.5,45771.75,443601.25,967319.25,675753.75,0.6985839990261746,0.44774976349623347,269057.5,-23415.5
2025-05-19,94405.75,32930.25,18615.25,112628.0,352631.25,2358.75,0.0,186486.75,52768.5,133834.25,38160.5,39427.75,1195071.0,1228142.2,33071.25,711196.5,1064247.0,613569.25,0.5765289918599723,0.5951081567538665,412517.25,-130824.0
2025-05-20,92783.5,35681.75,52793.25,94077.0,388609.5,2440.25,0.0,180673.25,64381.75,153573.75,29313.25,36057.75,1241310.8,1275422.8,34112.0,705831.0,1130385.0,666385.25,0.5895206058112944,0.5686174646994129,434686.5,-110925.80000000005
2025-05-21,92363.25,34846.0,107663.0,354965.25,325846.5,2220.25,0.0,168874.5,54921.25,124074.25,27514.75,38832.5,1269419.5,1305547.0,36127.5,480944.75,1332121.5,917904.25,0.6890544518649387,0.3788698298710552,386702.5,62702.0
2025-05-22,93316.5,38571.75,107529.25,471352.5,261699.75,2108.25,0.0,144814.75,48615.75,134743.5,26384.75,42593.75,1286479.0,1324606.0,38127.0,445897.5,1371730.5,974578.0,0.7104733765123689,0.34660301489569595,370767.75,85251.5
2025-05-23,96547.75,40104.75,97709.25,325900.75,332141.75,2523.5,0.0,137163.25,41852.25,102560.25,28703.25,40829.75,1236874.2,1270723.0,33848.75,481122.5,1246036.5,894927.75,0.718219530487269,0.38898256589069446,322405.5,9162.300000000047
2025-05-24,96253.5,35655.75,72221.5,317384.25,333223.25,2528.75,0.0,85714.0,17268.75,66490.0,37205.25,39471.75,1042810.25,1087709.8,44899.5,319981.25,1103416.75,857267.0,0.7769204156090616,0.30684513313903466,208944.5,60606.5
2025-05-25,94289.0,30853.75,114515.25,442297.25,163808.75,2475.5,0.0,79106.75,11957.25,56031.75,25700.75,40712.75,1036035.0,1087663.5,51628.5,315413.75,1061748.75,848239.5,0.7989079337272589,0.30444314139966316,187808.5,25713.75
2025-05-26,96351.75,36882.5,94392.75,281069.0,325922.75,2481.5,0.0,119652.75,21615.75,96787.25,39794.5,40850.5,1218353.2,1251025.2,32672.0,516968.75,1155801.0,837100.25,0.7242598423084943,0.4243176362979143,278906.25,-62552.19999999995
2025-05-27,95164.25,39407.25,77708.25,471424.5,252952.25,2343.5,0.0,118369.5,30776.0,104203.25,27430.25,39140.5,1261378.0,1303712.5,42334.5,459293.0,1258919.5,939000.0,0.74587771497701,0.36412003380429975,292489.25,-2458.5
2025-05-28,96021.25,40192.5,32068.25,537976.5,186610.0,2504.5,0.0,138238.5,35537.75,92741.0,34562.0,37101.0,1264697.2,1297239.0,32541.75,508042.5,1233553.25,895373.0,0.7258486814411944,0.4017107810470364,303618.25,-31143.949999999953
2025-05-29,95566.0,45382.0,77737.75,242104.5,297413.5,2557.0,0.0,100993.5,14682.5,75568.5,32124.25,39097.5,1014487.0,1060143.2,45656.25,397231.25,1023227.0,760760.75,0.7434916690040431,0.3915587385545601,230342.0,8740.0
2025-05-30,94251.25,45596.5,114781.25,341002.5,359505.0,2450.25,0.0,92116.5,12509.0,76862.75,33246.25,38606.0,1101298.0,1153944.0,52646.0,286009.25,1210927.25,957586.75,0.7907880097668956,0.259701960777192,220094.25,109629.25
2025-05-31,93654.25,44192.5,15099.0,63704.5,373985.0,1871.0,0.0,109397.5,16315.75,89861.0,44212.75,40326.75,1000674.5,1047001.25,46326.75,547886.0,892620.0,592506.25,0.6637833008447044,0.5475166999858595,255901.0,-108054.5
2025-06-01,91753.25,41654.5,49641.0,256154.25,282583.5,1989.75,0.0,89800.5,9273.0,66026.75,18455.25,40169.25,995327.75,1048261.5,52933.75,406949.0,947501.0,723776.25,0.7638791410246533,0.4088592928309293,205269.5,-47826.75
2025-06-02,94882.25,48767.5,63616.25,161203.75,270886.5,2287.25,0.0,165929.75,22258.0,111887.25,44775.75,41151.25,1247305.5,1282044.8,34739.25,751599.0,1027645.5,641643.5,0.6243821434531656,0.6025781173898456,341226.25,-219660.0
2025-06-03,95373.5,49399.0,87302.5,163446.0,364609.5,2367.75,0.0,118062.75,43525.0,123680.25,29457.5,37463.0,1268460.8,1314399.2,45938.5,653102.75,1114686.75,762498.25,0.6840471100961772,0.5148781499593839,322731.0,-153774.05000000005
2025-06-04,94892.0,50392.75,91725.25,290754.0,250030.75,2201.75,0.0,116706.5,46858.25,86229.0,27659.75,36517.75,1305705.0,1348848.5,43143.5,673195.0,1093967.75,779996.5,0.7129977094845803,0.5155797059825917,286311.5,-211737.25
2025-06-05,96555.25,51501.25,74561.0,327393.0,252829.5,2399.5,0.0,118052.0,47261.0,74644.0,34180.0,41009.25,1284145.0,1321308.5,37163.5,629361.5,1120385.75,805239.5,0.7187162992746026,0.490101585101371,280966.25,-163759.25
2025-06-06,94647.0,49260.0,93322.0,606585.0,276173.5,2365.75,0.0,76479.0,21252.5,62765.75,33231.0,39898.25,1273110.8,1329739.2,56628.5,297030.25,1355979.75,1122353.25,0.827706497829337,0.23331060423020525,200395.5,82868.94999999995
2025-06-07,95047.25,50549.25,19863.75,323864.0,224722.5,2458.5,0.0,101557.5,12894.75,61574.5,36240.0,40613.5,1054665.2,1096750.0,42084.75,486215.0,969385.5,716505.25,0.7391334510367651,0.4610135993868007,216640.25,-85279.69999999995
2025-06-08,92411.0,45990.75,36654.75,527526.25,241622.25,2416.5,0.0,63378.75,7330.75,50653.75,21966.25,39764.5,971869.0,1036984.25,65115.25,166065.75,1129715.5,946621.5,0.8379291069300191,0.1708725661586078,161127.75,157846.5
2025-06-09,96157.75,48411.25,59841.0,272130.0,360182.0,2403.0,0.0,77064.25,6797.5,60362.25,46969.0,40921.0,950505.25,1002525.25,52020.0,258352.25,1071239.0,839125.0,0.7833219290933209,0.27180517940327,185145.0,120733.75
2025-06-10,95794.5,46113.75,127123.0,458399.5,266028.25,2293.5,0.0,93863.0,14671.5,76052.25,25175.75,38844.5,1226133.0,1276716.5,50583.5,374582.25,1244359.5,995752.5,0.8002128806024305,0.30549887328699254,223431.25,18226.5
2025-06-11,97239.75,46286.0,42523.75,249906.25,412606.0,2308.5,0.0,108918.25,36395.25,91082.0,41902.5,35471.0,1226313.8,1270693.8,44380.0,521277.75,1164639.25,850870.25,0.7305869607262506,0.4250769664338769,271866.5,-61674.55000000005
2025-06-12,95724.5,46686.5,54192.5,263051.75,456031.5,2212.5,0.0,109370.25,45415.5,74742.75,37529.0,33096.0,1237468.8,1284524.0,47055.25,464193.0,1218052.75,917899.25,0.7535792271722223,0.37511491198808405,262624.5,-19416.050000000047
2025-06-13,94306.0,45197.75,86400.25,368381.5,459015.75,2188.5,0.0,102267.25,30063.75,85048.0,38632.5,36053.25,1235854.8,1283100.5,47245.75,322057.25,1347554.5,1055489.75,0.783263125906967,0.26059473167883473,253432.25,111699.69999999995
2025-06-14,92299.75,44338.5,74290.5,282424.5,419659.25,2083.0,0.0,84990.5,16848.0,75657.0,31713.5,34797.25,1079582.2,1129718.8,50136.5,303208.0,1159101.75,915095.5,0.7894867728393992,0.2808567981206063,212292.75,79519.55000000005
2025-06-15,92025.0,44613.5,40913.5,193873.25,271101.0,2092.25,0.0,110758.25,27639.0,63905.75,22564.75,32592.0,1027975.0,1077708.8,49733.75,522087.25,902078.25,644618.5,0.7145926642173226,0.5078793258590919,234895.0,-125896.75
2025-06-16,94298.25,50942.25,57251.0,236320.0,334467.0,2268.75,0.0,171351.5,57457.25,80149.5,31835.75,33490.5,1243403.8,1278378.8,34975.0,615365.75,1149831.75,775547.25,0.6744875935109637,0.4949041896124171,342448.75,-93572.05000000005
2025-06-17,95542.0,49986.0,58218.75,65508.75,437433.0,2014.75,0.0,192500.0,68669.5,94185.25,32026.0,34099.5,1249975.2,1282600.2,32625.0,688814.75,1130183.5,708703.25,0.6270691883220734,0.5510627330846244,389454.25,-119791.69999999995
2025-06-18,95605.5,48495.75,36731.25,130184.25,421464.5,2012.0,0.0,191894.75,77295.0,104072.0,31344.25,33750.75,1252249.2,1290444.5,38195.25,663869.25,1172850.0,734493.25,0.6262465362152023,0.5301414846182374,407012.5,-79399.19999999995
2025-06-19,94344.75,43262.0,45394.25,242334.0,422383.25,2000.25,0.0,118573.75,53137.75,68253.5,28961.0,33081.75,1104078.5,1148287.0,44208.5,393967.0,1151726.25,849718.5,0.7377781829666555,0.35682879432938874,273046.75,47647.75
2025-06-20,96097.0,43912.0,10058.75,99803.75,477677.25,2072.75,0.0,110730.5,70743.75,71586.75,34455.25,28423.0,1121291.0,1158365.0,37074.0,533751.25,1045560.75,729621.5,0.6978279358707755,0.47601492386900457,281484.0,-75730.25
2025-06-21,94010.5,43271.25,16023.0,61294.75,442377.25,2282.75,0.0,110765.75,61561.5,70477.5,33064.75,33781.25,1019114.75,1061911.8,42797.0,499419.75,968910.25,659259.5,0.6804133819412066,0.49005251861971383,276586.0,-50204.5
2025-06-22,90782.25,38476.5,57305.75,172045.5,403751.0,2044.5,0.0,90964.0,22965.75,54047.25,32881.5,33157.25,993786.75,1039084.25,45297.5,360684.5,998421.25,764405.5,0.7656142134394676,0.3629395340599983,201134.25,4634.5
2025-06-23,91256.25,39462.75,76475.5,595226.75,301413.25,2060.25,0.0,80360.25,48799.25,77668.75,22340.25,33677.25,1306135.5,1346971.8,40836.25,333020.0,1368740.5,1105894.75,0.8079652424984868,0.2549658898330227,240505.5,62605.0
2025-06-24,92582.75,38177.5,98479.75,569463.0,336601.75,2088.25,0.0,102451.0,47793.0,82252.75,23092.75,33970.75,1294413.0,1334542.8,40129.75,289868.5,1426953.25,1137393.0,0.797077970143731,0.22393818665294615,266467.5,132540.25
2025-06-25,93247.75,42768.0,43150.5,372383.0,386996.75,2064.25,0.0,163332.25,68460.5,102580.0,32473.75,33113.75,1310825.5,1343818.0,32992.5,508295.25,1340570.5,940610.25,0.7016492232225011,0.38776728862842536,367486.5,29745.0
2025-06-26,91896.5,43279.0,49668.25,328057.5,295893.25,2138.75,0.0,181162.25,67318.75,93292.75,21285.25,31813.25,1327589.5,1354853.2,27263.75,653970.5,1205805.5,810933.25,0.6725240928159641,0.4925999339404236,373587.0,-121784.0
2025-06-27,93914.5,42275.25,97144.5,388984.0,242821.25,2208.0,0.0,180825.5,58864.5,84093.0,23794.0,33995.5,1298526.5,1329886.2,31359.75,569576.75,1248920.0,867347.5,0.6944780290170708,0.43863313532684933,357778.5,-49606.5
2025-06-28,91608.25,36213.75,115999.0,296683.5,376859.75,2137.0,0.0,96464.75,20954.25,62348.5,24471.75,34155.0,1080262.8,1120131.8,39869.0,290720.5,1157895.5,919501.25,0.7941141925156459,0.2691201622420026,213922.5,77632.69999999995
2025-06-29,91297.0,34447.0,60528.5,264954.75,394228.0,2082.0,0.0,112981.75,22407.75,63000.5,19988.25,33848.0,1023509.25,1069155.2,45646.0,303798.0,1099763.5,847537.25,0.7706540997223494,0.29681998477297594,232238.0,76254.25
2025-06-30,93853.0,39077.5,24506.5,108190.25,453661.75,1997.5,0.0,193961.25,66091.5,122198.0,34311.25,32108.5,1263262.2,1290682.0,27419.75,676903.75,1169957.0,721286.5,0.6165068459781,0.5358378886030153,414359.25,-93305.19999999995
2025-07-01,90982.0,48732.25,36070.0,108322.25,438539.5,2297.25,0.0,201012.75,86762.5,160349.75,28477.75,33654.25,1344648.2,1374975.0,30326.75,761716.5,1235200.25,724943.25,0.5869034191014777,0.5664801395636421,481779.25,-109447.94999999995
2025-07-02,90227.5,47676.0,44765.5,183147.5,417328.75,2194.25,0.0,191011.25,76366.0,151720.0,22780.25,35182.5,1359534.2,1388880.8,29346.5,714292.5,1262399.5,785339.5,0.6221006107812939,0.5253950213242153,454279.75,-97134.69999999995
2025-07-03,91206.25,47659.5,61483.0,325007.0,319338.5,2345.5,0.0,169237.75,78157.25,105828.25,26572.75,33925.5,1336139.8,1372194.8,36055.0,630311.25,1260761.25,847039.75,0.6718478617581243,0.47174049452010935,387148.75,-75378.55000000005
2025-07-04,92444.5,44311.0,77064.0,109369.75,409974.0,2423.25,0.0,193740.0,63820.5,113000.25,31519.5,33204.0,1267349.2,1304405.5,37056.25,670941.5,1170870.75,735586.5,0.628238855569669,0.5294053919787853,403764.75,-96478.44999999995
2025-07-05,92150.75,40668.75,97270.0,304962.0,356107.0,2258.5,0.0,129367.75,32507.25,59414.75,23073.25,32071.0,1084927.2,1134774.5,49847.25,326588.25,1169851.0,893417.0,0.7637015312206427,0.301023193076918,253360.75,84923.80000000005
2025-07-06,92546.25,40047.25,41530.5,269664.0,238414.25,2241.0,0.0,145649.25,33421.0,60975.25,30748.5,31746.75,1029695.5,1067488.2,37792.75,480086.75,986984.0,684443.25,0.6934694483395881,0.4662414762422483,271792.25,-42711.5
2025-07-07,92106.0,46159.25,77148.25,205216.5,241834.75,2232.0,0.0,212401.75,74275.75,96895.5,25938.5,31155.5,1281562.8,1308169.8,26607.0,757363.25,1105363.75,664696.75,0.6013375687415116,0.5909685034553125,414728.5,-176199.05000000005
2025-07-08,91816.75,51379.25,88443.0,298368.0,270909.5,2274.0,0.0,191246.5,64465.0,83095.5,21428.0,30651.0,1282558.5,1317721.2,35162.75,624838.0,1194076.5,803190.5,0.6726457643207951,0.4871808966218695,369458.0,-88482.0
2025-07-09,91860.0,53529.5,23786.5,253794.75,278756.25,2314.0,0.0,214318.75,63408.0,100767.5,25766.5,29965.0,1269333.5,1299096.2,29762.75,712996.0,1138266.75,704041.0,0.6185202194476822,0.5617089598596429,408459.25,-131066.75
2025-07-10,91580.75,48802.5,19372.5,112299.25,358177.75,2245.25,0.0,214902.75,69848.5,110810.5,26656.25,32818.25,1252639.2,1284289.2,31650.0,762789.75,1087514.25,632478.0,0.5815813447961716,0.6089460955716538,428380.0,-165124.94999999995
2025-07-11,90977.25,44546.5,44456.75,203519.75,322326.75,2291.0,0.0,184335.25,66021.0,95941.5,27349.75,33169.25,1241092.2,1274250.2,33158.0,670789.0,1114934.75,708118.0,0.6351205754417467,0.540482810221513,379467.0,-126157.44999999995
2025-07-12,91489.0,42275.0,67277.75,181303.75,248739.5,2232.0,0.0,121790.5,38805.25,71550.5,27009.0,32602.0,1072407.5,1114017.5,41610.0,575086.5,925074.25,633317.0,0.6846120730308946,0.5362574394528199,264748.25,-147333.25
2025-07-13,90708.5,40155.75,34974.25,74710.25,319464.25,2232.0,0.0,143813.0,39777.0,72858.5,24026.25,35920.25,1004357.25,1046019.25,41662.0,575208.5,878640.0,562245.0,0.6399037148320131,0.5727130460799681,292368.75,-125717.25
2025-07-14,90327.0,39247.75,4709.25,124251.75,282800.75,2261.75,0.0,224801.25,84698.0,98714.75,30304.5,36222.25,1260099.8,1289331.5,29231.75,848338.0,1018339.0,543598.25,0.5338087316699056,0.6732308028300615,444436.25,-241760.80000000005
2025-07-15,89842.25,40325.5,40718.0,205630.75,274549.0,2483.0,0.0,218771.5,74365.25,85693.5,15733.25,35426.5,1250210.0,1284980.2,34770.25,729312.25,1083538.5,653548.5,0.6031613089890207,0.5833517968981211,414256.75,-166671.5
2025-07-16,90133.5,41987.0,28225.0,217175.25,257822.0,2564.75,0.0,227286.5,99483.25,93819.5,27533.5,36998.25,1261838.8,1288241.8,26403.0,758616.5,1123028.5,637907.5,0.5680243199526993,0.6011992181568676,457587.5,-138810.30000000005
2025-07-17,90742.5,50824.75,64025.25,262284.5,260300.5,2539.25,0.0,227146.75,91826.0,106034.0,20112.5,35218.5,1256476.5,1292487.2,36010.75,669866.25,1211054.5,730716.75,0.603372309008389,0.5331307429943974,460225.25,-45422.0
2025-07-18,90979.75,49035.75,3289.0,36476.25,333171.5,2450.0,0.0,236133.5,112547.75,125876.75,33073.75,34394.5,1219321.8,1245114.2,25792.5,846385.0,1057428.5,515402.25,0.4874109691577256,0.6941440725491826,508952.5,-161893.30000000005
2025-07-19,90869.5,43215.5,27912.75,117325.25,393728.75,2361.25,0.0,159781.25,50437.75,73178.0,28110.5,35316.5,1056234.2,1096470.0,40235.75,517267.5,1022237.0,675413.0,0.6607205569745568,0.48972803569511386,318713.5,-33997.19999999995
2025-07-20,89006.0,46101.0,49056.5,149766.0,343654.0,2330.5,0.0,150951.25,42255.75,63384.75,13214.75,36576.25,1006799.5,1051880.2,45080.75,464323.0,986296.75,679914.0,0.6893604789836325,0.4611871579197248,293168.0,-20502.75
2025-07-21,90115.5,51920.5,26789.75,176622.0,164055.0,2356.5,0.0,227306.75,96494.75,103275.25,34353.5,35788.75,1270283.2,1279655.0,9371.75,902816.5,1009078.25,511859.25,0.5072542689330585,0.7107206487498221,462865.5,-261204.94999999995
2025-07-22,91955.25,57084.25,29787.0,363556.75,259502.0,2347.5,0.0,194748.0,57869.5,67368.75,21269.0,36824.25,1259785.2,1297170.5,37385.25,606939.5,1182312.25,804232.75,0.6802202633018477,0.4817801479172799,356810.5,-77472.94999999995
2025-07-23,92330.0,54130.5,85315.25,453824.25,290768.5,2206.0,0.0,185168.0,55945.0,79920.75,20114.25,34388.0,1275947.2,1314355.0,38407.75,446039.25,1354110.5,978574.5,0.7226696048808424,0.34957500592501006,355421.75,78163.30000000005
2025-07-24,89289.0,56150.75,23443.75,73038.75,241267.75,2472.5,0.0,240899.75,102560.5,151592.5,31440.5,35009.75,1261473.0,1277287.5,15814.5,923722.75,1047165.5,485662.5,0.4637877202791727,0.7322572500560852,530062.5,-214307.5
2025-07-25,89319.0,57468.0,33610.5,95111.5,256240.75,2490.0,0.0,217175.25,82729.25,128788.0,24433.75,35743.5,1235138.2,1254746.0,19607.75,850175.5,1023109.5,534239.75,0.5221726022483419,0.6883241891474169,464436.0,-212028.69999999995
2025-07-26,91861.0,58860.5,18840.25,50548.5,239533.25,2563.0,0.0,184588.5,73914.25,94539.5,21851.0,35898.25,1054121.2,1087247.2,33126.0,745199.25,872998.0,462206.5,0.5294473755953621,0.7069388700274694,388940.5,-181123.19999999995
2025-07-27,92676.75,57471.75,25007.25,87817.5,239645.25,2493.0,0.0,152735.0,16361.25,66325.25,21554.5,38590.0,986720.25,1030564.0,43843.75,634250.25,800677.5,505111.5,0.6308551195706137,0.6427862912512438,274011.5,-186042.75
2025-07-28,92257.5,61444.75,47638.25,275717.25,230419.0,2520.0,0.0,153899.25,16401.25,75348.0,22126.0,39350.25,1206730.5,1242164.5,35434.0,652956.0,1017121.5,709996.75,0.6980451696282106,0.5410951326746113,284998.75,-189609.0
2025-07-29,90880.75,58040.75,111687.0,291218.0,298684.5,2437.0,0.0,136252.25,23700.75,66558.25,41658.25,37393.25,1227388.8,1267876.5,40487.75,525799.25,1158510.75,852948.0,0.7362452182683674,0.42838850248592786,263904.5,-68878.05000000005
2025-07-30,90676.0,57858.75,134341.0,287799.5,251910.0,2467.5,0.0,149720.0,17372.25,86827.0,32406.25,35537.25,1245042.2,1282786.2,37744.0,570991.75,1146915.5,825052.75,0.7193666403497032,0.4586123667133532,289456.5,-98126.69999999995
2025-07-31,91577.5,59663.5,89355.5,340455.5,228347.0,2421.0,0.0,153869.25,22877.75,76661.75,28294.25,36552.75,1238973.8,1275120.0,36146.25,580815.75,1130075.75,811820.0,0.7183766220981204,0.46878775806235773,289961.5,-108898.05000000005
2025-08-01,91703.0,58774.25,32629.25,179715.0,266509.5,2539.0,0.0,152379.75,24672.75,84089.0,32965.75,36342.75,1210421.2,1243156.8,32735.5,731567.5,962320.0,631870.0,0.6566111064926428,0.6043908517134366,297484.25,-248101.19999999995
2025-08-02,92478.5,59530.25,102180.0,181147.75,251285.75,2601.0,0.0,120910.75,8921.5,59795.25,33110.0,36473.5,1037141.75,1082477.8,45336.0,502528.25,948434.25,689223.25,0.7266958674257071,0.48453188775786915,226101.0,-88707.5
2025-08-03,92890.75,58040.5,104257.25,292010.5,216106.5,2592.0,0.0,82561.5,5127.0,55064.75,17686.0,36198.75,986008.25,1041745.75,55737.5,373634.0,962535.5,765897.5,0.7957083141349073,0.3789359774626632,178952.0,-23472.75
2025-08-04,92576.5,59108.25,91441.0,359083.5,242560.25,2597.0,0.0,87626.75,6956.0,84527.25,39272.5,37018.0,1198774.5,1233028.8,34254.25,505689.75,1102767.0,847366.5,0.7684003057762882,0.4218389280052253,216128.0,-96007.5
2025-08-05,92327.75,52703.5,142204.0,447807.0,257823.5,2567.25,0.0,71116.25,8121.0,69524.5,36979.0,36900.0,1239424.2,1299214.2,59790.0,391589.75,1218073.75,995433.0,0.8172189902294504,0.31594489602510584,185661.75,-21350.449999999953
2025-08-06,92512.0,56102.0,100622.5,265906.0,366816.25,2378.0,0.0,84366.75,23962.75,70411.25,38344.0,33407.75,1213163.2,1251862.0,38698.75,479818.5,1134829.25,884336.75,0.7792685551592894,0.3955102660548886,212148.5,-78333.94999999995
2025-08-07,91677.0,55822.5,57772.0,105764.25,391794.25,2333.75,0.0,120582.0,31103.5,81437.75,30836.25,34536.25,1220782.0,1259560.0,38778.0,665451.5,1003659.5,705163.75,0.7025926123351595,0.5451026473195051,267659.5,-217122.5
2025-08-08,91790.5,52869.75,36271.25,153951.5,359154.25,2462.0,0.0,137820.25,39079.75,83379.5,30205.0,35805.0,1207174.2,1239041.5,31867.25,657797.25,1022788.75,696499.25,0.6809805543911194,0.544906650589451,296084.5,-184385.44999999995
2025-08-09,91907.75,49929.25,31266.5,97049.0,372380.5,2521.75,0.0,126677.75,19221.0,78620.25,31081.0,34316.75,1049026.0,1093496.8,44470.75,548330.0,934971.5,645054.75,0.6899191579636385,0.5227039177293985,258835.75,-114054.5
2025-08-10,92023.75,44905.75,38424.75,186718.0,383484.5,2638.75,0.0,110469.25,7779.25,63658.0,24756.5,32440.25,978241.75,1028414.75,50173.0,369614.5,987298.75,748195.5,0.7578207710685342,0.37783554014127896,214346.75,9057.0
2025-08-11,92044.25,48669.5,5325.5,74786.25,437149.0,2627.0,0.0,151139.75,36875.75,118857.75,30478.25,36205.75,1187721.2,1225728.0,38006.75,670460.5,1034158.75,660601.5,0.6387815216957745,0.5644931655678117,343079.0,-153562.44999999995
2025-08-12,91594.5,49352.75,23371.5,137576.0,391531.5,2603.75,0.0,165039.75,76980.25,138337.25,25904.5,33970.0,1248859.0,1278886.0,30027.0,696380.0,1136261.75,696030.0,0.6125613222481527,0.5576129891364838,414327.25,-112597.25
2025-08-13,89960.25,47817.25,28613.25,122452.25,399053.5,2542.0,0.0,161717.0,90554.75,144002.25,26904.25,35025.5,1285670.5,1317763.0,32092.5,735551.5,1148642.25,690438.5,0.6010909837244799,0.5721150948085065,431299.5,-137028.25
2025-08-14,89318.0,48938.75,33895.75,65126.0,375707.75,2438.25,0.0,167086.25,100253.5,157331.25,29979.0,33070.5,1315438.2,1344744.8,29306.5,840708.75,1103145.0,615424.5,0.5578817834464191,0.6391092717240536,457741.5,-212293.19999999995
2025-08-15,87101.0,45355.25,44627.5,161110.25,370364.25,2409.5,0.0,150128.75,62881.0,94369.25,29178.0,33563.25,1245773.8,1283449.5,37675.75,669671.75,1081088.0,710967.75,0.657640959847857,0.5375548514505603,340942.25,-164685.80000000005
2025-08-16,88215.0,43063.5,105934.75,258128.5,266464.0,2573.0,0.0,129050.75,15015.75,48976.25,26128.25,34721.0,1079728.5,1113164.2,33435.75,449201.25,1018270.75,764378.75,0.7506635636936444,0.41603166907236405,227763.75,-61457.75
2025-08-17,89426.5,43233.5,48709.0,118808.5,317779.0,2544.75,0.0,136882.5,24009.75,67488.25,20310.5,34249.5,987634.75,1029573.75,41939.0,502338.25,903441.75,620501.25,0.6868193217769712,0.5086275568979322,262630.0,-84193.0
2025-08-18,89555.0,43460.75,1745.5,58956.5,423616.25,2636.5,0.0,181583.0,72675.0,124543.5,31549.25,34653.0,1204214.2,1236927.5,32713.25,719896.0,1064974.25,619970.5,0.5821460002436679,0.5978139105152556,413454.5,-139239.94999999995
2025-08-19,88760.75,44200.0,30140.5,82018.25,416604.5,2496.75,0.0,180506.5,67405.5,123245.25,28968.5,33580.75,1242634.0,1276767.8,34133.75,713870.75,1097927.25,664220.75,0.604977014642819,0.5744819069814604,404738.0,-144706.75
2025-08-20,89097.75,45801.25,49603.25,133806.0,315077.75,2427.0,0.0,195032.25,75241.75,114121.25,22276.25,33894.25,1263691.8,1290039.0,26347.25,765204.75,1076378.75,635813.0,0.5906963510753069,0.6055311508708057,418289.5,-187313.05000000005
2025-08-21,89151.0,50676.5,70632.75,217105.5,288104.0,2371.5,0.0,179517.25,67271.0,112084.75,17815.75,35351.5,1264478.5,1293743.2,29264.75,688636.25,1130081.5,718041.25,0.6353889077911637,0.5446009955882999,394224.5,-134397.0
2025-08-22,89578.75,57370.25,109670.75,283537.0,257219.75,2351.0,0.0,161446.5,28272.75,61343.75,29782.0,34728.25,1218598.8,1246631.2,28032.5,568171.25,1115300.75,799727.5,0.7170509837817288,0.4662496385192567,285791.25,-103298.05000000005
2025-08-23,90169.25,52460.5,98335.75,277704.0,246903.75,2374.0,0.0,131900.75,7785.5,56132.25,21422.5,34145.0,1052485.0,1093566.0,41081.0,429541.5,1019333.25,767947.25,0.7533819288245527,0.40812125588488196,229963.5,-33151.75
2025-08-24,90612.75,46131.0,47766.0,152880.5,299575.25,2385.0,0.0,133169.25,10387.0,64483.25,23979.0,33646.0,969200.75,1010976.25,41775.5,468979.0,905015.0,639350.5,0.7064529317193637,0.4838822091295328,241685.5,-64185.75
2025-08-25,89655.25,46137.25,23169.5,118392.0,352772.25,2370.5,0.0,168480.25,44143.25,108568.5,26949.0,35203.75,1202712.0,1226047.8,23335.75,708378.25,1015841.5,632496.75,0.6226333045066578,0.5889841042577109,356395.75,-186870.5
2025-08-26,90179.5,47157.25,28238.75,85532.75,375300.5,2251.75,0.0,193782.5,82292.5,136441.25,23840.25,36440.5,1248516.0,1271533.5,23017.5,759444.0,1101457.5,628660.5,0.5707532973355758,0.6082773468661995,448956.75,-147058.5
2025-08-27,88673.25,46954.75,34321.0,192443.75,291274.75,2164.25,0.0,185390.25,81718.5,144849.5,24024.75,34387.0,1293620.5,1321765.0,28144.5,775581.0,1126201.75,655831.75,0.5823394875740514,0.5995429107686527,446345.25,-167418.75
2025-08-28,88581.75,46385.0,16853.0,101742.25,147308.75,2339.0,0.0,203441.75,89484.0,196021.25,22792.75,34292.5,1318831.2,1337304.0,18472.75,1052927.2,949242.0,403209.75,0.42477023772652284,0.7983790495705592,523239.5,-369589.19999999995
2025-08-29,88639.75,54223.25,42189.0,152891.0,270565.5,2358.0,0.0,181950.25,59248.75,131684.0,22463.75,34692.75,1256668.5,1278915.8,22247.25,791023.0,1040906.0,610866.5,0.5868603889304126,0.6294603548986865,407575.75,-215762.5
2025-08-30,89497.75,53401.25,43959.0,190172.75,276697.25,2332.25,0.0,143636.25,16365.25,75247.0,25896.25,33396.5,1063287.2,1097435.8,34148.5,552458.25,950601.5,656060.25,0.6901527611727942,0.5195757552616076,268645.0,-112685.69999999995
2025-08-31,88895.5,46022.75,72171.25,187091.5,313224.0,2272.25,0.0,123355.25,17639.0,67339.5,17166.5,33283.25,1006049.75,1052391.0,46341.25,433563.0,968460.75,709677.25,0.7327888610870394,0.43095582499772006,241617.0,-37589.0
