Start date;End date;Biomass [MWh] Calculated resolutions;Hydropower [MWh] Calculated resolutions;Wind offshore [MWh] Calculated resolutions;Wind onshore [MWh] Calculated resolutions;Photovoltaics [MWh] Calculated resolutions;Other renewable [MWh] Calculated resolutions;Nuclear [MWh] Calculated resolutions;Lignite [MWh] Calculated resolutions;Hard coal [MWh] Calculated resolutions;Fossil gas [MWh] Calculated resolutions;Hydro pumped storage [MWh] Calculated resolutions;Other conventional [MWh] Calculated resolutions
Jan 1, 2015;Jan 2, 2015;96,341.25;27,463.00;12,508.50;298,791.75;17,080.25;2,148.50;251,485.25;314,599.00;60,725.25;23,806.00;23,683.50;134,117.00
Jan 2, 2015;Jan 3, 2015;96,247.25;27,087.75;10,329.25;591,620.75;7,759.00;2,904.00;218,435.50;257,344.00;83,617.25;29,919.25;25,524.75;148,762.00
Jan 3, 2015;Jan 4, 2015;95,923.75;31,135.75;12,119.50;457,043.50;7,234.75;3,245.00;245,251.50;296,727.50;60,999.25;29,790.75;26,328.75;139,297.00
Jan 4, 2015;Jan 5, 2015;96,885.00;42,212.25;11,538.50;379,029.50;19,982.50;3,247.00;251,627.75;287,900.50;47,224.50;21,470.75;26,499.25;132,493.75
Jan 5, 2015;Jan 6, 2015;96,449.00;38,092.50;7,745.50;219,623.50;26,522.25;3,217.75;267,081.00;405,171.25;177,046.75;35,151.75;25,738.50;207,876.00
Jan 6, 2015;Jan 7, 2015;94,510.50;36,153.00;6,887.75;102,706.75;32,887.25;3,246.25;273,756.00;423,603.75;259,151.75;42,873.25;19,500.75;217,470.50
Jan 7, 2015;Jan 8, 2015;95,730.50;35,462.50;10,693.25;210,599.00;17,114.75;3,265.50;274,628.50;432,580.25;259,317.75;56,351.25;26,789.75;225,419.50
Jan 8, 2015;Jan 9, 2015;95,878.75;35,839.25;12,334.75;420,530.25;8,598.25;3,004.00;272,119.25;398,987.00;223,824.00;38,659.50;30,748.25;189,578.00
Jan 9, 2015;Jan 10, 2015;97,246.50;36,483.50;8,800.25;635,351.75;6,823.75;2,994.25;265,038.00;332,049.25;120,109.25;39,516.00;32,508.75;153,610.25
Jan 10, 2015;Jan 11, 2015;97,423.50;44,021.25;6,504.75;624,062.50;20,475.00;3,190.75;260,759.50;220,411.25;46,806.25;21,427.50;27,274.75;139,439.50
Jan 11, 2015;Jan 12, 2015;97,019.50;43,132.75;9,552.25;620,424.50;19,811.25;3,252.50;245,074.00;184,685.50;39,772.00;18,218.00;21,749.25;137,690.25
Jan 12, 2015;Jan 13, 2015;97,835.25;41,993.00;11,670.50;621,972.25;11,025.00;3,156.75;260,996.00;319,847.75;116,508.50;33,819.75;25,220.00;24,344.00
Jan 13, 2015;Jan 14, 2015;97,231.00;40,001.25;8,940.75;508,998.75;50,283.75;2,135.50;266,823.25;349,167.75;165,980.25;37,937.50;27,453.00;23,065.25
Jan 14, 2015;Jan 15, 2015;96,694.00;39,135.00;8,974.50;400,045.75;18,106.00;3,017.00;269,735.50;397,912.00;217,210.00;35,094.50;28,666.50;24,753.00
Jan 15, 2015;Jan 16, 2015;97,259.75;39,645.75;12,271.25;536,748.75;17,155.00;3,321.25;264,059.00;380,706.75;174,614.50;36,535.50;29,153.00;145,820.00
Jan 16, 2015;Jan 17, 2015;96,885.25;39,171.25;10,403.25;257,051.50;22,817.75;3,271.00;268,893.00;413,406.75;241,881.50;36,610.25;28,506.75;200,534.25
Jan 17, 2015;Jan 18, 2015;97,477.75;39,532.75;11,518.50;122,733.00;21,405.50;3,225.50;270,262.00;430,839.75;229,075.00;30,315.25;27,817.75;162,602.50
Jan 18, 2015;Jan 19, 2015;97,890.50;38,584.50;5,238.50;126,265.00;31,259.00;3,364.50;265,666.50;424,949.75;203,581.75;35,578.00;24,383.75;151,311.75
Jan 19, 2015;Jan 20, 2015;97,017.50;39,067.75;481.25;32,878.50;23,682.00;3,308.50;273,062.25;454,009.25;276,538.50;79,073.75;29,304.00;241,982.00
Jan 20, 2015;Jan 21, 2015;97,555.75;41,197.25;1,281.75;15,892.00;10,790.75;3,259.50;273,777.25;469,374.75;287,675.25;93,643.75;35,436.00;258,606.25
Jan 21, 2015;Jan 22, 2015;97,672.00;42,070.00;2,322.25;45,236.50;22,120.75;3,344.75;273,968.75;455,153.75;299,765.00;92,048.50;29,634.50;251,168.50
Jan 22, 2015;Jan 23, 2015;97,424.75;40,761.50;1,289.00;63,024.50;12,118.00;3,343.75;274,210.50;440,998.50;320,655.50;87,350.50;36,052.00;246,308.75
Jan 23, 2015;Jan 24, 2015;96,673.75;39,414.00;4,399.00;31,449.00;7,013.00;3,329.75;274,205.25;443,102.25;330,013.25;73,693.25;35,249.50;235,487.50
Jan 24, 2015;Jan 25, 2015;96,977.00;36,880.75;11,741.25;142,059.00;9,833.50;3,314.50;272,426.75;440,764.25;254,449.00;38,135.25;23,025.00;167,761.50
Jan 25, 2015;Jan 26, 2015;97,662.75;33,328.75;8,604.25;107,670.75;11,570.00;3,198.25;267,070.25;430,662.25;224,340.25;34,158.75;23,280.75;162,787.00
Jan 26, 2015;Jan 27, 2015;98,079.50;33,015.25;14,427.25;204,852.00;10,595.00;3,306.25;272,757.00;416,757.00;304,283.50;57,466.50;29,058.25;234,396.75
Jan 27, 2015;Jan 28, 2015;98,047.25;34,890.00;11,132.25;266,563.75;17,572.50;3,150.75;272,870.25;394,732.50;293,353.00;50,365.25;26,024.50;240,059.00
Jan 28, 2015;Jan 29, 2015;97,333.00;35,021.75;13,715.00;412,118.25;16,580.00;3,223.75;271,213.25;375,403.50;261,068.00;49,441.00;25,567.50;198,105.00
Jan 29, 2015;Jan 30, 2015;97,147.25;35,600.00;10,958.25;405,875.00;27,782.50;3,091.00;270,379.50;361,412.50;236,926.25;46,946.00;35,334.25;202,850.00
Jan 30, 2015;Jan 31, 2015;97,001.00;37,945.50;1,614.75;88,741.50;13,462.75;3,310.50;264,953.50;431,751.25;305,659.25;58,158.75;32,714.00;236,388.00
Jan 31, 2015;Feb 1, 2015;96,732.50;36,429.25;1,974.50;131,315.25;20,211.75;3,370.00;249,181.25;415,167.00;265,512.25;42,136.50;24,233.75;190,122.25
Feb 1, 2015;Feb 2, 2015;98,474.75;32,457.00;6,004.00;114,063.25;24,681.00;3,440.25;271,631.25;422,167.00;203,939.75;39,756.00;20,531.75;155,978.50
Feb 2, 2015;Feb 3, 2015;98,447.25;32,058.75;8,150.75;189,803.50;20,266.75;3,406.75;273,117.75;437,696.75;294,568.00;59,962.25;28,659.50;233,172.25
Feb 3, 2015;Feb 4, 2015;98,246.75;33,587.25;7,582.25;93,829.75;27,528.50;3,382.00;271,976.50;432,664.25;330,503.25;90,401.25;25,083.25;242,037.25
Feb 4, 2015;Feb 5, 2015;97,879.75;34,923.75;2,774.25;38,859.50;31,950.25;3,332.00;273,548.50;418,455.25;349,316.25;105,697.00;24,115.00;248,121.75
Feb 5, 2015;Feb 6, 2015;97,081.25;33,822.75;5,602.00;112,927.75;29,039.00;3,410.00;272,496.50;419,037.00;339,374.25;87,585.50;31,225.00;245,107.75
Feb 6, 2015;Feb 7, 2015;96,877.00;32,300.50;1,745.25;172,794.50;46,342.00;3,428.25;272,426.50;425,162.25;320,107.25;62,735.25;30,115.00;230,200.50
Feb 7, 2015;Feb 8, 2015;97,028.25;31,498.75;13,894.50;251,384.00;46,831.25;3,102.50;266,636.25;370,363.75;197,408.75;54,030.00;27,405.50;159,861.25
Feb 8, 2015;Feb 9, 2015;97,401.00;29,634.50;15,964.00;396,206.50;52,428.50;2,788.50;244,010.25;305,876.00;108,919.25;46,476.00;22,993.50;146,572.50
Feb 9, 2015;Feb 10, 2015;96,572.25;28,714.50;17,228.25;371,386.00;15,048.75;3,144.50;270,421.50;376,337.50;238,943.00;60,929.25;27,364.25;213,573.25
Feb 10, 2015;Feb 11, 2015;97,645.75;30,728.75;10,610.00;143,115.50;24,127.00;3,334.75;272,096.75;424,264.50;323,071.75;73,138.75;22,320.00;235,290.50
Feb 11, 2015;Feb 12, 2015;97,220.50;30,882.75;760.75;26,261.75;28,009.50;3,273.25;272,679.25;425,961.00;363,684.00;84,644.25;28,984.50;245,278.75
Feb 12, 2015;Feb 13, 2015;96,953.00;31,503.25;824.75;22,821.25;40,587.00;3,394.75;272,747.50;427,596.75;371,705.50;68,828.25;34,890.50;240,071.50
Feb 13, 2015;Feb 14, 2015;96,844.25;32,145.75;8,094.00;83,745.75;64,533.00;3,379.00;272,253.25;425,306.75;339,556.00;56,802.00;28,420.00;233,986.25
Feb 14, 2015;Feb 15, 2015;97,068.50;29,681.25;10,480.75;106,553.00;67,186.00;3,372.00;271,013.25;398,623.00;263,928.25;44,114.00;25,967.00;179,617.00
Feb 15, 2015;Feb 16, 2015;96,376.75;27,404.50;17,464.25;181,931.00;60,939.25;2,814.75;269,052.75;380,060.00;182,137.25;38,659.00;17,545.25;148,541.25
Feb 16, 2015;Feb 17, 2015;95,810.75;27,673.25;12,911.25;196,276.25;60,863.00;2,775.50;266,339.25;386,119.75;305,146.00;53,211.75;22,502.50;213,222.75
Feb 17, 2015;Feb 18, 2015;95,982.25;30,202.00;4,633.50;62,855.50;40,311.25;3,039.00;270,188.25;418,857.00;344,595.75;65,219.00;34,787.25;240,480.50
Feb 18, 2015;Feb 19, 2015;95,458.25;32,459.00;15,271.25;112,829.50;40,083.75;3,252.25;265,235.50;422,642.50;352,509.50;61,446.50;25,792.25;233,089.50
Feb 19, 2015;Feb 20, 2015;95,072.25;32,608.75;17,781.25;221,703.50;62,936.75;3,225.50;269,745.75;404,669.25;320,790.75;59,248.25;30,235.75;223,687.50
Feb 20, 2015;Feb 21, 2015;95,272.50;29,757.25;12,337.00;320,161.75;79,745.50;3,012.50;266,023.75;381,130.00;276,530.50;55,250.75;21,711.50;182,648.00
Feb 21, 2015;Feb 22, 2015;95,416.00;27,946.25;4,134.50;274,206.25;49,620.25;2,371.00;262,397.25;315,799.25;222,901.00;34,447.00;30,717.75;165,255.75
Feb 22, 2015;Feb 23, 2015;95,626.25;28,054.00;14,439.00;135,206.75;52,145.75;2,413.00;261,822.25;363,470.50;195,215.75;33,650.25;23,431.25;166,883.50
Feb 23, 2015;Feb 24, 2015;95,516.25;28,641.75;16,934.75;354,994.75;28,046.25;2,442.50;261,923.25;360,109.00;253,738.75;53,687.50;32,132.75;198,405.25
Feb 24, 2015;Feb 25, 2015;95,486.25;32,121.50;18,267.50;301,874.25;50,806.00;2,429.00;265,700.00;398,854.25;283,582.50;43,762.75;25,534.25;204,075.00
Feb 25, 2015;Feb 26, 2015;95,745.50;31,560.00;7,703.00;107,150.75;72,248.25;2,425.00;266,781.00;419,474.75;302,799.00;54,238.50;25,690.75;239,301.50
Feb 26, 2015;Feb 27, 2015;95,407.50;31,472.25;10,017.00;158,760.75;106,263.00;2,465.25;267,122.50;431,258.75;303,458.50;44,370.50;28,883.25;214,236.00
Feb 27, 2015;Feb 28, 2015;94,913.50;30,837.25;5,551.75;136,599.00;65,844.25;2,534.75;267,743.25;429,540.75;320,660.25;43,079.25;35,341.50;223,579.75
Feb 28, 2015;Mar 1, 2015;95,468.50;31,476.75;15,598.50;177,401.75;82,592.50;2,506.00;261,691.75;428,260.50;177,809.25;39,984.50;23,632.00;153,534.50
Mar 1, 2015;Mar 2, 2015;96,327.75;29,791.50;19,627.00;434,905.25;36,689.25;1,912.25;243,303.75;372,489.75;61,450.50;37,809.25;26,811.25;156,072.25
Mar 2, 2015;Mar 3, 2015;96,179.75;32,811.00;18,369.25;483,546.25;65,600.25;2,168.75;263,067.75;406,073.00;171,471.00;49,582.00;32,483.75;164,171.75
Mar 3, 2015;Mar 4, 2015;95,826.00;36,694.75;15,562.50;423,001.75;101,145.50;2,540.50;261,889.25;400,688.25;186,193.50;47,628.75;30,890.25;172,452.50
Mar 4, 2015;Mar 5, 2015;95,813.75;34,798.00;18,913.75;362,957.25;70,461.00;2,737.75;264,458.50;434,514.25;217,247.00;43,562.75;28,395.75;173,240.50
Mar 5, 2015;Mar 6, 2015;95,492.00;34,738.50;11,666.00;161,206.00;68,652.50;2,936.00;265,961.75;438,038.75;311,562.50;42,947.75;31,322.75;210,794.75
Mar 6, 2015;Mar 7, 2015;95,660.25;35,833.75;16,065.00;119,917.25;65,593.75;3,095.50;265,357.50;426,124.50;328,365.50;40,170.50;34,283.50;203,996.25
Mar 7, 2015;Mar 8, 2015;95,455.50;33,823.50;20,235.00;242,499.50;114,555.75;2,186.75;248,187.75;396,709.25;158,838.00;29,638.75;25,718.75;137,104.75
Mar 8, 2015;Mar 9, 2015;95,487.50;31,295.50;18,338.75;190,871.75;134,966.50;1,923.25;234,835.75;402,762.50;113,141.75;29,992.50;19,062.50;133,404.75
Mar 9, 2015;Mar 10, 2015;95,469.25;31,024.25;8,102.25;64,613.50;118,812.25;2,207.50;238,260.50;424,122.00;299,322.25;40,696.25;31,140.75;213,553.25
Mar 10, 2015;Mar 11, 2015;95,487.25;31,943.75;16,433.50;128,493.75;97,028.75;2,192.75;239,012.75;417,759.25;334,352.00;37,159.50;22,352.75;214,986.75
Mar 11, 2015;Mar 12, 2015;95,021.00;31,882.25;5,509.75;124,819.00;114,653.25;2,015.00;240,035.50;416,777.75;314,527.75;49,298.25;22,891.00;211,665.50
Mar 12, 2015;Mar 13, 2015;93,280.75;31,626.25;5,135.50;65,247.00;104,666.50;1,408.25;240,263.25;416,405.50;336,124.25;41,251.75;23,367.75;220,004.00
Mar 13, 2015;Mar 14, 2015;93,673.50;31,801.75;16,207.75;138,819.50;85,051.75;1,415.50;238,941.00;407,048.25;296,920.00;47,762.75;37,484.25;215,757.50
Mar 14, 2015;Mar 15, 2015;94,425.25;32,238.75;17,424.25;128,219.75;41,483.75;2,242.75;238,919.25;387,968.00;254,355.75;48,536.00;27,993.75;180,213.00
Mar 15, 2015;Mar 16, 2015;94,404.75;30,331.75;19,743.50;215,616.00;63,374.00;2,839.25;233,095.00;365,408.50;128,341.25;41,167.25;21,073.50;133,293.50
Mar 16, 2015;Mar 17, 2015;93,805.75;30,040.00;21,364.25;315,808.00;117,277.00;2,345.25;236,451.50;346,734.75;207,643.50;52,932.25;35,614.00;175,325.00
Mar 17, 2015;Mar 18, 2015;94,095.50;31,362.00;12,501.25;178,212.00;131,458.75;1,952.25;237,540.00;386,895.25;257,908.00;50,008.75;32,095.25;194,087.25
Mar 18, 2015;Mar 19, 2015;94,861.50;32,604.00;2,474.25;115,569.00;149,835.50;2,098.00;237,125.50;427,487.25;284,444.75;48,318.25;23,937.50;207,344.75
Mar 19, 2015;Mar 20, 2015;94,731.25;32,809.25;5,836.00;42,162.75;135,883.25;2,419.75;237,845.75;434,289.00;323,672.50;37,840.25;36,574.00;224,339.00
Mar 20, 2015;Mar 21, 2015;95,396.75;32,165.00;6,804.00;26,563.50;123,324.75;2,666.00;237,210.75;431,248.25;312,790.25;52,417.50;32,213.25;215,854.00
Mar 21, 2015;Mar 22, 2015;95,770.75;31,723.75;16,949.25;136,436.00;75,308.75;2,649.50;228,853.25;420,486.25;215,363.50;37,715.50;27,863.00;141,038.50
Mar 22, 2015;Mar 23, 2015;96,167.75;33,745.50;5,133.50;137,065.50;87,079.75;2,493.75;211,994.50;396,392.75;158,132.25;36,609.00;32,882.00;132,588.75
Mar 23, 2015;Mar 24, 2015;95,271.00;32,382.25;15,134.00;54,606.50;113,187.50;2,808.50;218,747.00;397,491.75;308,771.50;53,570.75;33,998.50;198,713.00
Mar 24, 2015;Mar 25, 2015;95,451.50;34,454.75;1,422.50;20,841.75;117,004.25;2,599.25;218,375.75;413,611.25;346,743.25;66,248.00;29,028.75;207,476.75
Mar 25, 2015;Mar 26, 2015;95,668.00;33,655.00;8,023.75;128,680.75;97,623.75;2,286.75;202,798.50;387,404.50;335,265.75;46,447.75;24,689.25;188,347.25
Mar 26, 2015;Mar 27, 2015;95,189.00;33,596.50;12,772.75;109,214.00;38,510.50;2,087.50;216,036.25;395,937.00;340,923.00;74,376.50;42,799.00;205,473.75
Mar 27, 2015;Mar 28, 2015;95,244.25;34,146.00;8,522.00;210,946.00;76,243.75;2,426.00;227,273.00;400,329.75;288,594.50;43,383.75;28,112.00;175,148.50
Mar 28, 2015;Mar 29, 2015;94,731.00;31,772.50;17,147.25;185,383.75;115,419.00;2,473.50;226,674.50;402,325.75;144,951.75;29,136.25;22,163.75;92,508.25
Mar 29, 2015;Mar 30, 2015;90,711.00;29,397.00;21,215.50;462,892.25;37,867.50;2,040.00;199,451.50;260,208.50;68,187.25;26,390.75;33,471.00;92,046.25
Mar 30, 2015;Mar 31, 2015;94,919.00;39,090.50;27,639.50;495,187.00;90,401.75;2,327.75;223,267.00;268,727.25;114,732.75;31,462.75;29,037.50;128,731.50
Mar 31, 2015;Apr 1, 2015;95,405.00;43,001.25;21,807.25;587,563.25;69,416.75;2,204.00;233,413.50;294,732.50;99,733.00;45,854.25;20,983.75;141,181.00
Apr 1, 2015;Apr 2, 2015;95,954.25;45,680.25;24,753.00;561,974.25;98,711.75;3,137.25;236,737.50;298,598.75;83,847.25;49,334.00;27,522.00;130,190.00
Apr 2, 2015;Apr 3, 2015;95,671.00;43,250.25;21,618.75;405,433.00;81,687.00;3,325.00;243,586.00;343,983.50;138,629.75;35,883.50;32,839.50;136,205.50
Apr 3, 2015;Apr 4, 2015;95,935.75;43,028.25;8,902.75;173,752.50;140,230.25;3,565.75;229,414.50;350,189.25;103,946.00;32,644.00;30,956.50;127,336.25
Apr 4, 2015;Apr 5, 2015;96,550.25;41,892.25;6,519.25;80,485.00;96,848.75;4,124.00;214,026.25;386,535.00;138,124.75;34,889.00;23,294.75;135,379.75
Apr 5, 2015;Apr 6, 2015;96,452.50;39,057.00;2,589.50;71,704.75;151,389.25;3,492.00;208,145.50;347,935.75;94,296.75;31,105.50;24,298.50;126,034.50
Apr 6, 2015;Apr 7, 2015;96,175.50;38,527.50;1,411.50;78,637.25;111,569.00;3,630.25;210,426.00;359,472.75;114,228.75;31,919.00;17,313.25;130,090.00
Apr 7, 2015;Apr 8, 2015;95,937.50;38,339.25;8,714.50;136,328.75;159,794.25;3,547.50;221,939.50;381,876.75;227,317.25;34,694.00;26,660.25;179,377.50
Apr 8, 2015;Apr 9, 2015;95,131.00;37,787.00;7,174.75;83,519.75;125,822.75;4,011.00;231,791.50;379,756.75;298,939.25;37,088.00;27,415.00;208,947.25
Apr 9, 2015;Apr 10, 2015;95,530.75;37,424.00;413.75;24,183.25;175,448.25;3,866.25;236,685.50;389,494.75;296,474.00;32,644.50;29,016.00;208,016.75
Apr 10, 2015;Apr 11, 2015;95,881.50;39,002.25;1,407.00;31,473.75;180,738.50;3,326.75;236,795.75;366,333.75;299,593.50;31,287.00;19,679.75;185,494.50
Apr 11, 2015;Apr 12, 2015;95,566.25;40,682.50;18,923.00;315,520.25;112,847.75;2,842.25;206,129.00;327,969.50;97,976.25;25,776.75;25,902.25;111,399.00
Apr 12, 2015;Apr 13, 2015;96,158.75;39,753.75;27,099.00;254,870.75;159,132.25;2,859.00;207,761.25;262,834.50;58,134.75;24,943.00;27,027.00;105,333.00
Apr 13, 2015;Apr 14, 2015;95,900.25;40,416.00;19,253.50;356,613.50;144,957.75;2,959.25;219,290.50;300,063.75;171,937.00;32,390.00;29,346.25;125,896.50
Apr 14, 2015;Apr 15, 2015;94,181.25;41,337.50;24,728.00;182,085.75;168,192.00;3,077.50;229,286.00;382,170.00;237,856.25;31,730.50;29,668.25;139,004.25
Apr 15, 2015;Apr 16, 2015;93,543.75;42,238.00;25,588.00;267,059.25;193,769.75;2,914.00;231,066.75;355,365.75;198,637.00;29,467.75;34,315.00;130,778.50
Apr 16, 2015;Apr 17, 2015;93,875.50;41,352.00;11,884.00;132,417.25;147,322.75;2,677.50;235,632.25;366,564.50;264,062.25;28,164.00;34,021.50;172,451.00
Apr 17, 2015;Apr 18, 2015;93,684.25;42,629.00;15,815.25;132,234.25;104,331.75;2,439.50;236,762.50;355,593.25;293,171.25;25,906.00;31,895.00;187,515.75
Apr 18, 2015;Apr 19, 2015;94,910.75;47,190.00;8,745.00;82,986.00;169,882.25;2,500.00;232,637.25;306,747.50;111,957.50;22,089.75;24,351.50;127,292.50
Apr 19, 2015;Apr 20, 2015;95,886.25;41,962.75;5,858.00;42,582.50;198,880.50;2,491.00;227,557.50;302,837.50;91,474.00;23,349.00;19,463.75;129,561.25
Apr 20, 2015;Apr 21, 2015;95,014.25;40,229.00;5,606.25;108,455.75;205,496.50;2,937.75;235,244.00;350,200.00;216,984.75;27,824.75;32,184.00;175,605.25
Apr 21, 2015;Apr 22, 2015;94,217.00;40,312.75;18,501.25;198,295.25;206,990.50;3,155.75;233,257.00;338,250.00;212,594.75;27,094.00;27,520.00;163,491.00
Apr 22, 2015;Apr 23, 2015;94,137.25;39,621.75;19,311.50;100,077.50;160,095.50;3,207.25;235,084.25;351,010.75;283,854.00;26,887.25;24,773.75;181,892.25
Apr 23, 2015;Apr 24, 2015;93,622.50;40,269.25;5,067.25;49,211.00;175,934.75;3,208.75;236,083.50;348,893.25;300,738.00;19,734.00;28,048.50;181,983.00
Apr 24, 2015;Apr 25, 2015;94,584.75;40,383.75;4,869.75;47,188.25;199,568.75;3,240.75;234,310.00;342,147.75;278,714.25;20,127.75;31,810.25;170,835.75
Apr 25, 2015;Apr 26, 2015;95,080.00;39,392.00;23,583.00;126,243.25;94,439.00;2,924.25;227,913.00;295,230.25;144,528.25;14,330.25;24,921.25;112,119.50
Apr 26, 2015;Apr 27, 2015;94,821.75;38,457.25;3,390.50;71,348.50;128,818.50;3,017.25;226,420.25;302,627.00;89,068.75;15,700.75;25,245.75;113,509.25
Apr 27, 2015;Apr 28, 2015;95,349.25;41,888.00;7,775.25;117,831.25;115,393.75;3,276.25;232,424.75;315,428.50;274,875.75;20,511.50;30,994.75;160,872.75
Apr 28, 2015;Apr 29, 2015;95,589.50;47,208.25;14,302.50;116,806.50;106,754.25;3,335.75;234,807.50;328,383.00;315,909.75;23,588.75;22,797.75;174,153.00
Apr 29, 2015;Apr 30, 2015;94,916.25;46,790.25;23,490.00;125,537.50;188,718.75;3,179.75;233,810.50;333,858.25;269,676.75;29,206.00;26,899.50;154,092.25
Apr 30, 2015;May 1, 2015;95,132.00;45,922.25;11,204.50;149,524.00;131,622.25;3,295.00;233,335.25;330,392.50;286,777.75;29,893.75;33,726.75;150,109.50
May 1, 2015;May 2, 2015;95,595.50;44,797.00;4,751.25;64,240.75;103,279.00;3,011.00;231,484.75;292,070.25;89,833.75;25,059.25;26,127.25;106,475.00
May 2, 2015;May 3, 2015;95,588.50;43,972.50;3,235.75;32,342.25;143,595.50;3,059.00;220,995.75;286,803.75;83,213.00;25,516.25;23,623.50;110,221.25
May 3, 2015;May 4, 2015;95,365.00;46,322.00;25,290.00;187,458.25;88,594.25;2,803.75;202,600.25;260,052.75;72,949.00;23,770.00;31,205.75;115,408.50
May 4, 2015;May 5, 2015;94,440.50;46,411.25;24,163.75;172,313.50;138,403.75;2,826.75;229,601.00;308,251.00;240,325.25;24,637.75;32,771.25;134,327.75
May 5, 2015;May 6, 2015;94,386.00;48,636.75;33,970.25;355,272.75;107,215.75;2,742.25;231,338.25;325,503.00;136,784.25;25,215.75;35,864.25;117,638.25
May 6, 2015;May 7, 2015;93,345.00;49,234.75;33,248.75;259,048.50;145,293.25;2,815.50;232,539.75;335,768.00;135,731.00;24,714.00;23,770.50;110,852.50
May 7, 2015;May 8, 2015;93,797.50;48,541.25;24,880.25;264,513.25;162,957.25;2,802.75;228,883.75;333,391.25;149,385.25;24,329.25;30,114.00;121,341.75
May 8, 2015;May 9, 2015;94,274.00;48,933.25;5,199.25;37,388.25;176,127.50;2,821.00;233,722.25;319,550.75;174,205.25;25,492.00;27,311.25;126,537.50
May 9, 2015;May 10, 2015;94,066.75;49,701.75;33,443.50;237,342.00;113,681.75;2,520.00;229,457.50;265,431.75;64,516.75;29,673.75;25,777.50;108,995.75
May 10, 2015;May 11, 2015;95,094.00;50,469.25;19,386.75;240,479.50;181,401.75;2,519.00;197,062.75;219,770.50;44,894.00;22,632.50;27,857.00;99,101.50
May 11, 2015;May 12, 2015;94,471.25;49,420.50;25,937.00;137,913.50;189,039.00;2,512.50;232,227.00;325,603.50;134,000.50;31,581.25;29,917.00;136,790.50
May 12, 2015;May 13, 2015;93,615.50;49,736.75;21,720.25;251,837.25;161,219.50;2,454.25;230,248.50;318,967.50;142,209.00;35,398.75;28,601.00;118,788.25
May 13, 2015;May 14, 2015;94,410.75;50,675.75;30,379.00;202,877.00;177,508.50;2,482.25;230,957.00;310,436.50;121,878.00;34,239.00;29,276.25;129,800.50
May 14, 2015;May 15, 2015;94,063.00;50,972.00;11,681.00;72,136.50;145,414.75;2,527.00;231,216.50;299,964.25;77,799.00;25,899.75;25,319.75;103,978.25
May 15, 2015;May 16, 2015;93,876.75;50,289.75;3,928.00;51,934.50;145,866.50;2,550.50;230,278.25;314,063.75;111,691.25;22,792.00;37,944.75;110,738.25
May 16, 2015;May 17, 2015;94,288.50;49,900.00;17,997.75;156,868.50;138,179.75;2,533.25;228,351.00;262,796.00;52,824.75;26,068.75;23,108.50;110,236.00
May 17, 2015;May 18, 2015;94,555.50;50,963.25;21,044.75;220,352.50;149,477.25;2,540.25;216,897.25;215,908.00;40,489.00;24,277.25;25,230.75;102,468.25
May 18, 2015;May 19, 2015;95,184.25;51,808.00;17,098.25;129,047.75;182,097.50;2,464.00;227,177.00;311,842.25;153,710.25;35,321.25;27,728.25;132,177.00
May 19, 2015;May 20, 2015;94,866.25;52,194.00;18,660.00;233,109.00;125,099.25;2,465.75;226,328.00;305,813.50;184,265.50;29,838.25;26,545.75;145,613.75
May 20, 2015;May 21, 2015;94,953.00;48,444.75;11,145.50;82,522.25;105,491.75;2,471.25;228,266.50;306,847.75;247,550.75;28,695.25;32,768.75;184,011.00
May 21, 2015;May 22, 2015;94,739.25;47,347.25;7,215.00;67,080.50;140,319.25;2,456.75;229,943.75;298,451.50;247,702.00;28,738.25;37,922.50;182,111.25
May 22, 2015;May 23, 2015;94,718.50;49,966.50;9,962.25;31,278.75;176,991.25;2,554.75;229,285.25;273,232.00;249,153.75;30,128.75;28,028.00;149,485.75
May 23, 2015;May 24, 2015;95,924.75;51,973.50;8,162.00;62,002.50;119,797.25;2,564.25;226,591.75;248,663.25;105,664.25;30,449.50;23,633.50;118,907.25
May 24, 2015;May 25, 2015;96,940.75;51,065.25;5,296.25;18,131.25;143,268.75;2,555.75;218,632.00;227,559.00;84,443.00;27,108.50;25,257.25;101,267.75
May 25, 2015;May 26, 2015;97,206.00;53,103.50;6,160.25;63,300.75;113,395.25;2,537.00;224,728.00;234,526.75;99,653.00;19,520.50;23,328.00;104,976.00
May 26, 2015;May 27, 2015;95,803.25;51,819.25;19,153.00;121,745.50;110,495.00;2,546.50;225,751.50;274,074.75;239,327.50;22,899.00;34,316.75;155,984.00
May 27, 2015;May 28, 2015;95,319.00;48,507.00;12,678.00;113,729.00;117,913.25;2,561.00;225,302.00;310,235.00;265,069.25;30,273.75;37,569.25;158,582.75
May 28, 2015;May 29, 2015;95,534.25;48,370.00;28,737.00;232,526.00;165,646.00;2,541.75;221,794.00;305,458.75;220,590.50;33,801.50;32,897.75;128,295.25
May 29, 2015;May 30, 2015;96,021.25;48,547.75;20,312.50;129,572.25;147,593.50;2,467.75;221,465.75;312,746.25;223,938.50;32,994.25;31,883.25;142,803.25
May 30, 2015;May 31, 2015;95,984.25;48,712.75;29,997.25;233,138.75;140,754.00;2,419.50;193,348.50;274,429.25;60,440.75;32,278.75;30,651.50;117,731.75
May 31, 2015;Jun 1, 2015;96,504.00;47,212.75;30,318.25;236,140.00;155,473.00;2,425.50;194,312.50;257,589.00;40,856.75;32,796.75;22,556.50;103,956.00
Jun 1, 2015;Jun 2, 2015;94,493.50;46,664.25;22,989.50;141,256.00;132,071.00;2,300.50;221,646.25;307,574.00;218,214.75;29,014.00;30,957.75;143,409.50
Jun 2, 2015;Jun 3, 2015;92,154.75;49,281.75;29,596.25;424,788.00;154,355.25;2,288.75;216,259.75;304,462.00;85,315.00;29,207.00;29,393.00;122,203.75
Jun 3, 2015;Jun 4, 2015;89,222.00;50,739.25;26,823.25;323,231.00;177,704.75;2,241.00;217,771.25;311,277.25;108,388.50;27,350.25;31,036.75;133,985.00
Jun 4, 2015;Jun 5, 2015;93,640.00;50,534.00;2,418.50;41,775.00;218,297.75;2,241.50;215,275.75;336,703.00;107,379.50;28,634.50;33,074.00;112,596.00
Jun 5, 2015;Jun 6, 2015;92,216.25;49,059.00;18,600.75;134,855.25;216,419.25;2,225.00;216,137.25;333,919.75;103,980.75;28,426.00;37,450.75;126,992.00
Jun 6, 2015;Jun 7, 2015;92,023.00;48,586.50;24,224.25;168,864.75;181,009.75;2,249.00;214,536.50;303,521.75;77,564.00;26,261.50;30,245.00;97,962.50
Jun 7, 2015;Jun 8, 2015;92,687.50;46,499.50;19,004.75;90,963.75;186,589.75;2,212.50;210,763.00;281,204.75;60,139.00;26,271.00;28,583.75;99,463.00
Jun 8, 2015;Jun 9, 2015;91,577.50;46,392.00;15,803.50;142,078.75;119,035.50;2,268.75;217,632.00;330,963.00;216,731.25;29,736.00;27,415.00;153,079.25
Jun 9, 2015;Jun 10, 2015;90,151.50;45,652.00;11,313.75;101,304.00;97,875.50;2,524.00;219,514.50;341,631.75;245,201.75;32,515.50;32,838.50;192,883.75
Jun 10, 2015;Jun 11, 2015;89,954.50;48,729.50;9,874.00;74,324.50;143,399.00;2,868.75;217,880.00;349,217.75;253,309.00;28,644.50;29,281.25;188,483.50
Jun 11, 2015;Jun 12, 2015;91,738.50;50,428.25;4,710.25;55,090.50;172,317.75;2,838.25;216,931.25;329,313.25;266,220.75;28,220.75;32,084.25;186,848.25
Jun 12, 2015;Jun 13, 2015;92,208.50;49,637.25;8,783.00;46,994.00;199,814.75;2,813.00;215,402.00;327,440.25;272,733.25;28,199.25;30,970.75;176,483.00
Jun 13, 2015;Jun 14, 2015;91,771.00;50,103.75;23,139.50;114,343.50;143,344.00;2,541.00;206,699.00;311,725.50;87,656.75;22,813.50;22,887.25;106,759.25
Jun 14, 2015;Jun 15, 2015;92,758.00;50,527.25;14,474.25;103,283.25;166,147.25;2,542.50;203,701.00;283,104.50;61,658.75;24,163.00;24,254.50;107,221.25
Jun 15, 2015;Jun 16, 2015;92,328.00;51,296.75;19,495.25;97,091.75;133,095.75;2,721.50;209,943.75;324,649.25;224,080.00;27,879.00;28,590.00;154,806.25
Jun 16, 2015;Jun 17, 2015;92,054.25;52,145.00;13,948.00;77,089.00;137,919.50;2,784.75;213,264.00;329,922.75;265,613.25;26,777.50;23,269.00;164,608.25
Jun 17, 2015;Jun 18, 2015;91,517.25;52,912.00;30,859.75;90,243.75;192,863.00;2,840.50;213,903.25;322,231.75;234,241.25;28,103.75;27,048.25;142,959.50
Jun 18, 2015;Jun 19, 2015;90,885.25;52,878.25;32,746.50;186,895.25;87,712.25;2,750.25;212,884.50;342,852.50;256,004.25;21,392.00;33,308.75;162,254.75
Jun 19, 2015;Jun 20, 2015;90,775.00;52,199.75;36,075.50;186,404.75;104,665.00;2,833.75;200,087.50;332,797.75;253,086.75;26,189.25;28,499.25;146,798.00
Jun 20, 2015;Jun 21, 2015;91,015.00;53,231.00;15,562.75;127,453.50;107,566.75;2,880.50;180,704.00;300,758.00;101,467.00;22,773.50;25,802.25;108,629.25
Jun 21, 2015;Jun 22, 2015;91,858.25;53,412.50;10,671.00;63,819.25;107,638.00;2,687.75;177,535.50;302,685.25;71,014.50;21,358.25;29,336.25;108,550.75
Jun 22, 2015;Jun 23, 2015;91,203.50;52,469.75;6,750.25;119,582.25;90,984.00;2,707.75;183,632.50;326,170.00;256,820.25;28,282.00;38,097.00;177,330.25
Jun 23, 2015;Jun 24, 2015;91,188.00;51,108.00;23,737.00;168,245.00;126,520.50;2,973.00;204,960.50;348,373.25;280,781.75;26,941.75;16,589.50;166,094.00
Jun 24, 2015;Jun 25, 2015;87,949.50;50,963.75;27,716.50;162,552.75;132,834.25;2,963.25;216,097.75;352,062.00;258,697.00;26,408.50;28,401.75;164,344.50
Jun 25, 2015;Jun 26, 2015;91,990.50;50,585.00;2,865.75;48,914.00;175,956.75;2,955.75;215,983.50;346,084.25;285,539.50;21,981.75;31,549.00;178,515.00
Jun 26, 2015;Jun 27, 2015;91,940.00;51,532.50;2,245.75;25,408.75;157,908.75;2,849.75;214,712.50;344,033.50;296,206.75;17,634.00;29,922.75;173,287.25
Jun 27, 2015;Jun 28, 2015;92,399.00;50,768.50;8,142.75;150,722.00;112,502.75;2,661.50;209,958.75;347,437.25;127,723.50;14,786.25;24,640.00;110,572.25
Jun 28, 2015;Jun 29, 2015;92,888.00;50,727.00;11,208.75;61,313.25;186,137.75;2,610.00;195,677.25;323,802.50;79,084.75;31,827.25;22,327.75;105,319.50
Jun 29, 2015;Jun 30, 2015;92,172.25;50,934.00;5,667.50;46,859.75;182,153.75;2,707.00;198,881.50;356,216.00;291,929.50;26,985.00;33,727.25;174,144.75
Jun 30, 2015;Jul 1, 2015;91,406.75;51,478.50;2,119.75;37,789.00;207,983.25;2,714.50;196,911.00;331,747.50;319,439.50;26,347.25;35,321.50;185,654.75
Jul 1, 2015;Jul 2, 2015;91,089.50;51,458.00;26,174.75;118,749.25;217,829.00;2,297.25;206,299.75;333,022.50;291,209.75;32,562.25;35,284.75;162,994.25
Jul 2, 2015;Jul 3, 2015;90,944.75;52,177.25;36,830.50;185,107.75;212,960.75;2,279.50;206,343.00;347,933.25;258,314.25;30,436.00;45,542.25;162,765.00
Jul 3, 2015;Jul 4, 2015;90,570.75;51,039.50;6,006.00;80,498.75;189,465.75;2,505.50;175,014.25;341,379.75;268,038.25;52,350.25;39,999.50;178,117.00
Jul 4, 2015;Jul 5, 2015;89,963.25;50,181.25;9,806.50;72,082.75;196,261.50;2,100.75;151,614.25;329,540.00;190,187.00;28,916.50;30,099.50;140,078.00
Jul 5, 2015;Jul 6, 2015;89,429.75;49,270.50;6,067.75;80,317.50;174,594.00;2,085.50;153,796.75;329,517.75;136,384.00;27,361.00;28,524.25;102,302.00
Jul 6, 2015;Jul 7, 2015;90,811.00;48,862.25;26,693.25;163,693.50;190,644.25;2,195.75;156,094.00;358,495.75;214,223.00;36,284.50;41,057.75;164,797.00
Jul 7, 2015;Jul 8, 2015;90,662.25;49,112.00;15,158.00;85,404.75;184,434.50;2,176.25;155,877.50;365,025.00;248,633.25;45,177.00;29,221.00;173,792.50
Jul 8, 2015;Jul 9, 2015;89,981.25;48,988.75;45,049.50;366,535.00;127,194.25;2,249.25;150,446.00;353,150.75;197,440.00;27,054.00;22,896.25;126,688.50
Jul 9, 2015;Jul 10, 2015;89,734.25;47,660.00;49,376.75;372,870.75;137,694.00;2,310.25;146,972.50;335,797.00;172,600.50;30,480.75;23,959.25;122,709.25
Jul 10, 2015;Jul 11, 2015;90,102.00;47,376.00;22,914.00;215,243.75;200,968.50;2,404.00;153,994.75;330,701.25;207,760.75;28,177.00;25,730.50;126,376.25
Jul 11, 2015;Jul 12, 2015;92,336.50;45,791.25;5,651.50;43,630.50;193,950.00;2,289.75;157,331.50;318,507.00;171,898.25;25,411.75;25,134.50;114,741.00
Jul 12, 2015;Jul 13, 2015;92,527.50;44,706.25;11,963.00;101,833.25;140,937.50;2,247.00;154,393.25;335,896.00;111,361.50;24,893.75;17,085.00;95,537.75
Jul 13, 2015;Jul 14, 2015;91,337.75;44,010.25;2,707.00;111,312.00;75,684.25;2,385.50;157,424.00;383,175.50;252,772.50;25,897.00;30,952.25;166,376.75
Jul 14, 2015;Jul 15, 2015;91,091.25;46,137.25;1,972.00;115,347.75;108,583.50;2,420.00;157,281.75;383,020.75;279,159.00;25,403.75;27,500.75;175,934.50
Jul 15, 2015;Jul 16, 2015;92,049.75;45,533.25;6,927.25;46,167.75;162,619.50;2,282.00;157,184.50;373,437.75;283,844.25;40,422.00;30,589.00;198,508.25
Jul 16, 2015;Jul 17, 2015;92,082.25;45,070.25;7,481.00;30,693.50;183,513.25;2,345.00;155,645.50;357,600.50;283,319.00;40,093.50;37,933.25;196,024.50
Jul 17, 2015;Jul 18, 2015;91,253.00;44,371.00;37,793.25;148,407.75;168,474.25;2,332.25;153,522.50;355,815.00;265,098.75;27,846.25;32,797.75;179,435.25
Jul 18, 2015;Jul 19, 2015;91,930.50;44,210.75;27,817.00;127,152.25;148,599.75;2,179.75;153,407.75;351,624.75;205,230.00;26,334.25;24,351.00;117,825.25
Jul 19, 2015;Jul 20, 2015;91,585.25;41,754.50;16,706.75;116,474.50;108,780.25;2,167.50;155,378.75;352,109.00;158,590.00;35,125.25;19,022.50;100,673.75
Jul 20, 2015;Jul 21, 2015;90,157.00;43,225.75;15,827.75;110,661.00;145,534.00;2,366.75;154,806.25;383,832.00;233,139.00;49,842.75;34,855.75;164,527.25
Jul 21, 2015;Jul 22, 2015;88,590.00;44,170.00;37,421.75;166,761.75;172,693.50;2,401.50;148,792.25;365,307.50;264,349.25;56,961.50;31,765.75;162,608.75
Jul 22, 2015;Jul 23, 2015;89,044.50;43,724.25;14,400.75;68,519.75;165,599.00;2,438.50;150,936.50;398,677.00;277,226.00;65,358.50;20,835.25;179,008.75
Jul 23, 2015;Jul 24, 2015;89,822.75;44,128.75;10,328.00;68,933.00;132,928.50;2,480.50;152,975.50;404,047.50;274,455.50;69,783.50;22,567.75;175,609.50
Jul 24, 2015;Jul 25, 2015;90,694.75;43,569.00;10,409.75;74,287.00;169,176.50;2,490.25;174,189.25;384,870.75;251,373.25;49,009.50;26,915.00;166,014.50
Jul 25, 2015;Jul 26, 2015;90,776.50;42,415.25;37,347.00;405,351.25;135,593.25;2,227.75;170,105.50;292,918.50;49,112.25;30,248.25;15,243.75;101,004.75
Jul 26, 2015;Jul 27, 2015;90,503.00;41,215.25;27,926.00;245,750.00;177,346.75;2,257.00;164,869.00;274,977.00;57,138.25;37,022.75;23,509.50;97,306.25
Jul 27, 2015;Jul 28, 2015;89,642.50;39,462.25;26,008.00;247,722.00;113,896.00;2,330.75;186,283.25;382,828.50;155,203.75;25,434.25;22,433.50;111,630.50
Jul 28, 2015;Jul 29, 2015;88,924.50;39,918.75;37,309.75;394,006.00;123,038.25;2,241.25;182,843.25;358,624.75;95,416.00;31,038.50;23,460.50;98,557.00
Jul 29, 2015;Jul 30, 2015;89,253.50;39,549.00;47,368.25;344,947.00;118,725.00;2,257.25;178,988.25;377,086.25;117,944.50;39,368.00;21,501.00;93,239.25
Jul 30, 2015;Jul 31, 2015;89,678.25;41,001.75;52,908.50;334,285.25;151,512.00;2,258.50;177,096.25;361,922.25;119,212.00;43,813.75;22,346.25;86,384.00
Jul 31, 2015;Aug 1, 2015;89,987.00;39,088.25;27,556.00;112,514.25;188,271.50;2,346.75;187,622.50;407,860.00;133,899.75;27,613.25;24,936.50;87,824.00
Aug 1, 2015;Aug 2, 2015;88,882.00;37,143.75;4,535.50;58,927.00;157,697.00;2,253.50;185,608.25;372,276.00;78,492.25;32,308.50;25,862.75;85,284.00
Aug 2, 2015;Aug 3, 2015;88,203.25;39,845.25;3,960.00;36,617.00;183,835.25;2,204.75;176,628.25;330,760.00;48,840.25;42,788.00;20,834.50;87,573.25
Aug 3, 2015;Aug 4, 2015;88,370.50;39,499.50;22,996.00;102,528.25;203,408.25;2,170.25;186,830.25;389,429.25;158,360.50;26,479.25;30,937.25;109,881.00
Aug 4, 2015;Aug 5, 2015;87,616.00;39,605.75;13,808.25;153,487.50;139,899.75;2,221.75;188,275.50;388,384.50;221,276.00;28,164.25;22,645.75;112,758.50
Aug 5, 2015;Aug 6, 2015;88,262.00;41,123.00;10,566.50;54,508.00;194,809.00;2,237.50;189,266.00;393,377.00;252,300.00;24,681.25;25,192.25;110,401.50
Aug 6, 2015;Aug 7, 2015;88,661.75;41,190.50;17,846.00;81,220.00;190,601.50;2,194.00;188,083.75;385,273.25;262,892.75;23,514.50;33,426.25;115,849.25
Aug 7, 2015;Aug 8, 2015;88,408.75;40,427.50;3,273.00;69,198.25;176,365.25;2,131.50;200,423.00;386,070.75;273,294.75;25,864.25;27,524.50;110,807.75
Aug 8, 2015;Aug 9, 2015;89,192.50;40,438.50;7,884.25;121,174.00;157,084.00;1,988.25;199,568.50;353,650.25;132,633.75;28,359.25;22,139.00;91,578.50
Aug 9, 2015;Aug 10, 2015;89,308.50;39,368.25;2,431.00;65,743.00;171,796.75;1,889.00;207,397.50;342,596.75;89,138.75;31,342.00;24,222.25;86,137.00
Aug 10, 2015;Aug 11, 2015;88,761.25;40,724.50;2,987.25;72,776.50;149,189.50;2,162.75;214,911.00;382,184.75;248,397.50;24,709.75;35,812.75;109,472.50
Aug 11, 2015;Aug 12, 2015;87,966.25;41,849.50;3,992.25;78,365.00;166,505.50;2,212.25;217,792.50;382,863.75;292,769.25;24,389.00;30,663.75;117,576.00
Aug 12, 2015;Aug 13, 2015;88,764.00;41,182.75;6,187.75;69,161.50;154,921.25;2,155.50;218,576.75;387,138.75;316,812.00;26,414.50;27,560.00;120,435.75
Aug 13, 2015;Aug 14, 2015;89,034.75;38,838.00;32,308.50;158,313.00;182,843.50;2,162.00;233,095.50;376,479.50;274,749.75;33,929.75;21,206.50;105,132.75
Aug 14, 2015;Aug 15, 2015;89,117.75;37,900.25;35,026.75;174,742.00;146,496.00;2,186.25;239,852.50;361,568.00;246,148.25;27,482.75;24,574.00;104,068.00
Aug 15, 2015;Aug 16, 2015;89,143.00;37,490.00;8,104.25;61,800.75;121,590.25;2,076.50;248,789.75;322,192.75;173,262.50;30,370.25;19,002.50;86,110.75
Aug 16, 2015;Aug 17, 2015;88,903.25;38,797.25;19,145.50;72,583.50;56,385.75;2,041.25;252,442.00;310,469.50;149,385.00;34,295.00;11,441.25;89,473.75
Aug 17, 2015;Aug 18, 2015;89,313.25;41,627.50;24,232.75;115,278.50;49,826.25;2,113.00;253,164.25;376,461.00;237,353.50;30,173.00;28,999.50;127,384.50
Aug 18, 2015;Aug 19, 2015;90,391.00;43,765.25;25,358.00;90,762.00;94,327.50;2,130.25;253,495.25;382,902.50;261,598.00;23,198.50;25,635.25;129,369.25
Aug 19, 2015;Aug 20, 2015;90,633.75;43,310.75;7,516.50;27,790.75;104,524.00;2,127.75;254,817.25;415,275.50;253,869.75;23,078.75;24,020.50;127,675.00
Aug 20, 2015;Aug 21, 2015;91,024.50;43,762.75;3,796.00;22,609.25;123,529.25;2,116.50;253,930.75;418,866.50;273,452.50;21,460.25;20,834.25;123,106.25
Aug 21, 2015;Aug 22, 2015;91,515.50;40,020.00;8,559.00;42,197.00;173,469.25;2,105.50;240,423.25;416,273.00;242,863.50;24,579.50;22,825.50;109,803.00
Aug 22, 2015;Aug 23, 2015;91,308.50;36,996.25;22,112.75;95,013.75;186,346.75;1,810.25;250,049.50;390,368.00;101,922.25;23,083.75;19,507.00;83,025.75
Aug 23, 2015;Aug 24, 2015;91,184.25;34,285.00;48,513.50;248,168.25;171,316.75;1,799.25;235,772.25;317,846.25;50,668.25;22,200.50;22,516.75;88,123.25
Aug 24, 2015;Aug 25, 2015;91,406.00;33,299.25;33,374.25;221,302.75;120,085.25;2,208.25;247,707.50;404,601.75;193,070.50;24,714.50;28,851.50;108,456.50
Aug 25, 2015;Aug 26, 2015;90,677.00;36,485.75;49,973.00;351,305.75;127,302.00;2,250.75;242,005.25;369,354.50;155,283.00;24,043.00;26,295.50;113,171.00
Aug 26, 2015;Aug 27, 2015;91,211.00;38,503.50;52,252.25;232,381.25;180,242.50;2,253.25;242,533.50;402,496.25;198,035.25;22,062.00;23,649.50;108,156.00
Aug 27, 2015;Aug 28, 2015;91,247.00;38,317.25;43,390.50;194,794.25;119,739.50;2,248.00;247,130.50;392,138.00;264,777.25;22,193.00;32,812.50;114,680.25
Aug 28, 2015;Aug 29, 2015;91,660.25;38,685.00;22,164.25;68,404.75;107,128.75;2,160.25;251,412.50;398,004.50;343,916.50;34,220.25;31,218.00;111,026.00
Aug 29, 2015;Aug 30, 2015;90,989.00;37,302.25;13,413.00;28,552.75;172,191.50;1,778.75;250,378.00;399,092.75;170,404.50;31,530.75;23,660.25;100,693.25
Aug 30, 2015;Aug 31, 2015;91,333.50;34,355.25;5,002.50;38,570.00;162,396.25;1,765.00;248,220.50;366,891.50;122,391.25;30,750.25;23,119.25;90,488.50
Aug 31, 2015;Sep 1, 2015;90,458.00;35,328.00;16,268.25;78,775.00;166,717.25;2,014.25;248,900.25;374,879.25;320,576.25;31,909.50;46,144.25;112,852.00
Sep 1, 2015;Sep 2, 2015;90,532.50;38,358.75;45,362.00;169,191.00;94,595.50;2,036.75;250,476.25;358,430.25;348,013.50;40,904.25;29,846.00;121,820.75
Sep 2, 2015;Sep 3, 2015;90,828.75;39,312.25;55,391.75;139,936.50;120,105.00;2,013.25;252,864.00;386,878.75;301,666.25;22,318.00;23,469.75;171,922.75
Sep 3, 2015;Sep 4, 2015;91,341.00;39,213.50;51,440.75;60,937.75;91,535.50;1,994.00;250,230.25;395,783.75;344,939.25;35,695.50;28,790.50;128,997.00
Sep 4, 2015;Sep 5, 2015;91,866.75;43,017.75;35,458.75;185,877.25;123,201.00;1,965.50;251,945.75;384,412.75;276,820.50;21,677.25;24,222.75;131,713.00
Sep 5, 2015;Sep 6, 2015;92,042.00;40,010.00;46,857.75;389,602.75;95,646.25;2,003.25;242,819.50;303,601.50;61,527.75;22,748.50;23,380.25;92,270.50
Sep 6, 2015;Sep 7, 2015;92,457.00;40,508.00;40,376.25;458,040.25;97,597.75;2,009.75;210,430.75;238,293.75;50,793.75;19,645.75;17,439.75;101,112.00
Sep 7, 2015;Sep 8, 2015;92,086.25;37,257.50;22,301.75;139,803.00;89,034.50;2,103.50;252,832.25;391,034.00;282,896.25;23,661.75;26,983.50;117,954.50
Sep 8, 2015;Sep 9, 2015;91,980.00;38,357.00;11,571.75;69,665.75;117,961.25;2,122.50;252,415.75;428,175.50;343,414.75;24,059.25;25,944.00;121,169.75
Sep 9, 2015;Sep 10, 2015;92,178.75;36,326.00;5,157.75;83,773.75;142,308.25;2,141.25;252,758.75;448,891.25;329,660.75;29,310.50;19,709.25;118,220.75
Sep 10, 2015;Sep 11, 2015;92,361.75;35,106.50;16,624.75;130,173.00;141,591.50;2,228.00;252,322.25;435,335.50;279,040.75;25,255.00;24,129.50;119,867.50
Sep 11, 2015;Sep 12, 2015;93,806.00;34,886.00;32,165.00;117,658.75;138,020.25;2,242.50;251,336.50;431,158.75;268,119.25;24,639.00;29,461.00;108,476.50
Sep 12, 2015;Sep 13, 2015;94,777.75;33,543.50;27,647.00;117,242.25;131,438.00;1,992.75;250,851.75;410,380.00;193,317.50;22,498.00;17,900.75;84,464.50
Sep 13, 2015;Sep 14, 2015;94,369.25;30,490.00;16,807.75;113,834.50;96,787.50;1,896.00;240,394.00;416,142.50;131,324.00;21,659.25;13,265.00;78,524.75
Sep 14, 2015;Sep 15, 2015;94,157.50;32,278.25;25,995.75;192,470.25;70,733.00;1,970.25;247,540.25;431,489.50;257,513.75;24,122.50;29,003.75;112,979.00
Sep 15, 2015;Sep 16, 2015;93,538.25;39,158.75;53,067.50;309,350.50;95,002.50;1,954.25;250,891.75;387,040.25;195,537.25;30,397.75;23,054.75;108,329.75
Sep 16, 2015;Sep 17, 2015;93,212.75;37,554.50;37,471.25;267,351.00;70,322.75;2,008.50;249,725.75;419,185.50;239,973.00;33,142.00;25,629.25;405,787.00
Sep 17, 2015;Sep 18, 2015;92,594.25;36,770.00;53,627.50;391,476.00;76,104.50;1,982.25;238,955.50;379,446.50;194,574.50;42,710.00;18,598.50;111,691.25
Sep 18, 2015;Sep 19, 2015;92,786.25;37,116.50;25,849.50;172,997.50;111,527.75;2,053.50;249,873.50;426,199.75;281,077.25;23,905.50;21,938.25;109,922.25
Sep 19, 2015;Sep 20, 2015;92,993.75;35,489.00;10,885.75;76,718.75;105,756.50;1,937.75;250,695.25;439,772.25;172,295.00;21,780.75;23,387.00;491,341.00
Sep 20, 2015;Sep 21, 2015;92,635.25;33,017.75;26,053.00;140,167.25;90,975.25;1,958.25;248,258.25;421,317.25;91,608.50;21,986.75;15,393.00;76,898.25
Sep 21, 2015;Sep 22, 2015;92,471.50;31,812.50;18,042.50;71,340.00;133,641.75;2,221.00;249,817.00;438,085.75;316,346.50;40,277.75;27,241.00;114,519.25
Sep 22, 2015;Sep 23, 2015;92,546.25;33,554.75;27,265.25;152,469.25;66,472.25;2,207.00;247,460.50;412,417.75;342,632.75;37,890.50;24,406.75;119,422.00
Sep 23, 2015;Sep 24, 2015;93,403.50;36,756.25;2,167.25;75,820.25;64,207.00;2,357.00;251,582.00;443,341.50;388,991.00;52,211.00;30,659.00;115,643.75
Sep 24, 2015;Sep 25, 2015;92,805.00;37,948.50;35,153.25;157,344.50;99,773.00;2,208.75;247,256.25;419,513.50;311,845.25;37,885.75;21,940.75;113,215.00
Sep 25, 2015;Sep 26, 2015;93,162.50;36,494.50;25,134.50;60,488.00;104,588.50;2,304.25;236,004.00;441,946.25;350,781.00;33,878.50;30,750.00;112,626.25
Sep 26, 2015;Sep 27, 2015;93,676.50;35,069.75;6,739.25;57,646.75;94,858.50;2,308.75;221,873.25;429,081.00;260,299.00;22,690.00;21,408.25;83,951.50
Sep 27, 2015;Sep 28, 2015;93,933.75;31,862.75;6,856.50;84,852.25;130,183.75;2,266.50;221,354.25;421,092.25;136,771.00;22,965.00;19,260.00;80,017.25
Sep 28, 2015;Sep 29, 2015;94,387.00;31,740.75;2,541.50;83,345.50;130,786.50;2,490.50;222,612.00;443,644.75;331,334.25;33,073.50;31,343.25;118,387.25
Sep 29, 2015;Sep 30, 2015;94,004.00;34,661.75;1,801.75;163,113.25;142,000.50;2,490.50;223,464.50;428,696.75;325,359.75;33,368.25;29,815.25;290,363.25
Sep 30, 2015;Oct 1, 2015;93,100.75;33,542.50;2,586.50;146,542.75;159,769.75;2,464.00;223,386.75;434,234.00;343,423.25;34,042.50;33,353.25;120,321.75
Oct 1, 2015;Oct 2, 2015;92,475.50;32,037.75;4,214.75;103,322.50;169,808.00;2,031.00;223,653.25;426,387.00;365,198.00;27,439.00;29,846.00;123,220.50
Oct 2, 2015;Oct 3, 2015;92,584.50;29,878.50;5,392.00;71,689.25;160,641.00;2,097.00;223,610.50;430,142.00;384,011.00;24,288.50;31,760.50;123,100.00
Oct 3, 2015;Oct 4, 2015;93,039.25;29,876.75;6,509.25;58,469.75;134,111.75;2,099.50;222,598.00;407,282.00;216,858.50;24,735.00;24,889.75;86,493.75
Oct 4, 2015;Oct 5, 2015;93,024.50;28,225.50;6,293.75;49,201.00;72,106.75;2,076.75;221,415.75;419,787.25;200,254.25;22,882.25;20,047.25;86,439.00
Oct 5, 2015;Oct 6, 2015;93,471.00;28,538.00;22,887.75;94,152.00;101,552.75;2,025.25;219,754.75;420,037.25;338,782.50;29,586.75;28,483.25;108,213.00
Oct 6, 2015;Oct 7, 2015;93,930.00;33,211.50;59,658.75;233,524.50;56,156.25;2,003.25;186,235.25;409,419.75;326,447.25;53,657.50;25,378.75;130,580.25
Oct 7, 2015;Oct 8, 2015;94,135.25;35,618.00;41,136.25;167,183.00;37,457.25;2,049.75;191,239.50;410,042.50;345,026.00;60,594.50;29,445.25;122,156.00
Oct 8, 2015;Oct 9, 2015;94,951.50;39,213.75;15,636.25;43,872.00;44,709.50;2,102.00;194,268.75;435,959.75;367,430.25;75,692.00;28,851.50;124,796.50
Oct 9, 2015;Oct 10, 2015;94,784.50;37,356.75;6,674.00;37,421.00;60,436.25;2,198.50;194,171.00;443,800.25;351,865.50;70,435.00;27,658.50;128,829.75
Oct 10, 2015;Oct 11, 2015;95,038.00;34,707.75;26,065.00;154,841.25;72,660.50;2,172.50;191,794.75;432,700.75;232,143.00;26,867.25;19,850.50;89,825.50
Oct 11, 2015;Oct 12, 2015;94,874.25;30,277.00;56,997.00;267,702.00;111,137.25;1,942.50;185,662.75;408,338.75;80,935.75;23,144.75;18,720.75;83,808.50
Oct 12, 2015;Oct 13, 2015;95,435.00;27,552.50;49,690.75;176,056.50;119,868.75;2,175.25;190,002.50;425,450.00;281,815.00;41,222.00;28,051.75;136,269.00
Oct 13, 2015;Oct 14, 2015;95,507.00;30,474.75;41,860.00;92,499.25;44,310.00;2,210.75;191,173.50;433,504.00;358,394.25;79,626.25;39,487.75;163,771.75
Oct 14, 2015;Oct 15, 2015;95,540.75;33,953.75;58,198.00;75,796.75;22,928.50;2,230.25;188,252.00;432,683.00;371,685.00;96,212.75;29,705.25;168,680.00
Oct 15, 2015;Oct 16, 2015;95,343.75;35,192.75;55,160.50;117,760.75;13,683.00;2,245.75;189,621.25;406,736.50;372,569.75;106,437.00;28,916.00;166,523.25
Oct 16, 2015;Oct 17, 2015;94,918.00;36,384.50;54,685.50;35,579.00;16,653.50;2,269.50;194,987.00;390,528.00;406,679.00;97,450.25;34,510.50;163,446.75
Oct 17, 2015;Oct 18, 2015;95,062.00;35,079.75;18,162.75;10,383.75;30,161.50;2,260.50;195,398.75;373,026.75;348,733.25;46,815.50;19,552.25;134,068.50
Oct 18, 2015;Oct 19, 2015;94,975.25;32,585.50;12,551.00;18,536.75;29,224.75;2,230.25;195,294.00;368,488.25;309,911.25;29,603.00;19,587.25;106,871.25
Oct 19, 2015;Oct 20, 2015;95,330.50;33,283.25;4,820.00;17,571.50;37,181.25;2,101.75;194,707.25;403,443.50;381,021.50;81,524.25;31,559.50;159,209.00
Oct 20, 2015;Oct 21, 2015;96,359.75;34,514.75;1,960.00;24,324.25;35,196.50;1,965.25;194,887.75;422,525.50;374,541.25;81,962.75;27,524.00;158,864.00
Oct 21, 2015;Oct 22, 2015;96,293.25;34,541.50;38,933.00;76,030.50;42,148.75;2,233.00;221,766.00;430,919.75;357,126.00;73,103.50;31,776.50;152,589.50
Oct 22, 2015;Oct 23, 2015;95,928.00;31,785.50;54,439.25;204,215.25;36,772.75;2,357.75;222,251.75;415,601.00;350,648.50;48,089.50;27,791.50;147,498.75
Oct 23, 2015;Oct 24, 2015;96,033.75;31,313.50;31,462.75;152,957.75;62,098.00;2,325.50;225,399.25;390,335.25;339,993.25;54,582.50;32,909.75;144,257.75
Oct 24, 2015;Oct 25, 2015;97,001.75;31,312.75;41,229.25;92,099.50;65,284.50;2,240.75;249,490.00;407,832.00;247,971.00;33,840.00;20,368.75;133,914.25
Oct 25, 2015;Oct 26, 2015;101,354.50;30,584.50;28,327.75;93,321.25;40,375.75;2,313.50;265,692.00;429,658.25;187,054.25;28,835.75;20,018.75;331,426.00
Oct 26, 2015;Oct 27, 2015;97,171.50;30,523.25;21,293.50;113,701.00;77,656.25;2,352.50;258,562.50;414,880.00;315,586.50;53,844.50;27,399.00;142,900.25
Oct 27, 2015;Oct 28, 2015;95,777.50;30,635.25;26,584.00;137,088.00;64,448.25;2,310.25;256,902.75;417,496.50;334,555.50;58,762.75;32,121.75;144,080.00
Oct 28, 2015;Oct 29, 2015;94,439.00;28,550.50;37,821.50;128,440.25;50,587.25;2,263.25;253,100.00;422,404.75;320,122.25;75,224.75;27,233.50;146,252.25
Oct 29, 2015;Oct 30, 2015;95,370.75;29,959.50;6,270.00;28,269.00;30,313.50;2,277.25;258,681.00;424,080.50;344,333.50;108,996.75;41,777.00;153,842.25
Oct 30, 2015;Oct 31, 2015;97,054.25;31,049.25;23,095.00;61,640.75;34,646.50;2,271.75;258,947.50;417,276.00;341,231.00;86,496.25;20,728.00;153,671.25
Oct 31, 2015;Nov 1, 2015;97,231.25;28,852.00;30,191.25;157,230.75;72,030.75;2,272.25;254,818.75;387,935.75;203,381.25;37,413.00;16,698.75;105,752.00
Nov 1, 2015;Nov 2, 2015;96,208.25;25,963.25;3,017.25;80,399.00;87,092.50;2,346.75;257,119.00;394,366.75;158,700.00;38,342.25;17,624.00;85,205.25
Nov 2, 2015;Nov 3, 2015;95,520.25;25,733.00;2,545.00;33,729.50;80,937.25;2,612.50;256,261.00;423,060.00;314,397.00;76,230.50;27,037.25;149,954.00
Nov 3, 2015;Nov 4, 2015;95,934.25;26,341.25;4,224.75;23,876.25;79,487.75;2,898.25;257,139.25;418,621.25;372,983.50;88,457.00;30,245.75;167,044.25
Nov 4, 2015;Nov 5, 2015;95,902.00;26,951.25;11,985.25;73,628.75;60,406.00;2,919.25;255,829.00;415,620.25;362,874.75;82,172.75;24,646.00;167,048.75
Nov 5, 2015;Nov 6, 2015;95,741.00;26,913.00;25,959.00;76,045.75;67,525.75;2,694.00;255,889.75;397,034.75;357,524.75;75,762.00;20,838.25;150,348.75
Nov 6, 2015;Nov 7, 2015;96,129.75;26,603.75;39,368.00;171,464.50;40,380.50;2,402.50;251,633.00;399,998.75;325,179.50;49,128.25;21,045.00;141,408.50
Nov 7, 2015;Nov 8, 2015;96,008.00;25,873.75;52,232.00;287,437.75;28,780.75;1,882.25;245,439.25;389,475.75;169,294.50;33,595.00;21,222.50;108,052.00
Nov 8, 2015;Nov 9, 2015;96,609.75;23,255.50;48,035.00;275,020.50;68,163.00;1,791.75;240,075.75;325,711.00;104,612.25;31,347.75;25,677.75;91,340.25
Nov 9, 2015;Nov 10, 2015;95,793.00;23,570.25;65,466.00;505,473.50;33,545.50;1,851.25;238,969.00;312,513.50;187,502.75;39,839.25;32,502.00;108,817.25
Nov 10, 2015;Nov 11, 2015;95,274.00;24,519.75;66,739.25;527,157.50;33,651.75;1,696.25;240,567.25;281,687.00;201,175.75;57,981.50;24,455.50;108,894.00
Nov 11, 2015;Nov 12, 2015;94,745.75;24,357.75;67,601.75;322,908.50;44,773.50;1,966.75;247,617.25;373,126.75;285,486.25;56,259.25;23,655.00;134,791.50
Nov 12, 2015;Nov 13, 2015;95,577.75;24,698.50;58,719.00;229,355.00;47,089.00;2,043.75;248,139.00;373,491.25;326,482.00;78,554.25;28,470.50;142,731.00
Nov 13, 2015;Nov 14, 2015;95,964.75;25,910.50;63,715.00;388,542.25;36,629.00;1,768.75;246,621.00;344,280.00;249,894.25;47,727.00;24,909.25;135,979.75
Nov 14, 2015;Nov 15, 2015;95,570.75;25,314.75;60,124.25;525,075.75;41,390.25;1,654.50;248,010.25;272,927.00;77,510.50;37,441.25;25,542.75;104,164.25
Nov 15, 2015;Nov 16, 2015;95,493.50;24,331.50;22,061.25;509,004.50;21,280.00;1,546.25;242,941.75;318,688.75;57,499.50;30,862.00;23,044.00;106,306.25
Nov 16, 2015;Nov 17, 2015;95,898.50;23,592.75;57,403.00;378,139.25;45,787.50;1,799.75;247,057.50;376,523.75;217,412.00;54,948.25;26,162.25;120,488.50
Nov 17, 2015;Nov 18, 2015;96,505.00;25,322.00;49,961.50;428,771.75;15,269.50;1,801.00;251,903.00;388,949.50;238,966.50;58,740.25;28,927.75;133,151.50
Nov 18, 2015;Nov 19, 2015;95,894.25;24,946.75;57,819.25;632,262.75;42,715.50;1,753.50;238,770.75;299,451.50;128,712.50;56,972.00;32,436.25;111,668.00
Nov 19, 2015;Nov 20, 2015;96,145.00;23,482.25;53,413.25;611,417.25;30,483.50;1,706.00;248,950.75;301,973.25;139,833.00;62,878.50;29,654.25;108,018.00
Nov 20, 2015;Nov 21, 2015;95,615.50;27,206.25;33,428.75;281,717.00;12,019.50;1,842.00;252,373.25;409,615.00;294,202.75;80,066.50;29,131.75;139,099.50
Nov 21, 2015;Nov 22, 2015;96,685.00;37,007.25;37,923.75;158,621.00;28,132.50;2,624.00;256,660.00;445,246.75;224,179.25;44,151.50;26,653.75;113,269.50
Nov 22, 2015;Nov 23, 2015;96,924.25;30,836.75;53,811.25;241,014.50;22,312.75;3,023.00;250,805.50;436,984.50;142,975.75;57,399.50;21,623.50;103,459.50
Nov 23, 2015;Nov 24, 2015;96,725.00;29,205.75;30,536.00;124,040.50;26,795.25;3,053.75;258,019.50;439,717.75;331,533.75;110,794.50;33,258.25;163,929.00
Nov 24, 2015;Nov 25, 2015;96,126.50;29,913.00;56,976.00;346,650.25;37,326.25;3,100.25;249,729.00;377,813.75;309,760.50;74,898.25;20,186.00;161,010.75
Nov 25, 2015;Nov 26, 2015;95,882.25;31,239.75;25,577.25;158,258.75;11,463.75;3,061.25;259,084.25;408,484.50;369,012.25;119,440.75;40,464.75;169,526.75
Nov 26, 2015;Nov 27, 2015;96,409.75;31,226.50;25,640.00;72,568.75;23,363.25;3,104.00;259,835.75;421,230.00;387,450.50;132,728.25;35,248.25;169,431.50
Nov 27, 2015;Nov 28, 2015;96,865.00;30,772.50;59,627.50;179,343.00;32,102.00;2,998.50;255,350.75;403,140.25;356,208.50;80,164.50;25,498.75;145,760.25
Nov 28, 2015;Nov 29, 2015;96,740.50;29,829.75;63,482.75;418,329.75;17,983.50;2,450.75;246,664.50;363,688.75;168,436.50;50,280.25;17,678.25;109,387.50
Nov 29, 2015;Nov 30, 2015;97,820.75;27,459.00;52,505.00;644,023.50;7,668.25;1,908.25;220,642.00;243,153.00;61,957.75;31,294.75;24,821.75;107,118.50
Nov 30, 2015;Dec 1, 2015;97,500.75;29,112.75;43,694.50;556,539.25;11,928.25;2,040.00;237,035.50;312,851.25;190,917.00;63,316.50;28,681.50;120,701.75
Dec 1, 2015;Dec 2, 2015;98,521.25;34,696.25;47,378.25;365,596.25;14,228.25;2,741.00;252,986.00;371,064.75;300,884.00;74,067.75;27,819.50;151,090.00
Dec 2, 2015;Dec 3, 2015;110,166.75;38,873.50;58,105.75;289,012.50;11,214.25;2,958.00;256,568.75;378,105.50;308,356.25;70,401.75;28,194.50;141,824.75
Dec 3, 2015;Dec 4, 2015;109,844.00;36,106.50;57,991.00;219,089.50;32,060.25;2,974.25;257,751.75;397,368.00;350,099.75;87,520.50;28,848.75;140,587.50
Dec 4, 2015;Dec 5, 2015;110,649.75;34,027.00;60,465.75;445,323.00;18,361.25;2,280.50;247,949.00;348,119.25;272,015.75;55,128.50;25,449.75;115,722.50
Dec 5, 2015;Dec 6, 2015;111,283.50;32,750.00;47,751.25;530,753.00;37,127.25;2,496.25;242,769.75;271,242.00;110,647.75;53,082.75;19,510.00;86,251.50
Dec 6, 2015;Dec 7, 2015;111,296.50;30,404.00;43,050.25;558,232.50;39,065.25;2,349.50;238,048.00;220,375.25;84,608.75;27,536.75;18,632.75;97,124.75
Dec 7, 2015;Dec 8, 2015;111,884.00;28,894.75;12,267.50;112,432.50;37,846.00;2,806.50;257,022.00;396,283.50;338,142.00;78,037.25;32,776.50;145,391.75
Dec 8, 2015;Dec 9, 2015;111,114.00;30,187.25;28,751.25;181,074.50;42,705.00;2,744.00;255,181.00;425,920.25;350,677.00;66,532.00;30,743.00;145,284.00
Dec 9, 2015;Dec 10, 2015;110,943.00;28,809.25;33,606.50;245,593.75;21,605.75;2,748.25;252,267.75;413,223.25;331,656.50;85,650.75;21,208.25;129,033.25
Dec 10, 2015;Dec 11, 2015;110,419.50;30,680.00;34,763.25;345,120.00;38,635.00;2,980.25;248,998.00;386,937.75;293,379.25;72,021.00;26,587.00;123,867.50
Dec 11, 2015;Dec 12, 2015;111,416.50;30,080.50;50,368.50;463,058.25;21,610.25;2,090.50;250,225.50;370,027.50;238,515.75;65,760.50;20,122.00;122,540.25
Dec 12, 2015;Dec 13, 2015;112,229.25;28,319.00;48,414.25;372,762.50;25,050.75;3,219.50;252,735.50;354,048.75;194,482.00;44,492.25;24,727.25;89,624.75
Dec 13, 2015;Dec 14, 2015;112,601.50;26,071.50;24,335.00;286,228.50;23,285.50;3,556.50;253,863.25;359,117.50;211,008.75;48,159.00;19,099.00;94,035.50
Dec 14, 2015;Dec 15, 2015;111,895.25;25,706.00;18,682.50;87,813.00;27,408.25;4,180.25;259,225.00;437,994.25;353,281.00;114,884.50;30,263.25;146,223.75
Dec 15, 2015;Dec 16, 2015;110,698.50;28,290.50;15,562.50;65,506.25;18,890.25;4,156.25;259,451.75;427,430.25;327,118.75;133,770.25;39,746.00;156,407.75
Dec 16, 2015;Dec 17, 2015;110,490.25;28,164.00;52,126.75;193,459.25;11,903.75;4,144.25;256,504.75;410,049.00;320,833.00;88,604.50;29,368.00;152,722.25
Dec 17, 2015;Dec 18, 2015;110,701.50;29,912.75;57,563.00;287,142.25;14,895.00;3,788.50;253,282.00;379,749.50;290,504.00;67,697.00;25,541.50;134,632.00
Dec 18, 2015;Dec 19, 2015;110,424.50;29,352.00;58,481.25;273,944.00;13,019.25;3,614.00;240,544.50;399,495.25;291,636.00;55,250.25;24,503.75;135,912.00
Dec 19, 2015;Dec 20, 2015;110,891.75;28,702.25;61,333.25;252,706.25;28,491.00;3,639.00;246,828.75;400,407.00;166,849.00;40,091.00;21,321.50;94,090.00
Dec 20, 2015;Dec 21, 2015;110,814.75;27,280.75;65,291.50;303,692.25;31,767.50;3,474.75;246,868.75;335,661.25;80,188.50;39,955.25;18,615.50;86,841.25
Dec 21, 2015;Dec 22, 2015;111,050.75;27,124.75;61,208.75;506,234.00;13,836.75;3,321.00;243,800.50;351,745.25;110,683.75;40,438.75;24,684.00;97,650.50
Dec 22, 2015;Dec 23, 2015;110,689.00;25,793.00;61,644.00;581,799.75;26,538.50;3,370.75;233,301.75;304,778.75;77,725.25;44,254.00;28,868.50;136,323.25
Dec 23, 2015;Dec 24, 2015;110,932.75;25,901.50;63,047.50;503,958.00;28,189.00;3,257.75;243,305.75;310,936.00;71,442.00;45,269.25;33,164.50;108,161.50
Dec 24, 2015;Dec 25, 2015;111,127.50;25,995.75;63,689.00;375,098.50;36,869.50;3,547.25;241,902.00;312,801.50;39,831.75;33,914.25;17,532.50;74,287.25
Dec 25, 2015;Dec 26, 2015;110,665.25;25,837.75;59,681.25;359,646.75;32,055.25;3,130.75;234,619.75;247,410.50;36,813.00;25,970.25;26,103.25;62,794.75
Dec 26, 2015;Dec 27, 2015;111,494.50;24,165.75;56,392.00;556,411.00;43,835.25;3,012.75;201,245.00;189,965.00;37,606.50;34,621.75;29,421.75;72,119.25
Dec 27, 2015;Dec 28, 2015;110,843.50;24,614.00;52,426.75;400,234.00;38,623.00;2,985.75;250,673.00;244,359.75;48,759.50;33,069.50;16,484.25;73,011.50
Dec 28, 2015;Dec 29, 2015;110,683.00;24,900.00;38,687.50;159,962.50;41,696.00;3,632.75;252,708.50;340,855.75;155,852.75;44,635.75;31,696.75;93,745.75
Dec 29, 2015;Dec 30, 2015;111,826.50;24,584.75;55,179.00;257,706.75;32,623.75;3,976.75;251,416.00;335,639.00;177,313.50;47,814.75;29,363.50;85,070.50
Dec 30, 2015;Dec 31, 2015;112,762.00;23,792.75;54,911.50;251,939.00;27,268.50;3,880.25;251,906.75;332,966.25;149,061.25;47,178.25;20,556.50;88,383.00
Dec 31, 2015;Jan 1, 2016;109,917.00;23,849.50;60,106.50;258,919.50;20,224.25;3,811.75;249,009.50;304,085.75;114,063.25;46,143.75;20,435.25;88,739.50
Jan 1, 2016;Jan 2, 2016;110,686.75;24,758.75;21,020.75;86,528.25;18,562.75;4,380.25;252,942.75;361,983.25;120,139.25;47,647.00;20,841.00;79,025.00
Jan 2, 2016;Jan 3, 2016;110,221.50;25,084.75;64,458.00;341,620.25;9,403.50;4,113.75;248,804.75;303,554.00;80,671.75;46,823.25;19,540.50;85,479.00
Jan 3, 2016;Jan 4, 2016;109,189.75;25,720.25;63,146.75;356,507.75;13,518.50;4,203.50;251,785.75;310,616.50;73,569.00;48,986.25;19,351.50;75,070.00
Jan 4, 2016;Jan 5, 2016;109,618.50;29,636.50;63,842.25;233,462.50;10,079.00;4,298.25;252,100.00;381,006.75;238,157.50;85,539.25;32,037.75;134,605.00
Jan 5, 2016;Jan 6, 2016;109,873.00;30,292.00;62,487.25;160,886.25;12,550.50;4,408.25;254,040.00;390,902.75;318,650.50;78,214.00;27,249.25;136,950.50
Jan 6, 2016;Jan 7, 2016;109,286.50;27,886.50;62,393.75;104,122.25;12,592.25;4,343.25;257,284.00;374,664.50;355,182.75;89,580.25;27,954.75;140,502.50
Jan 7, 2016;Jan 8, 2016;109,748.00;28,245.25;64,368.25;247,711.25;14,635.75;4,361.50;244,078.50;380,160.00;324,671.25;61,108.50;24,254.25;144,127.25
Jan 8, 2016;Jan 9, 2016;109,877.75;29,981.25;41,995.25;440,490.25;40,971.25;4,139.50;249,881.00;343,586.00;257,393.00;62,457.25;22,940.50;130,434.75
Jan 9, 2016;Jan 10, 2016;110,455.25;32,810.75;38,656.00;163,748.75;23,890.00;4,397.25;256,700.00;368,733.75;270,182.00;53,872.75;17,931.50;106,833.75
Jan 10, 2016;Jan 11, 2016;110,469.00;33,901.00;58,803.50;294,443.00;18,899.50;4,243.25;254,729.00;357,635.50;95,983.50;42,628.50;13,018.25;90,580.50
Jan 11, 2016;Jan 12, 2016;109,892.75;35,093.00;29,980.25;172,182.75;10,177.50;4,383.50;256,440.00;427,319.75;301,029.75;72,924.50;25,818.75;135,329.50
Jan 12, 2016;Jan 13, 2016;110,465.50;36,496.00;25,906.50;277,630.75;15,133.75;4,419.50;256,229.75;420,982.00;315,690.75;61,737.75;28,483.75;152,240.50
Jan 13, 2016;Jan 14, 2016;109,818.50;35,433.75;26,409.00;320,110.25;12,163.00;4,483.25;255,935.50;412,841.00;339,551.00;76,435.25;19,172.75;152,720.25
Jan 14, 2016;Jan 15, 2016;110,655.00;34,112.75;26,714.50;210,985.00;44,550.00;4,525.75;256,939.00;421,748.75;364,613.75;86,748.25;22,931.75;153,528.75
Jan 15, 2016;Jan 16, 2016;111,080.75;33,658.25;19,333.00;140,966.50;8,688.75;4,523.75;257,402.00;429,090.75;382,305.75;101,164.25;36,956.00;156,870.75
Jan 16, 2016;Jan 17, 2016;111,486.75;33,160.50;26,024.50;108,512.50;8,772.75;4,514.50;256,962.00;437,865.50;329,687.50;56,684.00;18,267.50;122,146.25
Jan 17, 2016;Jan 18, 2016;111,516.25;30,414.50;22,668.75;88,703.25;8,732.00;4,546.25;256,957.00;440,770.25;287,090.25;60,054.25;18,192.25;118,023.00
Jan 18, 2016;Jan 19, 2016;111,055.25;29,568.25;28,262.50;58,690.50;19,420.50;4,554.25;258,455.25;438,116.50;405,098.50;145,294.25;36,060.50;160,583.75
Jan 19, 2016;Jan 20, 2016;110,424.00;31,477.25;39,264.25;131,615.75;20,783.00;4,546.75;258,065.75;422,071.75;426,636.50;162,321.75;32,145.75;162,567.25
Jan 20, 2016;Jan 21, 2016;110,070.00;32,575.25;13,905.75;104,564.25;14,240.25;4,548.00;257,591.50;427,044.75;412,243.00;175,295.25;37,337.75;175,381.50
Jan 21, 2016;Jan 22, 2016;110,495.25;34,787.75;15,289.75;30,331.25;19,336.50;4,567.25;252,507.50;426,521.00;365,688.25;179,287.25;44,673.25;160,132.00
Jan 22, 2016;Jan 23, 2016;110,378.50;33,339.75;47,906.25;150,193.00;35,197.75;4,514.50;257,697.75;416,369.75;361,371.00;143,024.75;28,572.00;162,207.75
Jan 23, 2016;Jan 24, 2016;110,558.50;29,399.75;37,202.00;247,503.50;10,632.50;4,490.25;256,597.00;401,969.25;268,471.50;60,966.00;17,703.25;115,178.25
Jan 24, 2016;Jan 25, 2016;110,465.50;28,022.50;56,633.00;204,481.75;17,407.00;4,512.75;254,585.25;386,362.25;192,581.50;56,246.50;10,182.50;107,358.00
Jan 25, 2016;Jan 26, 2016;109,640.75;28,610.50;56,678.25;253,673.00;33,784.25;4,462.25;249,124.25;388,462.25;305,850.25;87,316.00;29,210.75;133,134.00
Jan 26, 2016;Jan 27, 2016;108,486.25;29,769.25;62,379.50;421,768.75;41,686.75;4,200.50;240,095.00;373,011.75;233,992.00;72,565.75;21,520.00;123,058.25
Jan 27, 2016;Jan 28, 2016;108,157.75;31,328.50;57,138.00;608,016.25;24,514.00;3,991.75;239,892.50;323,030.75;152,294.25;47,472.00;18,366.00;106,767.50
Jan 28, 2016;Jan 29, 2016;109,355.25;32,810.25;64,589.75;416,045.00;36,614.50;4,249.25;242,685.75;354,507.75;233,297.75;62,521.25;33,682.75;124,937.50
Jan 29, 2016;Jan 30, 2016;110,950.25;33,850.50;63,989.75;582,146.00;49,518.50;4,444.25;240,177.00;308,388.75;128,523.00;49,680.25;18,796.00;106,942.50
Jan 30, 2016;Jan 31, 2016;111,533.00;33,984.00;65,480.50;618,684.50;27,900.50;3,636.75;243,614.50;256,915.25;62,034.00;42,533.75;25,536.25;103,415.25
Jan 31, 2016;Feb 1, 2016;111,900.00;37,475.75;59,400.00;443,345.75;19,957.50;3,542.50;243,064.75;276,425.50;62,929.75;39,254.00;20,276.50;98,607.75
Feb 1, 2016;Feb 2, 2016;111,992.50;43,912.00;48,074.50;504,298.00;14,783.50;3,701.25;249,591.75;329,838.75;135,228.25;50,818.25;31,752.00;120,489.50
Feb 2, 2016;Feb 3, 2016;111,682.00;42,240.00;48,937.00;653,291.25;25,385.50;3,367.75;247,145.75;284,067.00;83,527.25;50,498.25;33,589.75;110,238.75
Feb 3, 2016;Feb 4, 2016;111,820.00;40,038.00;62,151.75;485,201.25;30,858.25;3,705.25;253,649.00;314,582.50;184,436.75;53,958.50;26,738.50;114,502.75
Feb 4, 2016;Feb 5, 2016;112,532.75;39,825.25;37,613.25;340,832.25;15,194.75;3,960.00;255,790.50;373,965.00;311,496.75;52,346.25;29,287.00;141,187.50
Feb 5, 2016;Feb 6, 2016;112,898.75;40,050.25;46,324.50;220,825.25;22,660.75;4,542.25;252,913.25;397,035.25;322,898.75;63,003.50;27,807.50;139,189.50
Feb 6, 2016;Feb 7, 2016;113,074.00;39,580.75;64,381.25;344,605.50;60,223.00;4,157.50;250,880.75;358,608.75;67,509.50;40,601.25;18,875.75;100,019.25
Feb 7, 2016;Feb 8, 2016;113,249.00;38,016.50;66,275.25;455,016.75;38,073.00;3,321.00;239,439.25;280,946.75;44,267.50;35,083.50;21,466.00;96,805.50
Feb 8, 2016;Feb 9, 2016;112,635.75;37,469.50;65,496.75;682,469.50;32,281.00;3,420.75;240,921.25;266,421.50;81,301.25;45,073.50;26,452.00;107,342.75
Feb 9, 2016;Feb 10, 2016;112,818.00;39,282.25;47,099.25;575,170.00;22,973.50;3,716.50;239,952.75;304,482.00;163,769.50;47,681.50;27,787.25;110,989.00
Feb 10, 2016;Feb 11, 2016;112,818.75;40,856.50;33,983.00;379,021.25;28,640.75;3,906.00;253,371.25;390,875.50;244,308.75;62,279.25;30,386.00;136,278.75
Feb 11, 2016;Feb 12, 2016;113,161.00;40,062.25;28,528.50;302,371.50;44,044.25;3,876.50;255,073.75;403,518.50;272,767.75;67,246.50;24,676.50;139,676.00
Feb 12, 2016;Feb 13, 2016;113,136.00;37,955.25;3,484.50;85,501.00;66,407.75;4,378.50;255,284.50;448,999.50;332,738.75;77,117.25;26,371.25;137,013.75
Feb 13, 2016;Feb 14, 2016;113,120.50;36,817.00;26,451.00;131,809.75;49,372.00;4,378.00;254,923.50;427,278.50;198,562.75;55,270.50;16,417.25;111,485.75
Feb 14, 2016;Feb 15, 2016;112,589.25;36,899.00;65,868.75;225,743.50;26,909.75;4,100.50;251,137.00;388,116.75;115,407.50;51,267.00;19,174.50;93,045.75
Feb 15, 2016;Feb 16, 2016;111,625.75;37,500.00;44,282.25;174,019.25;23,474.00;4,344.00;254,694.75;425,864.25;313,748.75;60,877.00;27,473.25;142,171.25
Feb 16, 2016;Feb 17, 2016;112,350.00;39,383.00;12,293.25;63,667.75;47,474.25;4,351.25;255,505.00;433,875.00;375,842.25;99,837.25;33,611.00;148,271.50
Feb 17, 2016;Feb 18, 2016;111,688.25;38,232.25;45,524.75;157,294.25;44,220.50;4,349.75;254,908.75;430,432.00;330,359.25;78,268.00;21,776.50;137,863.75
Feb 18, 2016;Feb 19, 2016;112,250.00;38,175.75;25,063.50;57,410.50;63,591.75;4,380.75;254,961.25;422,491.50;359,792.75;81,658.00;24,652.00;143,875.75
Feb 19, 2016;Feb 20, 2016;112,579.00;38,882.75;27,347.00;83,383.50;35,426.75;4,370.75;254,582.50;426,329.00;355,744.75;71,563.50;27,114.75;148,493.75
Feb 20, 2016;Feb 21, 2016;112,753.75;37,397.50;69,424.50;535,350.00;17,515.50;3,505.50;245,381.50;321,809.00;67,709.50;43,629.75;15,483.25;98,225.00
Feb 21, 2016;Feb 22, 2016;112,769.25;41,962.50;56,880.25;581,942.75;22,521.00;3,034.25;227,532.50;251,847.00;40,358.00;33,878.00;16,584.75;97,533.50
Feb 22, 2016;Feb 23, 2016;112,300.50;41,294.25;65,445.00;496,595.50;50,116.00;3,626.50;231,379.25;343,842.50;161,301.00;47,026.75;25,118.00;112,144.50
Feb 23, 2016;Feb 24, 2016;112,313.00;39,500.50;60,160.75;239,066.00;37,722.75;4,341.75;248,525.00;398,033.25;274,311.00;56,684.75;34,251.25;129,311.25
Feb 24, 2016;Feb 25, 2016;112,666.00;40,340.50;47,084.00;217,500.50;74,176.00;4,396.50;250,473.50;361,709.75;312,357.75;66,436.50;23,339.25;129,697.75
Feb 25, 2016;Feb 26, 2016;112,412.50;38,813.75;33,413.50;129,905.75;60,593.75;4,410.00;251,915.75;364,683.75;361,093.50;74,759.00;28,450.00;138,086.75
Feb 26, 2016;Feb 27, 2016;112,458.25;39,338.00;10,994.75;83,341.50;77,859.50;4,472.75;254,315.25;352,508.50;375,639.50;73,232.25;24,810.00;148,830.75
Feb 27, 2016;Feb 28, 2016;112,727.50;36,071.75;704.00;112,073.25;110,026.00;4,522.75;230,187.75;348,002.50;214,681.00;47,251.50;11,051.25;114,016.00
Feb 28, 2016;Feb 29, 2016;113,266.75;33,806.00;7,203.25;177,703.75;71,204.00;4,520.50;250,831.50;365,925.50;135,284.25;43,551.75;13,534.00;96,533.75
Feb 29, 2016;Mar 1, 2016;112,854.75;34,689.25;5,621.00;245,315.50;43,417.25;4,503.25;253,515.75;385,860.00;292,513.00;54,100.00;25,531.25;145,610.00
Mar 1, 2016;Mar 2, 2016;112,614.00;48,689.75;51,356.00;184,072.00;47,931.25;4,696.75;252,443.25;399,896.00;317,231.75;48,516.50;29,486.00;163,874.25
Mar 2, 2016;Mar 3, 2016;112,508.00;47,366.75;32,211.00;337,946.50;33,766.75;4,590.00;251,264.25;376,518.50;290,879.25;46,019.25;22,557.50;141,416.00
Mar 3, 2016;Mar 4, 2016;111,640.25;52,322.50;9,419.25;97,876.50;52,007.25;4,590.25;253,105.75;379,917.50;364,701.75;62,646.25;29,912.75;160,451.25
Mar 4, 2016;Mar 5, 2016;112,876.00;49,038.75;42,744.25;237,401.00;74,040.00;4,696.25;252,125.75;368,784.00;273,244.25;47,429.75;16,844.00;128,135.75
Mar 5, 2016;Mar 6, 2016;113,388.00;49,431.25;15,705.75;77,219.75;41,605.00;4,775.25;253,190.25;335,627.50;228,534.00;46,540.00;21,346.00;115,749.00
Mar 6, 2016;Mar 7, 2016;113,225.75;50,338.25;11,269.50;104,469.50;49,202.50;4,773.00;252,651.75;311,750.00;186,812.50;42,691.75;13,570.50;100,966.75
Mar 7, 2016;Mar 8, 2016;112,923.75;48,039.75;9,414.50;52,878.00;72,459.75;4,777.75;254,076.25;366,657.50;360,375.00;78,728.25;28,927.50;151,038.25
Mar 8, 2016;Mar 9, 2016;112,321.50;48,090.50;11,066.00;55,098.75;75,800.00;4,755.75;254,217.25;389,359.25;390,249.00;84,352.25;26,495.75;164,774.50
Mar 9, 2016;Mar 10, 2016;111,826.00;45,100.00;41,257.75;197,477.75;119,005.25;4,681.75;251,684.50;383,331.00;294,332.00;45,100.25;21,444.50;149,601.25
Mar 10, 2016;Mar 11, 2016;112,550.25;45,054.00;20,936.50;106,896.50;96,695.00;4,675.75;253,020.75;386,451.25;315,717.00;47,489.75;19,875.75;155,365.50
Mar 11, 2016;Mar 12, 2016;113,929.00;46,830.50;8,463.50;85,351.50;68,224.25;4,773.00;253,240.50;372,470.25;303,298.00;56,068.50;27,535.00;157,134.75
Mar 12, 2016;Mar 13, 2016;113,641.25;45,171.75;5,296.50;81,123.25;62,817.25;4,758.25;253,134.00;314,122.00;228,728.25;41,377.25;13,804.25;122,255.25
Mar 13, 2016;Mar 14, 2016;113,794.00;43,555.50;3,533.75;130,389.25;61,351.75;4,807.00;251,474.00;262,717.00;138,329.00;37,905.00;11,706.50;86,063.25
Mar 14, 2016;Mar 15, 2016;112,978.75;44,000.00;3,299.25;91,215.50;132,421.50;4,734.25;252,275.00;301,978.25;263,415.25;49,055.00;21,426.25;132,790.00
Mar 15, 2016;Mar 16, 2016;111,620.50;45,678.00;16,720.25;139,956.50;35,239.25;4,740.50;252,572.75;381,320.00;320,574.00;64,263.50;30,646.25;152,310.75
Mar 16, 2016;Mar 17, 2016;112,162.00;43,598.00;12,016.00;248,274.00;108,366.00;4,618.50;250,850.50;405,926.50;275,930.25;48,557.50;20,540.25;146,452.50
Mar 17, 2016;Mar 18, 2016;112,067.50;42,144.75;12,397.25;69,682.25;157,922.25;4,497.25;251,437.75;415,478.00;310,959.00;50,339.00;22,710.00;146,308.50
Mar 18, 2016;Mar 19, 2016;113,199.00;42,014.75;31,990.75;106,601.50;111,764.25;4,672.00;250,757.50;412,568.25;302,563.00;47,870.50;22,555.25;145,453.75
Mar 19, 2016;Mar 20, 2016;113,575.50;39,296.75;38,037.75;84,271.25;74,603.25;4,691.00;249,340.50;388,080.75;250,226.00;44,210.75;9,537.75;123,533.50
Mar 20, 2016;Mar 21, 2016;113,149.25;38,851.75;53,805.50;235,849.25;63,358.25;4,744.25;247,908.50;361,798.50;123,658.25;39,840.50;15,981.50;98,353.50
Mar 21, 2016;Mar 22, 2016;112,442.75;39,665.75;58,318.50;265,770.25;62,179.75;4,430.25;247,234.00;371,226.75;267,189.75;43,962.00;23,090.00;125,518.00
Mar 22, 2016;Mar 23, 2016;112,923.00;40,048.00;30,214.50;155,450.25;69,933.75;4,701.50;249,337.00;397,408.25;315,145.00;57,667.50;24,756.75;156,337.00
Mar 23, 2016;Mar 24, 2016;112,603.50;40,730.50;23,748.00;115,957.00;62,734.25;4,690.00;249,526.50;393,501.00;334,611.25;59,662.75;21,999.25;155,439.00
Mar 24, 2016;Mar 25, 2016;112,901.00;38,286.25;12,120.75;61,611.50;72,095.50;4,777.75;248,744.25;394,643.25;326,431.00;59,069.00;27,145.00;151,744.50
Mar 25, 2016;Mar 26, 2016;113,954.75;37,445.75;24,114.75;156,888.00;34,324.50;4,694.75;248,440.25;367,292.25;221,260.00;35,089.75;18,772.75;116,065.75
Mar 26, 2016;Mar 27, 2016;112,829.75;41,453.25;43,843.25;190,213.75;126,358.25;4,368.75;240,905.50;324,687.00;68,446.75;31,435.75;14,077.25;317,401.00
Mar 27, 2016;Mar 28, 2016;108,545.75;39,207.75;56,903.50;332,887.00;88,525.75;3,668.50;209,383.50;206,621.50;41,927.25;24,501.00;21,371.25;367,124.25
Mar 28, 2016;Mar 29, 2016;113,004.75;41,109.25;63,808.25;434,391.50;93,273.00;3,782.00;219,000.75;197,570.25;43,811.00;26,483.75;16,374.00;287,259.75
Mar 29, 2016;Mar 30, 2016;112,896.50;41,896.75;48,554.50;384,218.50;106,980.25;4,101.25;245,298.50;309,139.75;140,271.75;33,192.25;28,518.75;105,982.00
Mar 30, 2016;Mar 31, 2016;112,622.50;42,087.75;47,656.25;265,739.25;69,885.75;4,268.50;244,372.50;359,132.75;239,800.25;49,283.00;19,620.25;139,840.25
Mar 31, 2016;Apr 1, 2016;112,589.00;43,938.25;13,070.25;96,523.25;89,281.75;4,290.75;244,212.00;386,953.50;280,741.75;57,222.75;25,107.00;158,445.50
Apr 1, 2016;Apr 2, 2016;113,493.25;48,267.25;8,470.00;88,797.50;105,434.00;4,374.00;239,687.50;370,026.75;287,695.00;52,905.75;27,590.25;159,999.25
Apr 2, 2016;Apr 3, 2016;113,428.50;50,973.50;21,332.00;152,470.75;141,476.50;4,251.50;212,786.00;308,545.00;153,907.50;27,641.00;16,651.00;94,920.75
Apr 3, 2016;Apr 4, 2016;112,661.25;49,844.75;22,719.75;90,055.00;124,607.50;3,857.00;210,349.00;310,557.00;102,046.00;24,880.25;17,438.25;76,135.75
Apr 4, 2016;Apr 5, 2016;110,338.50;49,866.00;32,033.00;109,277.00;114,353.75;3,770.50;211,473.00;357,765.25;282,585.50;43,091.00;23,764.50;120,069.25
Apr 5, 2016;Apr 6, 2016;107,967.75;53,916.00;17,815.25;106,046.75;97,347.00;3,753.25;212,381.50;364,199.75;307,139.50;46,923.50;24,304.50;133,061.00
Apr 6, 2016;Apr 7, 2016;111,459.75;53,761.00;54,423.75;349,582.75;111,123.00;3,887.25;210,622.50;351,037.75;182,539.25;29,343.25;21,461.75;113,851.00
Apr 7, 2016;Apr 8, 2016;111,664.25;53,854.00;65,991.00;312,922.25;95,246.50;3,916.50;195,900.25;333,128.75;257,622.00;29,111.25;22,830.75;104,261.00
Apr 8, 2016;Apr 9, 2016;111,810.75;52,395.50;15,144.75;90,483.00;112,624.00;3,934.00;175,048.25;368,480.75;324,002.00;49,719.50;30,193.25;103,475.00
Apr 9, 2016;Apr 10, 2016;112,856.75;50,688.50;14,147.00;48,373.00;114,946.00;3,879.25;160,680.00;369,278.00;223,270.50;31,056.25;12,310.50;84,114.75
Apr 10, 2016;Apr 11, 2016;112,500.00;48,837.50;36,290.00;118,200.25;128,074.50;3,970.25;156,727.25;339,604.00;108,348.50;30,933.50;9,650.75;71,330.00
Apr 11, 2016;Apr 12, 2016;111,634.50;47,966.00;57,293.75;181,478.75;159,551.75;4,025.00;158,990.25;358,421.00;220,523.00;28,421.75;23,022.75;112,184.75
Apr 12, 2016;Apr 13, 2016;111,464.00;50,455.50;36,465.00;73,035.00;125,520.50;3,951.75;159,061.25;381,994.25;321,293.25;57,141.00;24,629.75;123,547.50
Apr 13, 2016;Apr 14, 2016;111,583.25;53,339.00;4,791.75;43,180.00;105,104.75;4,044.25;159,117.25;388,381.25;342,649.00;63,856.75;27,615.00;138,707.00
Apr 14, 2016;Apr 15, 2016;111,926.75;54,487.25;2,021.75;51,601.25;125,471.25;4,107.50;158,484.25;415,444.75;315,157.50;61,007.25;23,167.25;135,899.25
Apr 15, 2016;Apr 16, 2016;111,938.25;53,106.50;4,529.75;202,050.50;77,301.50;4,127.25;158,861.00;402,585.50;231,930.50;51,462.75;24,496.25;118,077.50
Apr 16, 2016;Apr 17, 2016;111,537.75;53,024.50;34,536.00;294,114.00;94,122.50;4,069.50;153,383.75;328,495.75;78,456.25;24,488.75;16,308.50;86,377.00
Apr 17, 2016;Apr 18, 2016;113,462.50;52,146.25;46,440.50;154,027.00;87,316.25;3,821.75;157,111.25;317,442.00;68,969.00;20,685.50;16,726.50;71,995.75
Apr 18, 2016;Apr 19, 2016;111,861.25;62,492.75;56,209.25;196,635.25;119,691.75;4,061.75;158,541.25;368,675.50;181,180.00;43,769.25;30,284.50;105,886.75
Apr 19, 2016;Apr 20, 2016;109,572.50;62,333.50;55,823.75;344,897.50;127,561.50;3,989.75;155,570.00;357,682.50;155,684.75;31,107.50;19,508.75;99,860.50
Apr 20, 2016;Apr 21, 2016;109,124.25;58,953.00;25,573.50;176,335.75;191,526.25;4,129.25;155,722.75;378,021.25;187,512.75;34,148.00;18,352.50;108,270.50
Apr 21, 2016;Apr 22, 2016;109,593.75;59,888.50;13,348.50;82,554.75;208,647.75;4,061.50;157,871.00;387,062.75;257,442.25;34,745.00;24,625.25;108,735.25
Apr 22, 2016;Apr 23, 2016;109,799.75;58,160.50;31,435.25;128,681.75;171,501.00;4,018.25;157,003.00;390,126.75;259,017.25;33,391.75;18,304.00;119,898.25
Apr 23, 2016;Apr 24, 2016;110,404.00;56,448.75;31,694.50;160,853.75;89,697.00;4,078.00;156,366.50;343,781.25;160,884.50;25,669.00;15,814.25;88,974.75
Apr 24, 2016;Apr 25, 2016;112,137.50;57,432.75;20,169.75;162,649.75;136,642.25;4,192.00;153,888.50;290,291.25;95,535.50;26,619.00;21,987.00;84,900.50
Apr 25, 2016;Apr 26, 2016;111,452.50;56,738.00;18,710.25;223,380.50;119,736.00;4,204.00;157,724.50;371,056.00;248,545.75;37,531.25;25,084.25;124,692.75
Apr 26, 2016;Apr 27, 2016;109,394.50;56,667.50;13,357.50;257,021.00;96,568.00;4,094.00;157,791.75;356,867.75;304,330.75;42,850.00;31,308.75;136,667.00
Apr 27, 2016;Apr 28, 2016;109,599.00;56,803.75;42,500.50;353,589.50;106,075.25;3,884.00;157,500.00;358,183.50;263,538.50;40,504.25;19,505.00;131,865.25
Apr 28, 2016;Apr 29, 2016;109,992.50;55,200.25;17,098.00;175,709.00;146,864.50;3,943.75;157,431.25;367,155.75;310,763.75;40,149.25;29,037.00;147,660.25
Apr 29, 2016;Apr 30, 2016;109,552.00;53,880.50;54,443.50;242,445.75;161,029.75;4,176.50;156,389.25;347,735.00;258,772.50;37,273.00;25,317.75;129,529.25
Apr 30, 2016;May 1, 2016;109,497.00;50,412.25;32,769.75;117,954.25;156,373.25;3,919.25;154,991.25;360,419.00;177,960.50;30,534.50;16,469.25;80,078.00
May 1, 2016;May 2, 2016;109,409.75;49,209.25;2,557.00;189,391.25;147,930.75;3,762.50;150,175.25;326,704.75;103,239.50;28,863.25;10,666.00;84,400.75
May 2, 2016;May 3, 2016;109,227.00;55,545.75;22,377.75;58,045.75;197,182.75;3,848.00;154,578.50;377,271.00;239,682.00;35,018.00;28,867.00;109,091.25
May 3, 2016;May 4, 2016;109,305.25;53,269.00;28,072.25;181,848.75;139,148.75;3,628.75;154,143.25;372,710.00;252,736.50;38,724.00;19,047.75;121,160.75
May 4, 2016;May 5, 2016;110,393.25;54,802.25;4,895.75;85,465.50;174,183.25;3,917.50;153,574.00;366,351.25;290,433.75;37,846.25;20,989.50;124,438.00
May 5, 2016;May 6, 2016;110,590.00;51,464.75;19,025.25;116,279.25;212,709.50;3,888.75;151,967.75;309,311.75;94,293.50;31,345.50;19,741.25;74,996.75
May 6, 2016;May 7, 2016;109,824.50;48,945.00;44,026.25;208,298.50;217,568.25;3,681.75;150,770.75;311,766.00;91,100.00;31,675.75;24,713.25;85,823.00
May 7, 2016;May 8, 2016;109,136.00;49,841.25;50,785.25;262,491.25;215,961.50;3,513.25;148,773.00;250,450.50;67,184.50;23,484.25;23,513.00;69,764.50
May 8, 2016;May 9, 2016;108,159.25;49,202.75;54,632.25;344,521.50;217,820.00;3,492.75;137,526.75;193,517.75;41,742.75;22,661.75;19,986.00;71,509.25
May 9, 2016;May 10, 2016;107,845.00;53,184.25;53,627.50;314,632.75;207,426.25;3,557.75;151,000.75;314,515.75;122,129.50;34,413.00;32,849.75;96,414.25
May 10, 2016;May 11, 2016;107,657.00;56,320.50;47,679.50;220,305.25;157,709.75;3,567.75;151,164.50;339,797.00;216,479.50;44,024.25;29,387.25;110,926.50
May 11, 2016;May 12, 2016;107,912.50;58,561.75;55,565.25;240,473.50;180,637.75;3,615.50;151,620.25;342,101.50;201,656.25;29,200.75;22,662.00;100,593.50
May 12, 2016;May 13, 2016;107,713.25;62,448.75;46,709.75;292,183.25;129,859.25;3,495.50;166,812.00;341,897.75;211,246.50;36,096.00;26,843.25;106,332.75
May 13, 2016;May 14, 2016;108,374.50;64,730.50;32,104.75;181,450.75;135,923.75;3,570.25;163,802.75;331,283.75;206,462.00;38,806.50;27,422.00;102,125.75
May 14, 2016;May 15, 2016;108,494.00;65,913.00;56,762.75;328,700.50;132,004.75;3,554.00;151,571.50;255,211.00;41,024.25;28,211.25;20,256.75;67,493.00
May 15, 2016;May 16, 2016;109,561.00;64,097.75;56,444.25;341,448.50;130,934.75;3,529.00;143,438.25;200,738.50;35,382.00;21,875.75;20,909.25;67,540.50
May 16, 2016;May 17, 2016;110,429.50;60,937.00;34,777.25;236,067.50;115,657.25;3,700.25;164,669.25;303,197.50;57,120.50;23,698.50;19,895.25;66,468.00
May 17, 2016;May 18, 2016;109,131.25;62,773.75;28,152.50;181,207.75;113,156.00;3,930.00;176,455.00;331,678.25;220,532.00;46,167.00;28,840.50;115,241.00
May 18, 2016;May 19, 2016;108,289.50;62,885.25;10,533.00;75,549.50;151,709.00;3,708.00;174,209.75;370,619.25;248,957.75;52,414.25;23,893.00;134,725.25
May 19, 2016;May 20, 2016;108,266.75;62,101.75;5,495.00;52,632.50;119,794.75;3,693.50;182,014.00;367,292.25;263,706.75;61,674.75;20,560.50;143,262.50
May 20, 2016;May 21, 2016;107,874.75;65,779.25;30,276.25;154,591.25;144,397.50;3,546.25;182,825.50;366,064.25;212,594.50;50,162.75;21,507.25;133,119.50
May 21, 2016;May 22, 2016;107,843.25;62,399.25;25,773.00;94,387.75;186,839.50;3,460.00;173,919.75;334,440.25;85,412.75;31,552.50;22,867.25;81,056.75
May 22, 2016;May 23, 2016;106,279.75;58,471.00;16,866.50;203,846.75;185,443.00;3,431.75;151,931.75;274,644.50;57,755.00;21,410.75;16,527.00;67,805.25
May 23, 2016;May 24, 2016;106,220.50;64,212.75;27,120.25;142,368.25;83,885.00;3,609.00;154,813.00;338,460.00;256,444.25;50,008.75;23,259.25;135,305.75
May 24, 2016;May 25, 2016;106,240.00;68,603.50;32,180.50;166,278.00;57,671.00;3,493.50;157,058.25;355,034.00;276,709.75;64,794.50;15,788.00;142,821.50
May 25, 2016;May 26, 2016;107,047.75;68,062.00;2,810.75;27,372.75;100,660.25;3,502.00;155,646.75;369,558.25;308,450.75;68,637.75;18,606.50;153,954.00
May 26, 2016;May 27, 2016;107,649.25;67,019.25;1,749.25;16,823.75;169,097.00;3,607.00;154,057.00;359,049.25;234,677.00;47,435.25;16,860.50;111,309.25
May 27, 2016;May 28, 2016;107,982.75;66,020.00;3,824.50;31,468.00;143,397.25;3,655.50;153,578.25;356,670.25;250,046.75;36,112.25;21,398.25;126,065.25
May 28, 2016;May 29, 2016;107,597.25;68,544.25;14,949.50;60,362.50;160,592.75;3,476.50;151,348.75;334,549.25;117,061.25;31,028.50;15,825.50;78,713.50
May 29, 2016;May 30, 2016;107,146.50;67,891.25;33,785.50;123,694.75;124,927.00;3,472.00;151,030.00;304,332.00;50,021.50;29,537.50;18,435.00;68,418.75
May 30, 2016;May 31, 2016;106,097.00;68,335.25;57,786.50;194,424.75;121,134.00;3,592.00;152,052.00;326,797.25;196,987.00;39,900.00;26,658.50;96,823.00
May 31, 2016;Jun 1, 2016;106,356.00;65,191.00;35,602.50;81,006.50;141,403.00;3,624.00;153,103.00;332,836.50;275,519.00;51,448.25;23,369.00;142,501.75
Jun 1, 2016;Jun 2, 2016;105,016.25;62,157.00;47,218.50;122,098.50;99,115.25;3,543.75;160,512.00;331,599.00;264,050.00;51,656.50;24,983.25;133,714.50
Jun 2, 2016;Jun 3, 2016;104,211.75;62,645.00;47,735.00;66,561.75;119,311.25;3,623.75;182,005.25;322,982.00;261,790.50;49,008.75;26,830.25;124,180.75
Jun 3, 2016;Jun 4, 2016;105,069.75;63,572.75;17,145.50;84,538.00;135,721.75;3,509.75;184,193.50;335,876.50;258,150.00;38,276.50;22,243.50;115,413.00
Jun 4, 2016;Jun 5, 2016;104,637.00;64,512.50;7,330.25;47,918.25;163,818.75;3,170.75;184,038.00;321,000.00;146,750.00;27,335.50;20,538.75;73,985.00
Jun 5, 2016;Jun 6, 2016;103,753.75;63,870.50;10,500.50;38,721.00;169,854.00;3,197.50;180,632.25;294,398.50;89,332.25;26,826.75;17,710.75;64,002.75
Jun 6, 2016;Jun 7, 2016;103,843.25;64,374.75;4,012.00;60,352.75;217,344.25;3,168.75;187,348.75;292,338.50;265,994.25;31,041.25;20,345.75;113,776.75
Jun 7, 2016;Jun 8, 2016;103,798.75;65,486.75;3,606.00;46,855.25;214,922.00;3,172.50;211,812.50;317,787.50;288,597.25;29,285.75;20,422.00;110,592.75
Jun 8, 2016;Jun 9, 2016;103,463.00;66,058.75;37,328.75;120,507.25;160,186.00;3,180.00;215,021.50;339,409.75;258,299.75;30,457.25;17,489.75;108,638.00
Jun 9, 2016;Jun 10, 2016;105,055.50;63,488.75;20,119.50;78,251.25;155,236.50;3,170.75;215,292.75;338,456.00;259,155.25;43,416.75;19,737.25;122,270.50
Jun 10, 2016;Jun 11, 2016;105,751.00;60,473.50;27,432.75;126,094.50;220,841.75;3,150.75;214,986.00;325,747.75;181,939.50;29,470.25;21,666.25;96,659.50
Jun 11, 2016;Jun 12, 2016;105,772.75;64,158.50;5,472.00;34,276.25;134,774.50;3,207.50;187,133.00;321,437.00;169,692.00;26,971.75;13,507.25;71,865.25
Jun 12, 2016;Jun 13, 2016;105,388.50;65,891.25;22,689.00;63,345.00;120,360.00;3,184.50;183,028.25;321,689.75;76,925.50;26,576.25;15,600.00;67,842.50
Jun 13, 2016;Jun 14, 2016;105,682.50;68,427.75;32,052.00;77,039.00;116,441.50;3,160.00;183,403.00;343,395.00;260,425.75;47,377.25;25,541.50;115,328.25
Jun 14, 2016;Jun 15, 2016;105,414.00;67,328.00;12,707.75;57,016.50;135,005.75;3,158.00;183,581.25;328,483.75;312,349.50;50,241.75;24,881.75;138,868.75
Jun 15, 2016;Jun 16, 2016;105,410.50;64,440.00;740.25;51,433.00;142,131.75;3,120.00;183,380.25;333,593.25;322,621.50;52,450.75;27,655.25;140,115.00
Jun 16, 2016;Jun 17, 2016;105,665.25;64,894.25;171.50;33,995.00;136,231.25;3,061.50;207,459.00;352,107.75;323,073.00;36,293.00;23,015.25;93,001.50
Jun 17, 2016;Jun 18, 2016;106,035.25;57,907.25;5,704.50;142,427.00;117,882.50;3,095.25;205,741.00;365,809.75;245,066.75;39,944.50;24,167.25;110,245.75
Jun 18, 2016;Jun 19, 2016;105,685.00;53,335.50;22,543.75;129,828.00;166,886.25;3,146.00;212,392.00;330,316.50;95,110.00;32,176.75;22,746.25;68,353.50
Jun 19, 2016;Jun 20, 2016;105,498.50;59,528.75;20,697.50;74,136.75;138,537.50;3,208.00;211,974.50;294,907.25;66,123.25;31,631.50;26,570.25;70,152.75
Jun 20, 2016;Jun 21, 2016;104,783.00;59,978.00;46,874.00;164,831.00;185,489.00;3,162.00;211,293.00;303,623.25;162,394.25;37,232.50;23,706.25;111,125.25
Jun 21, 2016;Jun 22, 2016;104,168.00;63,302.50;5,942.25;105,394.00;131,173.50;3,129.75;209,934.50;299,389.75;270,357.75;50,287.50;31,932.25;143,129.00
Jun 22, 2016;Jun 23, 2016;103,792.50;64,453.25;9,467.25;43,811.25;185,632.25;3,054.50;209,326.75;298,287.75;320,222.00;38,219.00;32,151.00;156,754.75
Jun 23, 2016;Jun 24, 2016;102,320.25;65,047.75;18,683.25;118,786.25;229,712.00;3,018.75;207,719.75;286,932.25;312,401.75;38,515.50;32,575.25;126,852.00
Jun 24, 2016;Jun 25, 2016;102,644.50;65,253.25;16,487.50;96,114.25;198,066.25;3,016.50;207,009.00;300,010.75;295,046.50;35,643.75;26,921.25;114,711.75
Jun 25, 2016;Jun 26, 2016;104,363.00;63,657.25;5,849.00;111,968.25;134,963.75;3,037.25;208,526.00;304,057.25;155,781.25;28,018.25;27,611.75;75,089.50
Jun 26, 2016;Jun 27, 2016;105,188.50;62,147.00;21,498.75;158,147.25;160,403.75;3,083.50;195,980.75;272,515.75;57,258.25;26,517.00;22,014.50;73,603.25
Jun 27, 2016;Jun 28, 2016;104,764.50;59,803.25;30,330.75;144,637.25;168,832.25;3,041.00;207,312.00;337,515.75;177,847.25;34,533.75;21,794.25;112,426.75
Jun 28, 2016;Jun 29, 2016;104,731.00;64,019.25;9,146.50;56,530.75;177,451.75;3,002.25;204,372.75;330,380.75;266,938.25;49,157.50;28,256.75;125,925.25
Jun 29, 2016;Jun 30, 2016;104,864.25;67,458.25;31,335.75;208,022.75;181,636.25;2,992.25;205,507.00;321,005.25;213,514.00;31,830.25;24,214.00;122,448.75
Jun 30, 2016;Jul 1, 2016;105,082.50;68,299.75;25,305.75;125,623.50;123,377.25;3,002.50;206,758.50;315,747.75;283,641.75;46,520.50;33,442.75;133,551.50
Jul 1, 2016;Jul 2, 2016;104,684.25;68,331.00;42,032.50;200,987.25;167,246.75;2,580.00;205,489.25;316,559.50;210,374.25;29,661.25;22,941.25;100,978.00
Jul 2, 2016;Jul 3, 2016;105,380.75;69,030.75;53,624.25;219,409.75;105,326.75;2,605.25;204,442.75;316,419.50;56,735.75;25,713.50;17,173.50;75,687.00
Jul 3, 2016;Jul 4, 2016;105,456.75;66,576.50;43,877.50;159,069.75;161,292.50;2,616.50;205,394.25;253,427.00;67,156.25;25,913.75;18,450.50;71,239.25
Jul 4, 2016;Jul 5, 2016;104,233.50;68,912.75;11,011.75;49,478.25;183,602.75;2,583.00;206,636.00;302,811.25;245,408.75;44,004.25;31,055.75;173,958.25
Jul 5, 2016;Jul 6, 2016;103,729.00;67,995.00;38,882.75;258,876.25;166,213.25;2,565.25;206,255.75;323,051.50;172,298.50;37,002.75;23,473.25;104,455.75
Jul 6, 2016;Jul 7, 2016;104,700.25;67,989.75;61,583.00;398,791.50;182,115.50;2,585.50;212,648.75;282,398.25;84,224.75;33,863.50;25,867.25;79,022.25
Jul 7, 2016;Jul 8, 2016;104,828.00;67,969.50;34,236.50;93,178.25;217,734.75;2,576.50;215,230.75;348,861.75;198,907.00;32,617.00;24,365.25;87,282.00
Jul 8, 2016;Jul 9, 2016;104,272.75;66,531.50;34,884.00;174,634.00;170,853.25;2,557.25;214,876.25;363,428.25;194,235.75;32,664.50;25,287.25;88,909.50
Jul 9, 2016;Jul 10, 2016;104,592.00;66,196.50;32,608.25;194,242.25;180,613.00;2,546.25;214,131.25;344,780.50;53,351.25;28,714.00;30,783.00;70,962.25
Jul 10, 2016;Jul 11, 2016;103,457.75;64,786.75;48,326.00;133,867.75;213,022.25;2,551.25;208,445.75;325,499.75;50,417.75;27,737.50;25,592.50;65,314.00
Jul 11, 2016;Jul 12, 2016;101,283.25;66,286.00;59,701.75;275,330.00;167,830.25;2,544.75;209,768.25;364,473.25;129,479.75;35,609.25;26,280.25;91,280.75
Jul 12, 2016;Jul 13, 2016;102,322.00;65,103.00;31,576.25;140,231.25;118,049.50;2,548.25;213,502.25;373,845.00;234,991.50;36,841.75;25,019.25;122,294.75
Jul 13, 2016;Jul 14, 2016;101,803.50;60,275.25;5,486.50;55,341.75;123,383.75;2,561.75;216,202.00;375,979.75;279,286.75;47,432.25;18,760.75;128,766.50
Jul 14, 2016;Jul 15, 2016;103,935.50;57,342.75;50,990.00;239,022.75;117,363.25;2,549.50;214,368.75;373,573.25;118,243.50;34,297.50;17,436.25;91,668.75
Jul 15, 2016;Jul 16, 2016;104,110.25;60,867.00;50,172.00;273,185.75;129,006.00;2,620.75;204,821.00;350,981.75;99,877.00;33,809.00;29,160.00;97,725.00
Jul 16, 2016;Jul 17, 2016;103,633.00;64,555.25;34,587.75;98,933.75;157,543.00;2,651.25;182,907.25;365,042.25;95,804.25;31,338.25;18,430.75;78,114.75
Jul 17, 2016;Jul 18, 2016;103,090.00;66,354.00;15,394.50;91,407.75;140,821.75;2,595.25;183,228.75;367,329.00;90,673.25;28,608.25;17,867.75;76,801.75
Jul 18, 2016;Jul 19, 2016;102,506.50;67,867.25;17,614.25;91,207.50;185,381.75;2,552.00;189,862.50;361,017.25;227,063.50;39,202.00;28,003.75;128,060.50
Jul 19, 2016;Jul 20, 2016;102,593.75;69,305.50;4,655.00;36,659.25;208,400.75;2,590.00;189,543.75;351,297.00;251,490.50;55,844.50;28,442.75;146,433.25
Jul 20, 2016;Jul 21, 2016;102,019.75;68,229.50;38,330.75;93,552.25;221,744.00;2,601.50;188,345.25;363,628.50;236,286.50;47,494.00;26,062.25;144,985.75
Jul 21, 2016;Jul 22, 2016;102,224.00;68,913.25;8,871.75;87,654.50;139,662.25;2,574.00;188,304.00;370,533.50;264,257.50;53,534.00;26,538.25;140,959.00
Jul 22, 2016;Jul 23, 2016;102,452.50;68,463.75;9,646.00;56,599.00;172,881.25;2,666.00;187,988.75;360,243.50;288,891.75;46,457.50;20,906.00;134,044.75
Jul 23, 2016;Jul 24, 2016;103,265.25;68,214.50;4,250.25;39,820.50;138,544.00;2,656.25;187,874.25;340,381.00;209,340.75;26,290.00;18,306.75;84,269.50
Jul 24, 2016;Jul 25, 2016;103,252.00;68,810.25;510.50;17,008.50;164,821.50;2,663.50;187,576.50;326,408.50;173,964.75;24,539.25;12,135.50;67,482.50
Jul 25, 2016;Jul 26, 2016;102,510.25;69,907.50;12,767.00;31,041.00;159,208.75;2,668.25;188,301.50;327,500.50;292,607.00;52,553.75;26,277.75;136,426.00
Jul 26, 2016;Jul 27, 2016;102,216.75;70,506.50;4,689.25;36,016.25;151,242.75;2,671.75;187,762.50;329,287.00;324,646.75;54,695.75;21,560.50;136,262.50
Jul 27, 2016;Jul 28, 2016;102,544.00;71,030.25;16,692.75;66,366.00;144,980.00;2,668.00;188,549.50;339,223.00;329,596.50;55,719.50;17,966.00;135,522.75
Jul 28, 2016;Jul 29, 2016;103,181.25;71,365.00;3,478.00;44,607.00;143,427.50;2,698.75;189,043.00;347,713.25;309,940.50;54,561.00;21,127.25;147,036.25
Jul 29, 2016;Jul 30, 2016;102,354.50;71,784.50;7,482.25;115,064.25;149,903.25;2,683.75;188,256.75;354,491.50;261,750.50;33,680.50;22,071.50;124,613.50
Jul 30, 2016;Jul 31, 2016;102,492.50;68,766.00;10,948.75;108,116.00;163,954.50;2,659.75;180,694.50;348,362.75;167,758.50;20,654.75;18,613.25;82,145.25
Jul 31, 2016;Aug 1, 2016;102,451.75;66,271.75;7,204.50;52,296.00;96,641.00;2,684.75;177,580.00;358,077.75;162,884.50;21,659.25;8,966.50;70,197.25
Aug 1, 2016;Aug 2, 2016;104,701.25;69,396.75;25,573.75;119,175.50;171,733.75;3,047.50;190,220.50;356,739.25;191,334.50;41,325.50;16,874.00;102,843.25
Aug 2, 2016;Aug 3, 2016;104,499.50;69,482.00;7,860.25;76,135.75;82,123.25;3,083.25;191,094.25;354,250.00;258,101.75;48,963.50;20,296.50;138,505.75
Aug 3, 2016;Aug 4, 2016;105,063.00;68,393.25;46,494.75;222,777.50;101,856.75;3,062.25;189,984.75;354,258.75;238,394.25;43,974.75;18,960.75;111,273.00
Aug 4, 2016;Aug 5, 2016;105,058.50;67,134.75;55,252.50;197,602.25;136,499.75;3,025.75;188,522.50;340,568.75;231,399.50;50,367.25;23,749.50;111,227.75
Aug 5, 2016;Aug 6, 2016;105,507.50;64,968.50;26,970.75;109,953.75;104,523.25;3,160.50;189,458.50;337,757.25;222,222.75;49,840.25;26,047.50;111,650.75
Aug 6, 2016;Aug 7, 2016;105,320.25;62,242.75;26,624.25;139,533.25;141,835.75;3,066.75;203,856.00;301,813.00;92,805.25;25,758.75;15,261.00;69,745.50
Aug 7, 2016;Aug 8, 2016;105,250.25;68,352.50;57,484.00;152,434.25;198,063.75;3,152.00;193,731.75;237,812.00;50,882.25;23,620.75;18,076.25;64,926.50
Aug 8, 2016;Aug 9, 2016;104,799.50;71,724.00;71,437.25;290,219.75;172,574.75;3,136.50;210,013.25;327,552.00;98,867.00;29,062.00;22,229.50;77,542.00
Aug 9, 2016;Aug 10, 2016;105,400.50;71,054.25;59,324.25;134,772.25;110,443.25;3,043.75;218,919.25;342,843.25;168,677.50;44,076.75;22,068.00;93,425.75
Aug 10, 2016;Aug 11, 2016;106,369.00;69,148.75;53,628.75;125,795.50;127,482.75;3,055.25;220,986.75;323,274.50;151,551.50;47,187.00;26,404.00;94,586.75
Aug 11, 2016;Aug 12, 2016;106,937.00;70,382.50;25,774.00;169,186.00;145,302.25;3,095.00;221,010.50;322,496.75;146,218.25;40,037.25;25,069.75;103,527.25
Aug 12, 2016;Aug 13, 2016;106,981.25;72,365.25;36,737.00;151,057.75;63,613.75;3,066.00;220,449.50;326,272.75;162,010.50;29,718.00;28,433.25;103,627.75
Aug 13, 2016;Aug 14, 2016;106,853.25;70,637.75;48,802.00;226,259.50;175,705.75;3,039.00;219,494.25;308,009.50;57,111.00;22,896.50;24,027.50;68,339.75
Aug 14, 2016;Aug 15, 2016;106,438.25;68,625.25;19,591.00;83,095.75;166,927.75;3,020.75;218,201.50;322,501.75;75,905.25;24,067.00;13,228.25;66,717.50
Aug 15, 2016;Aug 16, 2016;104,833.25;66,718.25;6,257.00;58,938.75;173,784.50;3,035.75;217,688.25;336,727.00;151,215.50;27,297.75;19,375.50;82,860.00
Aug 16, 2016;Aug 17, 2016;104,781.50;67,398.75;5,556.75;56,758.00;183,882.75;3,042.00;243,459.00;363,853.75;232,359.75;58,595.75;24,744.25;90,444.75
Aug 17, 2016;Aug 18, 2016;104,399.75;68,075.00;4,029.75;42,965.50;188,332.50;3,036.25;251,973.75;361,147.50;227,685.00;72,313.50;27,159.75;101,166.25
Aug 18, 2016;Aug 19, 2016;104,821.00;67,508.50;9,157.50;41,851.00;161,677.25;3,049.75;252,225.00;363,514.25;242,985.50;82,132.25;22,348.25;122,078.00
Aug 19, 2016;Aug 20, 2016;104,358.00;66,666.75;6,587.50;31,506.75;166,275.75;3,044.00;250,029.25;361,757.25;226,757.50;80,613.00;29,647.00;117,299.75
Aug 20, 2016;Aug 21, 2016;104,633.75;64,479.75;34,212.00;112,017.25;110,186.00;3,051.75;249,220.25;331,121.50;105,321.00;33,252.00;18,206.25;86,405.75
Aug 21, 2016;Aug 22, 2016;104,865.75;62,802.25;41,979.50;204,803.00;125,987.00;3,088.00;240,218.50;277,532.75;64,748.00;22,536.50;19,357.00;81,839.00
Aug 22, 2016;Aug 23, 2016;104,958.25;63,461.75;33,516.00;150,695.25;125,144.75;3,104.00;250,496.00;345,989.25;173,209.75;76,638.50;25,705.75;118,419.75
Aug 23, 2016;Aug 24, 2016;104,316.25;63,127.75;6,234.25;59,903.00;172,383.00;3,079.75;247,552.00;345,583.25;218,369.00;110,475.50;31,149.25;125,673.75
Aug 24, 2016;Aug 25, 2016;103,467.75;61,862.75;18,562.00;85,997.25;197,841.00;3,079.50;245,943.00;353,395.25;234,632.75;106,538.50;22,535.50;123,646.00
Aug 25, 2016;Aug 26, 2016;102,525.25;61,635.50;11,676.75;170,826.25;199,405.25;3,078.25;246,308.75;360,895.50;231,003.00;100,939.75;25,233.00;99,147.75
Aug 26, 2016;Aug 27, 2016;102,537.50;59,236.50;19,380.50;124,745.25;191,313.25;3,059.00;244,580.75;370,279.00;214,913.50;102,098.75;26,596.50;101,508.00
Aug 27, 2016;Aug 28, 2016;103,167.00;57,026.50;10,313.00;66,178.50;185,593.00;3,047.25;240,634.25;371,668.50;141,109.25;58,953.25;16,879.00;93,258.75
Aug 28, 2016;Aug 29, 2016;102,261.50;56,260.00;41,180.75;179,103.25;162,508.25;3,005.25;232,930.00;352,540.75;89,657.00;27,981.75;18,243.25;71,262.25
Aug 29, 2016;Aug 30, 2016;103,675.00;59,854.50;41,188.25;199,330.00;109,810.75;2,985.75;241,045.50;352,615.00;211,828.00;82,417.00;30,849.75;108,558.00
Aug 30, 2016;Aug 31, 2016;104,181.75;60,873.75;19,973.75;74,749.50;178,617.00;3,070.50;242,636.00;358,131.25;251,371.25;102,146.75;23,211.00;129,070.50
Aug 31, 2016;Sep 1, 2016;105,163.00;58,687.50;7,944.00;56,433.50;188,464.75;3,029.75;241,237.25;370,678.00;246,860.00;101,791.00;27,656.50;132,276.50
Sep 1, 2016;Sep 2, 2016;103,684.75;59,141.25;12,956.25;64,705.75;147,092.75;2,863.00;239,208.75;369,410.00;246,487.00;102,330.50;22,737.25;150,869.25
Sep 2, 2016;Sep 3, 2016;104,744.25;57,672.75;36,476.00;65,445.25;164,306.25;2,871.25;226,649.25;351,472.25;251,776.75;76,483.00;24,150.25;143,951.25
Sep 3, 2016;Sep 4, 2016;104,743.25;54,418.00;13,471.25;97,063.25;136,417.75;2,895.50;214,763.75;327,761.00;170,387.50;28,725.00;24,685.75;109,564.00
Sep 4, 2016;Sep 5, 2016;104,650.25;50,483.50;22,139.50;239,946.00;77,085.75;2,928.75;216,188.00;340,412.25;99,714.25;29,435.25;18,625.25;97,428.00
Sep 5, 2016;Sep 6, 2016;103,841.75;53,354.50;7,501.75;152,568.75;92,802.50;2,971.50;217,589.50;365,398.25;242,484.00;74,449.75;36,964.00;147,999.50
Sep 6, 2016;Sep 7, 2016;103,981.50;61,776.75;9,435.25;33,932.00;160,061.75;2,964.50;217,460.25;352,171.50;274,545.75;103,572.50;20,768.75;153,052.75
Sep 7, 2016;Sep 8, 2016;104,270.25;59,792.75;4,710.50;75,651.00;178,618.75;2,933.50;215,273.00;362,184.25;255,971.25;104,053.25;21,259.50;145,686.75
Sep 8, 2016;Sep 9, 2016;103,201.00;57,521.50;16,342.75;98,587.50;177,860.75;2,926.25;216,660.00;367,910.00;236,613.25;98,774.00;32,692.75;142,892.00
Sep 9, 2016;Sep 10, 2016;103,274.25;56,153.25;10,405.75;58,997.75;154,785.00;2,907.00;217,050.25;376,124.75;244,493.00;103,347.00;25,807.75;139,000.50
Sep 10, 2016;Sep 11, 2016;103,319.75;51,567.25;17,796.00;34,509.25;162,472.50;2,924.25;213,559.50;367,530.75;179,523.75;59,180.00;15,925.00;103,893.25
Sep 11, 2016;Sep 12, 2016;103,038.00;49,084.00;20,435.50;54,089.50;146,759.75;2,896.75;215,617.75;359,180.00;136,287.00;55,696.00;13,790.75;84,690.00
Sep 12, 2016;Sep 13, 2016;102,745.00;50,034.25;13,320.50;74,680.25;164,975.25;2,916.25;212,258.00;370,236.75;248,753.25;99,306.75;32,481.00;131,285.75
Sep 13, 2016;Sep 14, 2016;102,380.00;53,010.75;23,970.50;126,546.75;163,843.50;3,122.00;212,531.50;333,916.50;255,112.50;105,433.25;25,057.75;126,660.25
Sep 14, 2016;Sep 15, 2016;102,546.50;50,620.50;46,153.75;179,416.25;161,425.50;3,121.50;213,319.75;351,465.75;229,031.50;96,886.25;20,738.25;130,010.00
Sep 15, 2016;Sep 16, 2016;102,197.00;48,569.25;49,200.00;227,565.00;153,040.00;3,128.50;217,702.00;340,682.50;202,219.75;78,297.00;21,352.75;135,225.25
Sep 16, 2016;Sep 17, 2016;103,770.75;46,348.00;18,899.25;82,582.25;99,221.00;3,311.75;221,484.25;364,767.25;270,145.75;103,714.50;27,968.25;142,201.00
Sep 17, 2016;Sep 18, 2016;104,635.25;54,955.50;18,614.00;152,988.75;49,467.50;3,381.25;222,149.75;360,343.25;166,982.25;57,160.75;13,687.00;95,198.00
Sep 18, 2016;Sep 19, 2016;106,200.25;58,539.00;21,873.75;179,124.50;64,650.50;3,337.50;221,200.75;385,768.25;118,668.25;42,227.50;10,638.00;99,253.75
Sep 19, 2016;Sep 20, 2016;106,385.00;57,862.50;3,278.00;56,218.00;60,987.75;3,714.50;222,570.25;405,982.25;286,636.25;106,344.50;22,631.75;138,044.75
Sep 20, 2016;Sep 21, 2016;105,146.75;62,660.00;4,021.00;19,781.50;79,268.25;3,645.50;222,650.25;411,262.25;303,563.75;115,896.25;20,537.25;148,591.50
Sep 21, 2016;Sep 22, 2016;104,594.25;58,066.25;3,313.00;32,751.25;130,398.75;3,845.50;222,646.75;403,096.75;291,445.50;113,248.75;19,096.25;145,995.00
Sep 22, 2016;Sep 23, 2016;105,728.50;54,078.75;8,141.25;24,641.25;146,985.00;3,775.25;240,247.25;399,549.75;284,790.75;105,415.00;18,663.50;128,900.00
Sep 23, 2016;Sep 24, 2016;105,877.75;52,440.00;14,616.75;56,637.75;123,529.25;3,696.75;255,291.50;391,343.75;290,093.50;71,374.50;20,705.25;114,034.00
Sep 24, 2016;Sep 25, 2016;105,628.75;49,505.00;22,120.50;57,269.50;147,247.00;3,603.50;252,009.25;388,363.00;166,124.25;59,771.00;14,980.75;82,069.75
Sep 25, 2016;Sep 26, 2016;105,436.25;45,093.50;44,657.75;139,049.25;153,541.00;3,459.50;249,929.00;366,572.00;101,963.50;34,903.25;15,772.50;80,051.50
Sep 26, 2016;Sep 27, 2016;105,841.25;46,528.00;4,797.25;55,304.25;111,499.00;3,670.25;251,924.00;370,885.00;297,023.75;99,626.50;34,607.00;134,964.00
Sep 27, 2016;Sep 28, 2016;105,463.00;48,738.75;27,905.50;41,970.25;123,346.00;3,463.25;251,050.25;379,868.50;307,418.50;103,271.25;25,955.25;150,767.25
Sep 28, 2016;Sep 29, 2016;105,182.00;48,037.25;73,842.75;386,929.50;101,805.00;3,157.75;243,203.50;345,563.75;120,589.00;36,567.50;24,010.50;91,346.50
Sep 29, 2016;Sep 30, 2016;105,034.75;44,201.75;74,557.75;448,645.75;127,188.00;3,267.25;249,714.00;333,768.50;111,061.75;33,489.00;17,745.25;99,424.50
Sep 30, 2016;Oct 1, 2016;105,452.00;44,564.25;66,018.50;189,932.00;87,732.25;3,462.00;252,157.50;365,461.50;200,875.25;80,860.00;29,236.25;145,027.00
Oct 1, 2016;Oct 2, 2016;105,581.75;43,212.25;12,530.50;94,293.00;65,258.25;3,646.75;252,204.00;342,829.75;167,345.50;80,764.00;17,339.00;139,807.50
Oct 2, 2016;Oct 3, 2016;106,110.00;40,327.25;13,050.25;172,017.00;69,869.50;3,620.00;252,380.25;334,178.00;112,812.75;74,937.75;16,474.50;337,416.00
Oct 3, 2016;Oct 4, 2016;106,863.00;41,825.75;47,061.50;142,069.25;66,700.00;3,804.75;250,069.00;371,232.50;107,119.00;77,706.25;14,649.75;93,060.00
Oct 4, 2016;Oct 5, 2016;106,531.75;42,230.25;59,532.00;296,689.50;77,265.75;3,875.25;251,219.75;359,436.00;168,868.50;60,485.75;21,146.75;142,376.00
Oct 5, 2016;Oct 6, 2016;106,806.50;41,609.25;60,112.50;314,971.50;108,762.00;3,888.00;252,309.50;359,687.75;168,628.50;67,741.50;21,765.25;147,843.50
Oct 6, 2016;Oct 7, 2016;107,302.00;40,750.75;62,223.75;295,008.50;28,995.50;3,838.75;250,011.50;369,765.75;228,432.75;98,931.00;26,644.25;148,435.00
Oct 7, 2016;Oct 8, 2016;107,845.25;45,018.50;40,631.75;114,202.00;43,970.00;3,906.75;254,293.00;404,674.00;266,825.25;121,647.00;26,565.25;167,627.50
Oct 8, 2016;Oct 9, 2016;107,796.25;41,942.50;33,553.75;107,297.00;56,456.50;3,956.50;254,629.00;386,071.00;211,234.25;74,327.25;14,981.75;136,943.50
Oct 9, 2016;Oct 10, 2016;107,551.25;37,575.25;27,546.75;45,967.50;68,378.00;3,979.50;255,563.25;379,266.00;201,019.00;84,106.50;17,369.00;140,531.50
Oct 10, 2016;Oct 11, 2016;107,281.00;39,846.75;16,851.75;14,483.25;64,503.25;3,984.50;255,501.00;385,642.50;322,806.50;124,482.50;35,314.25;175,013.75
Oct 11, 2016;Oct 12, 2016;107,043.00;39,714.00;64,106.25;106,724.00;48,842.75;3,879.75;250,041.75;376,814.00;319,608.75;109,030.00;22,338.50;177,418.75
Oct 12, 2016;Oct 13, 2016;107,017.50;37,640.75;71,095.75;131,442.50;47,868.50;3,905.50;251,708.75;391,654.00;295,923.25;100,501.00;25,214.50;179,900.25
Oct 13, 2016;Oct 14, 2016;107,065.00;35,685.50;65,048.75;255,866.00;53,252.75;3,958.50;251,787.00;377,626.50;232,785.25;76,158.25;24,562.00;169,556.50
Oct 14, 2016;Oct 15, 2016;108,048.75;31,815.00;75,780.00;355,408.00;69,784.00;3,920.00;254,407.50;372,640.50;156,624.50;58,524.50;21,837.25;143,585.50
Oct 15, 2016;Oct 16, 2016;108,148.25;33,269.25;57,640.50;183,777.75;55,677.50;3,846.25;252,692.25;400,567.50;139,423.25;55,590.25;24,268.50;125,375.50
Oct 16, 2016;Oct 17, 2016;107,664.75;32,589.75;35,473.25;75,066.50;97,232.25;3,900.75;252,284.25;386,082.25;128,204.25;59,993.25;16,806.75;128,999.75
Oct 17, 2016;Oct 18, 2016;106,875.75;32,703.25;32,090.75;116,676.50;46,779.50;3,913.75;252,793.75;387,637.25;282,148.50;116,440.00;39,936.25;190,103.25
Oct 18, 2016;Oct 19, 2016;106,833.75;34,957.50;41,414.75;109,347.75;42,428.00;3,959.50;252,512.00;391,934.00;284,763.75;108,947.75;29,398.50;205,339.75
Oct 19, 2016;Oct 20, 2016;107,241.75;34,951.50;18,826.25;185,476.75;38,170.00;4,046.50;253,719.25;393,457.50;298,075.25;109,321.00;18,163.25;200,947.50
Oct 20, 2016;Oct 21, 2016;107,647.75;36,256.00;60,252.00;95,963.75;38,409.25;4,074.75;254,288.50;395,809.50;304,141.50;108,151.75;24,603.25;195,976.75
Oct 21, 2016;Oct 22, 2016;108,760.75;38,826.25;58,150.50;62,800.50;28,980.00;4,011.50;254,121.50;383,506.75;321,342.75;105,574.00;25,761.25;195,436.00
Oct 22, 2016;Oct 23, 2016;109,036.00;39,327.75;42,253.00;42,796.00;42,324.50;4,096.50;254,532.50;366,372.50;254,145.50;77,557.00;18,578.50;137,569.50
Oct 23, 2016;Oct 24, 2016;108,842.75;35,655.75;20,736.50;43,817.00;60,492.75;4,083.00;253,890.25;373,986.25;181,607.00;79,824.75;12,760.50;128,745.00
Oct 24, 2016;Oct 25, 2016;108,360.25;32,501.25;35,671.25;77,838.00;34,942.50;3,909.75;252,175.75;382,152.75;311,049.00;116,497.25;29,177.25;170,773.00
Oct 25, 2016;Oct 26, 2016;108,480.75;39,474.50;7,944.50;40,151.25;24,539.75;3,904.00;252,553.25;385,191.25;316,491.50;126,972.00;33,190.00;181,577.25
Oct 26, 2016;Oct 27, 2016;107,759.75;47,562.50;35,182.75;28,639.50;35,981.00;3,935.75;253,522.25;390,063.25;298,881.25;118,275.75;22,877.75;179,751.00
Oct 27, 2016;Oct 28, 2016;108,525.00;43,812.25;61,706.75;150,219.50;46,394.00;4,243.75;251,375.00;403,355.25;260,087.50;89,055.50;25,827.25;159,635.50
Oct 28, 2016;Oct 29, 2016;108,437.75;38,461.50;73,844.50;314,564.50;40,015.00;4,161.00;248,570.75;368,580.00;170,492.50;77,026.75;23,681.25;138,738.00
Oct 29, 2016;Oct 30, 2016;108,711.00;37,787.75;54,558.75;227,123.00;49,989.75;4,269.50;251,907.25;357,202.75;130,718.25;48,983.00;18,189.00;341,602.25
Oct 30, 2016;Oct 31, 2016;113,614.75;36,296.50;9,924.50;100,188.25;65,406.25;4,595.75;251,216.50;407,130.75;173,476.00;43,780.25;16,534.25;131,443.75
Oct 31, 2016;Nov 1, 2016;108,907.50;34,388.25;9,826.50;43,104.25;62,066.75;4,731.25;252,882.50;424,104.00;264,189.25;84,716.75;22,588.50;147,421.50
Nov 1, 2016;Nov 2, 2016;108,876.25;34,057.00;69,289.50;170,005.50;54,057.00;4,407.50;252,835.50;427,434.00;156,405.50;46,218.50;16,251.00;128,551.50
Nov 2, 2016;Nov 3, 2016;108,560.50;32,802.00;60,428.75;373,325.00;39,837.50;4,433.75;252,356.25;368,745.75;207,799.50;55,087.00;21,282.00;145,472.00
Nov 3, 2016;Nov 4, 2016;109,771.50;34,380.00;20,664.25;100,495.00;54,630.75;4,716.50;253,335.50;414,448.50;334,004.75;96,747.75;32,034.75;185,276.75
Nov 4, 2016;Nov 5, 2016;110,041.50;35,138.75;56,235.25;201,097.50;46,152.50;4,689.75;253,055.25;421,411.00;282,058.50;63,883.00;26,830.00;168,676.75
Nov 5, 2016;Nov 6, 2016;110,461.50;35,239.25;21,965.25;158,144.25;18,560.00;4,716.00;252,583.75;429,317.75;238,795.75;54,366.00;21,540.50;151,280.25
Nov 6, 2016;Nov 7, 2016;110,066.50;36,511.00;38,551.00;161,572.25;23,130.75;4,672.00;251,519.00;439,529.25;153,165.00;54,312.25;15,804.00;142,905.25
Nov 7, 2016;Nov 8, 2016;110,222.75;41,608.00;54,741.00;111,629.50;22,876.00;4,401.50;252,599.50;429,146.50;282,271.50;105,282.75;26,204.50;173,870.25
Nov 8, 2016;Nov 9, 2016;110,095.50;42,588.00;17,734.25;91,495.50;27,039.00;4,788.50;252,568.25;427,144.00;340,493.50;133,690.75;33,727.50;202,117.00
Nov 9, 2016;Nov 10, 2016;108,759.25;41,062.00;15,689.75;108,634.75;37,870.00;4,752.00;252,640.25;422,900.75;332,098.25;132,621.00;29,936.75;194,385.25
Nov 10, 2016;Nov 11, 2016;109,422.25;41,001.00;19,740.50;109,551.75;19,279.50;4,791.50;251,640.25;425,912.00;339,111.25;128,885.75;29,429.00;199,049.00
Nov 11, 2016;Nov 12, 2016;109,253.00;43,781.50;20,834.00;91,140.75;21,117.00;4,811.00;252,528.50;393,286.00;356,291.25;140,275.75;29,286.00;195,075.50
Nov 12, 2016;Nov 13, 2016;110,125.25;41,759.75;50,686.50;60,060.50;33,756.75;4,810.75;253,045.75;402,461.25;255,973.25;86,838.25;12,932.50;150,803.25
Nov 13, 2016;Nov 14, 2016;109,519.75;39,524.50;35,729.75;123,144.00;45,873.75;4,814.50;251,627.25;412,654.00;179,697.00;65,283.25;16,118.50;161,177.25
Nov 14, 2016;Nov 15, 2016;108,111.25;36,969.00;63,617.75;196,363.25;67,961.25;4,695.25;249,597.50;422,127.50;259,022.75;100,228.50;26,157.50;178,086.00
Nov 15, 2016;Nov 16, 2016;108,255.75;36,138.00;47,881.50;335,755.75;15,411.00;4,712.25;249,499.25;373,974.25;259,061.25;96,294.50;27,070.00;182,186.75
Nov 16, 2016;Nov 17, 2016;108,258.25;37,685.50;53,736.25;324,846.50;11,124.75;4,729.75;245,173.75;369,507.50;239,235.50;95,853.50;15,764.75;188,104.75
Nov 17, 2016;Nov 18, 2016;108,233.00;43,657.00;68,171.50;449,076.50;22,845.00;4,698.00;242,677.25;352,372.25;183,312.50;67,133.50;26,276.00;150,591.25
Nov 18, 2016;Nov 19, 2016;108,369.25;43,084.00;71,640.50;560,642.00;26,263.00;4,404.00;245,009.50;285,696.25;133,935.50;62,400.75;26,324.75;137,436.50
Nov 19, 2016;Nov 20, 2016;109,838.25;40,360.75;70,211.50;336,303.25;15,962.75;4,715.75;248,212.50;321,775.75;131,931.00;51,180.00;26,862.75;113,181.50
Nov 20, 2016;Nov 21, 2016;107,957.50;40,422.50;69,836.25;571,320.25;46,874.50;4,017.75;210,675.50;222,039.50;31,535.50;44,389.50;13,780.00;87,847.25
Nov 21, 2016;Nov 22, 2016;108,606.25;39,895.50;46,144.00;347,422.50;32,607.50;4,448.75;244,346.75;353,038.00;195,556.50;80,171.50;33,410.00;155,323.50
Nov 22, 2016;Nov 23, 2016;109,333.25;40,638.75;60,888.25;191,823.75;26,528.75;4,360.00;245,742.50;408,208.50;293,580.25;100,835.75;24,102.75;171,853.00
Nov 23, 2016;Nov 24, 2016;109,432.00;41,553.50;17,147.75;62,343.25;36,894.00;4,602.75;247,639.75;410,514.75;346,177.00;117,187.75;32,156.00;199,875.25
Nov 24, 2016;Nov 25, 2016;109,287.25;42,446.00;20,035.00;210,747.50;29,135.25;4,780.00;247,595.25;407,346.25;309,880.50;110,076.00;24,389.50;197,413.25
Nov 25, 2016;Nov 26, 2016;110,430.50;41,672.00;4,912.50;136,999.50;28,021.00;4,899.75;247,604.75;410,646.50;321,089.50;110,263.50;27,652.50;203,275.25
Nov 26, 2016;Nov 27, 2016;111,184.50;42,177.25;42,337.00;98,407.50;12,378.75;4,828.25;242,401.00;373,890.25;267,290.00;84,987.50;21,590.00;159,599.50
Nov 27, 2016;Nov 28, 2016;111,033.25;38,802.25;49,289.75;228,059.00;28,532.75;4,866.50;241,691.25;322,937.00;167,906.00;55,916.00;11,937.50;134,655.00
Nov 28, 2016;Nov 29, 2016;109,730.25;36,487.75;28,203.75;181,897.25;62,711.25;4,959.50;246,879.00;382,031.25;315,742.75;97,291.50;30,401.50;175,624.75
Nov 29, 2016;Nov 30, 2016;110,741.25;41,494.00;44,728.25;167,423.50;70,377.25;4,982.50;246,152.50;379,157.25;342,295.25;121,792.25;32,486.00;179,250.50
Nov 30, 2016;Dec 1, 2016;111,203.50;41,487.75;75,851.25;410,074.25;43,078.75;4,884.25;240,817.25;343,512.75;238,781.00;66,862.75;25,447.50;162,067.00
Dec 1, 2016;Dec 2, 2016;112,941.75;40,230.25;75,408.75;583,399.00;16,608.75;4,644.50;239,543.25;311,231.25;166,017.75;66,440.25;27,794.50;131,383.50
Dec 2, 2016;Dec 3, 2016;113,655.75;38,240.00;48,057.25;277,512.75;33,939.50;4,832.25;244,048.50;346,210.75;290,712.75;99,108.75;33,894.00;155,566.50
Dec 3, 2016;Dec 4, 2016;112,809.25;35,752.25;7,862.75;61,885.25;56,021.25;4,863.25;246,250.50;393,761.00;280,311.50;98,166.00;19,395.25;156,327.00
Dec 4, 2016;Dec 5, 2016;113,386.00;34,869.00;5,098.50;86,400.25;48,037.25;4,890.75;244,360.50;401,997.00;262,624.00;85,954.25;15,774.00;164,665.00
Dec 5, 2016;Dec 6, 2016;113,170.25;39,675.50;13,461.75;70,644.00;40,089.25;4,894.50;246,411.75;400,474.25;365,507.00;138,002.00;43,227.25;199,201.75
Dec 6, 2016;Dec 7, 2016;113,341.75;42,798.50;13,162.75;65,822.25;30,851.75;4,906.00;246,086.50;411,913.75;376,263.75;144,508.25;33,744.00;217,671.50
Dec 7, 2016;Dec 8, 2016;113,759.25;38,652.25;58,506.50;251,294.00;22,856.00;4,795.25;243,266.00;413,227.00;298,203.25;133,001.75;25,404.50;200,829.75
Dec 8, 2016;Dec 9, 2016;114,489.25;36,518.25;48,540.75;434,353.00;39,196.75;4,631.50;236,622.75;359,669.00;234,558.00;79,355.00;21,776.50;156,650.00
Dec 9, 2016;Dec 10, 2016;114,476.50;35,158.25;59,453.00;365,592.25;20,610.25;4,532.25;236,313.00;356,298.50;257,871.25;88,113.25;30,930.00;158,004.75
Dec 10, 2016;Dec 11, 2016;114,034.75;35,819.25;51,345.75;348,174.50;40,235.75;4,448.50;236,675.25;344,146.50;144,768.00;62,553.50;26,054.25;122,735.00
Dec 11, 2016;Dec 12, 2016;114,666.25;34,447.50;62,365.75;461,748.50;11,372.50;4,263.25;229,372.75;357,568.50;88,064.50;48,913.00;9,838.00;108,859.00
Dec 12, 2016;Dec 13, 2016;114,094.75;35,516.00;17,501.75;159,807.75;15,057.50;4,774.25;215,641.75;410,309.00;328,751.50;112,279.75;39,610.75;178,516.50
Dec 13, 2016;Dec 14, 2016;113,805.25;42,978.00;17,190.50;86,696.75;21,872.00;4,745.75;216,257.75;418,379.75;373,275.50;125,604.25;38,850.25;195,172.75
Dec 14, 2016;Dec 15, 2016;114,226.75;42,573.00;14,675.00;46,953.75;16,449.75;4,641.50;216,816.00;423,955.75;342,547.75;151,446.25;34,124.25;192,591.75
Dec 15, 2016;Dec 16, 2016;113,617.00;40,908.50;44,361.00;136,423.50;15,773.00;4,783.75;212,573.75;421,041.25;334,304.75;141,739.75;30,076.00;195,740.75
Dec 16, 2016;Dec 17, 2016;114,977.25;38,531.25;19,369.50;117,752.50;28,826.50;4,845.75;213,826.25;420,075.75;325,714.00;140,071.25;36,044.50;195,972.75
Dec 17, 2016;Dec 18, 2016;115,119.75;36,550.75;21,208.00;64,309.75;18,207.75;4,839.00;216,141.75;415,003.75;303,835.25;125,955.50;18,532.25;172,047.00
Dec 18, 2016;Dec 19, 2016;115,238.00;33,615.00;19,743.50;110,577.75;8,437.75;4,828.00;214,398.25;378,722.50;264,275.00;114,019.50;20,769.50;154,056.50
Dec 19, 2016;Dec 20, 2016;113,929.00;34,789.50;5,860.00;61,151.50;18,001.25;4,865.50;216,081.75;428,443.00;362,594.25;146,212.75;32,864.75;187,628.00
Dec 20, 2016;Dec 21, 2016;114,600.25;38,953.00;23,474.50;131,653.50;26,453.00;4,886.75;215,440.50;412,056.00;328,776.75;143,865.25;40,636.00;190,518.75
Dec 21, 2016;Dec 22, 2016;113,985.00;41,672.75;70,375.75;233,225.75;22,973.50;4,903.75;181,676.50;388,075.25;268,418.00;117,754.25;30,206.50;176,006.75
Dec 22, 2016;Dec 23, 2016;114,327.25;39,217.50;63,321.25;191,527.50;20,108.25;4,900.25;182,651.75;380,801.50;301,754.25;128,535.50;26,692.50;187,582.75
Dec 23, 2016;Dec 24, 2016;114,220.00;36,423.50;73,768.00;305,230.50;16,111.75;4,864.25;180,917.75;338,952.25;174,518.75;111,205.25;27,251.75;151,018.50
Dec 24, 2016;Dec 25, 2016;113,630.25;33,498.75;70,949.75;599,515.75;12,844.00;4,747.25;164,154.50;205,554.25;55,620.00;47,473.00;22,629.00;105,961.50
Dec 25, 2016;Dec 26, 2016;113,026.00;30,682.25;66,919.00;650,148.00;6,607.75;3,754.75;132,917.25;151,388.50;40,836.75;35,339.50;21,219.25;89,613.00
Dec 26, 2016;Dec 27, 2016;112,290.00;31,321.00;53,414.00;660,967.25;15,464.00;3,696.75;121,938.50;149,815.00;43,129.50;34,170.00;23,985.25;94,023.50
Dec 27, 2016;Dec 28, 2016;112,077.25;33,250.50;61,700.75;590,620.50;23,447.00;4,259.75;134,885.75;193,270.75;80,232.00;60,629.00;22,599.50;114,779.75
Dec 28, 2016;Dec 29, 2016;112,533.75;34,018.75;24,474.00;206,175.75;19,449.50;4,610.50;153,312.50;330,128.75;174,050.50;101,376.50;28,244.50;123,184.00
Dec 29, 2016;Dec 30, 2016;113,365.00;34,503.00;48,664.50;112,694.00;42,910.00;4,690.00;155,565.00;400,227.50;190,704.50;107,162.00;25,402.50;139,331.75
Dec 30, 2016;Dec 31, 2016;114,543.25;33,042.00;61,155.75;172,638.50;48,546.75;4,762.25;156,425.00;388,195.25;157,330.50;92,118.50;23,437.00;136,593.25
Dec 31, 2016;Jan 1, 2017;115,278.75;32,637.75;77,424.00;232,349.75;34,578.50;4,727.25;156,332.50;324,592.50;147,517.25;61,086.50;22,578.00;29,597.00
Jan 1, 2017;Jan 2, 2017;115,249.75;26,913.50;51,770.50;254,395.50;35,291.50;4,559.00;155,921.75;318,616.50;144,332.50;54,888.00;25,241.25;35,365.25
Jan 2, 2017;Jan 3, 2017;115,467.25;27,450.50;60,845.00;225,582.25;12,480.00;4,614.50;154,483.25;333,813.00;294,633.25;92,650.00;37,009.00;38,820.75
Jan 3, 2017;Jan 4, 2017;114,169.50;27,570.00;74,271.25;560,809.25;9,350.50;4,398.25;144,938.00;291,813.50;198,174.50;76,436.25;21,261.75;37,970.00
Jan 4, 2017;Jan 5, 2017;112,255.50;27,349.50;69,998.75;620,445.25;12,814.25;4,495.00;142,945.75;289,908.50;176,793.50;78,426.00;19,400.00;38,725.50
Jan 5, 2017;Jan 6, 2017;113,106.00;28,065.25;34,381.25;242,259.50;20,795.50;4,611.75;152,877.75;364,915.50;341,310.00;128,649.00;29,578.50;39,764.25
Jan 6, 2017;Jan 7, 2017;113,319.00;27,792.75;39,175.00;69,146.00;33,343.00;4,560.75;169,650.75;413,285.25;347,636.25;135,533.25;30,541.75;37,775.00
Jan 7, 2017;Jan 8, 2017;114,056.50;26,083.25;57,525.25;196,535.50;8,386.50;4,564.25;193,680.50;407,560.25;261,923.50;93,226.00;30,176.50;30,525.25
Jan 8, 2017;Jan 9, 2017;114,363.00;27,167.75;6,980.25;37,257.50;4,990.25;4,522.25;188,620.25;424,815.75;316,589.75;91,906.25;26,682.25;30,754.25
Jan 9, 2017;Jan 10, 2017;113,711.50;27,883.75;55,889.75;117,976.25;7,071.25;4,548.25;183,517.25;419,054.50;318,015.25;144,593.50;37,771.25;35,198.50
Jan 10, 2017;Jan 11, 2017;113,010.50;28,900.75;46,164.00;238,999.00;13,042.50;4,609.75;177,022.00;398,025.50;293,798.00;155,971.25;39,669.75;33,289.25
Jan 11, 2017;Jan 12, 2017;112,794.00;28,487.75;74,425.00;534,019.50;7,378.00;4,565.50;169,535.00;344,917.00;199,870.50;99,062.75;17,544.25;35,697.75
Jan 12, 2017;Jan 13, 2017;112,471.00;27,999.75;62,968.25;527,834.75;17,864.00;4,555.50;179,486.25;343,923.75;194,970.00;90,630.75;30,291.50;33,659.25
Jan 13, 2017;Jan 14, 2017;113,312.75;28,752.75;46,104.00;461,396.00;14,310.25;4,600.00;201,693.75;358,512.25;239,384.00;88,444.25;23,078.75;34,374.25
Jan 14, 2017;Jan 15, 2017;113,943.75;28,584.25;70,290.25;416,698.50;16,767.25;4,625.25;178,189.75;391,117.75;137,675.00;65,947.00;18,067.25;30,995.50
Jan 15, 2017;Jan 16, 2017;113,664.25;26,712.00;29,126.50;212,679.75;16,106.50;4,675.50;183,704.25;417,587.25;193,433.25;71,172.00;17,640.25;32,490.00
Jan 16, 2017;Jan 17, 2017;113,850.00;27,293.00;4,783.75;63,848.00;17,601.50;4,784.00;187,749.75;404,826.50;404,137.00;157,519.25;45,230.50;38,761.50
Jan 17, 2017;Jan 18, 2017;113,809.25;29,755.50;8,292.00;66,954.75;22,907.75;4,791.00;187,197.50;423,044.25;405,102.00;164,569.75;31,841.50;39,054.75
Jan 18, 2017;Jan 19, 2017;113,593.50;29,134.75;42,065.50;108,439.75;22,709.25;4,773.00;186,930.25;405,825.00;392,434.25;161,394.50;40,304.25;40,427.25
Jan 19, 2017;Jan 20, 2017;114,153.50;29,239.50;21,153.00;110,561.00;38,191.50;4,809.25;186,489.75;383,909.50;405,659.75;161,421.00;40,752.50;41,353.50
Jan 20, 2017;Jan 21, 2017;114,431.75;28,507.25;10,283.00;102,133.50;39,631.75;4,811.50;185,962.00;404,432.75;412,948.75;151,133.75;32,812.00;40,524.25
Jan 21, 2017;Jan 22, 2017;114,812.50;27,695.50;3,425.75;75,572.25;45,478.25;4,808.75;185,249.25;379,849.50;366,796.50;134,370.25;19,718.25;38,653.25
Jan 22, 2017;Jan 23, 2017;114,706.00;24,783.25;6,537.75;45,711.75;47,384.50;4,824.75;185,493.75;395,098.25;328,183.75;107,264.25;22,186.50;34,964.00
Jan 23, 2017;Jan 24, 2017;113,987.25;26,264.25;9,636.75;29,754.50;30,939.25;4,699.75;185,121.25;419,162.75;407,372.50;159,470.25;54,016.75;36,172.50
Jan 24, 2017;Jan 25, 2017;114,141.50;28,951.75;9,687.00;20,556.25;10,297.75;4,539.25;184,543.50;396,525.50;420,780.75;181,724.50;42,915.50;37,589.75
Jan 25, 2017;Jan 26, 2017;115,111.25;29,517.25;17,596.50;50,099.75;17,721.00;4,526.75;184,485.50;400,961.25;412,812.75;163,689.75;42,725.25;37,522.00
Jan 26, 2017;Jan 27, 2017;114,639.25;27,667.25;55,063.25;174,996.50;56,486.75;4,512.75;210,631.75;381,047.75;350,324.25;128,800.75;28,462.75;34,827.00
Jan 27, 2017;Jan 28, 2017;115,218.25;26,334.00;49,273.00;209,549.50;68,626.75;4,534.25;217,273.00;357,234.00;332,464.50;126,605.75;27,790.75;34,684.25
Jan 28, 2017;Jan 29, 2017;115,612.50;25,921.50;44,668.25;157,740.75;65,965.50;4,610.50;217,566.50;340,621.00;303,465.25;103,713.25;20,210.25;34,304.25
Jan 29, 2017;Jan 30, 2017;116,160.25;25,660.50;64,850.25;240,698.00;53,853.25;4,475.50;213,858.50;332,197.00;197,806.50;79,975.50;17,646.75;29,891.50
Jan 30, 2017;Jan 31, 2017;115,271.75;25,082.25;49,609.25;284,933.25;18,574.25;4,491.00;215,190.50;356,197.50;344,802.50;121,696.25;29,749.25;36,063.00
Jan 31, 2017;Feb 1, 2017;114,455.00;29,564.75;53,971.25;79,443.50;12,062.00;4,510.25;214,501.75;381,819.50;385,218.00;155,468.75;43,606.75;36,194.00
Feb 1, 2017;Feb 2, 2017;117,847.75;39,995.25;69,173.75;142,717.75;23,815.25;6,060.00;214,032.00;394,272.00;351,070.50;127,567.25;21,214.25;35,212.00
Feb 2, 2017;Feb 3, 2017;118,364.50;36,531.75;70,644.50;185,856.50;42,217.75;6,040.75;209,333.50;384,333.50;325,921.00;98,855.50;23,801.75;33,713.25
Feb 3, 2017;Feb 4, 2017;118,979.50;35,896.75;35,438.75;151,322.75;24,221.00;6,066.50;194,056.00;367,843.00;363,628.50;100,841.25;29,929.00;34,893.50
Feb 4, 2017;Feb 5, 2017;118,844.00;35,085.00;22,811.00;191,035.25;49,254.75;6,040.50;161,477.00;353,245.00;314,816.50;71,071.25;23,828.25;33,232.00
Feb 5, 2017;Feb 6, 2017;118,929.75;33,263.75;33,572.00;90,587.50;46,216.75;6,099.75;159,009.00;356,905.00;308,672.25;71,826.75;14,149.50;33,550.50
Feb 6, 2017;Feb 7, 2017;118,204.50;33,043.25;64,618.25;82,969.25;28,574.00;6,096.00;159,113.00;393,786.25;378,266.75;133,747.25;36,430.25;41,575.25
Feb 7, 2017;Feb 8, 2017;118,251.75;32,792.75;89,077.50;168,047.25;29,269.50;6,111.25;159,199.00;394,620.50;331,319.25;141,661.25;27,027.75;40,057.75
Feb 8, 2017;Feb 9, 2017;118,116.25;31,742.75;77,010.25;144,565.25;30,997.50;6,130.75;159,529.25;399,573.75;341,957.25;134,487.75;27,087.50;39,543.00
Feb 9, 2017;Feb 10, 2017;118,434.75;32,381.00;58,515.00;141,450.50;45,277.50;6,207.00;159,917.25;394,472.00;363,109.50;147,939.75;34,702.25;41,402.75
Feb 10, 2017;Feb 11, 2017;118,979.75;31,202.50;83,378.00;207,315.25;33,902.00;6,135.25;159,907.25;373,701.25;368,169.00;123,236.00;28,399.75;38,761.25
Feb 11, 2017;Feb 12, 2017;119,447.25;29,782.75;87,949.25;233,858.00;56,392.00;6,176.25;159,507.00;357,967.00;284,476.50;67,079.25;16,275.25;34,371.25
Feb 12, 2017;Feb 13, 2017;119,640.25;28,874.00;92,867.00;253,403.50;37,666.50;6,195.50;159,210.25;396,393.25;201,839.50;68,161.25;17,618.00;34,592.25
Feb 13, 2017;Feb 14, 2017;119,167.00;26,875.75;69,899.75;267,736.50;89,581.25;6,194.00;155,887.00;405,828.00;306,697.00;102,565.25;23,202.75;42,488.25
Feb 14, 2017;Feb 15, 2017;119,055.25;26,339.25;48,649.25;164,575.00;110,285.00;6,162.00;157,481.25;421,947.00;346,908.00;101,864.25;28,985.50;35,396.25
Feb 15, 2017;Feb 16, 2017;118,720.75;26,448.00;19,663.25;74,031.00;113,904.00;6,127.50;158,203.00;425,168.00;369,136.00;114,569.00;33,962.75;33,731.25
Feb 16, 2017;Feb 17, 2017;119,320.50;26,066.50;82,256.50;196,704.00;92,427.50;6,095.50;156,740.50;409,273.00;304,846.50;103,744.25;25,594.50;35,886.50
Feb 17, 2017;Feb 18, 2017;119,756.50;27,107.00;47,750.50;215,000.50;31,449.00;6,137.50;156,795.00;405,722.75;316,545.50;118,997.25;28,536.00;38,719.00
Feb 18, 2017;Feb 19, 2017;118,739.75;29,403.00;46,108.75;107,805.00;34,515.00;6,169.75;156,726.50;409,062.25;304,603.50;76,940.00;22,402.00;36,345.00
Feb 19, 2017;Feb 20, 2017;118,302.50;29,173.00;72,658.50;277,506.25;58,421.25;6,087.75;156,629.50;386,165.75;137,998.25;58,803.00;21,381.75;33,055.00
Feb 20, 2017;Feb 21, 2017;117,636.00;27,545.75;91,097.75;549,260.25;31,767.50;6,037.50;155,552.25;360,966.50;151,242.50;64,038.50;21,247.25;34,905.00
Feb 21, 2017;Feb 22, 2017;117,097.50;29,881.50;83,945.25;502,962.50;35,745.75;5,975.50;154,775.50;333,589.00;183,491.25;63,138.75;31,808.25;34,635.75
Feb 22, 2017;Feb 23, 2017;116,641.25;39,760.75;96,052.00;722,701.25;25,272.50;5,914.50;152,345.75;325,706.75;101,984.00;56,303.25;24,272.25;33,568.25
Feb 23, 2017;Feb 24, 2017;116,742.50;36,900.75;71,306.75;623,879.50;50,722.75;5,862.00;153,083.25;349,530.50;98,929.00;65,187.25;28,449.75;34,859.25
Feb 24, 2017;Feb 25, 2017;117,814.25;35,770.00;60,709.75;479,897.50;70,544.50;6,023.00;149,783.25;338,355.00;151,848.75;69,117.00;27,339.50;34,809.25
Feb 25, 2017;Feb 26, 2017;117,881.50;34,686.00;73,553.75;332,272.75;97,579.75;6,143.50;154,155.25;348,679.50;85,882.75;61,772.75;18,876.75;33,206.75
Feb 26, 2017;Feb 27, 2017;116,425.50;31,629.00;93,144.25;466,996.00;59,447.25;5,990.25;154,488.00;286,912.50;54,748.75;54,484.25;24,641.00;32,790.25
Feb 27, 2017;Feb 28, 2017;116,098.75;31,949.25;85,849.00;463,202.25;86,393.50;5,851.00;163,914.25;375,609.25;84,697.50;54,596.75;32,652.75;34,065.75
Feb 28, 2017;Mar 1, 2017;116,161.50;33,638.25;71,718.50;536,938.25;49,108.00;5,710.25;152,702.75;357,869.00;101,588.00;69,532.00;35,041.50;34,493.25
Mar 1, 2017;Mar 2, 2017;115,095.50;35,655.00;63,703.00;409,129.75;55,170.75;5,628.25;163,318.00;393,235.25;143,541.75;75,359.75;30,387.75;31,521.50
Mar 2, 2017;Mar 3, 2017;115,539.00;36,917.50;60,296.00;570,784.50;79,159.75;5,730.25;174,845.50;365,332.25;119,091.25;58,807.75;20,943.75;32,983.00
Mar 3, 2017;Mar 4, 2017;116,038.00;36,314.25;60,952.75;272,531.00;94,664.25;5,526.25;173,540.25;354,874.50;179,999.25;81,755.00;31,206.25;34,524.25
Mar 4, 2017;Mar 5, 2017;116,885.50;35,241.50;40,202.50;211,292.75;99,949.00;5,332.75;154,840.50;323,524.00;140,757.00;55,843.50;25,663.25;33,360.00
Mar 5, 2017;Mar 6, 2017;115,939.00;34,903.25;36,590.25;343,184.00;75,046.00;5,127.75;157,018.75;329,405.25;89,399.00;43,775.25;25,310.00;32,418.50
Mar 6, 2017;Mar 7, 2017;115,727.25;33,760.25;53,667.75;191,841.50;52,156.75;5,598.75;159,421.75;408,703.50;285,473.75;98,487.75;26,976.50;36,152.25
Mar 7, 2017;Mar 8, 2017;115,334.25;35,569.25;14,262.00;91,808.50;41,360.75;5,703.25;159,212.75;411,320.25;330,187.75;138,416.25;41,797.75;38,438.75
Mar 8, 2017;Mar 9, 2017;114,922.50;36,398.25;50,582.75;300,480.00;53,959.25;5,512.00;158,982.75;378,328.00;235,560.00;92,936.75;19,349.00;36,298.75
Mar 9, 2017;Mar 10, 2017;114,717.50;42,817.00;61,420.75;273,048.00;48,423.75;5,620.00;147,329.50;376,216.75;247,221.50;92,555.50;27,698.25;37,015.25
Mar 10, 2017;Mar 11, 2017;115,072.00;46,333.25;45,015.00;277,155.75;103,546.00;5,589.25;153,989.50;343,515.75;217,054.75;75,281.75;30,630.50;36,033.25
Mar 11, 2017;Mar 12, 2017;116,123.50;43,132.75;38,790.25;93,437.50;119,267.75;5,588.50;158,326.25;369,573.50;179,104.75;72,370.50;18,267.00;35,769.50
Mar 12, 2017;Mar 13, 2017;115,575.25;39,872.75;75,917.50;248,978.25;145,740.00;5,643.50;154,721.25;342,305.25;86,650.00;48,499.50;21,014.50;33,782.00
Mar 13, 2017;Mar 14, 2017;115,606.25;39,461.75;20,813.75;92,848.00;135,050.25;5,714.25;157,409.75;404,983.50;284,886.00;78,629.75;25,984.00;35,783.00
Mar 14, 2017;Mar 15, 2017;115,420.00;38,347.00;72,765.00;196,147.75;109,517.25;5,600.25;157,863.50;396,305.50;245,399.25;85,991.50;23,578.75;35,131.00
Mar 15, 2017;Mar 16, 2017;115,511.00;38,527.00;61,995.00;256,583.25;113,661.25;5,372.75;157,403.75;364,399.00;226,966.50;73,009.25;23,849.25;34,330.00
Mar 16, 2017;Mar 17, 2017;115,864.00;37,692.25;72,585.00;155,876.75;153,451.75;5,608.25;157,381.75;399,437.25;211,341.25;71,781.25;31,664.00;35,386.25
Mar 17, 2017;Mar 18, 2017;116,096.00;37,565.50;83,139.75;434,881.75;93,963.00;5,492.75;156,768.00;364,413.25;112,222.50;50,561.00;30,816.75;34,835.25
Mar 18, 2017;Mar 19, 2017;115,897.00;39,645.25;65,766.50;619,658.00;39,690.75;5,329.50;151,698.00;274,135.50;59,012.00;40,006.75;29,957.25;33,577.50
Mar 19, 2017;Mar 20, 2017;116,006.75;46,690.25;67,788.50;443,006.25;36,259.25;5,600.00;154,318.25;300,571.00;48,874.50;40,027.25;18,529.00;33,454.75
Mar 20, 2017;Mar 21, 2017;115,682.00;44,803.25;61,003.00;482,010.50;61,800.00;5,430.00;155,303.75;340,506.50;121,597.25;46,932.50;36,296.75;34,843.50
Mar 21, 2017;Mar 22, 2017;115,045.00;43,536.75;88,780.00;342,541.50;70,295.50;5,378.00;156,065.50;355,965.25;179,760.50;63,880.00;33,427.25;35,322.75
Mar 22, 2017;Mar 23, 2017;115,644.50;44,534.75;40,281.75;132,712.50;87,604.00;5,530.25;155,961.50;389,686.25;286,525.25;86,060.50;37,133.00;36,066.25
Mar 23, 2017;Mar 24, 2017;115,214.50;45,555.00;50,462.00;161,095.75;95,997.25;5,576.50;156,018.25;386,268.25;303,366.75;92,824.50;29,381.00;34,748.25
Mar 24, 2017;Mar 25, 2017;115,593.75;43,543.75;5,759.75;149,646.00;120,426.50;5,368.50;155,333.25;388,328.00;305,856.50;89,099.25;28,094.25;36,929.50
Mar 25, 2017;Mar 26, 2017;115,233.50;42,235.50;12,467.50;191,565.00;168,359.75;5,483.50;153,255.25;371,714.50;117,183.00;57,375.50;23,184.25;31,930.25
Mar 26, 2017;Mar 27, 2017;110,314.50;37,896.75;3,217.50;76,973.50;171,808.50;5,078.25;146,766.50;379,571.75;112,320.00;45,503.50;18,893.25;30,617.75
Mar 27, 2017;Mar 28, 2017;115,077.00;40,468.00;4,463.00;68,093.25;191,732.00;5,299.25;153,513.25;409,406.75;213,916.50;81,532.75;33,638.75;33,916.00
Mar 28, 2017;Mar 29, 2017;114,226.50;42,043.25;3,432.00;94,462.00;185,230.25;5,114.25;153,776.75;416,486.25;220,553.00;80,160.25;28,339.25;33,393.50
Mar 29, 2017;Mar 30, 2017;114,053.75;39,948.50;40,209.25;321,205.00;115,054.50;5,177.25;152,818.00;387,827.00;188,475.00;49,639.75;26,163.50;33,568.75
Mar 30, 2017;Mar 31, 2017;113,871.25;39,326.50;69,024.50;130,336.25;142,404.75;4,906.00;152,043.50;412,449.50;213,192.50;60,387.50;26,592.25;33,414.00
Mar 31, 2017;Apr 1, 2017;113,174.00;38,559.25;61,665.50;210,960.75;169,848.00;4,771.50;151,717.00;391,366.00;180,130.25;63,670.75;25,452.75;31,753.75
Apr 1, 2017;Apr 2, 2017;112,976.75;38,157.50;16,290.25;71,056.75;144,802.00;4,684.50;151,674.25;376,749.00;154,376.25;49,650.25;19,959.50;30,700.50
Apr 2, 2017;Apr 3, 2017;112,632.75;37,010.25;14,980.50;95,776.50;134,678.50;4,795.50;152,144.25;390,298.25;132,501.25;46,796.25;21,295.00;30,775.00
Apr 3, 2017;Apr 4, 2017;112,760.75;38,140.50;4,205.00;57,161.75;119,691.00;4,903.25;152,095.00;428,827.25;269,861.25;77,161.75;37,871.50;33,999.50
Apr 4, 2017;Apr 5, 2017;113,622.75;41,603.75;8,835.25;33,215.25;121,474.50;4,972.00;151,484.25;424,132.50;291,589.00;85,214.25;30,525.00;37,033.00
Apr 5, 2017;Apr 6, 2017;112,798.50;41,555.50;56,877.00;233,755.00;117,910.00;4,910.50;151,503.75;406,518.25;186,972.50;66,548.75;28,055.50;32,698.75
Apr 6, 2017;Apr 7, 2017;113,221.50;39,330.50;67,555.50;336,830.25;126,859.00;4,947.50;150,818.00;348,179.50;153,639.75;62,981.00;30,789.25;35,668.75
Apr 7, 2017;Apr 8, 2017;113,940.00;38,562.75;59,732.50;368,195.75;97,877.75;4,957.50;128,124.25;350,539.25;195,019.50;68,933.50;25,722.25;32,564.25
Apr 8, 2017;Apr 9, 2017;113,435.50;36,610.75;9,084.00;73,386.75;127,616.00;4,922.50;127,058.25;379,155.50;175,770.00;69,363.75;18,346.75;32,256.50
Apr 9, 2017;Apr 10, 2017;113,347.75;35,415.00;30,182.25;38,113.75;198,080.00;4,790.00;114,634.00;383,352.00;110,857.75;42,677.75;24,334.75;32,399.25
Apr 10, 2017;Apr 11, 2017;112,572.75;34,964.50;89,983.50;401,385.25;155,880.50;4,684.50;123,113.75;349,317.00;109,086.75;54,053.00;28,548.50;32,190.50
Apr 11, 2017;Apr 12, 2017;112,734.00;35,678.00;71,880.75;295,310.00;135,411.00;4,971.00;128,112.50;350,512.25;161,878.75;65,522.00;33,044.25;33,282.00
Apr 12, 2017;Apr 13, 2017;113,110.00;36,087.00;88,254.00;462,170.25;114,224.75;5,015.00;132,884.50;363,131.50;116,946.25;48,032.00;25,516.00;33,976.75
Apr 13, 2017;Apr 14, 2017;113,438.00;34,550.25;83,864.50;397,346.75;100,219.50;5,008.25;156,131.50;359,179.25;118,687.00;51,930.00;27,905.25;33,469.75
Apr 14, 2017;Apr 15, 2017;115,055.25;33,972.00;50,772.75;223,091.00;113,621.75;5,071.75;157,692.75;369,681.00;76,369.00;44,470.00;23,367.00;31,266.25
Apr 15, 2017;Apr 16, 2017;114,556.25;33,131.00;86,505.25;424,804.75;85,445.00;4,965.75;154,740.25;297,788.75;49,637.50;36,057.50;22,133.50;31,208.00
Apr 16, 2017;Apr 17, 2017;115,106.00;33,030.00;42,031.00;283,392.75;101,417.75;5,118.25;157,535.00;293,852.25;47,314.00;32,009.50;25,290.50;30,168.00
Apr 17, 2017;Apr 18, 2017;115,379.75;35,983.50;50,383.50;156,496.75;92,951.25;5,733.25;158,195.25;368,620.50;54,074.25;38,415.50;18,512.00;31,242.50
Apr 18, 2017;Apr 19, 2017;114,418.75;39,108.50;45,899.50;241,202.25;102,212.75;5,889.00;159,248.75;373,154.50;197,554.25;69,516.50;31,369.00;34,924.75
Apr 19, 2017;Apr 20, 2017;115,142.50;40,742.00;6,025.25;170,549.25;123,418.50;5,961.25;158,529.75;387,843.00;264,677.00;77,289.00;27,213.25;36,386.75
Apr 20, 2017;Apr 21, 2017;114,971.25;39,544.25;41,039.75;69,184.75;177,032.25;5,942.75;162,615.25;418,831.00;239,605.75;79,467.50;30,883.25;36,203.25
Apr 21, 2017;Apr 22, 2017;115,003.00;36,751.25;71,009.00;347,255.00;148,601.25;5,682.25;188,395.25;375,986.25;101,258.25;54,186.50;27,172.50;34,501.75
Apr 22, 2017;Apr 23, 2017;114,828.00;35,484.00;93,209.50;461,780.50;95,933.50;5,574.25;183,434.50;275,410.00;55,301.50;43,053.25;23,091.25;31,531.25
Apr 23, 2017;Apr 24, 2017;115,306.50;36,244.00;76,903.75;332,500.25;130,112.75;5,512.75;186,750.75;273,918.25;49,578.75;41,361.75;22,845.75;31,582.00
Apr 24, 2017;Apr 25, 2017;115,220.00;36,726.50;65,050.75;272,176.25;192,261.00;5,666.75;186,655.75;375,746.00;115,223.75;53,539.75;34,941.25;34,519.00
Apr 25, 2017;Apr 26, 2017;114,841.00;37,189.25;22,367.50;217,935.50;99,271.50;5,674.00;186,674.50;406,324.50;210,397.00;70,142.50;20,841.00;35,754.50
Apr 26, 2017;Apr 27, 2017;114,256.75;44,122.00;10,809.00;48,175.25;104,559.75;5,863.00;189,399.50;411,487.75;271,923.75;101,135.50;32,393.50;37,029.25
Apr 27, 2017;Apr 28, 2017;114,338.00;46,454.00;40,538.50;73,263.50;111,663.50;5,803.50;189,534.25;399,165.00;255,318.75;82,414.75;27,607.50;36,377.50
Apr 28, 2017;Apr 29, 2017;114,619.75;48,687.00;16,366.50;76,525.75;105,568.00;5,651.50;188,585.00;385,517.25;242,313.00;85,842.00;29,619.75;35,799.75
Apr 29, 2017;Apr 30, 2017;114,560.25;47,275.50;16,384.25;86,685.00;146,417.50;5,655.75;188,539.25;382,549.25;134,516.00;51,733.00;22,095.00;31,477.25
Apr 30, 2017;May 1, 2017;113,815.00;43,511.50;58,668.50;339,669.25;231,641.25;5,153.50;147,985.00;204,979.00;39,130.00;38,158.75;29,174.50;31,293.50
May 1, 2017;May 2, 2017;113,557.00;41,293.25;83,469.00;370,981.00;119,735.50;4,817.75;167,652.50;217,456.50;39,712.75;35,916.50;18,796.75;29,853.75
May 2, 2017;May 3, 2017;113,227.50;45,941.75;85,877.25;311,782.75;91,068.50;5,410.75;187,257.75;382,554.50;144,872.50;54,697.75;29,060.50;32,261.75
May 3, 2017;May 4, 2017;113,217.25;45,829.25;92,495.00;208,682.50;126,099.25;5,282.25;186,888.50;400,848.75;195,437.75;69,583.75;23,924.50;32,878.00
May 4, 2017;May 5, 2017;113,503.75;44,999.25;91,299.00;275,945.75;84,355.25;5,401.50;187,281.00;386,299.50;201,185.50;74,890.00;25,431.00;34,380.25
May 5, 2017;May 6, 2017;114,034.50;45,838.50;53,310.75;108,414.25;83,799.00;5,321.50;187,101.50;390,556.75;240,768.75;81,079.00;29,988.00;33,700.75
May 6, 2017;May 7, 2017;113,557.50;44,602.00;12,947.50;91,215.00;163,629.50;4,953.50;185,893.00;376,060.25;127,874.75;50,883.25;15,270.25;33,751.00
May 7, 2017;May 8, 2017;112,673.00;44,849.25;18,701.50;77,839.75;110,393.75;4,998.75;185,580.50;362,928.75;105,380.50;48,746.25;11,045.00;33,209.00
May 8, 2017;May 9, 2017;112,120.25;48,891.00;61,808.75;206,660.00;63,928.25;5,416.00;185,684.25;349,959.00;213,832.00;70,413.75;28,535.00;35,370.25
May 9, 2017;May 10, 2017;111,626.50;51,508.25;20,384.75;55,658.75;150,560.50;5,720.25;186,914.25;345,696.25;266,305.75;81,201.50;31,406.75;32,535.50
May 10, 2017;May 11, 2017;111,708.50;49,896.25;25,649.00;86,609.50;204,870.50;5,682.00;186,446.75;342,701.75;249,119.75;75,774.25;25,870.75;29,134.00
May 11, 2017;May 12, 2017;111,148.75;47,277.50;37,438.00;139,889.25;197,323.50;5,355.50;183,091.00;331,450.25;235,946.50;66,131.50;27,899.00;31,462.75
May 12, 2017;May 13, 2017;110,384.75;47,704.00;72,068.75;136,278.50;147,973.50;5,113.50;184,062.25;351,616.50;229,137.50;51,548.75;33,553.00;34,778.75
May 13, 2017;May 14, 2017;109,925.00;48,977.00;19,805.00;62,551.75;155,426.50;4,755.75;175,597.50;358,893.75;166,867.25;45,347.00;15,844.00;32,196.75
May 14, 2017;May 15, 2017;110,173.00;47,757.00;21,054.00;62,172.00;151,418.50;4,729.25;150,971.75;353,057.50;114,041.25;42,689.25;16,092.25;31,778.25
May 15, 2017;May 16, 2017;109,666.75;51,293.75;14,696.25;52,787.50;192,918.50;4,819.00;163,631.25;351,758.00;243,156.50;64,907.00;28,595.75;34,132.50
May 16, 2017;May 17, 2017;109,092.25;52,336.75;60,472.25;65,151.00;179,569.75;4,648.25;185,276.75;365,646.50;250,519.50;67,009.75;24,267.00;33,983.00
May 17, 2017;May 18, 2017;109,329.25;51,500.75;27,734.75;128,913.00;220,508.00;4,456.25;185,871.75;357,062.50;225,343.25;65,855.00;26,047.00;30,276.00
May 18, 2017;May 19, 2017;108,855.75;51,729.00;42,810.00;176,490.50;178,859.00;4,386.75;184,648.00;358,128.50;199,875.75;61,294.75;29,830.50;28,694.25
May 19, 2017;May 20, 2017;109,677.75;52,481.00;34,483.75;162,793.00;122,883.25;4,421.75;180,871.50;368,147.50;186,165.50;58,124.75;23,408.50;27,839.00
May 20, 2017;May 21, 2017;110,747.00;51,414.50;22,240.00;153,455.25;171,477.75;4,392.75;184,255.25;359,596.75;87,003.75;37,440.75;26,545.00;29,897.00
May 21, 2017;May 22, 2017;110,940.50;47,256.00;19,067.50;50,261.75;198,571.50;4,352.50;185,210.75;340,156.25;85,026.50;36,179.00;13,786.75;29,852.00
May 22, 2017;May 23, 2017;110,839.25;46,912.25;10,191.50;53,489.50;210,583.75;4,511.25;186,457.50;361,001.50;247,335.25;58,605.25;27,138.50;32,618.25
May 23, 2017;May 24, 2017;110,697.50;49,341.75;41,941.00;176,045.50;200,260.00;4,430.75;185,999.25;356,185.50;203,344.25;63,602.75;31,072.25;32,587.75
May 24, 2017;May 25, 2017;111,427.75;49,724.25;26,731.25;252,401.50;144,804.25;4,640.25;186,039.75;361,798.75;182,325.50;49,614.00;30,366.00;31,812.75
May 25, 2017;May 26, 2017;111,042.25;50,639.75;21,716.00;129,835.00;187,870.25;4,518.50;185,625.00;339,812.25;77,676.00;29,708.50;19,438.25;29,957.50
May 26, 2017;May 27, 2017;110,449.00;48,426.75;5,954.25;81,325.50;231,033.50;4,607.00;184,778.50;346,891.00;96,764.50;29,294.50;32,797.00;30,911.75
May 27, 2017;May 28, 2017;109,102.75;49,201.50;45,167.75;147,772.75;241,582.25;4,387.50;183,446.75;310,223.00;60,503.75;24,290.25;29,074.75;30,565.25
May 28, 2017;May 29, 2017;108,260.75;48,308.00;42,344.50;140,701.00;216,449.75;4,330.75;183,256.00;296,421.25;72,230.25;26,695.50;24,471.50;29,257.75
May 29, 2017;May 30, 2017;107,320.00;49,465.25;8,133.00;46,207.00;208,705.75;4,316.50;181,891.50;352,360.00;235,347.00;85,544.50;44,902.50;31,451.00
May 30, 2017;May 31, 2017;107,258.50;51,873.00;23,383.25;169,143.00;166,432.00;4,299.50;182,130.00;349,665.75;253,258.25;99,164.75;27,954.50;31,525.00
May 31, 2017;Jun 1, 2017;107,749.00;52,837.50;63,985.75;253,357.25;197,221.00;4,281.75;180,176.50;349,139.00;196,969.25;67,437.00;23,818.00;23,589.75
Jun 1, 2017;Jun 2, 2017;108,290.50;53,531.00;12,866.50;86,654.75;224,958.75;4,297.50;201,206.00;353,749.25;201,361.75;65,637.75;24,505.75;24,736.00
Jun 2, 2017;Jun 3, 2017;107,796.25;53,388.00;3,436.50;36,313.50;209,005.25;3,968.25;215,362.00;354,550.25;229,603.25;68,306.75;24,139.25;30,343.00
Jun 3, 2017;Jun 4, 2017;107,215.25;53,792.00;5,479.50;97,480.00;165,066.75;4,000.75;214,919.75;314,678.00;99,858.25;54,609.25;26,522.00;29,275.25
Jun 4, 2017;Jun 5, 2017;106,764.50;53,894.75;27,402.00;200,795.00;121,294.50;4,053.75;207,926.00;283,239.75;49,948.50;33,996.50;15,871.50;29,452.75
Jun 5, 2017;Jun 6, 2017;107,619.75;53,221.25;36,193.25;69,342.00;162,743.50;4,034.50;215,578.25;314,652.75;55,987.75;34,175.75;31,687.25;29,285.25
Jun 6, 2017;Jun 7, 2017;106,443.00;53,023.75;94,874.25;336,369.50;126,135.75;3,989.50;215,124.50;322,341.00;57,599.00;40,213.00;33,000.50;30,951.75
Jun 7, 2017;Jun 8, 2017;106,763.00;54,443.50;101,505.50;567,359.75;165,245.00;3,915.25;201,384.25;266,624.50;36,672.50;35,624.75;21,706.50;29,629.50
Jun 8, 2017;Jun 9, 2017;107,751.00;53,667.50;64,318.75;244,711.75;191,850.50;3,872.50;216,995.50;337,714.50;81,883.75;45,673.50;32,954.75;30,504.00
Jun 9, 2017;Jun 10, 2017;107,329.50;52,026.25;33,539.00;211,785.75;164,357.00;3,943.25;217,112.00;348,721.50;107,234.50;47,323.00;30,995.25;30,987.00
Jun 10, 2017;Jun 11, 2017;107,812.00;51,326.75;22,647.25;63,320.50;214,436.75;4,007.75;216,677.75;339,228.75;79,661.75;36,038.25;28,485.25;28,690.75
Jun 11, 2017;Jun 12, 2017;107,488.50;49,166.75;60,824.75;126,334.50;221,956.75;3,986.25;214,071.50;315,745.75;59,666.75;32,292.25;26,977.00;28,988.00
Jun 12, 2017;Jun 13, 2017;106,503.50;48,548.50;93,475.75;399,200.25;171,740.50;3,961.00;210,271.25;311,404.00;74,055.75;38,826.00;28,550.25;29,676.25
Jun 13, 2017;Jun 14, 2017;107,336.00;50,430.00;55,860.75;271,706.75;177,166.00;3,963.25;212,121.25;330,008.00;139,217.75;60,695.75;28,736.75;30,012.50
Jun 14, 2017;Jun 15, 2017;107,245.50;51,007.00;9,233.00;62,765.50;230,812.00;3,932.50;214,296.00;346,190.75;200,905.75;66,792.25;39,160.25;28,086.25
Jun 15, 2017;Jun 16, 2017;106,993.75;50,526.25;35,928.25;98,645.00;211,230.00;3,897.75;215,336.75;351,966.25;127,625.75;56,015.00;24,012.00;25,802.25
Jun 16, 2017;Jun 17, 2017;107,177.50;50,506.50;75,540.50;393,121.00;165,301.75;3,904.25;210,205.50;332,263.50;40,653.00;34,584.25;32,545.50;27,622.75
Jun 17, 2017;Jun 18, 2017;108,294.00;49,207.00;28,891.75;255,160.50;158,350.00;3,989.00;216,179.00;334,168.50;69,305.25;36,666.75;27,190.75;29,851.25
Jun 18, 2017;Jun 19, 2017;108,170.25;46,793.50;9,749.50;37,695.75;219,198.25;3,932.25;212,898.75;349,890.50;80,536.75;41,779.50;18,908.50;29,496.50
Jun 19, 2017;Jun 20, 2017;106,615.00;45,765.75;3,900.50;27,077.00;237,841.75;3,907.75;210,791.00;365,546.00;239,666.25;80,856.00;38,432.25;30,943.25
Jun 20, 2017;Jun 21, 2017;106,198.50;47,114.50;26,188.75;110,257.00;218,023.00;3,851.00;211,194.00;348,075.75;277,143.75;82,927.75;20,632.25;31,281.00
Jun 21, 2017;Jun 22, 2017;107,376.50;47,821.00;7,080.75;54,737.75;218,322.25;3,846.50;210,793.00;363,110.50;277,390.00;86,753.50;29,334.00;24,905.75
Jun 22, 2017;Jun 23, 2017;105,652.25;47,281.00;47,717.25;189,943.50;188,271.75;3,840.25;212,623.75;357,215.50;212,862.75;80,271.00;25,965.75;32,178.75
Jun 23, 2017;Jun 24, 2017;105,498.50;46,089.00;70,530.50;363,395.50;169,411.75;3,832.50;207,710.00;334,327.75;119,104.75;55,650.25;26,726.25;30,927.50
Jun 24, 2017;Jun 25, 2017;106,534.75;45,710.50;69,575.00;314,954.25;171,519.25;3,946.00;196,505.00;323,416.00;31,628.75;29,764.00;28,895.75;22,968.00
Jun 25, 2017;Jun 26, 2017;107,422.50;45,640.25;66,712.75;279,171.75;121,687.00;3,982.75;207,276.00;314,066.50;29,410.50;25,520.00;19,919.50;21,041.75
Jun 26, 2017;Jun 27, 2017;107,162.75;49,026.75;51,367.75;174,463.00;191,584.25;3,923.50;213,337.50;365,364.50;153,241.50;68,396.25;24,912.00;26,758.50
Jun 27, 2017;Jun 28, 2017;107,156.00;47,795.25;15,031.50;68,622.25;151,238.00;3,898.25;213,410.25;372,691.25;233,406.25;97,715.25;39,049.50;23,694.00
Jun 28, 2017;Jun 29, 2017;106,742.75;48,694.75;78,612.50;188,615.50;142,153.75;3,988.75;213,253.00;371,779.75;176,866.00;80,467.00;28,927.50;31,913.75
Jun 29, 2017;Jun 30, 2017;107,016.50;50,367.75;8,845.25;166,937.25;105,580.25;3,988.50;212,088.75;361,777.00;195,299.00;85,537.25;25,766.25;32,272.25
Jun 30, 2017;Jul 1, 2017;106,969.50;52,489.75;30,958.25;359,574.75;150,378.50;3,934.25;211,741.25;340,556.75;91,922.00;52,842.25;28,263.00;29,255.00
Jul 1, 2017;Jul 2, 2017;106,260.50;50,566.50;50,644.75;273,282.25;109,991.00;3,740.00;213,406.25;329,770.75;43,336.50;34,987.75;18,041.50;27,110.00
Jul 2, 2017;Jul 3, 2017;106,061.50;47,515.25;55,626.25;260,821.50;106,359.75;3,758.25;209,850.75;317,484.75;42,135.25;32,674.75;11,286.00;26,364.50
Jul 3, 2017;Jul 4, 2017;106,135.00;48,788.50;55,722.25;218,539.25;196,601.75;3,752.50;213,657.50;334,953.50;112,600.25;60,823.25;23,888.75;28,420.75
Jul 4, 2017;Jul 5, 2017;105,515.25;49,333.75;32,022.25;162,286.00;193,725.75;3,732.75;212,146.00;341,597.25;179,771.00;74,654.25;25,375.50;29,934.50
Jul 5, 2017;Jul 6, 2017;106,139.00;47,749.25;3,702.75;28,617.75;201,440.50;3,704.25;212,451.25;361,223.25;245,959.25;87,162.25;23,757.00;30,227.25
Jul 6, 2017;Jul 7, 2017;105,960.50;47,189.00;3,038.50;31,231.25;217,343.50;3,733.25;213,563.25;361,649.50;249,626.50;104,442.00;27,772.25;29,950.00
Jul 7, 2017;Jul 8, 2017;106,154.50;46,589.00;4,501.75;129,851.25;173,787.50;3,761.75;205,091.50;350,857.75;226,945.75;101,159.00;30,078.50;27,207.25
Jul 8, 2017;Jul 9, 2017;105,647.50;46,579.25;19,554.75;110,176.00;181,670.00;3,776.25;161,496.50;338,460.75;137,357.75;65,199.75;14,250.75;27,054.25
Jul 9, 2017;Jul 10, 2017;105,709.00;46,337.00;5,160.00;38,320.25;180,651.00;3,811.00;153,041.00;341,638.50;122,820.00;50,909.25;13,163.25;29,510.25
Jul 10, 2017;Jul 11, 2017;105,290.75;47,633.00;2,931.00;82,353.00;127,006.00;4,023.25;153,629.75;349,747.25;225,853.00;114,270.00;41,370.25;31,507.75
Jul 11, 2017;Jul 12, 2017;105,348.00;50,070.50;28,766.25;144,592.75;152,590.25;3,891.50;153,589.50;349,028.00;178,544.75;101,452.50;17,205.75;31,501.50
Jul 12, 2017;Jul 13, 2017;105,707.75;50,075.50;59,090.75;259,512.75;90,655.50;3,913.75;154,453.25;344,029.25;133,820.75;83,846.25;23,086.00;34,020.75
Jul 13, 2017;Jul 14, 2017;106,065.75;49,014.75;34,174.00;186,766.50;200,408.50;3,992.25;155,336.00;358,150.00;128,874.50;79,120.75;24,857.00;32,888.25
Jul 14, 2017;Jul 15, 2017;106,444.75;48,661.75;17,618.25;58,256.50;149,476.75;3,797.25;154,290.25;355,031.25;154,894.00;86,808.00;18,323.25;32,660.50
Jul 15, 2017;Jul 16, 2017;106,127.00;49,395.00;13,455.00;71,156.75;154,732.25;3,802.50;154,986.25;326,464.50;117,106.50;62,495.25;12,130.75;31,175.50
Jul 16, 2017;Jul 17, 2017;106,470.50;47,007.50;44,303.00;113,516.00;152,480.75;3,781.00;154,712.75;330,894.00;87,565.50;43,878.00;16,232.50;29,527.00
Jul 17, 2017;Jul 18, 2017;106,146.00;46,038.25;27,918.00;70,863.00;177,550.50;3,740.00;154,508.25;336,517.50;205,766.75;90,442.00;20,809.25;30,114.75
Jul 18, 2017;Jul 19, 2017;105,889.25;45,906.75;6,873.75;57,929.00;216,312.25;3,731.00;153,674.75;332,192.75;224,289.50;99,651.00;24,095.50;28,217.75
Jul 19, 2017;Jul 20, 2017;105,334.50;46,875.50;59,329.50;169,887.25;212,238.75;3,695.75;152,662.25;328,517.50;170,315.00;89,622.75;21,705.75;29,845.00
Jul 20, 2017;Jul 21, 2017;105,045.50;46,661.25;32,385.25;134,415.75;133,954.25;3,734.75;152,773.25;313,226.25;182,218.00;99,864.50;21,376.25;33,205.75
Jul 21, 2017;Jul 22, 2017;105,989.50;48,296.75;22,312.75;82,535.75;204,260.25;3,756.25;153,480.00;326,638.25;166,952.25;84,113.75;17,213.50;30,824.50
Jul 22, 2017;Jul 23, 2017;105,837.25;47,045.75;50,634.50;121,348.50;161,241.75;3,745.00;153,087.50;336,664.00;99,159.25;50,825.50;13,905.75;29,381.00
Jul 23, 2017;Jul 24, 2017;105,819.00;47,260.75;27,326.75;191,503.25;141,338.25;3,762.00;146,145.75;308,788.50;65,162.25;37,078.25;11,434.25;29,563.00
Jul 24, 2017;Jul 25, 2017;106,241.75;48,861.50;6,703.75;70,127.25;95,695.25;3,795.50;154,860.75;346,293.25;219,359.75;93,636.00;25,561.00;32,058.25
Jul 25, 2017;Jul 26, 2017;106,146.75;51,430.50;40,584.00;238,058.50;72,041.50;3,959.75;155,877.50;340,525.50;174,655.25;66,091.75;13,761.25;32,814.75
Jul 26, 2017;Jul 27, 2017;105,523.50;53,109.25;8,850.00;250,352.25;83,032.50;3,938.25;155,163.25;347,220.75;171,160.25;68,484.50;26,710.50;31,242.75
Jul 27, 2017;Jul 28, 2017;106,112.75;49,197.00;40,885.00;142,336.50;104,742.75;3,882.75;179,728.25;365,473.00;154,299.00;64,076.75;20,135.50;28,697.75
Jul 28, 2017;Jul 29, 2017;106,123.75;52,297.50;50,136.25;229,001.75;160,097.00;3,807.75;187,083.75;344,751.00;81,195.50;41,478.75;22,369.00;28,129.75
Jul 29, 2017;Jul 30, 2017;106,414.50;52,513.00;58,181.25;241,750.50;168,388.25;3,798.50;181,467.75;290,283.50;39,253.75;27,923.50;28,488.50;27,392.75
Jul 30, 2017;Jul 31, 2017;105,331.75;50,638.25;39,905.00;293,999.25;183,221.25;3,737.25;173,253.75;225,635.50;40,612.50;26,337.50;18,720.75;27,023.50
Jul 31, 2017;Aug 1, 2017;105,497.25;53,488.00;32,574.75;95,986.75;183,304.25;3,976.75;215,608.25;330,730.25;117,435.75;52,882.75;32,651.25;24,573.00
Aug 1, 2017;Aug 2, 2017;103,872.75;52,550.25;8,914.00;92,980.00;159,888.25;4,186.00;215,255.75;344,459.00;164,069.00;65,094.00;21,428.50;31,082.50
Aug 2, 2017;Aug 3, 2017;104,394.50;52,166.00;24,428.50;72,738.00;165,589.75;4,156.25;215,182.00;351,663.75;161,774.00;67,260.75;25,066.00;33,560.50
Aug 3, 2017;Aug 4, 2017;104,333.50;51,437.50;86,327.00;297,032.00;120,165.75;4,075.75;213,204.75;339,447.50;83,061.25;40,933.50;22,882.25;29,173.50
Aug 4, 2017;Aug 5, 2017;105,744.50;49,950.25;86,610.75;369,571.75;145,631.00;4,088.50;212,404.75;333,480.25;47,940.75;35,563.75;27,759.00;29,483.50
Aug 5, 2017;Aug 6, 2017;106,100.50;50,455.25;47,317.75;192,132.00;148,608.50;4,156.75;214,195.00;361,960.25;32,546.25;29,896.00;20,397.75;28,397.00
Aug 6, 2017;Aug 7, 2017;105,578.00;50,180.00;47,750.25;136,460.75;164,459.75;4,146.25;208,406.75;331,121.25;38,535.75;28,749.50;18,327.25;27,592.25
Aug 7, 2017;Aug 8, 2017;104,980.25;47,985.50;36,568.50;73,074.25;216,117.50;4,322.75;211,509.75;384,715.25;88,404.75;50,098.75;19,442.75;30,068.50
Aug 8, 2017;Aug 9, 2017;104,437.75;49,064.50;37,846.75;202,846.75;143,739.25;4,298.00;210,447.00;377,844.75;114,036.75;53,667.00;21,164.50;30,804.75
Aug 9, 2017;Aug 10, 2017;105,305.75;51,219.75;58,887.50;163,308.25;169,033.75;4,170.75;209,843.75;382,376.25;103,997.75;45,677.00;23,760.00;30,007.00
Aug 10, 2017;Aug 11, 2017;105,689.75;51,500.00;14,467.00;85,265.75;71,162.50;4,467.50;207,989.25;383,706.50;154,388.75;64,713.00;27,837.00;31,328.25
Aug 11, 2017;Aug 12, 2017;107,179.75;49,953.00;5,859.25;101,913.25;42,196.75;4,468.25;214,535.75;354,188.25;172,550.75;70,491.00;28,095.25;30,171.50
Aug 12, 2017;Aug 13, 2017;107,496.00;51,617.00;40,498.00;255,193.50;80,903.00;4,269.75;213,493.00;324,164.50;34,277.50;27,933.75;14,256.00;27,755.00
Aug 13, 2017;Aug 14, 2017;107,381.75;53,820.50;26,612.50;97,311.75;141,156.25;4,178.75;227,101.50;316,811.50;40,127.00;22,667.75;17,843.75;28,009.25
Aug 14, 2017;Aug 15, 2017;106,466.75;53,191.25;30,090.50;81,414.00;201,026.25;4,324.25;234,355.00;352,158.50;88,663.75;38,112.50;28,539.50;28,810.75
Aug 15, 2017;Aug 16, 2017;105,489.75;52,059.25;24,486.00;172,571.50;172,203.00;4,195.00;232,686.00;362,692.00;89,366.00;30,227.75;25,431.50;27,893.25
Aug 16, 2017;Aug 17, 2017;105,887.00;52,317.00;15,819.25;53,759.50;150,676.75;4,313.50;240,682.25;391,464.25;155,462.50;45,678.25;23,864.50;28,298.50
Aug 17, 2017;Aug 18, 2017;106,148.75;53,434.50;59,611.75;145,973.50;143,190.75;4,199.75;240,980.75;385,517.25;148,337.75;48,707.50;25,072.75;27,924.75
Aug 18, 2017;Aug 19, 2017;106,475.00;52,509.00;42,527.00;143,223.50;125,638.00;4,329.75;241,583.50;391,170.00;138,281.50;49,887.25;24,823.50;27,792.25
Aug 19, 2017;Aug 20, 2017;107,299.75;52,595.00;76,217.00;284,524.75;140,370.00;4,256.50;238,954.75;298,457.75;28,818.75;24,312.25;22,845.25;26,586.75
Aug 20, 2017;Aug 21, 2017;108,049.25;50,654.50;86,701.50;233,063.50;156,867.25;4,094.50;225,182.75;251,451.25;26,424.00;22,047.50;15,181.25;25,897.50
Aug 21, 2017;Aug 22, 2017;107,234.00;48,662.75;50,729.75;177,205.00;158,356.00;4,382.00;243,518.50;377,513.00;133,708.25;30,503.50;19,402.50;27,497.25
Aug 22, 2017;Aug 23, 2017;107,187.50;48,858.50;13,856.00;77,714.25;173,373.25;4,299.50;244,206.25;379,682.25;182,491.50;31,961.75;26,891.75;28,288.75
Aug 23, 2017;Aug 24, 2017;107,636.75;48,287.25;16,862.25;51,358.00;199,193.25;4,284.75;243,829.00;390,215.75;191,130.00;30,576.75;22,255.00;28,433.00
Aug 24, 2017;Aug 25, 2017;107,384.50;46,982.00;55,469.25;141,664.50;146,339.00;4,254.75;242,728.25;371,231.25;200,506.00;35,664.00;28,772.75;28,003.75
Aug 25, 2017;Aug 26, 2017;107,381.25;49,834.25;22,042.00;69,772.50;171,903.75;4,245.25;242,498.00;371,422.25;214,744.50;35,343.50;26,554.25;28,932.00
Aug 26, 2017;Aug 27, 2017;106,583.50;47,700.25;3,658.50;41,823.50;152,021.25;4,226.75;241,396.00;367,900.50;177,415.25;26,147.25;17,165.75;27,959.25
Aug 27, 2017;Aug 28, 2017;106,243.00;46,181.25;20,801.25;113,025.00;147,843.00;4,116.25;240,619.00;384,536.50;76,777.75;23,297.50;16,551.25;25,989.25
Aug 28, 2017;Aug 29, 2017;105,177.00;45,184.00;2,590.50;32,813.75;178,631.75;4,264.50;242,370.25;382,828.00;217,364.75;42,124.25;31,593.75;29,191.00
Aug 29, 2017;Aug 30, 2017;104,594.00;45,833.25;16,749.50;83,221.75;193,583.75;4,268.00;241,657.75;383,837.75;230,012.00;40,008.25;28,105.25;30,283.00
Aug 30, 2017;Aug 31, 2017;103,992.50;44,597.75;28,907.50;150,543.25;152,123.50;4,346.25;239,174.75;393,546.75;228,253.75;42,687.00;26,212.50;30,677.50
Aug 31, 2017;Sep 1, 2017;104,214.00;44,338.75;35,509.25;192,116.75;70,795.25;4,340.50;241,603.00;376,527.00;250,035.25;54,010.50;17,735.25;30,919.75
Sep 1, 2017;Sep 2, 2017;105,746.25;49,443.50;5,329.25;32,467.25;83,406.75;4,354.50;226,576.25;388,368.00;255,565.50;56,423.25;18,636.00;33,236.25
Sep 2, 2017;Sep 3, 2017;106,216.00;51,645.75;3,949.25;32,335.75;106,187.00;4,331.50;211,544.25;362,966.00;176,776.00;26,801.25;15,407.50;30,901.00
Sep 3, 2017;Sep 4, 2017;106,660.50;46,035.50;1,641.75;22,354.75;140,194.00;4,330.75;212,586.75;369,765.25;114,284.00;27,878.75;11,385.25;30,258.75
Sep 4, 2017;Sep 5, 2017;105,283.75;49,835.75;10,079.75;66,711.00;168,123.00;4,427.25;212,671.25;358,314.75;235,016.75;50,430.25;28,847.25;32,622.00
Sep 5, 2017;Sep 6, 2017;104,514.75;52,740.50;33,714.75;70,275.00;135,541.50;4,514.00;212,682.75;356,315.25;265,391.50;50,350.75;22,081.00;32,450.75
Sep 6, 2017;Sep 7, 2017;104,358.00;53,752.50;56,340.75;327,469.75;92,002.25;4,409.00;209,857.50;336,700.00;145,033.75;30,876.25;25,109.50;32,640.50
Sep 7, 2017;Sep 8, 2017;105,105.50;53,336.25;51,287.25;296,746.75;100,495.75;4,431.25;210,712.75;328,000.00;160,446.50;46,593.25;27,802.50;33,715.25
Sep 8, 2017;Sep 9, 2017;105,670.75;52,753.00;66,465.50;443,945.75;82,393.50;4,514.00;210,276.25;331,020.75;80,670.50;29,926.00;26,895.00;32,746.75
Sep 9, 2017;Sep 10, 2017;106,196.75;51,926.25;13,591.50;287,917.25;63,259.50;4,468.75;211,185.75;324,914.50;70,402.25;27,385.75;28,214.00;31,223.00
Sep 10, 2017;Sep 11, 2017;105,579.50;50,935.50;71,390.00;204,011.50;113,329.50;4,510.00;193,485.00;296,869.00;41,791.75;24,661.50;17,377.50;31,224.00
Sep 11, 2017;Sep 12, 2017;105,245.25;50,161.00;90,404.25;489,873.50;102,464.00;4,427.25;195,576.25;285,492.00;83,047.00;31,829.25;28,013.75;32,222.00
Sep 12, 2017;Sep 13, 2017;105,415.50;50,528.75;64,986.25;405,090.75;103,032.50;4,514.25;212,053.50;313,729.75;86,008.50;33,474.50;34,875.75;33,442.00
Sep 13, 2017;Sep 14, 2017;104,891.75;49,713.75;67,505.75;685,568.50;76,820.00;4,405.75;203,001.75;226,652.75;66,402.25;32,769.00;28,427.75;32,974.25
Sep 14, 2017;Sep 15, 2017;85,516.50;51,515.75;72,877.50;572,510.75;64,482.00;4,574.75;211,701.25;292,473.25;71,756.50;34,578.00;28,927.00;33,907.00
Sep 15, 2017;Sep 16, 2017;86,691.75;52,215.50;56,622.00;294,158.50;120,941.50;4,479.00;213,104.00;357,128.25;158,846.50;35,019.25;28,756.00;34,452.00
Sep 16, 2017;Sep 17, 2017;86,401.00;52,905.25;3,866.25;78,467.75;99,446.75;3,928.50;216,490.75;379,103.50;195,589.50;30,265.50;18,298.50;31,926.50
Sep 17, 2017;Sep 18, 2017;85,633.00;52,557.25;2,982.50;19,782.75;119,925.75;3,932.50;213,678.75;379,655.25;174,691.00;31,523.25;14,907.75;31,450.25
Sep 18, 2017;Sep 19, 2017;85,271.75;51,038.50;3,833.25;50,321.25;106,991.50;3,888.75;217,729.25;370,490.75;293,230.25;89,137.25;27,290.00;34,754.50
Sep 19, 2017;Sep 20, 2017;85,478.50;50,906.75;19,847.75;55,957.25;93,990.00;3,930.75;217,154.25;380,582.75;294,040.50;89,302.25;26,151.00;35,377.00
Sep 20, 2017;Sep 21, 2017;86,396.25;51,102.50;39,334.75;105,437.75;85,205.75;3,927.25;215,876.50;381,523.75;287,093.50;78,489.75;27,044.00;34,838.50
Sep 21, 2017;Sep 22, 2017;86,381.00;51,011.00;17,451.25;33,325.75;123,772.25;4,095.75;215,237.25;390,468.00;283,498.50;73,555.75;22,024.50;33,528.00
Sep 22, 2017;Sep 23, 2017;85,870.00;50,029.00;5,385.50;11,681.25;113,891.25;4,098.25;216,512.25;388,523.75;298,141.50;74,545.50;27,318.50;33,529.25
Sep 23, 2017;Sep 24, 2017;105,763.50;48,576.75;2,452.75;22,323.00;117,185.00;3,896.75;210,742.00;368,925.00;235,036.50;57,439.25;19,802.00;31,751.25
Sep 24, 2017;Sep 25, 2017;105,253.00;47,668.50;9,314.75;39,155.50;88,861.00;3,904.00;201,514.00;352,858.00;205,684.50;40,625.50;17,374.25;31,213.50
Sep 25, 2017;Sep 26, 2017;105,239.00;46,621.25;34,188.25;69,363.00;91,454.50;3,908.75;199,450.75;358,030.25;301,823.75;94,112.75;36,200.00;33,978.50
Sep 26, 2017;Sep 27, 2017;105,881.50;47,091.50;38,256.50;97,904.75;102,236.25;4,136.50;200,396.00;357,687.00;289,964.75;101,753.75;31,512.75;35,345.75
Sep 27, 2017;Sep 28, 2017;106,420.50;46,901.50;46,115.50;97,184.25;108,036.75;4,284.25;201,473.25;353,863.25;293,744.00;99,147.75;30,652.00;35,062.75
Sep 28, 2017;Sep 29, 2017;106,398.50;45,292.25;41,423.00;94,593.75;84,594.75;4,058.00;230,377.00;350,983.75;257,995.25;101,879.50;26,177.25;35,057.00
Sep 29, 2017;Sep 30, 2017;107,051.00;43,511.50;49,018.75;118,857.50;99,957.25;4,510.00;244,268.75;364,780.50;246,913.75;89,829.75;24,441.75;35,202.50
Sep 30, 2017;Oct 1, 2017;107,012.00;40,830.75;29,897.50;176,491.25;91,065.75;4,424.50;240,216.00;375,300.25;127,406.25;47,632.00;20,210.50;32,270.25
Oct 1, 2017;Oct 2, 2017;105,455.75;42,390.50;59,419.75;138,674.75;87,195.25;4,491.25;243,555.50;351,541.50;46,730.00;37,313.00;23,948.00;31,946.00
Oct 2, 2017;Oct 3, 2017;105,496.25;44,386.25;105,107.00;467,738.75;55,170.25;4,494.75;232,907.75;284,382.75;33,942.00;39,492.75;29,026.25;32,379.00
Oct 3, 2017;Oct 4, 2017;105,671.75;46,353.75;102,976.25;361,435.25;79,475.25;4,470.50;234,684.25;286,359.25;40,392.25;38,144.25;26,731.50;24,447.50
Oct 4, 2017;Oct 5, 2017;105,317.25;49,434.25;96,178.25;522,865.25;74,265.75;4,463.50;242,350.25;298,725.50;65,156.50;60,350.25;29,846.75;31,243.75
Oct 5, 2017;Oct 6, 2017;103,791.00;47,709.75;96,083.00;650,043.50;70,284.75;4,439.75;237,499.50;278,413.50;36,648.25;46,646.50;29,534.75;31,318.00
Oct 6, 2017;Oct 7, 2017;104,509.75;48,879.00;105,247.50;500,959.75;68,365.00;4,637.50;241,076.50;310,320.00;67,436.25;53,802.50;32,426.75;32,628.75
Oct 7, 2017;Oct 8, 2017;106,186.00;49,012.00;105,558.50;533,859.00;52,326.25;4,540.50;229,079.25;239,294.25;34,257.00;34,712.00;15,484.75;31,740.50
Oct 8, 2017;Oct 9, 2017;106,228.25;48,829.50;59,499.50;285,865.00;61,002.25;4,473.50;236,617.75;303,999.25;80,358.75;34,698.25;22,528.75;31,821.25
Oct 9, 2017;Oct 10, 2017;105,683.00;47,776.50;16,588.50;146,300.50;68,709.50;5,048.75;247,186.25;359,549.75;281,255.50;96,073.00;36,341.25;34,023.00
Oct 10, 2017;Oct 11, 2017;106,014.50;47,162.00;49,635.75;263,433.50;36,635.50;5,024.00;246,409.75;365,703.00;258,270.25;64,410.25;30,507.75;33,996.25
Oct 11, 2017;Oct 12, 2017;106,045.00;44,825.75;85,668.00;432,010.25;63,035.75;4,704.00;240,462.50;341,424.75;151,539.00;46,068.00;30,506.00;31,287.00
Oct 12, 2017;Oct 13, 2017;105,692.75;42,719.50;72,734.75;566,240.50;78,488.50;4,609.50;239,532.75;279,134.00;101,082.75;50,963.25;26,718.25;31,541.00
Oct 13, 2017;Oct 14, 2017;107,006.50;42,140.75;80,778.25;227,896.25;91,525.00;4,636.50;243,236.50;352,949.75;220,736.75;64,668.25;38,187.50;34,658.75
Oct 14, 2017;Oct 15, 2017;106,504.00;41,222.75;95,119.75;213,995.50;110,629.75;4,599.25;240,867.25;361,072.75;108,017.75;36,702.75;24,962.00;32,185.75
Oct 15, 2017;Oct 16, 2017;106,148.25;38,541.25;62,025.75;146,961.25;123,717.75;4,524.75;240,317.00;360,161.75;85,378.50;33,526.25;17,636.25;32,056.25
Oct 16, 2017;Oct 17, 2017;105,192.75;36,966.00;36,691.50;216,836.75;118,553.50;4,362.00;244,235.00;370,131.50;257,019.75;75,516.25;29,982.00;33,870.75
Oct 17, 2017;Oct 18, 2017;104,803.00;37,564.25;78,022.50;199,977.25;106,554.75;4,240.50;240,432.00;372,077.25;264,511.50;91,689.75;28,558.75;34,236.75
Oct 18, 2017;Oct 19, 2017;105,524.25;38,857.50;20,118.50;51,345.00;98,499.50;4,453.00;244,252.50;385,576.25;306,091.75;118,186.00;40,274.50;35,687.50
Oct 19, 2017;Oct 20, 2017;105,382.75;38,749.00;40,446.75;102,624.25;95,179.50;4,510.50;244,500.00;384,399.75;282,568.50;111,834.00;25,383.50;35,953.75
Oct 20, 2017;Oct 21, 2017;106,144.00;35,996.25;69,830.00;288,268.75;62,918.50;4,473.25;241,259.00;378,161.25;185,099.50;77,651.00;22,454.50;34,970.50
Oct 21, 2017;Oct 22, 2017;106,975.00;34,614.00;64,638.50;212,062.25;44,625.50;4,536.50;238,317.50;394,100.50;122,632.25;38,114.75;23,874.25;33,866.00
Oct 22, 2017;Oct 23, 2017;106,816.00;35,141.00;74,899.00;365,208.75;46,077.25;4,593.25;241,229.00;342,281.75;44,060.75;34,877.25;18,096.50;32,349.25
Oct 23, 2017;Oct 24, 2017;107,074.50;36,558.25;35,170.25;240,929.75;30,341.00;4,928.50;243,607.25;401,362.50;254,494.75;96,270.50;32,147.25;36,093.50
Oct 24, 2017;Oct 25, 2017;107,074.25;39,020.50;63,882.75;201,902.25;41,478.75;4,908.00;240,812.75;404,031.75;255,090.00;83,806.75;20,714.50;31,002.25
Oct 25, 2017;Oct 26, 2017;105,834.25;37,358.50;73,770.25;392,518.75;52,359.75;4,735.25;242,854.25;386,428.75;150,031.75;63,150.25;23,968.50;26,310.00
Oct 26, 2017;Oct 27, 2017;105,965.75;37,047.75;90,391.75;228,562.25;54,839.50;4,729.75;242,238.75;389,834.25;210,523.75;97,346.25;32,009.50;27,125.50
Oct 27, 2017;Oct 28, 2017;106,626.75;38,879.75;79,148.75;445,186.75;52,373.00;4,866.75;239,801.75;359,340.25;92,141.25;61,217.75;30,111.25;30,154.25
Oct 28, 2017;Oct 29, 2017;107,090.75;40,101.00;80,341.75;704,244.00;26,801.25;4,390.75;194,305.25;177,011.75;36,931.00;42,692.75;16,559.00;29,179.25
Oct 29, 2017;Oct 30, 2017;109,232.00;41,170.50;71,086.50;677,514.00;52,241.00;4,379.00;182,441.75;166,524.25;28,070.50;35,289.00;16,251.00;25,661.50
Oct 30, 2017;Oct 31, 2017;106,452.50;42,917.00;86,710.25;335,628.50;69,880.25;5,125.00;240,875.25;306,271.00;66,870.75;51,773.00;28,126.25;32,179.50
Oct 31, 2017;Nov 1, 2017;108,797.50;40,924.25;52,702.25;201,861.25;56,767.00;5,443.25;244,755.25;337,570.25;96,002.25;67,677.25;22,615.50;37,361.50
Nov 1, 2017;Nov 2, 2017;111,054.75;39,630.25;87,900.25;327,571.75;37,046.50;5,309.25;242,224.75;303,369.50;92,693.50;69,962.00;21,323.50;38,152.50
Nov 2, 2017;Nov 3, 2017;110,679.50;38,466.00;51,151.25;302,659.25;51,505.00;5,191.75;243,355.75;348,813.75;197,499.25;72,885.00;20,660.00;37,275.00
Nov 3, 2017;Nov 4, 2017;111,283.50;40,451.00;32,918.00;79,295.25;50,759.75;5,209.75;244,579.25;368,945.50;319,430.50;119,382.25;33,510.25;38,748.50
Nov 4, 2017;Nov 5, 2017;111,615.75;37,674.50;68,091.00;235,808.00;57,358.25;5,111.75;242,758.25;375,793.25;135,728.00;48,200.75;11,171.75;36,033.50
Nov 5, 2017;Nov 6, 2017;110,789.25;36,013.25;44,222.50;226,097.75;25,259.25;5,064.50;238,604.50;401,650.75;115,791.50;47,751.25;12,499.25;35,622.25
Nov 6, 2017;Nov 7, 2017;110,955.00;44,190.75;25,428.50;80,122.50;40,298.75;5,290.50;216,288.75;423,152.75;277,592.00;125,903.75;37,212.25;38,917.75
Nov 7, 2017;Nov 8, 2017;111,200.00;46,196.50;41,011.50;108,441.25;27,300.25;5,384.00;216,531.75;412,197.25;321,149.75;130,560.50;30,738.00;39,810.00
Nov 8, 2017;Nov 9, 2017;110,698.00;45,337.75;7,484.00;61,416.75;18,330.75;5,381.25;216,531.50;398,343.25;318,214.75;143,285.00;37,484.00;41,174.75
Nov 9, 2017;Nov 10, 2017;111,371.00;43,497.50;55,985.50;141,817.50;15,288.25;5,324.50;211,634.25;394,169.25;310,681.00;127,656.00;27,752.75;39,832.00
Nov 10, 2017;Nov 11, 2017;111,852.75;41,994.00;82,305.00;537,332.00;12,772.50;5,293.25;210,451.75;348,539.50;105,094.75;77,896.50;23,978.00;35,567.00
Nov 11, 2017;Nov 12, 2017;111,553.50;42,436.25;96,974.50;451,819.25;18,164.00;5,295.50;198,919.00;336,782.00;70,679.75;57,908.75;19,096.75;34,496.50
Nov 12, 2017;Nov 13, 2017;112,437.25;49,124.25;65,550.50;178,645.50;15,730.75;5,333.75;209,876.25;398,960.75;111,142.50;49,972.00;21,943.25;35,423.75
Nov 13, 2017;Nov 14, 2017;112,729.00;49,269.50;61,802.75;151,640.75;36,999.25;5,341.00;215,788.00;409,717.75;265,878.25;92,726.00;23,459.00;37,954.25
Nov 14, 2017;Nov 15, 2017;114,494.75;48,401.50;46,214.00;245,608.50;38,772.00;5,358.50;213,212.50;407,089.25;268,458.00;92,637.50;17,665.50;37,250.50
Nov 15, 2017;Nov 16, 2017;114,658.00;50,467.25;14,564.50;88,004.50;25,803.00;5,349.50;215,995.25;382,465.00;319,629.00;129,799.00;50,377.00;38,342.75
Nov 16, 2017;Nov 17, 2017;114,819.25;49,856.25;60,639.50;110,955.75;18,145.00;5,358.00;215,282.50;377,056.00;325,126.75;127,484.50;36,119.25;40,506.50
Nov 17, 2017;Nov 18, 2017;116,247.00;47,021.75;67,140.00;134,462.25;32,918.75;5,421.50;230,541.00;395,508.75;290,017.50;95,359.50;27,033.75;37,917.00
Nov 18, 2017;Nov 19, 2017;116,378.75;43,885.75;72,806.50;523,816.50;18,878.50;5,479.00;242,097.50;307,985.00;67,405.75;60,761.00;21,011.50;34,552.50
Nov 19, 2017;Nov 20, 2017;116,012.00;41,306.50;86,459.50;637,086.00;28,649.75;5,019.75;217,921.75;214,021.25;58,661.50;44,896.50;9,029.50;32,016.75
Nov 20, 2017;Nov 21, 2017;115,153.50;41,868.25;38,331.00;356,614.25;14,912.00;5,544.25;238,569.50;348,486.25;267,417.25;94,231.25;31,887.00;36,789.50
Nov 21, 2017;Nov 22, 2017;115,463.00;44,436.00;20,643.25;287,914.25;11,239.75;5,441.75;244,333.75;374,460.75;310,366.50;121,689.50;37,223.50;37,932.50
Nov 22, 2017;Nov 23, 2017;113,459.75;43,588.00;68,444.00;513,176.75;46,148.00;5,290.75;237,590.75;354,861.50;131,376.75;72,916.00;32,741.25;34,649.00
Nov 23, 2017;Nov 24, 2017;114,521.50;42,193.00;78,523.00;654,766.75;42,046.00;5,037.75;239,626.50;352,889.75;100,029.50;53,356.00;20,371.00;33,820.25
Nov 24, 2017;Nov 25, 2017;115,785.00;40,781.50;50,805.00;280,103.50;30,441.25;5,068.50;243,357.00;405,635.00;237,429.50;75,360.50;32,627.50;35,900.25
Nov 25, 2017;Nov 26, 2017;115,130.50;41,582.50;46,089.25;178,001.50;13,553.75;5,469.00;243,449.25;416,923.50;229,459.25;54,934.50;18,783.50;35,096.75
Nov 26, 2017;Nov 27, 2017;115,370.00;42,183.50;93,399.00;503,340.50;22,587.75;5,557.25;243,507.50;336,609.25;63,815.25;44,958.75;17,495.50;34,849.25
Nov 27, 2017;Nov 28, 2017;114,927.75;40,735.50;92,405.00;644,080.00;21,983.00;5,395.25;239,504.00;344,504.00;88,669.25;65,642.75;26,772.75;35,917.00
Nov 28, 2017;Nov 29, 2017;114,773.50;42,046.75;60,493.25;475,270.75;19,658.50;5,377.00;240,681.75;367,778.50;225,638.75;89,105.75;23,667.75;37,341.00
Nov 29, 2017;Nov 30, 2017;115,098.50;42,975.00;11,962.50;95,153.25;24,153.50;5,518.25;245,864.25;421,847.50;308,021.25;153,152.00;40,595.50;38,864.00
Nov 30, 2017;Dec 1, 2017;114,888.00;45,419.25;13,227.00;52,072.50;14,313.75;5,625.00;246,437.50;432,311.50;335,186.50;160,694.50;34,318.25;39,236.75
Dec 1, 2017;Dec 2, 2017;114,965.25;45,455.25;25,302.50;29,000.75;19,265.50;5,708.50;246,394.75;425,928.50;340,772.25;144,849.00;27,524.25;38,369.75
Dec 2, 2017;Dec 3, 2017;116,833.50;42,299.00;49,683.00;68,567.50;16,459.50;5,708.25;245,915.50;408,125.75;281,575.25;68,824.25;17,192.50;37,132.50
Dec 3, 2017;Dec 4, 2017;116,506.75;38,659.25;90,597.00;286,044.00;12,410.75;5,673.50;243,777.25;408,979.25;122,839.25;56,818.75;14,795.00;34,659.00
Dec 4, 2017;Dec 5, 2017;115,195.25;37,178.00;90,270.25;387,335.25;10,746.75;5,668.25;244,556.25;404,904.75;218,506.00;72,435.50;14,651.00;36,451.50
Dec 5, 2017;Dec 6, 2017;115,119.75;37,829.00;86,261.50;517,540.25;10,951.25;5,618.00;236,136.50;377,437.50;165,783.50;80,338.25;18,284.75;32,231.00
Dec 6, 2017;Dec 7, 2017;113,835.75;37,358.25;74,294.50;558,172.50;8,008.25;5,610.75;237,215.25;327,558.75;189,535.25;85,083.50;22,575.75;31,029.50
Dec 7, 2017;Dec 8, 2017;115,026.50;37,788.00;75,366.00;653,146.00;42,996.00;5,530.50;233,341.50;341,691.00;137,199.00;82,244.75;13,951.50;33,963.75
Dec 8, 2017;Dec 9, 2017;116,337.25;39,210.25;92,877.25;565,302.00;20,502.50;5,492.75;236,863.25;358,985.25;122,390.00;84,362.00;18,070.50;33,622.75
Dec 9, 2017;Dec 10, 2017;116,726.25;38,513.75;99,864.25;609,999.25;12,342.75;5,664.00;231,743.00;308,236.25;56,358.00;60,816.50;17,321.50;33,363.75
Dec 10, 2017;Dec 11, 2017;116,575.00;37,284.50;69,428.25;552,879.25;9,921.25;5,510.00;237,427.00;332,134.25;46,201.75;55,677.75;17,974.50;34,393.25
Dec 11, 2017;Dec 12, 2017;115,649.75;40,104.25;56,602.50;360,679.25;5,666.50;5,650.00;243,291.00;402,254.75;248,285.75;91,865.25;21,448.50;36,948.25
Dec 12, 2017;Dec 13, 2017;114,584.75;47,069.00;71,876.75;520,671.75;13,248.00;5,524.50;238,465.75;366,604.50;173,923.75;77,218.50;15,808.75;36,677.75
Dec 13, 2017;Dec 14, 2017;114,856.50;46,130.75;72,517.75;630,442.25;36,879.25;5,529.75;237,970.25;333,439.00;118,433.75;67,158.00;14,661.00;36,025.50
Dec 14, 2017;Dec 15, 2017;115,339.00;44,763.00;76,560.25;611,776.00;21,028.25;5,429.50;239,163.75;320,736.50;145,671.25;74,346.50;20,040.75;36,756.00
Dec 15, 2017;Dec 16, 2017;116,302.50;46,544.00;26,462.75;160,213.25;21,653.00;5,556.00;245,162.50;390,559.75;266,884.50;111,504.75;33,496.25;38,223.50
Dec 16, 2017;Dec 17, 2017;116,605.50;44,048.00;63,008.50;206,369.50;15,902.50;5,558.50;244,008.25;386,057.25;193,799.50;66,551.75;14,649.50;35,935.00
Dec 17, 2017;Dec 18, 2017;116,567.00;41,563.50;44,780.00;206,139.75;12,620.00;5,577.00;243,525.25;385,153.50;160,938.00;64,224.75;18,445.50;35,894.25
Dec 18, 2017;Dec 19, 2017;115,722.25;44,265.00;33,518.50;111,936.50;15,896.75;5,583.00;244,782.00;388,357.75;287,953.75;131,554.25;33,355.00;38,076.00
Dec 19, 2017;Dec 20, 2017;115,440.75;46,338.00;14,555.75;85,880.50;8,795.75;5,582.25;245,003.75;393,439.25;320,754.50;146,364.00;28,291.75;39,317.25
Dec 20, 2017;Dec 21, 2017;115,664.75;45,550.00;20,747.25;63,781.00;8,798.25;5,597.25;244,269.00;400,840.25;331,001.25;143,098.50;24,164.50;38,242.50
Dec 21, 2017;Dec 22, 2017;115,613.75;43,335.75;27,291.00;233,068.75;7,311.25;5,506.00;243,673.75;394,478.25;277,756.75;104,297.00;17,460.50;36,969.00
Dec 22, 2017;Dec 23, 2017;116,379.75;43,606.00;36,408.00;191,325.25;10,065.75;5,313.50;243,182.00;383,781.50;227,609.00;72,936.50;21,434.50;35,400.50
Dec 23, 2017;Dec 24, 2017;115,414.75;45,909.25;79,716.50;643,333.75;8,447.75;4,795.00;228,960.50;184,067.50;55,956.75;35,498.00;10,751.75;31,311.75
Dec 24, 2017;Dec 25, 2017;115,176.75;39,668.75;81,371.00;722,831.50;9,948.75;4,162.25;153,512.75;114,504.75;35,816.25;23,164.75;16,186.00;28,342.00
Dec 25, 2017;Dec 26, 2017;115,302.50;38,712.00;92,113.25;497,185.50;15,763.50;4,540.00;213,454.50;179,720.50;37,817.75;26,935.25;21,674.75;29,893.50
Dec 26, 2017;Dec 27, 2017;114,557.75;38,825.75;88,155.25;623,768.00;30,922.50;4,447.75;217,358.00;183,486.50;40,885.00;28,306.25;11,319.25;29,786.00
Dec 27, 2017;Dec 28, 2017;114,860.25;38,492.50;53,698.75;346,923.75;16,531.25;5,419.75;239,218.00;287,897.00;79,438.00;41,941.25;19,173.75;33,629.25
Dec 28, 2017;Dec 29, 2017;115,354.00;39,320.00;82,777.50;410,790.50;14,350.75;5,684.00;234,819.50;296,355.50;59,548.00;58,548.50;16,379.00;33,970.75
Dec 29, 2017;Dec 30, 2017;115,922.25;38,862.75;90,671.75;494,512.25;30,537.25;5,419.50;225,829.25;281,006.75;50,012.25;51,867.50;23,090.50;34,186.25
Dec 30, 2017;Dec 31, 2017;115,840.25;39,529.25;71,053.50;638,626.00;7,464.75;4,924.25;228,012.50;202,734.50;43,705.75;34,371.50;15,822.50;30,562.75
Dec 31, 2017;Jan 1, 2018;114,394.50;43,924.25;85,147.50;632,875.75;19,980.00;4,240.75;193,231.00;155,968.25;34,404.00;25,837.00;15,737.50;28,704.50
Jan 1, 2018;Jan 2, 2018;114,527.00;40,439.75;75,969.00;613,435.00;29,486.00;4,268.50;156,724.25;199,363.25;41,482.75;63,992.25;23,552.00;30,570.25
Jan 2, 2018;Jan 3, 2018;116,100.50;40,841.00;63,497.50;395,677.75;16,325.75;5,370.50;220,838.75;346,229.00;102,323.75;113,800.00;39,666.75;34,412.25
Jan 3, 2018;Jan 4, 2018;115,527.75;42,709.00;91,808.75;825,386.25;13,103.25;5,129.75;195,912.50;241,781.50;62,061.25;88,898.00;29,645.75;34,566.25
Jan 4, 2018;Jan 5, 2018;116,167.00;45,180.25;37,370.50;555,422.75;9,263.50;5,304.25;216,736.50;311,946.00;167,961.00;109,256.75;45,128.25;34,656.50
Jan 5, 2018;Jan 6, 2018;116,471.50;45,446.25;27,849.75;515,496.25;18,380.00;5,154.50;209,575.25;330,104.00;183,418.75;119,025.50;43,035.00;32,383.25
Jan 6, 2018;Jan 7, 2018;116,144.50;44,797.00;29,257.25;173,038.00;29,154.50;4,637.50;222,618.50;379,559.75;157,074.50;103,531.00;35,368.75;31,082.50
Jan 7, 2018;Jan 8, 2018;116,347.75;41,865.75;33,866.00;350,667.00;17,001.00;4,671.75;222,074.25;360,170.25;66,560.50;92,120.50;24,396.00;31,262.00
Jan 8, 2018;Jan 9, 2018;115,819.25;41,809.25;63,118.25;475,899.50;30,372.00;5,494.50;224,668.75;401,155.50;143,659.50;136,391.75;37,926.75;33,522.75
Jan 9, 2018;Jan 10, 2018;115,715.75;46,063.50;79,408.25;457,452.00;29,452.75;5,522.25;218,569.75;383,370.25;169,046.75;146,779.00;25,291.50;33,109.75
Jan 10, 2018;Jan 11, 2018;116,332.50;47,494.00;25,973.25;130,235.50;37,828.75;5,527.50;224,074.00;419,896.00;295,355.50;188,311.50;30,285.75;33,885.25
Jan 11, 2018;Jan 12, 2018;116,424.25;47,562.00;10,964.75;24,308.00;21,015.75;5,555.25;225,169.75;421,093.25;348,594.50;234,798.75;30,885.50;34,734.75
Jan 12, 2018;Jan 13, 2018;117,030.75;48,012.00;49,457.00;78,570.75;11,010.50;5,539.50;224,486.50;409,452.50;325,887.50;202,206.75;35,152.00;33,893.75
Jan 13, 2018;Jan 14, 2018;116,587.75;45,267.00;73,133.75;253,186.75;11,431.00;5,551.75;224,009.00;410,535.00;156,956.50;127,327.50;16,652.25;32,852.50
Jan 14, 2018;Jan 15, 2018;116,504.25;42,188.75;78,299.00;315,142.25;33,246.75;5,540.50;220,176.75;394,500.50;80,470.25;116,490.25;21,083.75;31,383.25
Jan 15, 2018;Jan 16, 2018;115,864.25;42,132.50;85,285.50;634,250.25;30,273.75;5,506.75;218,935.00;349,909.75;106,647.00;127,123.00;30,523.75;32,218.75
Jan 16, 2018;Jan 17, 2018;115,824.00;44,867.75;90,000.25;597,685.25;18,544.50;5,380.00;217,157.50;349,136.00;120,815.75;118,867.75;38,185.00;32,272.00
Jan 17, 2018;Jan 18, 2018;115,499.00;48,915.50;82,366.00;570,201.25;18,862.50;5,465.00;220,035.50;386,414.75;110,538.50;125,476.50;32,690.50;32,238.50
Jan 18, 2018;Jan 19, 2018;115,654.50;48,072.50;64,893.50;630,214.25;15,810.50;5,504.25;221,479.75;354,393.00;129,575.25;120,588.75;28,472.75;32,630.75
Jan 19, 2018;Jan 20, 2018;116,819.00;50,974.75;35,775.25;262,474.50;26,535.50;5,534.75;224,696.50;404,148.00;229,273.50;178,814.00;35,776.50;33,328.00
Jan 20, 2018;Jan 21, 2018;116,049.00;48,204.50;37,278.25;179,931.25;15,012.75;5,464.00;225,316.25;420,043.25;180,833.75;129,797.25;27,201.75;33,153.00
Jan 21, 2018;Jan 22, 2018;115,350.25;45,348.25;17,739.75;82,989.00;18,297.00;5,525.25;225,862.50;418,836.25;144,694.00;63,131.75;21,774.75;32,854.25
Jan 22, 2018;Jan 23, 2018;115,390.00;46,534.00;59,321.50;253,567.00;9,660.50;5,512.75;224,850.50;392,245.75;262,090.00;172,353.50;32,187.00;34,585.50
Jan 23, 2018;Jan 24, 2018;115,396.50;48,576.00;59,174.75;315,352.50;18,981.25;5,477.25;221,668.75;383,764.25;254,013.00;160,539.25;32,520.25;33,811.50
Jan 24, 2018;Jan 25, 2018;114,551.75;45,716.25;98,304.25;658,135.75;41,025.25;5,321.00;215,635.00;341,626.75;98,753.25;103,543.75;29,435.75;32,650.50
Jan 25, 2018;Jan 26, 2018;115,545.00;44,660.75;89,517.25;331,469.25;30,154.75;5,168.00;219,532.00;374,013.50;255,019.75;152,449.00;31,708.25;32,639.25
Jan 26, 2018;Jan 27, 2018;116,559.00;46,896.25;8,033.25;45,725.50;27,650.75;5,420.25;224,416.75;410,053.50;348,485.50;187,753.75;37,909.75;36,064.50
Jan 27, 2018;Jan 28, 2018;116,489.75;45,743.00;58,273.00;223,475.50;25,557.75;5,328.25;219,381.50;396,141.25;164,187.25;113,357.50;19,189.00;33,450.50
Jan 28, 2018;Jan 29, 2018;115,684.50;41,113.75;89,077.75;749,708.00;22,198.75;4,356.25;168,162.50;169,061.75;45,038.50;67,928.25;19,481.25;30,123.75
Jan 29, 2018;Jan 30, 2018;115,939.50;42,912.75;89,651.50;803,211.25;23,738.75;4,930.75;200,812.25;253,681.75;76,287.75;96,068.25;22,234.00;31,367.25
Jan 30, 2018;Jan 31, 2018;116,618.75;45,461.50;83,154.75;401,047.25;49,857.50;5,429.50;221,033.00;330,388.25;217,955.25;155,288.75;37,375.25;33,296.00
Jan 31, 2018;Feb 1, 2018;115,912.25;45,184.75;92,803.25;603,766.75;30,906.25;5,453.50;219,739.50;361,418.25;116,582.75;121,183.50;20,645.25;33,972.00
Feb 1, 2018;Feb 2, 2018;116,369.75;45,902.50;91,295.50;432,482.50;32,594.00;5,729.00;218,468.00;381,813.50;175,137.25;140,867.25;27,988.75;30,485.50
Feb 2, 2018;Feb 3, 2018;117,032.75;46,716.00;55,182.75;311,073.75;38,071.00;5,820.75;221,569.25;408,070.25;275,753.00;162,090.25;24,715.50;32,553.00
Feb 3, 2018;Feb 4, 2018;116,831.50;44,857.25;26,731.50;85,287.25;25,097.25;5,819.25;224,624.50;404,267.75;255,810.50;169,383.00;24,493.75;33,442.25
Feb 4, 2018;Feb 5, 2018;115,940.25;42,677.00;93,955.50;154,272.00;26,188.50;5,855.00;224,359.00;414,949.75;159,125.25;141,442.50;11,813.75;31,034.50
Feb 5, 2018;Feb 6, 2018;116,404.50;43,242.25;33,879.75;170,796.50;53,301.25;5,831.25;225,896.00;434,243.25;337,748.50;231,497.75;32,537.25;31,744.00
Feb 6, 2018;Feb 7, 2018;115,800.00;45,290.75;4,849.00;91,900.50;66,492.25;5,790.75;225,530.25;434,933.00;362,363.75;256,016.25;33,740.00;28,264.00
Feb 7, 2018;Feb 8, 2018;115,537.50;46,459.50;7,193.75;48,549.25;55,938.25;5,748.25;225,581.50;429,694.25;377,364.25;263,841.50;42,769.25;27,522.00
Feb 8, 2018;Feb 9, 2018;115,486.50;45,531.00;52,355.25;33,266.50;51,719.25;5,810.00;225,205.75;422,976.50;367,156.75;254,734.50;33,588.25;29,193.50
Feb 9, 2018;Feb 10, 2018;115,979.25;43,670.50;81,998.00;128,660.50;42,353.75;5,805.50;224,951.00;409,469.00;341,306.75;198,941.00;36,322.50;29,657.50
Feb 10, 2018;Feb 11, 2018;117,250.00;42,199.00;50,335.00;106,546.50;24,428.50;5,807.25;225,384.50;402,356.50;278,995.25;173,233.75;20,835.00;29,126.25
Feb 11, 2018;Feb 12, 2018;116,121.75;38,276.25;98,181.00;523,431.25;28,514.75;5,579.75;217,613.00;272,973.50;70,768.50;115,484.50;11,149.00;27,923.75
Feb 12, 2018;Feb 13, 2018;116,087.50;37,670.50;93,650.25;383,203.75;47,378.50;5,761.50;220,492.25;350,097.50;225,936.50;152,937.50;23,089.00;29,800.50
Feb 13, 2018;Feb 14, 2018;116,596.25;40,717.00;68,547.75;193,780.75;97,674.75;5,758.00;219,165.25;397,832.00;310,411.25;177,675.25;30,626.00;29,819.00
Feb 14, 2018;Feb 15, 2018;116,267.25;40,178.00;75,246.50;234,590.75;113,512.25;5,677.25;221,784.75;395,754.50;296,281.25;182,881.75;25,120.50;31,716.00
Feb 15, 2018;Feb 16, 2018;116,382.25;39,518.25;90,552.25;421,211.00;30,741.75;5,697.50;222,771.75;367,757.50;254,252.25;160,045.25;27,855.75;31,323.00
Feb 16, 2018;Feb 17, 2018;117,993.25;43,669.25;63,301.25;272,854.75;71,702.50;5,749.00;224,584.25;356,553.75;288,833.75;187,460.50;36,058.00;32,034.25
Feb 17, 2018;Feb 18, 2018;117,903.25;46,611.75;7,095.50;69,442.25;34,461.75;5,795.50;225,741.25;381,670.00;295,608.25;175,476.25;20,508.25;31,142.75
Feb 18, 2018;Feb 19, 2018;117,033.75;43,600.00;28,333.00;91,104.00;59,637.25;5,787.50;224,955.25;405,951.25;249,753.75;132,391.00;11,413.75;29,148.75
Feb 19, 2018;Feb 20, 2018;116,923.25;43,681.00;7,517.75;58,548.00;58,917.25;5,813.25;225,976.75;436,648.25;350,199.25;219,564.00;45,382.75;30,858.25
Feb 20, 2018;Feb 21, 2018;116,991.25;47,722.50;9,255.75;94,322.50;65,834.00;5,812.75;226,022.25;436,035.75;374,977.25;244,878.00;33,365.75;31,178.75
Feb 21, 2018;Feb 22, 2018;116,486.25;44,770.75;3,814.00;146,315.50;91,726.75;5,789.50;226,655.75;429,036.75;359,062.25;237,808.25;27,832.50;33,492.50
Feb 22, 2018;Feb 23, 2018;116,938.75;41,871.25;7,712.00;250,251.25;88,681.00;5,796.75;226,457.25;426,556.75;362,733.75;192,406.50;30,026.75;32,469.25
Feb 23, 2018;Feb 24, 2018;116,890.25;41,311.25;43,694.00;311,482.25;105,663.25;5,810.00;223,542.75;423,717.25;352,175.50;159,147.50;30,677.75;32,415.75
Feb 24, 2018;Feb 25, 2018;116,011.00;38,417.50;98,352.75;483,951.75;109,932.25;5,660.50;180,130.75;332,172.75;117,969.75;123,866.75;11,696.00;29,806.50
Feb 25, 2018;Feb 26, 2018;116,904.25;36,153.00;68,550.75;285,573.75;122,087.75;5,727.00;188,914.75;395,593.75;180,925.75;127,450.00;11,748.50;29,796.00
Feb 26, 2018;Feb 27, 2018;116,233.25;36,166.00;86,765.25;311,206.00;81,629.00;5,735.25;192,119.00;424,768.00;363,134.50;160,123.75;30,667.25;30,518.25
Feb 27, 2018;Feb 28, 2018;115,547.00;38,302.25;89,729.75;240,467.75;97,963.75;5,840.75;193,437.75;419,136.75;385,306.25;174,468.75;35,072.50;30,990.50
Feb 28, 2018;Mar 1, 2018;114,290.25;37,815.00;101,436.25;453,620.75;108,252.00;5,791.50;192,774.00;395,655.50;292,040.75;149,338.25;26,406.75;30,267.75
Mar 1, 2018;Mar 2, 2018;114,462.50;35,053.75;98,888.25;627,597.50;110,481.25;5,571.25;192,222.00;353,518.25;189,714.75;135,635.50;24,214.50;28,650.00
Mar 2, 2018;Mar 3, 2018;115,823.75;36,244.75;98,108.25;438,176.50;102,090.75;5,577.00;193,156.25;405,984.00;269,309.75;131,197.50;37,686.50;27,673.50
Mar 3, 2018;Mar 4, 2018;116,108.25;36,471.50;99,327.50;321,506.50;77,040.25;5,529.00;193,753.00;423,447.25;228,370.00;116,848.00;19,923.75;30,007.00
Mar 4, 2018;Mar 5, 2018;115,059.00;33,859.25;93,668.50;308,809.25;100,455.25;5,460.25;192,004.00;401,605.50;166,495.50;107,325.75;8,181.25;30,231.25
Mar 5, 2018;Mar 6, 2018;114,038.75;35,357.50;77,318.00;232,104.00;104,489.25;5,374.00;190,049.50;402,102.00;309,189.00;148,363.75;29,961.25;30,955.00
Mar 6, 2018;Mar 7, 2018;114,024.00;39,879.00;31,447.50;109,463.50;76,481.00;5,390.25;193,229.50;408,341.50;391,371.00;205,918.00;29,578.50;28,732.50
Mar 7, 2018;Mar 8, 2018;113,139.00;40,134.75;12,500.00;140,564.75;56,922.50;5,380.50;192,870.00;405,538.75;390,723.25;202,015.75;33,640.00;29,960.25
Mar 8, 2018;Mar 9, 2018;113,898.00;38,835.75;36,414.50;430,033.50;93,282.50;5,368.50;192,723.25;396,183.00;287,873.75;117,572.00;20,173.00;32,939.75
Mar 9, 2018;Mar 10, 2018;114,675.25;35,785.00;36,689.00;339,557.25;71,754.25;5,342.75;191,663.00;379,237.50;270,690.75;129,064.25;31,374.50;32,630.50
Mar 10, 2018;Mar 11, 2018;113,869.75;35,158.25;66,654.50;225,285.75;56,037.00;5,340.25;192,052.00;383,120.25;147,306.00;102,581.25;13,016.50;32,520.25
Mar 11, 2018;Mar 12, 2018;112,531.00;35,178.50;58,556.75;189,433.00;84,286.50;4,988.50;191,210.00;357,112.50;76,962.25;84,335.00;14,514.75;30,612.75
Mar 12, 2018;Mar 13, 2018;113,186.25;40,655.75;5,677.00;187,575.00;49,397.75;5,121.00;192,127.00;389,047.50;283,484.00;122,293.25;39,860.75;31,383.50
Mar 13, 2018;Mar 14, 2018;108,176.25;42,606.00;34,041.50;398,094.50;52,338.50;5,107.00;192,220.50;385,104.75;293,562.00;109,370.25;21,463.00;27,965.00
Mar 14, 2018;Mar 15, 2018;111,830.75;44,101.50;25,667.50;122,363.00;71,454.00;5,399.25;192,952.25;390,451.50;359,976.00;123,628.00;36,862.50;31,415.00
Mar 15, 2018;Mar 16, 2018;112,707.50;41,286.00;86,757.75;548,587.00;108,585.25;5,358.50;189,653.50;316,327.25;103,568.50;113,029.25;23,124.25;29,598.25
Mar 16, 2018;Mar 17, 2018;113,203.50;42,794.00;50,940.50;531,493.00;48,726.00;5,370.75;186,379.75;302,698.00;143,159.00;124,086.25;39,325.50;29,537.25
Mar 17, 2018;Mar 18, 2018;112,128.00;39,908.50;55,327.75;728,820.25;52,766.75;5,271.25;181,580.50;176,932.50;87,972.50;85,953.25;19,670.25;27,920.25
Mar 18, 2018;Mar 19, 2018;110,885.25;36,110.50;62,768.75;688,897.25;82,333.50;4,964.50;170,628.00;194,634.00;94,270.50;79,847.50;13,761.25;26,496.00
Mar 19, 2018;Mar 20, 2018;104,507.00;37,340.00;42,928.25;207,357.25;119,135.25;5,288.25;191,699.25;379,517.50;343,819.25;159,439.75;49,102.50;28,027.25
Mar 20, 2018;Mar 21, 2018;103,968.00;37,463.00;59,531.00;284,194.25;99,836.00;5,362.50;192,185.75;381,395.75;358,322.00;170,000.75;35,936.00;28,882.25
Mar 21, 2018;Mar 22, 2018;104,902.25;35,239.75;48,032.00;146,134.00;135,522.25;5,332.75;191,039.00;402,140.00;350,205.00;194,620.75;39,679.00;28,125.25
Mar 22, 2018;Mar 23, 2018;107,461.50;33,896.50;55,413.50;355,635.50;56,306.50;5,362.00;208,527.50;389,071.25;293,865.25;165,899.00;32,826.25;27,910.50
Mar 23, 2018;Mar 24, 2018;108,519.75;34,778.25;41,684.50;56,714.25;44,664.50;5,368.25;223,702.75;394,586.50;377,462.25;196,575.50;34,207.50;29,849.25
Mar 24, 2018;Mar 25, 2018;108,375.50;32,353.50;11,687.25;60,391.00;144,547.75;5,371.75;223,657.75;380,751.00;345,206.25;124,040.50;14,416.00;30,228.50
Mar 25, 2018;Mar 26, 2018;102,385.00;29,464.50;3,505.50;32,312.00;158,680.75;5,065.00;213,668.50;362,525.00;248,976.75;98,689.75;13,095.75;28,442.50
Mar 26, 2018;Mar 27, 2018;109,795.50;31,520.25;7,131.75;57,527.75;72,805.25;5,345.75;222,008.75;392,260.75;370,476.75;185,054.75;34,060.75;29,199.75
Mar 27, 2018;Mar 28, 2018;113,985.25;32,420.75;20,384.00;88,009.75;112,027.00;5,286.75;221,275.50;379,665.75;379,591.00;181,534.50;29,410.25;30,174.75
Mar 28, 2018;Mar 29, 2018;114,219.25;33,153.25;91,634.75;334,831.00;46,284.00;5,388.00;221,403.25;374,161.75;281,685.50;140,735.75;22,470.75;30,568.75
Mar 29, 2018;Mar 30, 2018;109,794.00;37,126.25;31,142.25;343,676.75;95,124.75;5,352.50;221,330.25;372,002.25;256,523.25;97,678.25;28,162.00;29,646.75
Mar 30, 2018;Mar 31, 2018;113,798.25;38,822.00;81,847.75;238,937.75;145,949.75;5,235.25;205,598.25;315,180.00;108,328.50;84,254.50;16,495.50;28,905.00
Mar 31, 2018;Apr 1, 2018;112,974.25;39,403.00;91,887.75;224,863.75;74,109.50;5,331.50;219,249.50;296,541.75;65,524.00;90,147.25;28,380.50;30,474.50
Apr 1, 2018;Apr 2, 2018;112,628.50;39,557.25;29,489.00;334,114.00;73,510.50;5,721.75;187,511.50;239,880.50;64,130.00;81,869.75;13,658.50;30,820.75
Apr 2, 2018;Apr 3, 2018;112,942.75;38,322.00;39,235.25;187,159.00;151,579.00;5,563.75;186,642.00;300,204.50;65,260.25;81,496.25;21,235.75;30,519.25
Apr 3, 2018;Apr 4, 2018;111,639.25;38,045.75;75,284.00;346,171.75;142,941.75;5,315.50;185,684.25;348,417.75;147,093.00;99,200.50;33,993.75;31,241.25
Apr 4, 2018;Apr 5, 2018;110,447.25;40,923.00;51,693.50;305,878.00;138,517.50;4,740.75;184,660.75;380,001.25;175,857.25;106,760.25;36,596.50;30,506.50
Apr 5, 2018;Apr 6, 2018;112,027.00;44,605.50;82,853.25;562,915.25;98,874.25;5,002.25;185,499.75;349,786.25;117,312.50;91,245.50;26,322.75;30,480.75
Apr 6, 2018;Apr 7, 2018;112,720.00;44,084.75;55,710.00;254,059.75;216,115.25;5,342.50;185,523.25;356,360.25;127,001.25;45,608.25;27,662.75;30,555.50
Apr 7, 2018;Apr 8, 2018;112,478.00;41,725.50;73,927.50;384,574.25;212,637.00;4,767.00;183,389.25;254,395.00;40,737.00;31,497.25;19,884.75;29,842.50
Apr 8, 2018;Apr 9, 2018;109,706.00;42,812.00;13,443.00;171,417.25;197,088.50;4,767.25;184,188.00;289,303.00;101,627.25;72,212.25;13,408.75;30,766.00
Apr 9, 2018;Apr 10, 2018;106,689.50;46,101.25;39,997.00;98,408.00;145,757.75;4,578.50;183,588.50;385,350.75;235,941.75;119,736.75;41,249.75;30,545.75
Apr 10, 2018;Apr 11, 2018;106,111.00;45,872.00;100,207.00;320,466.00;155,789.50;4,611.25;179,624.00;378,545.75;164,769.50;34,032.75;16,965.50;29,800.25
Apr 11, 2018;Apr 12, 2018;105,867.50;46,425.75;100,830.00;310,695.50;150,465.75;4,604.50;179,902.25;379,646.75;168,511.00;48,574.25;27,481.75;31,208.25
Apr 12, 2018;Apr 13, 2018;107,802.25;46,128.00;106,888.25;375,763.25;142,465.25;4,612.50;182,697.75;355,928.00;134,721.75;86,008.00;37,762.25;31,391.50
Apr 13, 2018;Apr 14, 2018;108,344.00;45,456.50;50,246.00;268,065.75;85,509.00;4,612.25;182,716.25;373,492.75;213,868.50;95,330.75;35,349.00;31,221.50
Apr 14, 2018;Apr 15, 2018;109,164.25;44,114.75;40,130.50;223,508.50;156,291.25;4,063.25;182,367.75;358,461.50;135,572.25;61,212.50;24,372.50;27,931.75
Apr 15, 2018;Apr 16, 2018;108,375.75;43,362.50;11,828.25;52,700.25;142,177.50;4,053.75;180,826.50;373,385.00;115,016.75;58,485.50;9,676.25;27,711.75
Apr 16, 2018;Apr 17, 2018;107,560.00;45,821.25;23,010.75;58,693.75;101,678.00;4,574.50;182,326.75;390,485.00;313,661.50;114,227.00;38,125.00;29,781.75
Apr 17, 2018;Apr 18, 2018;107,586.00;48,951.25;41,869.50;52,663.50;195,009.25;4,646.00;182,067.75;396,484.75;308,699.75;102,457.25;26,119.75;35,280.75
Apr 18, 2018;Apr 19, 2018;106,081.50;49,162.25;37,204.75;66,434.50;213,960.75;4,519.50;181,179.00;403,452.75;286,755.25;93,963.50;27,258.25;31,103.25
Apr 19, 2018;Apr 20, 2018;105,528.50;50,564.00;43,681.75;152,047.75;214,802.75;4,370.00;180,065.50;404,935.25;215,654.00;90,729.25;26,989.75;33,114.75
Apr 20, 2018;Apr 21, 2018;105,758.00;52,102.50;45,249.00;156,295.75;212,345.00;4,393.50;179,714.75;379,216.25;198,022.00;83,278.50;30,756.00;29,280.00
Apr 21, 2018;Apr 22, 2018;108,280.25;53,641.75;17,021.50;74,437.50;208,750.25;4,356.00;158,017.25;344,319.25;71,227.00;51,498.00;19,859.50;28,577.75
Apr 22, 2018;Apr 23, 2018;101,694.25;52,919.75;41,919.75;121,535.00;197,442.75;4,429.50;152,182.75;252,722.25;51,022.25;48,384.50;13,873.25;29,735.25
Apr 23, 2018;Apr 24, 2018;100,422.00;54,034.75;70,171.00;325,683.50;139,109.25;4,396.00;152,635.00;333,732.00;122,265.25;73,706.50;30,021.75;30,346.75
Apr 24, 2018;Apr 25, 2018;101,200.50;54,198.00;83,053.50;297,773.75;142,092.25;4,651.75;153,607.50;352,115.50;118,791.00;71,359.25;26,333.50;31,011.50
Apr 25, 2018;Apr 26, 2018;100,972.75;54,417.25;56,369.00;460,703.50;138,714.00;4,551.25;152,784.50;318,192.25;85,795.25;58,951.25;26,925.50;31,212.25
Apr 26, 2018;Apr 27, 2018;102,212.75;54,659.00;77,331.75;373,633.50;137,872.25;4,841.50;156,066.00;365,300.50;107,109.25;68,458.50;32,153.75;32,310.00
Apr 27, 2018;Apr 28, 2018;103,662.50;55,387.25;31,881.00;135,056.00;206,520.50;4,847.50;154,564.25;371,517.25;128,304.25;78,959.75;34,324.50;30,131.25
Apr 28, 2018;Apr 29, 2018;103,497.50;54,262.25;25,967.50;162,031.75;178,732.75;4,622.25;155,127.50;322,619.50;65,391.75;64,689.25;29,085.75;29,957.00
Apr 29, 2018;Apr 30, 2018;106,755.00;54,332.75;31,822.50;149,631.25;188,282.50;4,004.25;144,296.25;261,854.25;44,858.75;48,042.75;16,848.75;27,975.25
Apr 30, 2018;May 1, 2018;110,633.75;54,759.50;93,820.00;523,393.25;152,013.25;4,037.75;141,907.75;178,440.75;41,440.75;59,467.75;37,454.25;25,392.00
May 1, 2018;May 2, 2018;111,828.50;52,645.25;54,476.75;527,945.00;149,879.75;4,168.50;135,055.75;176,822.75;42,898.75;50,599.00;18,267.50;23,592.50
May 2, 2018;May 3, 2018;111,814.75;53,898.50;62,537.50;145,330.50;160,143.00;4,868.25;176,650.25;329,620.25;194,411.75;81,501.75;29,346.25;26,701.75
May 3, 2018;May 4, 2018;110,465.75;52,849.00;27,180.00;161,546.75;169,955.50;4,877.25;154,010.50;341,984.50;223,390.75;84,765.00;26,136.50;28,171.50
May 4, 2018;May 5, 2018;111,494.50;54,022.25;4,742.25;145,579.25;201,184.50;4,827.25;154,433.75;340,373.25;208,270.00;84,336.00;29,852.00;28,375.25
May 5, 2018;May 6, 2018;111,434.75;54,614.50;6,649.25;201,066.00;223,943.75;4,766.50;153,795.75;317,967.00;51,430.75;60,442.25;21,708.50;27,667.50
May 6, 2018;May 7, 2018;110,875.75;52,355.75;25,942.50;204,271.25;239,474.25;4,526.25;155,796.50;242,238.50;44,494.00;52,944.25;21,402.50;26,436.75
May 7, 2018;May 8, 2018;110,006.00;54,217.50;35,258.25;202,961.25;237,925.25;4,532.00;183,479.75;321,583.75;101,310.00;65,586.50;34,175.25;21,741.25
May 8, 2018;May 9, 2018;109,552.75;56,201.25;59,562.75;252,805.50;238,656.75;4,396.75;178,490.25;335,622.50;92,076.75;62,712.25;30,960.50;25,882.00
May 9, 2018;May 10, 2018;108,590.00;54,257.75;51,754.50;177,999.00;210,975.50;4,391.25;182,950.25;350,163.00;100,518.00;73,096.50;40,171.50;27,780.50
May 10, 2018;May 11, 2018;108,860.50;54,429.00;42,313.50;210,060.25;146,354.75;4,293.25;183,153.75;309,030.75;40,094.50;49,577.75;10,757.00;28,206.50
May 11, 2018;May 12, 2018;110,691.50;55,268.50;10,378.25;62,725.00;163,235.75;4,632.25;171,230.75;336,724.75;121,699.50;65,786.00;34,697.75;28,438.50
May 12, 2018;May 13, 2018;110,154.50;54,156.50;41,443.75;105,730.00;202,809.25;4,480.25;156,595.50;312,278.25;75,458.25;52,704.00;17,607.75;28,645.75
May 13, 2018;May 14, 2018;108,192.75;53,154.00;69,644.00;265,192.25;177,558.50;4,278.00;155,615.50;230,947.00;37,897.25;46,421.00;14,933.25;28,049.00
May 14, 2018;May 15, 2018;107,903.25;55,570.50;41,852.75;304,878.00;178,179.75;4,348.50;155,820.50;331,548.75;118,292.00;71,886.50;32,204.25;29,108.75
May 15, 2018;May 16, 2018;105,759.00;57,667.25;18,218.75;184,107.00;173,235.75;4,367.50;156,368.25;348,590.75;219,014.75;76,113.50;34,697.00;28,532.50
May 16, 2018;May 17, 2018;103,416.50;58,577.50;71,633.00;169,187.00;117,913.75;4,473.00;156,441.00;360,309.00;196,895.00;81,947.75;27,160.75;28,297.75
May 17, 2018;May 18, 2018;110,575.25;57,231.50;90,555.25;316,149.00;150,093.75;4,450.00;154,813.50;348,528.25;99,141.00;71,468.50;18,841.75;28,523.50
May 18, 2018;May 19, 2018;112,014.25;58,169.50;33,292.75;107,090.00;172,559.50;4,708.50;157,434.00;369,661.75;135,304.25;77,848.50;42,550.00;29,525.25
May 19, 2018;May 20, 2018;111,944.00;57,855.25;2,400.50;48,416.00;185,187.50;4,655.00;155,445.50;333,578.75;76,877.50;65,166.75;19,133.50;28,249.75
May 20, 2018;May 21, 2018;110,214.75;54,450.25;32,671.25;217,787.75;200,004.75;4,536.00;150,459.75;196,875.75;43,021.25;51,610.50;24,139.75;26,977.25
May 21, 2018;May 22, 2018;108,412.50;50,099.75;72,237.00;322,284.25;239,371.00;4,440.25;136,465.75;179,446.75;42,295.75;49,461.75;17,116.00;26,478.25
May 22, 2018;May 23, 2018;106,538.00;51,798.75;37,921.00;142,289.00;204,837.75;4,623.25;155,101.75;363,337.50;199,212.00;78,318.00;34,621.50;27,927.50
May 23, 2018;May 24, 2018;106,971.50;55,035.25;33,496.50;204,139.50;182,998.75;4,509.50;154,474.25;382,084.00;189,125.75;78,698.25;26,909.50;28,293.25
May 24, 2018;May 25, 2018;108,774.75;56,693.50;60,205.00;289,462.75;145,901.25;4,529.50;154,045.50;370,202.25;152,477.25;79,648.75;32,579.75;28,690.00
May 25, 2018;May 26, 2018;109,070.75;57,144.50;79,511.75;189,901.25;199,527.50;4,452.50;147,019.50;389,833.75;139,847.50;70,938.00;31,164.50;28,739.50
May 26, 2018;May 27, 2018;108,639.50;58,001.00;34,490.25;97,121.75;227,438.50;4,374.75;137,317.50;354,703.00;85,372.25;54,768.50;19,928.75;24,807.00
May 27, 2018;May 28, 2018;107,933.00;55,536.00;47,528.25;122,142.00;190,192.50;4,281.25;148,020.25;352,984.75;47,214.00;52,348.50;11,157.75;28,774.50
May 28, 2018;May 29, 2018;104,838.25;57,169.75;32,791.75;140,483.00;225,637.50;4,344.25;148,397.25;394,047.75;175,629.50;77,702.75;31,599.25;29,360.25
May 29, 2018;May 30, 2018;102,769.50;56,446.00;62,766.75;225,493.25;201,697.50;4,457.00;152,375.00;388,174.50;176,231.75;77,458.75;24,927.50;28,743.25
May 30, 2018;May 31, 2018;101,979.25;57,773.75;29,558.00;85,051.25;208,338.00;4,534.25;155,752.75;382,456.00;206,076.25;88,934.50;36,544.50;24,870.50
May 31, 2018;Jun 1, 2018;103,026.25;55,938.00;27,808.25;86,799.25;206,267.25;4,559.75;155,694.75;366,259.00;146,773.50;59,271.25;10,989.25;24,782.00
Jun 1, 2018;Jun 2, 2018;105,634.25;57,171.25;13,583.25;121,293.75;163,687.50;4,002.75;155,167.25;367,358.50;195,713.25;67,022.50;21,526.25;23,898.50
Jun 2, 2018;Jun 3, 2018;105,050.50;55,786.00;9,448.00;97,646.25;152,733.75;4,009.75;156,214.50;344,885.75;123,266.25;63,363.25;16,202.75;25,285.25
Jun 3, 2018;Jun 4, 2018;100,252.50;55,391.75;8,163.00;38,920.25;189,435.75;3,940.25;156,163.50;343,841.00;86,621.25;58,581.25;9,427.25;24,591.00
Jun 4, 2018;Jun 5, 2018;103,485.50;54,812.25;23,067.00;86,692.75;208,777.00;3,908.75;155,605.75;384,569.25;190,731.00;34,577.25;26,039.50;23,273.50
Jun 5, 2018;Jun 6, 2018;106,510.00;54,264.00;11,409.00;85,631.00;197,095.25;3,900.00;156,057.00;362,136.00;223,888.75;47,388.25;27,255.00;27,829.25
Jun 6, 2018;Jun 7, 2018;100,515.25;53,827.50;20,177.25;188,157.00;232,623.50;3,919.00;154,430.75;360,809.75;232,462.25;97,996.00;16,375.00;28,018.25
Jun 7, 2018;Jun 8, 2018;100,445.75;55,329.00;17,497.75;128,225.75;201,237.25;3,923.50;155,692.25;400,026.75;253,212.00;111,888.25;25,206.50;28,821.25
Jun 8, 2018;Jun 9, 2018;107,558.75;56,332.25;6,136.25;72,696.75;195,109.50;3,913.50;155,823.75;402,221.75;269,170.00;120,497.00;22,487.75;22,409.00
Jun 9, 2018;Jun 10, 2018;106,536.50;56,268.75;13,525.50;75,864.75;189,703.75;3,898.50;155,859.00;382,703.50;150,706.25;76,534.50;16,286.50;23,533.25
Jun 10, 2018;Jun 11, 2018;107,275.50;55,183.00;24,306.25;79,800.75;174,511.75;3,867.00;155,167.00;353,593.25;99,843.50;65,026.00;11,717.25;23,160.00
Jun 11, 2018;Jun 12, 2018;106,189.50;56,659.75;46,750.50;129,769.75;169,021.75;3,836.25;155,181.50;374,804.50;212,677.00;121,293.25;29,416.25;25,360.75
Jun 12, 2018;Jun 13, 2018;107,460.00;57,570.00;65,603.00;153,401.00;121,266.25;3,885.25;155,570.00;399,445.00;237,462.50;120,594.50;17,576.25;25,888.75
Jun 13, 2018;Jun 14, 2018;107,613.50;55,794.50;54,620.00;168,902.25;88,829.00;3,917.50;158,467.50;417,017.50;231,358.25;122,488.00;24,260.25;24,191.50
Jun 14, 2018;Jun 15, 2018;108,330.00;57,550.50;76,179.75;131,656.00;187,829.50;3,922.00;193,040.50;413,861.50;164,540.75;100,358.25;14,399.25;24,417.25
Jun 15, 2018;Jun 16, 2018;108,834.50;63,137.75;9,520.00;32,176.75;183,205.00;3,924.50;220,387.50;415,564.75;204,281.50;109,081.75;21,943.25;24,167.00
Jun 16, 2018;Jun 17, 2018;108,403.75;62,125.50;9,311.25;59,904.50;193,544.00;3,938.50;221,176.75;384,827.50;84,924.00;65,672.25;18,293.00;20,897.75
Jun 17, 2018;Jun 18, 2018;108,510.50;58,764.75;44,293.00;168,303.50;170,763.25;3,966.75;218,288.25;284,900.00;46,305.00;30,219.25;8,851.50;17,402.25
Jun 18, 2018;Jun 19, 2018;108,790.75;58,579.00;48,246.50;140,938.50;166,398.25;3,983.75;219,658.25;391,893.25;130,274.25;35,190.25;16,907.50;20,932.25
Jun 19, 2018;Jun 20, 2018;104,884.00;57,083.75;47,571.50;170,406.50;151,570.00;3,983.25;220,264.75;399,490.25;168,245.00;98,572.25;30,752.00;20,890.50
Jun 20, 2018;Jun 21, 2018;100,056.25;57,858.25;75,787.50;115,644.75;215,129.25;3,966.00;219,200.00;409,215.25;162,006.50;97,726.75;33,961.50;21,581.75
Jun 21, 2018;Jun 22, 2018;103,427.75;54,673.25;66,939.50;423,728.50;181,051.50;3,959.25;210,654.25;335,895.25;107,278.75;87,966.50;18,404.00;19,363.50
Jun 22, 2018;Jun 23, 2018;109,728.25;58,263.00;106,934.75;474,081.50;160,950.00;4,038.50;211,126.00;265,165.00;34,923.75;83,857.75;27,012.50;19,071.00
Jun 23, 2018;Jun 24, 2018;110,632.25;55,751.25;94,432.00;395,888.00;148,412.50;4,052.25;209,813.25;227,264.50;32,689.75;61,509.25;28,319.75;18,268.00
Jun 24, 2018;Jun 25, 2018;109,668.50;50,247.75;67,619.25;166,621.25;129,418.25;3,978.00;213,849.00;297,393.25;29,117.50;65,473.50;13,686.75;18,831.25
Jun 25, 2018;Jun 26, 2018;108,134.00;51,855.75;66,310.50;131,502.75;158,806.25;3,937.25;217,228.50;347,704.00;152,796.50;110,276.50;22,927.25;20,772.50
Jun 26, 2018;Jun 27, 2018;108,872.00;56,189.25;26,020.25;69,551.00;171,637.25;3,916.25;220,749.50;388,625.50;207,388.75;126,356.50;22,600.75;20,765.50
Jun 27, 2018;Jun 28, 2018;108,104.50;52,344.00;3,072.25;130,442.75;216,262.50;3,926.00;219,103.00;405,757.25;200,509.25;92,726.50;16,263.00;21,606.75
Jun 28, 2018;Jun 29, 2018;108,005.50;52,027.00;9,067.25;198,739.75;161,518.75;3,936.00;220,256.75;420,611.00;165,923.00;103,550.75;26,111.50;19,433.25
Jun 29, 2018;Jun 30, 2018;107,708.25;51,180.75;32,102.25;163,896.50;212,039.25;3,904.50;219,118.00;407,357.00;151,356.50;78,587.50;19,078.50;19,126.25
Jun 30, 2018;Jul 1, 2018;107,981.00;47,180.00;26,542.50;213,921.25;244,754.50;3,873.75;219,243.50;344,513.75;64,462.50;57,787.50;20,868.00;19,045.25
Jul 1, 2018;Jul 2, 2018;108,174.50;43,607.75;32,280.75;255,799.00;255,425.50;3,674.00;208,318.50;277,161.25;42,346.25;58,018.50;14,600.00;18,615.50
Jul 2, 2018;Jul 3, 2018;107,914.25;46,853.00;14,000.00;140,097.00;257,689.00;3,663.00;219,220.00;372,254.00;199,288.50;95,075.50;24,464.25;20,908.75
Jul 3, 2018;Jul 4, 2018;107,794.50;51,060.75;18,906.50;70,655.50;241,389.75;3,667.50;219,358.50;387,864.25;249,111.75;117,211.00;22,312.75;24,831.50
Jul 4, 2018;Jul 5, 2018;107,346.25;55,777.00;6,720.00;35,834.25;200,332.25;3,658.00;218,391.00;386,902.25;271,148.75;125,487.75;29,810.75;24,985.50
Jul 5, 2018;Jul 6, 2018;107,869.25;51,193.50;26,423.00;107,430.00;169,760.25;3,706.75;218,564.00;378,321.75;285,326.75;125,453.25;17,141.25;19,583.25
Jul 6, 2018;Jul 7, 2018;109,379.25;53,555.00;58,487.75;227,836.00;156,512.00;3,782.25;211,219.75;395,328.50;148,474.00;37,138.50;14,456.75;16,172.25
Jul 7, 2018;Jul 8, 2018;110,261.75;51,378.25;55,277.50;240,391.50;236,100.25;3,761.25;215,470.25;346,819.75;29,850.00;37,228.25;19,165.50;22,632.25
Jul 8, 2018;Jul 9, 2018;108,975.25;51,292.75;21,155.75;145,947.00;228,021.75;3,745.75;217,067.25;358,329.50;57,957.00;64,694.75;14,941.25;22,879.75
Jul 9, 2018;Jul 10, 2018;103,196.00;49,276.00;75,749.25;212,364.75;192,349.25;3,762.00;217,602.50;357,253.75;171,702.50;95,207.25;15,271.75;25,529.50
Jul 10, 2018;Jul 11, 2018;109,207.50;50,314.50;44,899.00;133,389.50;123,843.75;3,733.50;219,294.50;379,275.25;238,733.00;126,572.25;17,715.75;24,702.00
Jul 11, 2018;Jul 12, 2018;108,450.00;49,852.50;34,604.25;87,583.50;131,810.75;3,773.00;219,645.00;404,025.75;246,519.00;145,482.00;18,205.00;24,635.75
Jul 12, 2018;Jul 13, 2018;108,006.25;48,833.50;26,541.50;128,973.25;163,327.25;3,727.00;219,156.25;399,971.25;236,164.25;142,901.25;16,565.25;24,442.25
Jul 13, 2018;Jul 14, 2018;102,338.00;46,684.00;20,760.75;119,209.75;218,135.00;3,723.75;210,555.75;392,057.75;220,430.25;140,888.50;13,133.25;24,478.00
Jul 14, 2018;Jul 15, 2018;102,668.00;44,450.25;10,269.50;79,721.25;208,149.25;3,681.75;186,157.50;394,753.00;173,286.50;94,586.25;7,877.50;21,666.75
Jul 15, 2018;Jul 16, 2018;102,310.25;42,049.25;4,089.75;56,332.00;207,458.00;3,684.00;186,592.25;380,992.25;139,277.25;77,072.25;8,415.50;14,487.25
Jul 16, 2018;Jul 17, 2018;101,148.75;42,340.25;5,151.25;46,340.00;209,685.00;3,703.50;186,857.00;397,458.50;250,165.00;134,542.50;14,060.00;23,119.50
Jul 17, 2018;Jul 18, 2018;99,908.00;43,081.75;16,780.00;102,069.75;205,622.75;3,697.25;184,583.50;403,460.00;243,349.00;132,382.50;7,349.25;16,196.50
Jul 18, 2018;Jul 19, 2018;100,127.50;39,853.00;19,325.00;204,970.75;215,612.50;3,669.00;185,282.75;400,442.75;213,194.75;129,956.75;9,609.75;26,610.50
Jul 19, 2018;Jul 20, 2018;100,829.00;41,994.50;12,042.00;115,164.75;223,635.00;3,685.25;187,074.00;394,068.75;226,522.75;127,317.25;9,483.75;25,094.50
Jul 20, 2018;Jul 21, 2018;100,973.25;42,956.50;6,016.25;68,769.00;211,037.00;3,669.25;186,184.50;397,966.50;206,337.00;128,696.00;13,045.75;26,508.00
Jul 21, 2018;Jul 22, 2018;100,086.75;44,449.50;10,200.75;75,295.00;125,103.00;3,707.00;179,550.75;387,256.75;185,238.75;112,612.75;11,952.50;27,998.00
Jul 22, 2018;Jul 23, 2018;99,756.75;44,183.75;5,123.00;69,809.00;136,164.50;3,647.50;171,661.00;343,424.25;165,903.25;69,396.50;6,655.00;20,957.75
Jul 23, 2018;Jul 24, 2018;99,654.25;45,838.50;2,898.50;41,417.25;200,091.75;3,626.75;182,954.75;367,790.00;258,270.25;130,640.50;26,998.00;29,309.75
Jul 24, 2018;Jul 25, 2018;98,070.75;47,377.00;2,967.00;27,405.00;227,121.50;3,612.00;185,311.75;369,046.25;280,004.00;156,531.00;21,858.00;30,986.00
Jul 25, 2018;Jul 26, 2018;96,737.50;45,405.75;8,029.75;65,193.50;207,921.50;3,606.00;184,890.75;377,253.50;270,733.50;154,988.75;20,744.50;34,821.25
Jul 26, 2018;Jul 27, 2018;96,285.00;45,282.75;29,081.75;113,898.50;222,217.00;3,605.00;183,231.75;365,777.50;260,686.25;150,656.00;14,804.50;37,736.75
Jul 27, 2018;Jul 28, 2018;102,896.00;43,058.00;62,731.50;175,536.25;209,754.50;3,602.50;181,274.75;366,362.00;217,361.50;127,877.75;15,752.00;35,860.50
Jul 28, 2018;Jul 29, 2018;103,654.00;40,525.75;54,968.25;192,221.00;167,971.50;3,598.50;180,910.75;318,067.50;137,276.50;61,160.25;15,545.75;38,037.75
Jul 29, 2018;Jul 30, 2018;98,487.50;36,534.25;34,758.75;103,569.00;200,540.25;3,595.00;171,564.50;307,008.25;124,288.50;53,193.25;13,740.75;37,035.25
Jul 30, 2018;Jul 31, 2018;97,324.25;39,654.00;22,783.25;69,901.25;207,326.75;3,589.75;206,875.75;352,811.25;238,797.50;63,336.00;22,527.75;35,714.25
Jul 31, 2018;Aug 1, 2018;95,999.50;39,788.50;16,878.75;123,149.50;206,790.25;3,584.50;212,341.25;370,500.00;247,153.25;134,424.00;20,438.75;29,583.50
Aug 1, 2018;Aug 2, 2018;98,404.25;41,778.75;2,476.50;94,935.50;181,816.50;3,403.00;213,429.75;363,661.00;253,552.00;71,693.25;21,969.75;27,383.50
Aug 2, 2018;Aug 3, 2018;103,998.25;46,528.75;2,320.25;77,508.75;194,362.00;3,418.00;212,142.25;367,210.25;245,902.50;84,479.25;27,674.50;27,636.50
Aug 3, 2018;Aug 4, 2018;104,980.00;48,570.25;1,314.75;62,987.50;213,279.75;3,414.00;181,279.00;342,899.75;220,178.25;84,895.75;22,168.00;27,103.00
Aug 4, 2018;Aug 5, 2018;104,642.25;41,195.25;12,308.75;95,623.25;190,044.75;3,411.50;206,295.75;344,974.00;150,061.50;57,508.75;7,589.25;34,260.50
Aug 5, 2018;Aug 6, 2018;104,183.00;37,522.75;36,331.50;165,499.25;194,358.50;3,411.00;205,033.75;346,632.75;87,467.25;86,088.75;8,250.75;35,215.50
Aug 6, 2018;Aug 7, 2018;102,898.50;38,679.25;15,404.50;65,158.50;224,433.75;3,422.75;209,301.50;368,436.75;200,291.50;153,472.00;30,973.50;36,517.75
Aug 7, 2018;Aug 8, 2018;101,532.50;42,791.75;8,253.00;126,938.75;191,146.75;3,424.25;207,306.25;377,275.50;213,911.75;148,588.00;18,973.75;34,700.25
Aug 8, 2018;Aug 9, 2018;102,013.00;41,894.25;64,568.50;237,808.75;169,541.25;3,420.50;207,277.75;376,700.00;181,534.00;145,126.75;16,017.00;34,409.50
Aug 9, 2018;Aug 10, 2018;102,531.75;39,669.75;24,810.75;223,322.00;180,581.75;3,418.25;208,646.00;379,461.50;155,410.50;130,544.50;17,467.00;35,499.75
Aug 10, 2018;Aug 11, 2018;104,822.25;38,476.25;72,711.75;373,059.25;150,609.50;3,474.75;210,279.00;340,045.25;70,631.50;79,300.75;21,514.75;36,031.00
Aug 11, 2018;Aug 12, 2018;106,277.75;36,398.50;72,664.25;337,405.25;182,275.00;3,467.50;206,638.25;305,119.00;54,188.75;53,900.00;18,557.25;30,993.25
Aug 12, 2018;Aug 13, 2018;104,629.25;33,773.00;48,874.50;88,186.00;211,600.50;3,453.50;199,733.75;304,899.75;59,629.00;62,323.50;21,235.25;30,798.00
Aug 13, 2018;Aug 14, 2018;101,481.25;38,116.75;8,996.75;153,749.00;129,615.50;3,452.00;215,144.25;347,953.25;172,831.00;124,540.75;25,759.00;32,157.75
Aug 14, 2018;Aug 15, 2018;104,718.00;42,889.75;29,564.75;268,769.75;135,621.00;3,510.50;215,700.00;346,702.25;183,864.50;130,501.50;14,018.50;31,067.75
Aug 15, 2018;Aug 16, 2018;104,907.00;38,711.00;27,142.75;96,184.75;142,103.25;3,519.25;215,912.50;357,184.50;187,621.00;124,201.25;10,747.75;33,783.75
Aug 16, 2018;Aug 17, 2018;104,941.75;36,293.50;52,617.00;96,630.25;212,894.50;3,520.25;214,348.50;347,425.75;186,689.50;133,083.25;20,712.25;36,592.75
Aug 17, 2018;Aug 18, 2018;105,770.50;36,897.75;13,563.00;110,513.25;179,475.25;3,486.00;214,544.00;364,436.00;205,601.00;145,444.00;15,863.00;36,005.25
Aug 18, 2018;Aug 19, 2018;106,068.75;38,148.25;56,960.75;98,063.25;187,385.25;3,497.00;200,546.50;337,953.75;86,257.75;82,652.75;19,216.25;34,976.50
Aug 19, 2018;Aug 20, 2018;105,873.75;35,463.50;55,872.50;112,864.75;198,946.25;3,494.25;210,473.50;333,748.25;67,094.50;31,466.50;12,630.50;33,523.25
Aug 20, 2018;Aug 21, 2018;105,821.75;39,534.00;28,180.00;155,437.00;144,675.75;3,500.50;214,961.25;362,344.00;187,733.00;66,412.75;29,754.25;37,716.25
Aug 21, 2018;Aug 22, 2018;105,265.00;41,859.50;7,177.75;32,692.25;171,581.75;3,511.00;214,901.50;374,967.25;255,289.50;177,177.50;28,398.25;38,188.50
Aug 22, 2018;Aug 23, 2018;104,757.75;41,467.00;17,939.25;77,447.50;199,008.00;3,453.00;215,865.75;359,953.75;241,554.75;89,905.25;21,398.75;35,979.50
Aug 23, 2018;Aug 24, 2018;105,099.50;43,407.75;32,055.75;107,098.25;160,326.25;3,501.75;211,241.75;362,111.75;247,347.75;78,772.25;22,622.25;28,408.75
Aug 24, 2018;Aug 25, 2018;107,141.75;40,204.00;68,819.25;255,324.75;108,220.00;3,552.50;214,114.50;354,552.00;206,479.00;63,780.75;15,746.00;36,542.00
Aug 25, 2018;Aug 26, 2018;108,335.00;41,527.25;41,695.75;245,497.25;96,416.75;3,599.00;218,691.25;359,552.00;116,806.75;78,336.75;15,141.00;36,255.75
Aug 26, 2018;Aug 27, 2018;108,237.75;43,324.50;55,729.50;157,398.00;184,301.00;3,609.75;218,716.25;343,675.25;88,362.50;65,107.00;22,524.75;37,599.75
Aug 27, 2018;Aug 28, 2018;107,234.75;38,629.75;91,054.75;429,934.75;121,038.00;3,554.75;214,381.75;326,423.50;130,605.75;92,308.25;18,205.25;41,430.25
Aug 28, 2018;Aug 29, 2018;100,653.25;40,404.00;18,250.50;82,247.25;165,907.25;3,498.00;217,657.00;369,604.50;243,335.00;81,829.75;30,010.00;39,533.00
Aug 29, 2018;Aug 30, 2018;104,357.75;37,736.50;19,770.00;151,350.00;177,245.25;3,459.75;217,198.50;368,921.75;241,036.25;84,429.25;14,216.25;39,207.75
Aug 30, 2018;Aug 31, 2018;106,672.50;41,967.00;53,530.00;279,837.25;81,663.25;3,483.25;212,155.50;372,377.75;249,138.00;142,938.50;21,534.25;39,678.00
Aug 31, 2018;Sep 1, 2018;108,097.25;44,377.00;35,510.25;131,280.25;102,990.00;3,504.00;200,414.25;365,416.75;270,420.75;176,936.00;21,060.50;40,183.00
Sep 1, 2018;Sep 2, 2018;108,998.00;48,700.50;5,674.00;88,089.50;122,420.00;3,427.25;188,839.00;338,683.75;244,501.75;104,557.25;8,591.00;37,961.75
Sep 2, 2018;Sep 3, 2018;107,966.25;48,619.75;7,089.00;160,385.00;78,141.00;3,417.75;188,533.25;333,874.00;181,334.75;68,041.50;12,189.25;38,316.75
Sep 3, 2018;Sep 4, 2018;107,405.50;50,857.75;29,914.00;136,940.25;96,691.00;3,401.75;187,738.75;338,552.25;284,107.00;139,964.25;26,567.75;40,311.25
Sep 4, 2018;Sep 5, 2018;106,706.50;48,603.00;14,298.75;72,461.25;136,606.75;3,403.25;186,839.50;362,772.50;295,327.50;145,978.25;24,805.75;34,646.25
Sep 5, 2018;Sep 6, 2018;106,821.50;47,236.75;5,586.50;65,811.50;167,414.75;3,376.25;186,016.00;369,177.25;285,515.50;154,224.00;29,540.50;41,906.25
Sep 6, 2018;Sep 7, 2018;107,378.00;45,828.75;13,741.00;105,705.75;140,725.00;3,349.00;186,032.00;385,541.75;278,839.25;159,021.25;23,157.75;41,931.25
Sep 7, 2018;Sep 8, 2018;104,592.00;44,201.00;39,632.25;162,991.00;102,416.00;3,383.00;186,152.50;368,258.00;270,918.75;138,624.75;18,801.50;40,318.50
Sep 8, 2018;Sep 9, 2018;103,763.50;41,281.75;76,002.25;205,457.75;172,190.25;3,393.50;185,033.75;326,928.50;103,046.50;64,714.75;23,446.00;37,068.00
Sep 9, 2018;Sep 10, 2018;103,908.25;38,971.50;62,608.75;88,277.00;161,910.00;3,390.25;189,049.75;348,099.50;106,179.50;63,899.25;15,938.75;36,398.25
Sep 10, 2018;Sep 11, 2018;103,487.75;39,514.75;51,238.50;129,874.75;136,236.25;3,386.00;187,969.25;361,534.25;257,450.25;106,566.00;25,171.75;36,886.75
Sep 11, 2018;Sep 12, 2018;102,882.50;38,308.75;85,983.75;332,947.00;161,735.75;3,365.00;179,897.25;340,486.75;190,392.25;86,311.25;17,762.50;39,242.75
Sep 12, 2018;Sep 13, 2018;103,603.50;39,651.25;59,482.00;171,512.25;153,095.50;3,394.25;186,499.50;345,957.00;278,698.50;106,475.00;23,939.75;38,321.75
Sep 13, 2018;Sep 14, 2018;105,036.00;41,606.75;25,532.75;34,450.50;88,605.75;3,431.50;188,589.25;358,671.00;327,967.50;163,167.75;26,204.00;39,113.25
Sep 14, 2018;Sep 15, 2018;105,093.25;41,121.25;70,999.75;58,832.50;107,783.50;3,469.75;189,475.00;364,240.50;312,010.25;138,787.00;18,827.25;38,835.25
Sep 15, 2018;Sep 16, 2018;104,924.25;37,050.25;65,820.75;181,351.75;131,633.50;3,487.25;185,853.00;321,790.00;155,821.25;69,534.00;23,561.25;35,496.75
Sep 16, 2018;Sep 17, 2018;104,130.00;34,423.75;71,325.25;90,709.25;169,801.75;3,491.00;185,248.75;341,314.00;103,432.00;59,860.25;15,039.75;36,111.00
Sep 17, 2018;Sep 18, 2018;102,104.75;33,488.50;41,463.50;84,010.00;169,019.75;3,467.00;185,356.25;366,510.00;261,467.25;121,947.25;27,968.75;39,722.50
Sep 18, 2018;Sep 19, 2018;99,865.00;37,889.25;84,418.50;262,881.50;170,265.25;3,471.75;185,982.50;354,348.25;215,150.75;75,863.00;30,451.25;39,986.25
Sep 19, 2018;Sep 20, 2018;98,392.25;37,518.25;93,451.25;239,149.00;153,552.00;3,443.75;185,057.50;359,164.25;249,948.25;89,973.00;31,718.25;40,991.00
Sep 20, 2018;Sep 21, 2018;100,607.00;37,271.50;67,919.75;248,843.75;154,879.25;3,491.25;186,873.25;354,207.50;265,274.75;93,074.50;39,665.50;41,189.50
Sep 21, 2018;Sep 22, 2018;93,447.25;33,649.50;83,623.75;626,119.00;93,469.50;3,503.75;182,702.25;289,306.25;79,323.50;63,050.75;26,110.50;41,372.75
Sep 22, 2018;Sep 23, 2018;98,618.50;34,305.50;97,237.75;475,191.25;111,127.25;3,602.25;181,583.75;245,658.50;48,529.00;55,923.00;28,174.00;33,336.00
Sep 23, 2018;Sep 24, 2018;98,782.25;31,489.00;70,757.25;282,819.00;50,429.25;3,540.25;189,433.50;345,527.00;39,623.50;59,431.25;25,945.25;32,654.75
Sep 24, 2018;Sep 25, 2018;98,587.50;40,993.75;106,504.25;511,139.50;131,063.50;3,610.50;182,994.25;283,424.25;99,787.25;60,925.25;21,103.75;32,720.75
Sep 25, 2018;Sep 26, 2018;101,463.50;39,983.75;39,620.00;145,257.75;160,265.00;3,583.00;191,311.75;361,370.75;251,155.75;82,909.75;27,830.75;35,641.50
Sep 26, 2018;Sep 27, 2018;107,374.00;38,407.25;105,471.50;378,903.25;147,656.00;3,632.75;186,447.25;344,492.75;154,919.25;81,287.75;25,020.75;41,087.75
Sep 27, 2018;Sep 28, 2018;107,792.75;36,651.00;86,897.25;227,642.00;156,947.50;3,602.50;189,020.50;387,981.75;213,272.25;85,668.50;30,863.25;39,731.75
Sep 28, 2018;Sep 29, 2018;107,727.00;33,406.50;88,460.50;281,287.75;121,814.50;3,578.25;185,702.25;382,283.25;197,831.25;93,497.25;21,379.25;41,239.00
Sep 29, 2018;Sep 30, 2018;109,357.50;32,054.25;61,312.00;138,338.00;159,669.00;3,621.25;190,015.75;381,012.25;114,786.00;84,965.50;22,173.00;40,906.25
Sep 30, 2018;Oct 1, 2018;109,363.25;31,167.00;70,944.25;141,329.50;161,752.50;3,623.75;190,169.25;350,510.75;112,928.25;74,024.25;21,383.25;42,204.00
Oct 1, 2018;Oct 2, 2018;109,256.00;33,681.00;87,658.00;234,146.50;76,557.25;3,455.50;188,031.00;374,464.50;243,527.75;110,988.00;28,581.25;42,824.25
Oct 2, 2018;Oct 3, 2018;109,260.75;39,825.50;89,953.50;577,827.25;55,054.75;3,443.50;184,296.25;305,936.25;152,228.50;81,639.25;26,688.75;39,718.25
Oct 3, 2018;Oct 4, 2018;110,833.50;36,683.00;84,901.25;549,744.50;86,253.25;3,338.00;172,425.00;196,668.25;110,089.50;64,451.00;14,455.50;38,131.00
Oct 4, 2018;Oct 5, 2018;111,625.00;40,930.50;54,921.25;159,743.00;111,887.25;3,362.25;192,124.75;328,581.75;325,771.50;128,385.25;38,410.00;42,854.75
Oct 5, 2018;Oct 6, 2018;110,103.75;36,695.25;50,394.00;175,362.00;155,980.25;3,425.00;188,679.25;310,898.00;325,884.75;113,783.25;28,490.50;43,387.75
Oct 6, 2018;Oct 7, 2018;110,037.25;35,048.00;29,468.25;149,632.00;125,386.75;3,389.75;191,162.00;281,887.75;280,698.00;90,115.50;19,555.00;42,012.00
Oct 7, 2018;Oct 8, 2018;108,610.75;33,147.25;37,321.25;186,741.25;92,468.50;3,386.50;188,424.00;289,834.25;186,119.00;80,133.00;21,597.00;42,725.75
Oct 8, 2018;Oct 9, 2018;102,918.50;34,216.00;95,174.25;99,976.75;115,605.25;3,365.25;191,142.00;310,657.25;338,501.75;146,410.50;39,871.75;44,686.25
Oct 9, 2018;Oct 10, 2018;102,893.75;34,849.50;77,961.75;91,432.75;106,616.50;3,356.75;186,537.00;315,314.00;369,072.00;190,624.50;28,913.75;44,247.75
Oct 10, 2018;Oct 11, 2018;102,507.75;33,795.00;31,704.00;203,957.25;131,029.00;3,325.00;189,038.25;340,080.25;333,398.25;139,868.75;24,799.00;42,178.50
Oct 11, 2018;Oct 12, 2018;101,849.25;33,898.75;75,893.75;312,061.25;131,699.75;3,315.50;182,074.25;355,306.75;247,680.75;108,072.25;21,113.25;42,262.00
Oct 12, 2018;Oct 13, 2018;102,655.25;33,177.75;85,932.25;242,594.25;134,785.00;3,339.75;182,994.00;356,956.00;267,426.00;116,216.75;32,365.00;41,777.25
Oct 13, 2018;Oct 14, 2018;101,958.25;29,594.50;95,546.25;258,298.75;137,382.25;3,421.00;173,639.00;345,815.50;105,827.50;77,368.00;20,088.50;35,894.00
Oct 14, 2018;Oct 15, 2018;101,425.00;27,239.75;75,749.50;334,093.75;137,122.25;3,422.25;187,946.50;278,372.50;61,918.75;66,340.75;15,974.25;33,515.75
Oct 15, 2018;Oct 16, 2018;101,497.00;27,819.25;18,509.25;156,349.00;124,528.00;3,421.00;185,828.25;365,295.25;318,008.00;157,948.25;26,818.50;34,792.75
Oct 16, 2018;Oct 17, 2018;104,650.50;34,911.25;14,412.50;36,601.50;108,042.00;3,442.25;188,528.75;379,699.50;377,431.50;196,444.25;35,960.00;34,223.25
Oct 17, 2018;Oct 18, 2018;107,154.50;33,693.50;14,844.00;38,125.50;116,466.25;3,459.50;188,630.50;374,884.75;372,983.75;204,295.25;25,639.50;41,387.00
Oct 18, 2018;Oct 19, 2018;106,635.25;30,714.25;32,360.25;113,697.50;85,440.00;3,485.75;188,556.25;369,283.75;360,136.50;194,276.00;22,469.75;40,583.00
Oct 19, 2018;Oct 20, 2018;111,012.50;32,750.00;4,058.25;53,991.50;86,407.50;3,470.25;188,684.50;393,032.25;345,884.50;204,953.25;26,960.25;41,215.75
Oct 20, 2018;Oct 21, 2018;112,869.25;29,389.75;29,615.50;82,425.75;86,940.75;3,431.50;189,712.75;389,191.75;241,527.75;133,317.25;14,641.50;39,704.75
Oct 21, 2018;Oct 22, 2018;112,851.50;27,591.75;53,935.00;82,687.50;103,526.75;3,503.50;188,412.75;392,459.00;172,651.00;96,796.25;18,842.50;39,794.50
Oct 22, 2018;Oct 23, 2018;112,968.75;30,373.25;96,277.25;222,384.75;81,701.00;3,506.50;184,644.50;401,840.75;225,808.00;132,067.75;34,960.50;35,495.75
Oct 23, 2018;Oct 24, 2018;111,464.25;28,344.75;89,832.75;735,871.75;28,192.50;3,474.75;175,579.00;310,880.75;128,871.00;91,819.25;21,141.00;39,859.50
Oct 24, 2018;Oct 25, 2018;112,790.50;27,743.00;100,355.25;590,864.75;38,537.25;3,442.25;171,379.50;326,370.00;149,694.25;120,239.00;31,545.75;39,585.00
Oct 25, 2018;Oct 26, 2018;114,963.50;30,816.25;87,803.50;513,251.25;36,799.75;3,449.00;175,132.25;351,381.25;178,885.25;117,232.75;19,102.00;35,109.00
Oct 26, 2018;Oct 27, 2018;115,885.00;28,758.00;81,354.50;322,587.25;51,662.00;3,469.25;187,843.25;377,037.25;198,120.25;132,055.00;20,011.00;35,123.75
Oct 27, 2018;Oct 28, 2018;115,710.25;29,145.00;75,081.75;308,737.50;37,145.50;3,511.50;185,245.75;378,315.25;149,982.00;96,011.75;25,006.00;32,698.00
Oct 28, 2018;Oct 29, 2018;119,807.25;32,535.25;76,248.75;394,647.50;27,395.75;3,667.00;200,411.75;411,121.50;74,313.25;79,092.75;13,556.00;33,181.50
Oct 29, 2018;Oct 30, 2018;114,580.50;43,242.50;102,214.00;466,334.50;15,993.75;3,493.50;187,357.75;370,033.25;133,391.00;120,039.25;38,663.00;41,776.50
Oct 30, 2018;Oct 31, 2018;115,238.00;44,513.50;96,018.00;622,492.25;43,385.50;3,481.50;180,664.00;333,362.75;100,119.25;100,604.25;22,131.25;38,720.50
Oct 31, 2018;Nov 1, 2018;115,392.50;42,020.50;61,168.50;398,328.75;78,591.75;3,516.50;180,155.00;351,033.75;165,773.50;120,885.50;34,641.50;39,629.50
Nov 1, 2018;Nov 2, 2018;115,710.00;35,463.50;69,161.25;225,751.25;44,723.25;3,626.75;190,455.50;377,643.25;176,013.50;118,328.00;18,053.50;41,580.25
Nov 2, 2018;Nov 3, 2018;115,807.75;33,872.00;71,421.75;258,684.25;55,987.00;3,648.75;190,552.00;329,211.50;223,947.00;147,226.00;23,709.00;41,201.00
Nov 3, 2018;Nov 4, 2018;116,789.25;31,801.50;57,359.75;100,646.25;56,750.50;3,635.75;191,983.00;353,016.75;230,414.00;131,592.25;11,240.25;41,586.25
Nov 4, 2018;Nov 5, 2018;116,280.25;31,142.25;52,755.25;142,584.50;22,226.25;3,633.50;191,173.00;354,427.75;180,660.00;112,250.25;19,107.25;41,698.00
Nov 5, 2018;Nov 6, 2018;115,700.25;33,263.50;42,835.25;167,150.00;45,461.50;3,600.00;187,752.25;377,715.50;286,770.50;193,288.50;29,459.50;42,567.75
Nov 6, 2018;Nov 7, 2018;115,094.50;31,945.25;46,263.75;195,128.50;70,836.50;3,581.00;189,432.00;378,154.50;285,315.75;197,986.25;21,318.25;41,709.00
Nov 7, 2018;Nov 8, 2018;115,489.00;32,252.50;67,734.00;207,670.75;80,605.50;3,572.00;190,062.25;379,578.00;271,063.50;177,957.50;19,733.50;42,360.25
Nov 8, 2018;Nov 9, 2018;115,695.50;33,043.50;55,508.25;123,152.50;44,318.25;3,626.50;213,117.50;375,773.50;311,537.75;210,023.50;27,995.75;43,524.00
Nov 9, 2018;Nov 10, 2018;116,166.50;35,395.50;53,069.75;182,222.50;34,655.00;3,649.75;222,198.75;373,555.25;295,433.75;201,336.75;26,182.00;42,834.00
Nov 10, 2018;Nov 11, 2018;116,493.00;31,368.50;101,313.50;392,276.50;35,838.25;3,656.50;215,047.25;310,274.00;98,388.25;99,712.75;16,841.25;41,511.75
Nov 11, 2018;Nov 12, 2018;116,699.50;29,474.00;105,439.00;429,771.00;42,740.75;3,640.50;205,374.50;263,234.00;78,940.25;89,688.75;12,138.00;42,200.75
Nov 12, 2018;Nov 13, 2018;116,594.75;31,407.00;44,651.00;279,068.75;41,931.25;3,635.00;213,813.00;362,883.00;243,622.75;139,303.25;30,228.50;37,024.75
Nov 13, 2018;Nov 14, 2018;114,058.00;31,848.50;84,049.25;396,611.50;23,392.50;3,634.00;210,661.00;376,487.50;248,710.25;135,361.25;17,710.75;40,879.00
Nov 14, 2018;Nov 15, 2018;114,318.50;34,368.00;74,745.00;173,231.25;49,395.25;3,635.75;218,252.75;382,823.50;325,152.25;187,362.25;26,739.75;40,955.00
Nov 15, 2018;Nov 16, 2018;117,255.50;33,478.75;33,108.50;148,445.25;44,127.50;3,671.50;223,586.25;401,588.25;360,571.25;201,820.50;27,877.25;42,886.75
Nov 16, 2018;Nov 17, 2018;117,718.50;31,973.00;41,092.75;321,944.50;75,882.75;3,681.25;223,426.75;393,157.00;270,312.50;144,772.50;20,788.00;42,855.00
Nov 17, 2018;Nov 18, 2018;117,593.50;29,975.50;71,403.25;385,892.75;80,901.50;3,615.50;176,197.25;227,466.00;134,625.00;89,305.75;10,448.00;41,934.75
Nov 18, 2018;Nov 19, 2018;118,179.25;28,227.75;61,812.75;300,800.75;69,173.25;3,608.00;223,494.50;358,096.75;150,747.00;98,490.25;9,639.75;41,403.50
Nov 19, 2018;Nov 20, 2018;117,857.50;31,584.75;94,578.50;571,508.50;18,837.50;3,591.00;219,791.00;317,171.75;188,783.25;134,869.50;26,135.25;42,229.50
Nov 20, 2018;Nov 21, 2018;117,141.50;34,501.25;78,061.25;667,331.75;22,046.25;3,657.50;209,357.75;306,256.00;180,828.25;131,885.00;19,170.75;41,646.50
Nov 21, 2018;Nov 22, 2018;117,917.00;39,154.50;100,329.00;308,486.00;16,574.50;3,673.25;219,127.50;359,216.25;274,172.00;195,187.50;29,392.25;39,846.50
Nov 22, 2018;Nov 23, 2018;118,100.75;40,620.25;68,579.25;124,346.75;20,622.00;3,669.50;224,705.00;376,330.75;361,103.50;264,896.25;33,975.25;43,939.50
Nov 23, 2018;Nov 24, 2018;118,293.50;40,487.75;17,558.50;81,869.00;29,986.00;3,675.50;224,592.50;383,583.50;386,273.50;270,493.75;30,856.25;44,193.25
Nov 24, 2018;Nov 25, 2018;118,403.50;33,186.50;19,802.00;91,765.50;16,337.75;3,597.00;224,871.50;358,912.00;320,771.25;195,976.00;24,493.50;42,831.75
Nov 25, 2018;Nov 26, 2018;117,221.25;27,082.50;64,158.50;105,342.75;21,645.50;3,609.25;221,954.00;361,644.00;267,645.50;147,693.75;10,895.50;45,398.75
Nov 26, 2018;Nov 27, 2018;115,881.25;35,274.75;59,454.25;190,448.00;11,102.75;3,629.00;223,701.75;367,103.75;312,337.50;237,398.75;32,096.75;44,860.00
Nov 27, 2018;Nov 28, 2018;116,009.75;36,542.00;53,116.50;86,012.75;15,975.25;3,649.50;224,457.00;385,900.75;360,059.25;264,030.75;30,787.00;46,386.75
Nov 28, 2018;Nov 29, 2018;116,959.75;34,474.50;97,830.25;423,606.00;35,068.00;3,651.25;221,618.00;364,535.25;258,324.75;178,694.25;27,837.25;42,332.75
Nov 29, 2018;Nov 30, 2018;114,978.75;29,984.75;80,919.75;577,902.25;31,406.50;3,652.00;216,549.75;319,963.75;205,832.00;145,081.00;19,551.00;41,885.75
Nov 30, 2018;Dec 1, 2018;110,023.00;27,060.50;105,011.75;350,047.00;12,406.75;3,640.50;218,406.00;359,209.50;206,811.75;191,010.75;35,462.50;41,492.25
Dec 1, 2018;Dec 2, 2018;111,385.25;26,348.75;98,178.25;345,104.00;27,295.00;3,365.75;220,121.25;328,990.00;146,909.50;136,184.75;14,289.25;44,278.50
Dec 2, 2018;Dec 3, 2018;110,580.50;25,340.75;100,931.75;552,277.50;8,032.50;3,350.00;214,297.75;246,812.75;84,384.25;105,442.50;15,619.00;42,929.50
Dec 3, 2018;Dec 4, 2018;110,104.00;31,710.25;109,479.00;499,219.25;17,736.50;3,310.00;215,283.25;317,110.00;133,129.50;136,565.00;26,553.50;42,011.25
Dec 4, 2018;Dec 5, 2018;109,714.75;34,797.75;83,336.25;418,268.00;31,010.00;3,356.75;218,173.25;326,747.75;219,669.25;171,382.75;31,694.75;40,712.25
Dec 5, 2018;Dec 6, 2018;110,973.50;35,720.00;78,723.00;260,942.75;32,668.00;3,392.50;221,783.75;376,208.75;254,005.50;203,887.00;28,679.50;41,652.50
Dec 6, 2018;Dec 7, 2018;110,685.75;33,498.00;92,205.50;403,260.25;10,872.25;3,342.25;223,941.50;371,882.25;207,249.00;170,997.75;26,080.25;43,186.25
Dec 7, 2018;Dec 8, 2018;110,226.00;31,564.50;97,100.50;680,618.75;11,698.50;3,288.50;214,490.75;296,475.25;112,580.00;126,135.75;27,658.75;42,805.75
Dec 8, 2018;Dec 9, 2018;110,021.50;31,104.25;105,943.25;894,641.75;18,135.75;3,350.50;166,569.75;130,057.50;49,189.75;55,624.50;24,265.75;40,607.00
Dec 9, 2018;Dec 10, 2018;110,637.00;31,854.25;107,316.75;781,353.00;11,513.75;3,354.50;193,904.00;131,343.00;39,510.75;59,050.00;24,426.00;39,708.00
Dec 10, 2018;Dec 11, 2018;110,644.00;36,684.00;94,926.00;750,272.75;23,726.25;3,351.00;213,171.50;248,673.50;126,221.75;129,324.00;27,014.50;42,474.50
Dec 11, 2018;Dec 12, 2018;110,499.50;39,175.50;77,835.50;423,374.50;18,571.50;3,216.75;220,846.75;353,644.75;256,102.75;202,392.00;28,044.50;43,526.25
Dec 12, 2018;Dec 13, 2018;110,940.75;45,722.50;42,815.75;123,411.00;17,305.50;3,240.25;226,510.75;391,438.00;346,607.00;250,605.50;33,828.75;44,123.25
Dec 13, 2018;Dec 14, 2018;114,151.75;45,795.50;69,297.00;194,935.75;19,736.00;3,243.50;224,591.75;391,617.50;353,175.00;240,040.50;31,165.00;44,665.50
Dec 14, 2018;Dec 15, 2018;118,626.25;45,818.75;49,703.25;123,127.25;9,675.75;3,251.50;227,525.25;387,422.75;393,591.00;249,528.25;45,861.00;43,925.50
Dec 15, 2018;Dec 16, 2018;118,543.00;35,107.25;85,491.50;182,924.75;9,247.00;3,261.75;226,583.00;397,173.00;332,442.50;182,597.25;12,707.25;42,704.25
Dec 16, 2018;Dec 17, 2018;118,222.75;29,763.75;75,714.50;240,467.00;7,829.75;3,257.25;226,100.50;387,001.75;246,523.00;153,282.50;22,513.25;42,862.00
Dec 17, 2018;Dec 18, 2018;117,751.00;34,589.75;32,339.25;154,862.25;12,758.25;3,251.25;226,816.50;389,020.50;351,695.25;228,861.75;31,649.25;44,426.50
Dec 18, 2018;Dec 19, 2018;116,993.25;32,138.25;70,647.50;260,573.75;31,157.25;3,209.25;222,164.50;370,376.50;289,479.25;213,765.75;25,314.50;43,293.75
Dec 19, 2018;Dec 20, 2018;117,530.50;29,499.25;110,953.50;363,860.00;9,888.75;3,263.25;224,310.00;361,553.00;246,072.75;192,943.75;26,277.25;43,740.50
Dec 20, 2018;Dec 21, 2018;114,348.25;28,487.00;72,309.50;298,987.75;18,419.00;3,159.75;226,430.25;370,785.50;248,617.00;176,127.25;27,882.75;44,476.00
Dec 21, 2018;Dec 22, 2018;118,188.75;30,934.50;76,318.50;665,393.75;6,570.25;3,143.50;212,003.25;268,907.00;112,031.75;118,360.00;24,336.00;43,997.25
Dec 22, 2018;Dec 23, 2018;117,852.25;37,028.00;34,032.50;506,602.00;11,550.00;3,160.75;216,617.00;239,940.50;98,998.00;97,075.75;30,097.00;42,699.75
Dec 23, 2018;Dec 24, 2018;118,431.00;41,854.00;52,415.75;359,407.75;9,497.75;3,206.00;224,101.50;247,093.50;83,246.00;89,979.25;24,956.00;43,365.00
Dec 24, 2018;Dec 25, 2018;118,409.75;47,723.75;59,531.75;293,492.25;19,312.00;3,224.00;224,372.25;241,081.75;75,401.00;93,906.50;29,331.50;43,014.25
Dec 25, 2018;Dec 26, 2018;117,769.50;44,496.00;112,970.25;437,556.00;18,839.50;3,249.50;216,443.50;156,335.00;52,264.00;80,573.25;16,311.00;40,666.25
Dec 26, 2018;Dec 27, 2018;117,026.00;42,010.25;90,037.25;324,188.50;24,225.00;3,257.50;216,381.25;207,551.00;98,711.00;100,392.00;29,062.50;42,016.75
Dec 27, 2018;Dec 28, 2018;117,683.25;40,202.50;76,231.00;210,753.75;27,662.75;3,260.75;225,186.75;264,010.25;183,233.75;155,132.25;30,418.75;42,054.50
Dec 28, 2018;Dec 29, 2018;117,648.25;38,877.25;51,228.50;176,583.25;27,555.75;3,258.00;226,583.00;259,719.25;216,774.50;164,004.25;27,954.00;41,883.00
Dec 29, 2018;Dec 30, 2018;117,516.25;37,708.75;85,028.25;430,150.00;10,391.00;3,260.00;222,763.75;241,391.25;117,293.00;122,820.25;15,421.00;42,687.50
Dec 30, 2018;Dec 31, 2018;117,767.50;36,427.25;65,485.25;526,065.00;12,451.50;3,247.00;209,640.75;179,087.00;78,688.75;99,424.75;29,729.00;41,653.50
Dec 31, 2018;Jan 1, 2019;116,284.75;36,140.00;55,823.50;176,127.50;8,998.00;3,081.75;223,542.00;259,031.50;119,245.00;97,512.25;23,928.00;41,670.00
Jan 1, 2019;Jan 2, 2019;112,992.50;35,547.25;54,910.50;754,514.00;9,713.00;3,145.50;171,358.75;121,568.75;62,157.25;68,598.00;16,199.25;39,042.00
Jan 2, 2019;Jan 3, 2019;113,444.00;33,866.25;76,078.25;613,359.75;30,007.75;3,096.00;196,988.25;219,818.25;132,438.25;108,567.00;18,694.00;39,226.75
Jan 3, 2019;Jan 4, 2019;114,457.50;34,020.25;63,945.75;229,928.25;22,002.50;3,140.25;227,575.25;337,891.25;289,076.00;197,938.75;32,604.75;40,233.00
Jan 4, 2019;Jan 5, 2019;115,086.00;34,982.75;88,136.50;440,768.75;9,353.75;3,069.25;221,901.00;357,775.25;199,299.25;167,920.00;20,644.00;40,789.75
Jan 5, 2019;Jan 6, 2019;114,735.50;33,818.50;88,862.00;520,153.25;6,581.50;3,120.50;219,131.75;312,910.00;130,985.50;131,458.50;15,863.75;40,477.25
Jan 6, 2019;Jan 7, 2019;114,317.50;34,206.25;64,607.75;188,282.50;11,529.50;3,131.25;225,536.50;366,325.50;205,744.75;155,988.75;21,144.25;41,381.25
Jan 7, 2019;Jan 8, 2019;114,142.75;38,885.75;70,655.00;370,451.25;10,109.50;3,134.25;223,297.25;352,249.25;262,462.50;191,267.50;37,784.25;39,138.25
Jan 8, 2019;Jan 9, 2019;112,531.50;37,517.75;88,442.75;876,358.25;12,960.25;3,316.25;216,172.25;213,969.00;104,702.75;126,231.00;19,453.50;39,777.50
Jan 9, 2019;Jan 10, 2019;113,196.25;36,859.50;108,285.00;670,693.00;12,545.25;3,315.25;222,052.25;272,120.50;181,274.00;156,652.00;21,548.00;40,186.25
Jan 10, 2019;Jan 11, 2019;115,184.75;45,808.00;23,505.00;160,756.75;10,682.75;4,187.50;227,584.00;342,333.50;355,936.25;245,905.75;43,601.25;44,576.50
Jan 11, 2019;Jan 12, 2019;115,867.00;38,592.00;102,615.75;390,953.50;5,153.50;5,024.50;219,319.00;344,894.50;285,271.50;215,405.00;25,882.50;42,841.00
Jan 12, 2019;Jan 13, 2019;115,806.50;34,360.00;106,132.25;616,996.00;6,742.75;5,068.00;213,932.25;260,743.75;119,866.75;127,826.50;18,268.25;41,405.25
Jan 13, 2019;Jan 14, 2019;113,867.50;36,143.00;108,163.25;794,761.75;5,889.75;4,169.00;209,035.75;131,513.25;60,603.00;79,957.25;9,367.00;37,633.25
Jan 14, 2019;Jan 15, 2019;113,232.50;44,538.25;102,841.25;738,158.00;24,464.25;4,891.50;204,689.00;196,417.00;140,757.75;144,775.50;30,306.00;38,574.50
Jan 15, 2019;Jan 16, 2019;112,969.25;42,202.00;84,224.75;745,239.00;14,608.50;4,914.00;216,589.25;253,638.50;179,439.75;163,415.75;27,236.00;38,843.25
Jan 16, 2019;Jan 17, 2019;114,047.75;37,982.00;107,190.50;623,314.50;30,318.00;4,924.50;216,355.75;292,088.50;163,175.25;176,604.00;27,835.50;38,422.50
Jan 17, 2019;Jan 18, 2019;113,801.25;36,388.25;116,248.50;631,984.75;19,600.25;5,039.25;217,136.75;317,569.25;186,963.00;161,749.25;14,797.50;37,965.50
Jan 18, 2019;Jan 19, 2019;113,704.00;42,608.50;31,197.75;223,717.00;46,542.00;5,064.25;226,026.25;379,765.00;343,595.75;225,217.75;37,576.25;36,459.50
Jan 19, 2019;Jan 20, 2019;115,513.50;38,723.00;28,177.75;107,671.75;62,354.50;5,036.50;227,815.50;367,197.50;348,600.50;180,884.25;12,124.75;37,072.50
Jan 20, 2019;Jan 21, 2019;115,638.00;36,720.00;9,805.75;52,524.75;52,642.00;4,882.00;227,720.50;364,172.25;340,575.50;185,884.00;15,539.75;36,058.75
Jan 21, 2019;Jan 22, 2019;115,773.00;44,389.50;39,419.00;93,806.75;50,885.00;4,666.25;227,502.00;390,236.00;384,985.75;262,253.00;42,493.50;36,712.50
Jan 22, 2019;Jan 23, 2019;116,649.25;46,014.25;97,374.50;195,383.25;36,195.00;4,826.25;227,375.00;389,867.50;373,621.50;252,593.25;27,358.00;39,319.75
Jan 23, 2019;Jan 24, 2019;116,850.75;49,203.00;32,907.75;134,834.25;26,181.00;5,006.75;227,782.00;389,862.75;375,360.50;284,159.00;45,823.25;40,960.00
Jan 24, 2019;Jan 25, 2019;114,769.00;48,897.00;15,640.25;35,904.75;13,908.00;5,015.75;228,116.75;388,795.25;365,623.50;298,413.25;41,749.75;45,397.25
Jan 25, 2019;Jan 26, 2019;116,287.50;42,989.00;56,852.50;125,936.50;15,582.00;5,048.00;227,444.00;384,305.00;340,529.00;270,844.00;34,231.50;40,243.75
Jan 26, 2019;Jan 27, 2019;115,664.25;35,025.25;68,699.50;433,620.00;11,064.50;5,101.50;226,532.75;346,540.75;195,756.25;148,694.25;18,539.00;38,716.00
Jan 27, 2019;Jan 28, 2019;114,646.75;31,855.00;81,880.50;508,430.50;23,410.75;4,783.75;222,954.75;286,937.25;124,911.50;111,857.75;14,022.00;38,471.25
Jan 28, 2019;Jan 29, 2019;112,515.25;31,352.00;75,155.00;419,462.75;24,014.75;5,097.75;226,219.25;366,693.00;263,978.25;187,707.75;26,919.00;39,435.25
Jan 29, 2019;Jan 30, 2019;113,636.00;39,521.50;83,183.00;265,849.00;35,026.25;5,168.00;227,050.50;359,366.50;346,481.25;239,262.00;38,659.00;39,453.50
Jan 30, 2019;Jan 31, 2019;114,218.50;37,394.50;75,323.75;373,881.50;33,836.50;5,207.25;222,651.00;374,898.50;315,309.00;229,726.00;28,239.25;32,994.75
Jan 31, 2019;Feb 1, 2019;114,501.00;40,500.50;62,624.75;184,579.25;54,251.75;5,111.75;227,218.75;379,921.00;369,866.50;242,904.75;40,199.50;40,812.00
Feb 1, 2019;Feb 2, 2019;115,904.75;35,990.75;95,361.50;261,493.50;20,220.75;5,335.00;224,600.00;353,985.50;319,642.00;235,176.50;27,858.25;40,795.75
Feb 2, 2019;Feb 3, 2019;115,617.00;35,096.00;31,722.00;82,626.00;19,757.00;5,389.50;226,829.50;359,276.25;296,771.00;179,940.00;16,974.00;42,270.75
Feb 3, 2019;Feb 4, 2019;114,550.00;32,386.75;63,611.75;224,711.50;19,097.00;5,176.50;226,454.75;352,630.25;215,672.25;169,248.50;15,527.75;42,232.00
Feb 4, 2019;Feb 5, 2019;113,836.25;34,585.50;97,809.00;384,646.50;55,879.50;5,053.00;214,827.50;349,361.50;245,774.00;184,257.50;23,631.25;41,865.75
Feb 5, 2019;Feb 6, 2019;113,867.00;36,897.75;79,606.50;283,512.50;35,108.25;5,145.50;218,850.00;378,725.75;290,404.75;237,834.75;32,509.50;38,999.25
Feb 6, 2019;Feb 7, 2019;114,598.25;34,058.00;91,282.25;277,532.25;54,333.00;4,999.25;227,033.75;386,779.00;287,156.00;230,619.25;28,131.75;38,715.50
Feb 7, 2019;Feb 8, 2019;114,411.75;34,251.25;82,929.00;519,937.25;27,224.75;5,015.25;223,697.75;332,712.50;179,842.75;158,244.00;27,207.25;40,304.75
Feb 8, 2019;Feb 9, 2019;114,522.00;33,617.75;106,724.00;670,376.50;55,014.00;4,929.75;218,354.75;258,286.25;113,847.00;135,064.75;32,082.75;39,653.50
Feb 9, 2019;Feb 10, 2019;112,104.75;32,882.00;87,049.00;843,884.00;56,318.75;4,309.00;196,573.50;117,737.25;63,359.50;72,475.75;15,709.50;37,236.50
Feb 10, 2019;Feb 11, 2019;114,270.50;32,505.25;79,943.00;709,252.00;25,190.25;4,356.00;200,372.25;133,453.75;48,134.75;81,409.00;16,707.50;36,991.75
Feb 11, 2019;Feb 12, 2019;113,076.25;39,521.00;84,790.75;713,266.50;39,763.00;4,637.25;209,104.75;250,957.50;115,788.75;122,481.50;34,091.75;38,726.25
Feb 12, 2019;Feb 13, 2019;114,693.00;38,141.00;79,167.50;391,275.75;46,498.75;4,678.25;223,683.00;366,959.50;261,871.00;191,738.50;25,865.00;41,695.00
Feb 13, 2019;Feb 14, 2019;115,408.00;36,814.25;106,991.00;364,454.25;71,511.00;4,640.00;222,208.25;378,084.00;238,752.25;197,846.25;21,521.50;46,241.25
Feb 14, 2019;Feb 15, 2019;115,754.50;37,653.25;62,234.75;126,596.25;102,952.00;4,712.00;226,538.75;399,087.75;282,297.25;195,501.25;29,530.75;47,178.75
Feb 15, 2019;Feb 16, 2019;115,474.00;38,449.50;52,152.25;154,411.50;125,953.75;5,047.00;225,329.75;400,331.75;236,796.25;178,845.25;23,086.75;47,279.00
Feb 16, 2019;Feb 17, 2019;116,847.25;36,035.00;102,280.50;284,206.75;127,634.75;4,931.50;220,552.50;366,916.75;113,456.75;111,373.75;18,962.00;47,847.25
Feb 17, 2019;Feb 18, 2019;116,397.00;33,599.75;64,744.50;151,212.25;122,120.75;4,832.25;225,706.25;395,514.00;113,486.75;109,177.25;13,640.00;47,773.00
Feb 18, 2019;Feb 19, 2019;115,643.25;35,576.25;67,648.25;190,539.50;130,187.50;4,792.00;225,890.50;398,186.50;202,423.25;153,035.75;29,311.25;47,442.75
Feb 19, 2019;Feb 20, 2019;115,409.75;34,765.00;114,492.25;468,224.25;66,072.75;4,930.25;217,782.25;368,368.75;170,694.75;154,086.25;21,079.50;47,790.50
Feb 20, 2019;Feb 21, 2019;114,665.00;36,402.00;103,053.00;269,725.50;75,687.00;4,981.25;225,102.50;377,373.00;219,611.25;177,459.25;29,388.25;46,801.75
Feb 21, 2019;Feb 22, 2019;115,403.00;36,937.25;90,489.75;325,758.75;63,413.00;4,954.75;224,858.00;408,876.25;210,914.25;171,744.75;20,173.75;47,505.50
Feb 22, 2019;Feb 23, 2019;116,100.75;41,609.25;36,490.00;202,576.25;47,314.00;5,063.00;225,546.75;413,439.75;238,987.75;175,984.25;28,120.50;46,938.00
Feb 23, 2019;Feb 24, 2019;116,881.75;41,875.00;35,564.50;180,685.00;128,673.75;5,117.50;225,936.50;383,435.00;147,582.75;112,211.75;11,395.50;45,952.25
Feb 24, 2019;Feb 25, 2019;116,016.50;37,792.75;16,636.00;90,553.50;128,138.00;4,882.00;221,603.25;385,449.25;145,083.75;113,116.75;11,591.25;45,187.75
Feb 25, 2019;Feb 26, 2019;114,944.25;39,386.50;16,880.50;99,561.75;138,539.75;4,897.50;224,839.50;394,571.00;213,788.00;168,278.00;28,889.25;42,351.75
Feb 26, 2019;Feb 27, 2019;114,294.25;42,866.25;9,124.75;77,516.75;130,987.75;4,808.25;225,620.75;383,146.75;230,662.00;177,750.50;29,263.25;37,545.25
Feb 27, 2019;Feb 28, 2019;112,457.75;42,541.00;43,406.00;135,952.25;149,032.50;4,816.00;225,203.50;375,155.50;201,397.25;164,984.50;28,099.50;37,537.25
Feb 28, 2019;Mar 1, 2019;112,751.00;40,107.75;35,912.00;407,904.00;121,665.00;4,777.25;223,492.50;367,107.50;162,486.00;115,022.75;15,039.25;46,268.25
Mar 1, 2019;Mar 2, 2019;115,369.50;44,065.25;36,866.25;178,395.00;31,272.25;5,187.75;225,327.25;368,333.00;227,484.25;156,856.50;34,373.25;46,261.75
Mar 2, 2019;Mar 3, 2019;115,693.25;45,275.25;58,605.25;199,614.50;34,841.00;5,393.75;225,332.75;349,329.25;126,621.50;119,176.75;13,377.75;45,984.00
Mar 3, 2019;Mar 4, 2019;113,657.50;39,181.50;110,249.75;731,468.75;47,852.75;4,038.50;167,382.00;137,081.50;39,052.00;67,808.25;25,929.50;41,825.75
Mar 4, 2019;Mar 5, 2019;110,866.00;41,699.75;91,845.50;847,100.75;59,853.75;4,630.25;206,357.25;151,816.25;60,397.00;106,813.25;29,744.00;43,124.50
Mar 5, 2019;Mar 6, 2019;112,013.25;42,378.75;86,491.00;665,731.00;68,974.75;5,007.50;217,246.50;242,053.75;79,516.50;128,666.25;28,227.50;43,538.25
Mar 6, 2019;Mar 7, 2019;112,302.75;42,211.50;113,140.50;489,592.25;99,557.00;5,149.50;223,036.25;295,882.50;83,191.25;118,199.75;22,947.75;44,807.00
Mar 7, 2019;Mar 8, 2019;113,171.50;42,025.75;122,121.75;732,945.00;69,022.50;4,802.00;215,949.00;202,543.50;81,327.00;109,835.00;24,892.75;43,415.50
Mar 8, 2019;Mar 9, 2019;113,900.50;45,601.25;118,098.75;691,820.50;82,528.75;4,795.00;203,956.75;196,784.00;90,880.00;113,452.00;37,943.75;43,407.50
Mar 9, 2019;Mar 10, 2019;112,666.75;42,951.25;114,339.75;809,762.75;58,558.50;4,093.50;189,812.00;119,367.25;46,818.50;86,725.00;16,950.50;41,403.50
Mar 10, 2019;Mar 11, 2019;112,970.50;45,707.00;60,254.50;481,751.75;50,896.75;4,623.75;215,900.50;153,734.00;43,524.50;93,696.25;28,199.50;43,113.25
Mar 11, 2019;Mar 12, 2019;113,276.50;52,353.50;64,920.75;584,746.50;66,413.75;4,718.75;223,831.25;242,406.75;71,706.00;110,295.75;36,886.75;36,172.75
Mar 12, 2019;Mar 13, 2019;114,829.25;47,349.25;111,854.50;572,055.50;110,177.75;4,779.00;221,530.25;246,806.00;76,458.75;107,666.50;22,328.50;36,757.00
Mar 13, 2019;Mar 14, 2019;109,263.50;44,069.50;109,539.75;846,150.25;78,863.25;4,673.50;218,333.00;152,715.75;94,734.25;95,882.25;30,927.75;36,430.75
Mar 14, 2019;Mar 15, 2019;107,262.25;43,114.50;124,895.75;765,176.00;33,537.25;4,924.75;223,138.50;194,128.75;84,898.00;96,363.50;31,910.75;28,043.25
Mar 15, 2019;Mar 16, 2019;107,188.25;45,391.00;123,502.25;788,816.25;35,599.50;4,740.75;220,331.50;184,064.00;72,103.50;100,327.00;29,475.75;35,224.50
Mar 16, 2019;Mar 17, 2019;107,145.50;46,566.25;117,839.00;672,402.75;52,475.25;4,442.25;213,828.75;127,951.00;44,370.25;77,210.25;36,067.50;30,110.25
Mar 17, 2019;Mar 18, 2019;106,699.00;46,672.75;108,875.00;669,757.25;102,420.50;4,351.00;192,972.00;121,341.25;46,512.00;61,396.00;20,427.00;29,175.50
Mar 18, 2019;Mar 19, 2019;105,804.50;49,054.75;104,445.25;615,122.25;101,221.75;4,979.75;213,313.25;220,734.75;118,171.75;111,978.75;33,344.25;35,052.25
Mar 19, 2019;Mar 20, 2019;109,879.75;48,700.75;40,806.50;167,386.75;135,355.00;5,032.00;226,329.75;349,033.75;224,944.75;182,786.00;31,580.75;34,567.00
Mar 20, 2019;Mar 21, 2019;115,190.50;48,576.50;74,431.50;170,403.00;160,523.75;4,582.00;224,970.25;368,762.75;178,723.75;172,581.50;22,524.25;34,943.25
Mar 21, 2019;Mar 22, 2019;115,156.50;48,596.75;87,593.25;133,959.75;164,686.25;4,592.00;224,895.00;382,342.00;175,211.25;167,576.00;20,935.00;34,439.75
Mar 22, 2019;Mar 23, 2019;115,165.50;47,416.75;28,501.50;84,605.50;164,162.25;4,608.50;225,136.75;399,901.00;170,576.00;167,402.75;22,202.50;34,871.00
Mar 23, 2019;Mar 24, 2019;114,577.75;44,356.25;44,031.50;150,829.25;155,712.50;4,501.25;224,827.50;373,650.00;80,885.75;111,690.00;18,256.00;36,579.25
Mar 24, 2019;Mar 25, 2019;114,913.25;43,182.50;55,343.50;124,076.50;137,534.00;4,673.75;224,088.75;323,104.25;63,209.75;95,856.75;15,991.00;36,172.50
Mar 25, 2019;Mar 26, 2019;114,114.00;43,903.00;121,070.00;467,420.75;106,041.75;4,854.25;223,111.50;296,132.75;95,052.25;102,581.50;25,736.50;36,819.25
Mar 26, 2019;Mar 27, 2019;115,035.25;44,716.25;93,104.25;364,238.50;84,125.50;4,963.50;216,807.75;368,667.25;134,860.00;121,643.00;23,456.00;37,215.50
Mar 27, 2019;Mar 28, 2019;114,769.75;43,910.50;60,815.00;182,078.25;90,813.75;4,966.75;223,978.50;390,082.50;149,671.00;162,379.50;18,470.75;34,682.50
Mar 28, 2019;Mar 29, 2019;112,437.50;44,454.25;15,245.50;100,636.75;100,616.75;4,751.25;225,276.25;391,733.75;149,388.25;179,131.50;27,454.00;34,945.25
Mar 29, 2019;Mar 30, 2019;112,371.00;41,935.75;55,111.75;91,013.50;170,969.00;4,499.50;224,605.25;379,472.25;94,698.25;160,434.00;22,392.25;35,011.25
Mar 30, 2019;Mar 31, 2019;114,527.00;41,693.75;32,931.00;121,279.00;200,231.50;4,282.25;224,265.75;313,862.25;63,880.25;90,121.75;23,978.50;35,068.00
Mar 31, 2019;Apr 1, 2019;109,428.50;37,775.75;53,999.75;195,836.00;166,129.75;3,887.25;207,200.50;254,421.00;50,508.00;71,177.50;11,441.00;30,276.00
Apr 1, 2019;Apr 2, 2019;113,337.00;41,229.75;31,084.00;269,929.00;208,810.25;4,580.25;224,269.25;352,498.00;74,543.75;124,570.25;27,445.00;32,855.50
Apr 2, 2019;Apr 3, 2019;113,001.25;43,372.75;90,034.50;361,785.50;172,085.00;4,379.00;219,704.25;365,680.25;97,494.25;112,661.75;30,518.25;32,109.75
Apr 3, 2019;Apr 4, 2019;113,721.00;47,996.00;34,026.00;162,761.50;116,472.25;4,631.25;223,924.75;387,989.50;184,214.75;171,048.00;32,960.25;32,666.50
Apr 4, 2019;Apr 5, 2019;114,371.00;53,026.75;25,492.75;138,448.25;103,688.75;4,901.25;224,750.25;365,620.25;210,148.00;201,263.25;35,715.00;32,305.75
Apr 5, 2019;Apr 6, 2019;114,150.50;53,279.75;44,421.50;84,663.00;79,179.25;4,838.75;225,797.25;364,169.25;205,733.50;191,188.75;32,247.00;32,463.50
Apr 6, 2019;Apr 7, 2019;113,803.50;47,990.75;34,610.75;143,394.25;170,421.75;4,443.50;224,869.50;335,547.25;135,872.75;101,489.00;19,120.00;27,254.00
Apr 7, 2019;Apr 8, 2019;110,764.50;43,877.50;17,585.50;156,688.75;183,525.25;4,233.00;223,818.25;326,538.00;105,490.00;88,217.00;12,568.50;27,483.25
Apr 8, 2019;Apr 9, 2019;103,044.75;44,475.50;67,269.00;144,778.25;142,439.25;4,116.75;220,176.75;360,101.50;215,077.25;142,191.00;30,386.25;28,117.00
Apr 9, 2019;Apr 10, 2019;103,097.00;43,659.50;59,860.00;226,904.00;141,681.25;4,554.25;222,689.50;359,562.00;189,157.00;156,785.50;23,400.25;36,841.00
Apr 10, 2019;Apr 11, 2019;104,075.25;43,982.50;47,747.50;254,359.75;150,872.75;4,815.75;223,883.50;374,194.00;161,088.25;166,522.25;19,368.25;37,247.50
Apr 11, 2019;Apr 12, 2019;104,459.25;43,813.50;18,662.00;217,161.25;148,602.25;5,155.50;225,168.25;368,556.75;193,030.75;169,387.25;25,589.75;38,147.75
Apr 12, 2019;Apr 13, 2019;106,544.25;44,160.50;32,260.00;168,119.25;110,461.75;5,217.75;225,647.25;367,780.25;186,714.00;182,491.75;26,567.75;39,086.00
Apr 13, 2019;Apr 14, 2019;113,980.00;44,514.50;79,293.00;188,683.50;120,897.25;4,923.00;210,603.50;361,645.00;118,561.50;133,147.25;17,763.25;39,441.00
Apr 14, 2019;Apr 15, 2019;113,891.75;39,358.00;87,165.25;235,914.25;114,614.50;4,915.25;193,280.75;354,210.75;89,000.25;103,457.25;17,292.50;38,810.00
Apr 15, 2019;Apr 16, 2019;111,171.75;37,431.00;96,440.00;278,314.00;221,320.25;4,725.25;191,492.00;358,547.75;107,856.50;116,938.00;26,696.75;38,685.00
Apr 16, 2019;Apr 17, 2019;111,980.00;38,816.00;109,063.50;322,327.75;216,098.00;4,791.25;191,746.25;327,462.00;97,298.50;142,434.25;29,852.50;38,116.00
Apr 17, 2019;Apr 18, 2019;112,839.25;40,910.00;107,794.00;290,414.75;197,015.25;4,591.75;190,669.50;335,032.25;109,041.50;156,369.50;24,085.50;38,170.00
Apr 18, 2019;Apr 19, 2019;112,282.00;40,551.25;104,139.50;367,221.75;230,336.50;4,361.25;186,459.75;275,412.25;77,171.00;108,268.75;33,504.75;38,103.50
Apr 19, 2019;Apr 20, 2019;111,727.50;40,425.75;63,830.25;271,545.00;234,301.25;3,926.50;186,611.00;221,473.75;39,149.50;71,928.00;22,754.25;36,331.75
Apr 20, 2019;Apr 21, 2019;112,287.50;41,574.50;23,015.00;157,843.75;234,363.25;4,006.50;184,408.75;220,531.00;41,579.00;80,610.75;20,349.25;34,286.75
Apr 21, 2019;Apr 22, 2019;111,830.25;40,891.25;14,444.25;125,561.50;236,198.00;3,862.00;132,401.00;189,161.75;42,261.25;62,070.50;23,277.75;33,058.00
Apr 22, 2019;Apr 23, 2019;109,316.00;42,627.00;94,275.25;423,108.25;232,423.00;3,533.50;102,416.00;117,289.25;40,127.00;49,308.50;7,989.25;31,238.75
Apr 23, 2019;Apr 24, 2019;109,827.00;45,804.50;115,580.25;634,233.50;183,233.00;3,887.00;134,512.00;130,450.50;47,696.00;79,276.75;37,094.75;34,203.50
Apr 24, 2019;Apr 25, 2019;109,831.75;45,823.50;121,358.00;392,762.00;203,479.50;3,928.50;154,032.25;205,744.25;47,471.00;83,070.50;22,491.50;26,493.25
Apr 25, 2019;Apr 26, 2019;109,968.00;50,664.75;59,956.75;287,790.75;206,905.50;3,732.75;158,057.75;231,502.25;76,029.50;109,409.50;32,482.75;26,841.00
Apr 26, 2019;Apr 27, 2019;111,279.25;53,721.00;18,597.50;258,180.50;106,591.75;3,892.75;159,880.50;259,258.25;105,206.75;123,879.25;31,489.50;30,999.00
Apr 27, 2019;Apr 28, 2019;112,355.00;52,886.50;43,677.25;230,874.75;123,410.00;4,252.75;152,118.75;242,432.00;62,373.75;76,937.75;18,395.75;37,033.25
Apr 28, 2019;Apr 29, 2019;112,224.50;50,800.75;8,566.75;111,821.25;131,168.50;4,383.25;158,855.25;284,110.50;72,796.00;81,134.00;13,013.00;36,939.25
Apr 29, 2019;Apr 30, 2019;111,048.75;51,359.25;35,169.50;225,265.75;100,902.25;4,283.25;160,575.00;323,064.50;137,109.75;128,362.50;30,442.25;37,352.25
Apr 30, 2019;May 1, 2019;112,341.75;50,273.00;22,426.00;153,703.00;194,145.50;4,145.75;159,641.00;310,104.75;141,777.00;129,498.50;28,813.50;36,589.50
May 1, 2019;May 2, 2019;112,274.75;46,400.75;62,497.25;215,540.75;185,962.50;4,141.75;152,985.25;208,325.25;59,262.50;74,459.50;8,015.25;35,317.75
May 2, 2019;May 3, 2019;112,504.75;45,589.75;100,665.50;350,599.00;163,350.50;4,084.75;155,648.00;235,899.75;97,647.25;104,480.25;25,949.50;36,949.75
May 3, 2019;May 4, 2019;110,830.25;51,497.00;100,619.50;311,541.25;126,417.00;4,336.75;158,357.75;259,401.75;111,249.00;135,939.25;30,522.25;38,799.25
May 4, 2019;May 5, 2019;110,444.25;46,933.25;86,976.00;230,952.25;116,807.75;4,322.50;156,375.00;234,288.00;109,031.25;89,400.75;15,181.00;38,143.00
May 5, 2019;May 6, 2019;111,077.50;45,594.75;87,382.25;162,522.50;154,574.00;4,189.50;158,937.75;217,008.25;89,053.00;78,342.00;14,287.00;37,122.00
May 6, 2019;May 7, 2019;109,682.25;48,636.00;99,237.50;241,205.00;140,876.50;4,214.00;159,683.75;309,338.00;160,994.50;117,366.50;30,012.25;37,481.00
May 7, 2019;May 8, 2019;110,456.50;49,334.75;37,587.25;92,597.00;174,882.25;4,260.00;159,762.75;347,533.00;212,530.50;140,621.25;31,731.50;37,279.25
May 8, 2019;May 9, 2019;109,576.25;49,759.00;60,063.25;274,631.50;113,577.50;4,339.00;159,713.00;340,845.25;160,832.75;129,053.75;21,408.50;36,931.50
May 9, 2019;May 10, 2019;105,903.50;47,681.75;51,315.00;210,748.75;141,976.75;4,359.00;159,210.50;324,142.50;156,837.75;132,445.75;23,427.50;30,571.25
May 10, 2019;May 11, 2019;109,824.25;50,574.75;31,383.50;194,657.50;145,370.00;4,494.50;159,224.75;352,674.75;166,177.50;139,654.00;31,301.75;38,674.50
May 11, 2019;May 12, 2019;110,063.75;48,234.25;29,226.25;224,428.50;110,146.00;4,479.75;158,471.25;308,060.25;85,004.00;99,172.50;8,790.75;38,248.75
May 12, 2019;May 13, 2019;109,589.00;50,289.25;67,672.75;329,257.50;181,464.25;4,190.75;151,794.75;187,765.25;41,285.25;67,207.75;11,839.00;37,256.75
May 13, 2019;May 14, 2019;109,419.25;49,640.75;27,521.00;258,029.50;237,997.25;4,121.00;157,992.75;276,699.25;119,532.75;99,517.50;17,136.25;38,210.00
May 14, 2019;May 15, 2019;108,868.50;48,951.75;9,982.50;238,895.75;207,145.50;4,059.75;158,596.50;299,678.00;130,540.50;107,199.75;13,460.25;36,966.25
May 15, 2019;May 16, 2019;109,816.75;46,494.50;12,119.75;223,298.75;179,401.00;4,065.75;158,779.75;332,592.50;134,714.25;115,231.25;19,236.50;31,439.00
May 16, 2019;May 17, 2019;110,199.75;44,991.50;67,293.00;211,268.25;97,729.75;4,101.50;158,460.25;338,800.75;147,736.00;129,681.00;20,050.50;38,680.75
May 17, 2019;May 18, 2019;110,974.75;47,915.75;73,612.50;107,549.50;170,656.00;4,013.00;150,383.00;324,395.00;146,418.50;123,579.50;26,024.75;37,087.75
May 18, 2019;May 19, 2019;109,971.25;44,742.50;39,791.75;114,787.50;220,861.75;3,448.00;128,752.00;304,219.25;113,253.75;94,443.00;19,745.00;34,075.00
May 19, 2019;May 20, 2019;108,689.25;43,952.25;28,851.25;103,156.50;208,295.25;3,333.75;128,389.25;287,967.75;96,654.00;74,001.00;11,507.75;33,121.00
May 20, 2019;May 21, 2019;109,280.75;53,622.25;22,521.00;168,712.75;101,739.00;3,250.50;128,885.25;337,798.25;157,073.00;133,682.50;35,258.50;28,119.25
May 21, 2019;May 22, 2019;109,841.25;48,206.50;64,604.75;313,009.00;84,029.75;3,233.00;128,523.50;328,153.75;132,938.25;117,031.50;19,104.75;35,539.50
May 22, 2019;May 23, 2019;109,999.50;49,144.50;59,558.50;351,129.50;102,045.00;3,316.00;128,738.75;320,666.75;128,367.75;114,075.25;24,037.00;35,719.75
May 23, 2019;May 24, 2019;109,510.25;52,061.75;51,352.75;75,714.75;239,978.25;3,632.50;129,301.75;319,550.50;118,631.75;119,224.25;22,233.00;36,306.25
May 24, 2019;May 25, 2019;108,979.00;52,234.00;53,186.00;145,354.50;227,550.25;3,336.25;129,043.75;297,486.50;91,140.00;115,484.75;19,230.25;35,607.25
May 25, 2019;May 26, 2019;109,957.25;52,204.25;39,123.50;118,892.75;174,713.25;3,437.00;128,638.00;233,886.75;61,744.00;103,455.50;16,999.25;34,043.25
May 26, 2019;May 27, 2019;109,164.75;51,971.75;100,872.00;281,780.00;195,353.00;3,255.00;117,129.00;164,256.75;45,784.25;63,690.25;12,313.75;31,719.50
May 27, 2019;May 28, 2019;109,318.75;56,165.50;103,182.00;236,693.00;152,252.75;3,498.75;137,207.00;239,198.00;86,569.75;112,000.00;27,547.50;33,460.25
May 28, 2019;May 29, 2019;107,523.50;56,722.50;29,028.25;112,088.50;121,439.50;3,988.00;159,459.00;268,988.75;114,491.00;147,158.50;26,042.00;35,465.25
May 29, 2019;May 30, 2019;101,957.75;54,026.50;28,225.50;89,979.25;183,302.25;4,146.50;169,166.50;260,591.50;109,177.50;138,930.50;26,983.75;29,021.50
May 30, 2019;May 31, 2019;108,423.75;54,766.00;112,982.50;277,156.00;190,948.75;3,622.75;157,814.25;170,604.75;53,210.50;57,923.25;15,192.25;35,034.00
May 31, 2019;Jun 1, 2019;109,488.75;55,629.25;51,199.25;145,486.75;168,490.75;3,431.00;165,286.50;224,150.25;56,996.75;92,551.00;25,447.00;26,682.00
Jun 1, 2019;Jun 2, 2019;108,819.25;55,393.00;51,572.75;89,178.75;245,327.75;3,112.25;179,028.00;191,687.50;47,382.00;71,941.00;22,901.50;33,258.25
Jun 2, 2019;Jun 3, 2019;105,503.00;57,428.25;39,775.00;136,217.50;256,413.25;2,959.75;180,883.50;166,370.50;45,578.00;50,983.75;23,216.25;32,211.75
Jun 3, 2019;Jun 4, 2019;105,102.00;59,133.00;43,269.00;188,314.25;211,259.25;3,055.25;184,890.75;254,905.00;108,200.00;120,428.50;31,415.50;30,502.00
Jun 4, 2019;Jun 5, 2019;106,058.00;54,165.50;36,226.75;123,244.50;236,076.00;3,106.50;187,659.00;282,508.75;130,256.75;138,232.25;19,354.25;31,246.00
Jun 5, 2019;Jun 6, 2019;104,366.50;57,726.00;57,763.75;182,963.75;234,900.75;3,162.50;170,287.25;262,015.00;104,346.50;133,374.00;29,646.25;30,943.25
Jun 6, 2019;Jun 7, 2019;106,132.25;59,125.00;68,704.75;299,125.00;134,475.00;3,259.00;155,828.00;223,390.50;95,055.00;132,536.00;32,699.00;31,275.00
Jun 7, 2019;Jun 8, 2019;107,352.00;54,811.75;42,406.25;206,748.50;240,481.25;3,372.00;156,779.50;220,503.50;92,972.25;118,576.25;28,913.25;32,339.00
Jun 8, 2019;Jun 9, 2019;107,313.75;48,924.00;95,513.50;522,592.00;188,823.25;3,422.25;121,008.00;107,574.00;40,464.50;43,903.25;19,129.50;25,662.00
Jun 9, 2019;Jun 10, 2019;108,503.50;53,921.50;56,157.00;155,384.50;223,198.50;3,245.75;123,358.00;125,501.00;47,381.00;62,643.00;15,200.75;26,719.00
Jun 10, 2019;Jun 11, 2019;107,192.50;55,152.75;83,010.00;140,726.50;151,196.00;3,342.00;125,369.00;162,454.75;59,771.50;78,160.25;12,510.00;26,658.50
Jun 11, 2019;Jun 12, 2019;106,152.50;53,114.75;61,348.25;86,304.75;162,426.75;3,270.25;125,793.50;264,584.00;132,789.75;139,541.50;29,239.25;20,389.25
Jun 12, 2019;Jun 13, 2019;106,130.25;45,136.25;33,722.00;162,263.50;139,286.50;3,376.25;125,759.75;303,220.25;152,985.75;163,718.75;33,010.75;28,819.25
Jun 13, 2019;Jun 14, 2019;108,003.25;44,644.00;63,407.75;200,369.25;227,605.00;3,294.75;125,811.75;264,758.00;103,972.75;139,765.75;21,941.00;20,215.75
Jun 14, 2019;Jun 15, 2019;107,659.00;51,215.75;40,375.00;150,130.00;213,238.25;3,320.50;125,022.25;281,309.00;119,366.25;154,263.25;28,442.50;20,538.00
Jun 15, 2019;Jun 16, 2019;106,511.50;50,592.25;53,159.00;293,299.50;190,480.00;3,343.75;123,312.00;187,061.25;51,542.50;103,106.25;18,122.00;28,495.50
Jun 16, 2019;Jun 17, 2019;108,023.50;50,261.00;37,025.25;75,776.50;152,923.75;3,376.00;125,009.25;199,716.00;55,810.25;96,608.75;14,142.00;20,925.00
Jun 17, 2019;Jun 18, 2019;107,199.75;54,154.50;32,709.50;46,841.75;241,234.25;3,162.00;137,796.75;318,055.75;130,288.00;153,729.00;24,106.00;28,409.00
Jun 18, 2019;Jun 19, 2019;105,826.25;57,294.25;11,351.75;107,796.00;239,057.25;3,120.50;140,695.50;320,984.00;139,676.00;167,869.75;33,032.25;29,072.00
Jun 19, 2019;Jun 20, 2019;104,415.00;58,376.00;25,524.75;123,597.75;226,274.50;3,119.00;146,129.75;314,855.75;137,131.50;170,995.75;35,661.50;29,380.00
Jun 20, 2019;Jun 21, 2019;106,607.50;55,666.25;17,051.75;135,608.75;161,964.00;3,285.50;150,990.50;283,533.75;84,261.00;162,049.00;16,421.00;29,707.50
Jun 21, 2019;Jun 22, 2019;107,362.50;57,399.75;18,388.00;71,843.25;205,168.25;3,205.75;153,296.25;278,534.00;72,237.75;164,629.75;20,116.25;29,479.00
Jun 22, 2019;Jun 23, 2019;107,731.00;54,197.50;8,081.00;148,373.25;191,394.25;3,167.25;154,847.50;231,357.25;47,496.75;97,525.50;11,922.00;29,569.75
Jun 23, 2019;Jun 24, 2019;106,477.50;57,200.50;57,733.75;199,889.75;225,428.75;3,124.25;153,234.50;177,041.50;31,974.50;71,157.25;14,475.00;29,630.50
Jun 24, 2019;Jun 25, 2019;105,167.25;61,284.75;106,604.50;230,966.75;259,221.75;2,891.25;154,411.75;234,332.75;63,243.75;132,744.25;30,785.00;29,973.50
Jun 25, 2019;Jun 26, 2019;101,861.00;61,157.75;51,030.25;166,582.25;248,492.75;2,629.25;152,946.50;278,959.75;115,213.50;154,784.75;40,991.00;30,928.75
Jun 26, 2019;Jun 27, 2019;97,876.00;60,308.25;75,852.50;196,976.00;244,130.50;2,552.25;166,303.25;267,168.00;122,003.25;145,642.75;27,341.75;30,885.00
Jun 27, 2019;Jun 28, 2019;97,266.00;58,140.75;81,322.75;262,740.75;239,958.50;3,116.75;178,653.25;219,461.00;85,324.75;150,633.50;18,671.75;32,130.00
Jun 28, 2019;Jun 29, 2019;105,550.75;59,018.25;16,003.75;76,685.25;251,215.00;3,715.25;184,310.25;243,534.00;94,415.50;167,830.75;35,151.25;32,743.00
Jun 29, 2019;Jun 30, 2019;105,236.75;56,956.75;12,481.25;53,622.50;265,399.25;3,480.00;183,850.25;194,864.25;43,982.75;126,010.00;22,285.25;30,068.25
Jun 30, 2019;Jul 1, 2019;100,518.00;57,291.50;80,301.25;265,538.25;254,915.50;3,245.50;179,323.75;148,742.50;29,739.75;68,233.00;21,251.00;29,407.00
Jul 1, 2019;Jul 2, 2019;101,981.50;59,887.75;102,779.25;278,837.25;197,005.75;3,523.75;180,911.25;206,578.25;64,813.50;148,200.50;26,540.00;29,589.00
Jul 2, 2019;Jul 3, 2019;98,979.50;57,095.50;94,910.50;304,801.75;217,844.75;3,733.25;181,162.25;193,709.25;75,445.00;162,003.50;19,543.50;28,418.00
Jul 3, 2019;Jul 4, 2019;105,352.50;57,809.00;82,738.00;195,585.75;228,321.00;3,602.00;183,753.50;216,796.00;74,529.25;170,591.75;22,069.00;28,002.50
Jul 4, 2019;Jul 5, 2019;106,013.50;60,355.50;102,737.75;195,108.50;248,651.25;3,766.75;181,821.25;219,917.75;84,505.00;144,272.75;27,495.75;28,047.00
Jul 5, 2019;Jul 6, 2019;106,272.75;60,933.50;66,922.50;230,329.25;191,348.75;3,695.25;182,947.50;211,325.00;85,088.50;156,729.75;29,792.75;29,062.75
Jul 6, 2019;Jul 7, 2019;105,319.25;59,463.50;91,625.50;245,543.75;184,995.75;3,448.75;182,303.75;191,041.25;39,843.00;79,784.75;16,050.25;29,500.25
Jul 7, 2019;Jul 8, 2019;105,572.50;56,914.25;103,335.00;284,920.00;148,834.50;3,591.00;180,903.75;146,460.25;34,089.75;68,969.50;12,086.50;29,796.25
Jul 8, 2019;Jul 9, 2019;105,476.75;58,600.00;61,171.50;202,466.75;162,106.00;3,852.00;183,267.00;236,920.50;74,826.25;144,838.25;18,815.75;24,097.75
Jul 9, 2019;Jul 10, 2019;97,561.50;58,167.00;65,840.50;174,913.00;176,816.00;3,956.50;192,965.50;238,392.25;86,459.00;164,321.25;22,625.50;24,375.25
Jul 10, 2019;Jul 11, 2019;98,197.00;57,074.50;28,565.25;97,870.00;233,617.00;3,894.00;212,349.75;283,855.00;118,950.25;182,599.50;18,400.75;29,839.25
Jul 11, 2019;Jul 12, 2019;103,066.00;61,624.50;9,773.00;43,406.00;121,649.25;3,968.50;213,265.50;301,494.50;163,751.00;199,162.75;37,018.25;29,657.50
Jul 12, 2019;Jul 13, 2019;99,435.00;57,615.50;8,636.00;80,780.00;141,641.50;4,128.75;202,158.00;301,808.75;156,868.50;190,189.50;23,116.25;31,763.50
Jul 13, 2019;Jul 14, 2019;99,686.25;54,328.75;39,379.25;160,916.50;136,833.50;3,785.00;182,225.25;256,668.00;64,674.75;88,026.75;8,828.25;30,512.00
Jul 14, 2019;Jul 15, 2019;99,827.50;55,193.75;45,398.00;98,601.00;131,464.00;3,644.75;182,364.75;261,565.00;54,467.50;68,189.50;7,091.00;22,469.75
Jul 15, 2019;Jul 16, 2019;99,648.00;54,783.00;56,921.00;142,791.75;148,289.00;3,916.25;179,342.50;298,253.25;97,321.25;161,490.00;20,458.00;31,522.50
Jul 16, 2019;Jul 17, 2019;99,435.00;51,446.75;52,606.25;183,537.25;184,171.75;3,907.25;178,329.25;308,384.75;118,147.50;176,510.50;17,693.25;31,132.75
Jul 17, 2019;Jul 18, 2019;98,570.50;52,790.50;4,011.00;40,652.75;208,220.00;3,849.25;180,146.50;324,909.50;134,303.75;176,580.75;22,259.00;20,116.25
Jul 18, 2019;Jul 19, 2019;98,404.50;51,303.75;22,133.00;49,288.00;215,208.75;3,833.75;180,258.25;312,297.75;137,672.25;192,773.50;20,563.75;28,014.25
Jul 19, 2019;Jul 20, 2019;98,520.75;52,814.75;11,124.75;71,682.00;157,780.00;3,953.50;164,926.00;314,794.75;144,315.75;201,581.75;25,246.75;31,873.25
Jul 20, 2019;Jul 21, 2019;97,875.25;46,920.50;65,810.00;175,806.25;204,093.00;3,519.25;149,912.75;260,663.00;68,022.25;123,057.25;11,545.25;30,692.00
Jul 21, 2019;Jul 22, 2019;98,298.25;48,035.50;63,672.25;213,027.00;192,666.25;3,485.00;149,554.75;225,069.25;59,174.00;91,308.25;12,360.75;30,627.25
Jul 22, 2019;Jul 23, 2019;98,005.00;47,708.75;77,669.25;84,547.75;197,926.75;3,725.75;150,598.75;300,159.25;115,113.25;175,865.25;19,783.50;24,868.25
Jul 23, 2019;Jul 24, 2019;95,762.25;51,703.75;13,655.25;53,618.50;247,084.25;3,428.50;149,804.00;322,465.25;191,465.50;186,165.25;28,311.00;23,687.50
Jul 24, 2019;Jul 25, 2019;91,673.00;51,392.50;44,155.50;95,167.00;242,260.50;3,278.75;148,643.50;314,153.00;202,255.00;190,499.00;31,679.75;24,141.75
Jul 25, 2019;Jul 26, 2019;91,419.75;51,233.50;27,865.75;127,036.50;233,515.75;3,100.00;148,023.25;311,021.00;216,292.75;197,915.75;24,514.25;31,287.25
Jul 26, 2019;Jul 27, 2019;93,472.50;49,976.50;91,388.50;262,171.25;226,537.00;3,075.50;145,174.25;298,806.50;137,418.25;174,066.75;24,199.00;30,342.00
Jul 27, 2019;Jul 28, 2019;93,021.75;49,124.00;111,466.75;315,716.25;177,754.25;3,118.75;150,522.50;220,764.25;34,311.75;122,761.25;9,624.25;30,832.50
Jul 28, 2019;Jul 29, 2019;95,473.25;49,076.25;71,761.75;161,779.75;136,453.75;3,177.50;176,504.50;220,375.50;31,252.50;104,287.00;10,993.75;30,078.75
Jul 29, 2019;Jul 30, 2019;95,932.50;53,533.00;10,764.75;95,148.75;138,741.75;3,661.25;182,083.25;274,394.75;124,304.75;184,672.75;25,805.25;30,800.75
Jul 30, 2019;Jul 31, 2019;96,045.00;55,863.75;11,725.00;67,239.25;174,587.75;3,750.50;181,597.00;289,350.50;141,910.00;193,467.00;16,919.75;31,100.25
Jul 31, 2019;Aug 1, 2019;96,584.25;53,977.25;34,037.25;118,458.25;136,148.75;3,814.25;181,464.75;294,158.75;126,421.25;191,889.50;15,614.00;30,351.00
Aug 1, 2019;Aug 2, 2019;97,222.75;53,553.25;20,550.50;44,444.25;192,499.75;3,821.75;182,540.50;322,723.75;120,930.25;199,177.25;22,563.50;31,973.00
Aug 2, 2019;Aug 3, 2019;97,620.50;54,974.00;14,957.75;43,011.50;162,912.50;3,854.00;182,396.25;328,149.75;119,873.50;199,869.75;18,767.75;36,480.00
Aug 3, 2019;Aug 4, 2019;98,746.75;50,965.00;21,300.00;76,898.00;159,739.75;3,683.75;182,381.50;280,341.50;62,948.75;148,066.25;8,297.00;33,000.25
Aug 4, 2019;Aug 5, 2019;97,950.75;48,409.50;10,858.75;43,311.00;208,494.00;3,586.50;176,103.00;227,334.50;61,594.75;113,762.75;10,797.75;31,424.00
Aug 5, 2019;Aug 6, 2019;97,788.50;48,697.50;17,064.00;87,132.25;143,295.00;3,650.25;180,507.75;294,932.00;118,392.00;178,811.50;22,384.00;40,145.25
Aug 6, 2019;Aug 7, 2019;97,408.00;51,387.00;31,973.00;126,168.00;164,893.25;3,478.75;180,758.00;312,942.75;115,480.75;196,944.75;16,777.25;39,399.75
Aug 7, 2019;Aug 8, 2019;96,886.50;52,274.75;49,612.25;144,292.75;106,819.50;3,643.50;180,552.50;316,187.00;113,760.50;198,195.75;15,723.00;36,520.50
Aug 8, 2019;Aug 9, 2019;96,869.00;54,102.75;76,008.75;260,286.50;197,424.25;3,569.75;177,064.75;238,103.75;58,614.50;155,727.00;19,982.50;25,760.00
Aug 9, 2019;Aug 10, 2019;95,483.75;55,725.50;57,379.25;126,913.50;168,494.25;3,846.00;162,189.00;274,404.25;91,618.50;196,889.00;24,606.50;40,082.00
Aug 10, 2019;Aug 11, 2019;93,565.50;53,124.25;107,583.50;497,589.00;130,718.75;3,559.00;138,312.00;123,924.50;39,888.00;62,389.25;17,782.50;37,176.00
Aug 11, 2019;Aug 12, 2019;95,130.25;49,695.25;124,476.75;278,698.00;203,961.00;3,530.75;138,310.00;134,068.75;41,144.50;68,255.75;17,156.25;40,089.50
Aug 12, 2019;Aug 13, 2019;95,498.75;53,034.25;85,991.50;184,853.00;132,030.00;3,763.00;156,929.25;230,438.00;87,040.00;173,994.00;21,784.50;40,947.00
Aug 13, 2019;Aug 14, 2019;94,755.75;56,484.75;35,284.00;221,621.00;160,704.00;3,598.50;153,543.00;223,058.00;83,631.50;184,557.50;17,628.00;39,156.00
Aug 14, 2019;Aug 15, 2019;95,037.25;57,532.25;51,166.50;121,322.00;200,307.00;3,581.00;154,471.25;209,561.50;83,894.75;177,633.00;27,444.00;39,348.75
Aug 15, 2019;Aug 16, 2019;94,233.50;54,185.50;84,103.25;309,922.25;110,686.50;3,576.25;179,011.25;193,872.75;62,421.75;123,425.00;13,663.00;38,960.75
Aug 16, 2019;Aug 17, 2019;97,956.00;55,286.25;58,251.50;156,596.00;183,870.25;3,659.50;186,803.25;223,049.00;48,094.75;145,939.25;26,836.50;40,225.50
Aug 17, 2019;Aug 18, 2019;102,317.75;52,080.00;81,321.00;334,316.25;97,474.25;3,588.75;184,045.25;166,538.25;23,583.25;74,926.25;24,289.25;38,198.00
Aug 18, 2019;Aug 19, 2019;102,170.00;49,492.25;54,902.75;221,006.25;154,655.00;3,426.00;182,060.50;170,079.25;25,784.00;70,415.25;10,667.25;35,977.50
Aug 19, 2019;Aug 20, 2019;101,976.00;50,808.50;89,079.50;213,906.75;159,801.25;3,437.00;180,943.00;218,304.00;52,977.50;147,554.00;25,074.00;36,646.00
Aug 20, 2019;Aug 21, 2019;102,226.75;56,983.25;46,559.00;99,895.25;108,786.25;3,464.75;185,298.75;286,651.25;82,446.00;185,293.00;32,591.50;33,746.75
Aug 21, 2019;Aug 22, 2019;102,194.25;58,241.00;23,655.25;53,384.00;198,304.75;3,472.50;187,481.75;293,731.50;86,938.00;177,241.75;30,787.25;34,030.00
Aug 22, 2019;Aug 23, 2019;102,155.00;60,917.25;57,937.75;88,210.50;214,723.25;3,454.75;185,103.00;274,364.25;80,494.50;157,900.50;24,414.50;33,024.25
Aug 23, 2019;Aug 24, 2019;102,213.00;59,647.00;26,844.00;69,479.25;210,676.00;3,429.75;182,941.50;292,817.25;93,186.00;155,369.50;26,666.50;33,314.50
Aug 24, 2019;Aug 25, 2019;100,745.00;56,215.75;35,670.50;124,261.25;208,699.50;3,286.00;184,667.50;240,804.25;48,787.00;100,098.25;19,063.00;31,739.00
Aug 25, 2019;Aug 26, 2019;98,448.75;54,433.00;26,644.75;110,526.75;198,891.75;3,195.75;184,345.50;220,336.25;61,288.25;96,412.25;18,432.25;32,470.50
Aug 26, 2019;Aug 27, 2019;97,108.75;58,284.00;7,111.75;68,839.50;193,416.25;3,517.25;184,798.00;296,428.25;167,158.75;169,084.25;38,854.50;33,846.25
Aug 27, 2019;Aug 28, 2019;96,436.75;60,533.00;23,336.50;73,815.75;190,017.25;3,790.50;184,349.00;308,057.75;206,471.25;199,266.75;38,317.75;36,144.25
Aug 28, 2019;Aug 29, 2019;97,318.75;54,810.50;14,911.00;86,056.25;170,860.75;3,653.50;185,397.50;309,792.25;205,255.75;196,926.25;26,660.50;36,274.50
Aug 29, 2019;Aug 30, 2019;98,134.00;53,228.25;21,647.50;77,284.75;147,258.75;3,682.50;185,644.00;335,759.00;203,838.00;199,330.25;26,162.50;37,449.00
Aug 30, 2019;Aug 31, 2019;98,975.00;50,015.50;36,004.75;25,767.50;190,180.00;3,613.00;183,940.00;349,678.00;165,291.50;191,295.25;23,791.25;37,852.25
Aug 31, 2019;Sep 1, 2019;95,901.25;46,467.25;28,170.75;110,797.25;205,165.75;3,412.75;184,246.00;267,140.25;57,690.50;116,952.75;12,914.50;33,097.50
Sep 1, 2019;Sep 2, 2019;92,131.75;42,906.75;61,496.50;205,370.50;135,988.75;3,343.00;182,131.50;218,809.00;52,197.50;111,893.25;7,590.00;33,373.50
Sep 2, 2019;Sep 3, 2019;94,809.75;48,449.25;68,738.00;137,366.25;157,993.00;3,581.00;185,014.75;275,801.25;100,424.75;173,879.50;22,061.00;34,090.25
Sep 3, 2019;Sep 4, 2019;99,384.25;52,293.00;112,342.75;220,395.25;163,496.75;3,621.50;186,369.75;270,805.50;83,420.00;184,595.00;21,551.50;36,912.00
Sep 4, 2019;Sep 5, 2019;99,174.75;50,048.75;83,653.00;216,371.00;189,700.00;3,544.25;187,103.50;246,949.00;71,569.00;186,008.00;26,793.50;36,016.50
Sep 5, 2019;Sep 6, 2019;99,586.00;46,107.75;101,960.00;365,998.75;120,240.00;3,630.00;184,745.25;228,566.25;57,701.50;168,534.00;16,160.75;35,369.50
Sep 6, 2019;Sep 7, 2019;103,226.75;49,267.50;105,638.25;207,692.50;152,230.00;3,692.75;187,518.75;230,987.75;51,567.25;178,706.50;26,232.25;28,406.50
Sep 7, 2019;Sep 8, 2019;104,512.25;50,143.50;39,777.50;74,985.75;91,110.00;3,508.75;186,414.50;247,907.50;46,693.00;144,037.00;13,313.25;34,505.25
Sep 8, 2019;Sep 9, 2019;103,239.75;50,638.75;16,949.00;23,200.25;90,957.25;3,494.75;187,778.25;262,231.25;63,222.25;139,910.00;18,301.50;34,879.00
Sep 9, 2019;Sep 10, 2019;98,829.75;57,554.50;8,766.75;101,409.25;71,728.50;4,018.00;189,143.00;297,901.25;144,827.00;177,322.00;24,968.25;35,136.00
Sep 10, 2019;Sep 11, 2019;97,351.25;53,067.50;50,049.00;241,185.00;168,611.75;4,131.00;184,990.75;283,366.50;61,964.50;156,104.75;20,356.75;31,277.25
Sep 11, 2019;Sep 12, 2019;97,714.25;51,294.25;86,837.25;264,047.00;165,514.75;3,940.25;186,156.00;269,934.75;64,524.25;148,093.25;19,475.25;32,358.75
Sep 12, 2019;Sep 13, 2019;98,530.25;52,996.25;87,981.25;209,555.25;135,105.75;3,953.50;187,210.00;282,409.00;72,313.00;180,891.75;25,556.00;34,107.75
Sep 13, 2019;Sep 14, 2019;97,818.00;51,021.25;86,445.00;258,533.25;129,606.75;4,003.50;184,661.25;263,043.75;64,775.50;185,160.00;23,473.25;35,533.50
Sep 14, 2019;Sep 15, 2019;97,856.75;47,451.50;44,853.75;64,704.75;182,664.00;4,050.25;186,464.25;237,133.00;65,590.00;151,089.25;18,493.25;35,148.00
Sep 15, 2019;Sep 16, 2019;97,232.25;40,694.75;108,790.50;314,061.25;175,796.50;3,608.50;172,939.75;173,432.75;40,986.25;89,241.50;9,378.00;34,147.25
Sep 16, 2019;Sep 17, 2019;97,216.00;47,785.50;66,611.75;131,419.75;101,366.25;3,909.50;188,458.25;272,569.25;143,122.50;191,160.25;30,787.25;34,941.50
Sep 17, 2019;Sep 18, 2019;95,718.50;43,103.50;101,016.00;461,342.50;120,385.50;4,084.00;185,239.25;228,312.50;85,252.00;150,365.50;15,158.75;31,161.25
Sep 18, 2019;Sep 19, 2019;98,231.00;39,002.50;114,592.75;344,739.75;169,386.25;4,309.00;186,441.75;252,639.50;99,390.75;173,079.50;19,633.00;33,912.50
Sep 19, 2019;Sep 20, 2019;98,529.75;38,455.25;36,102.25;161,324.00;175,764.75;4,238.50;188,040.50;327,994.25;140,342.50;208,276.50;20,408.75;34,928.50
Sep 20, 2019;Sep 21, 2019;94,630.75;37,576.00;19,707.00;99,776.25;170,439.50;4,333.00;188,618.00;327,686.00;131,821.25;213,294.75;22,617.50;36,488.50
Sep 21, 2019;Sep 22, 2019;92,170.75;33,545.00;21,146.50;144,794.25;191,707.50;4,328.25;187,933.75;270,995.75;52,501.75;149,268.25;16,015.25;35,863.00
Sep 22, 2019;Sep 23, 2019;94,498.75;31,846.00;48,740.75;188,045.00;158,711.25;4,202.00;188,484.50;258,002.50;51,967.75;131,544.25;12,725.50;35,933.00
Sep 23, 2019;Sep 24, 2019;94,046.25;35,554.25;44,141.00;145,184.00;78,090.25;4,213.75;215,446.75;319,071.00;134,670.50;196,581.25;29,214.50;35,996.50
Sep 24, 2019;Sep 25, 2019;93,311.00;43,268.50;49,023.75;83,090.00;99,308.25;4,221.75;217,410.25;333,843.25;159,576.50;216,396.50;21,506.00;38,563.75
Sep 25, 2019;Sep 26, 2019;94,075.00;43,408.00;25,442.75;137,565.00;78,207.00;4,213.50;219,463.50;342,684.00;163,831.75;212,482.00;26,204.00;38,486.50
Sep 26, 2019;Sep 27, 2019;94,706.00;43,204.50;69,365.00;195,454.00;67,432.75;4,244.00;219,062.00;343,619.75;111,276.25;214,260.25;21,743.50;38,490.75
Sep 27, 2019;Sep 28, 2019;96,202.25;38,286.75;81,066.50;299,966.00;71,257.50;4,350.00;219,724.50;291,128.25;76,264.75;189,267.75;25,633.50;38,685.25
Sep 28, 2019;Sep 29, 2019;96,278.50;34,382.75;112,681.75;547,454.00;103,210.00;4,320.75;208,958.25;123,862.00;27,829.50;72,011.50;25,470.00;34,344.25
Sep 29, 2019;Sep 30, 2019;96,400.75;32,693.50;91,766.00;596,399.75;94,476.75;3,857.50;191,585.75;102,032.75;26,070.25;54,578.75;22,360.00;34,011.25
Sep 30, 2019;Oct 1, 2019;95,665.25;32,206.50;107,115.75;684,310.50;94,224.00;4,203.00;203,330.00;148,628.00;47,007.50;116,744.25;24,206.00;35,724.75
Oct 1, 2019;Oct 2, 2019;97,814.25;34,340.75;41,481.00;376,807.00;78,648.75;4,470.25;220,009.00;212,182.00;89,254.75;207,606.25;29,865.00;37,833.50
Oct 2, 2019;Oct 3, 2019;97,549.25;34,905.75;113,142.50;327,547.50;82,225.75;4,517.50;218,885.75;221,793.00;92,348.50;208,455.75;25,140.00;37,573.50
Oct 3, 2019;Oct 4, 2019;101,616.00;39,597.50;25,415.00;245,378.75;85,198.00;5,026.25;221,456.75;234,145.50;87,580.50;191,938.50;25,183.00;39,155.00
Oct 4, 2019;Oct 5, 2019;102,287.50;38,492.75;59,070.25;220,208.75;46,690.00;4,612.00;222,518.50;259,140.75;110,018.00;196,902.50;21,655.00;38,469.00
Oct 5, 2019;Oct 6, 2019;105,744.75;40,844.50;71,685.75;252,411.00;63,538.50;4,229.50;221,992.50;251,301.00;81,060.00;161,593.00;16,831.50;36,935.75
Oct 6, 2019;Oct 7, 2019;105,236.00;43,274.50;111,505.25;239,442.25;66,201.50;4,228.75;220,616.50;246,774.00;58,241.75;145,325.25;12,669.75;36,893.25
Oct 7, 2019;Oct 8, 2019;101,756.50;46,020.25;72,311.50;114,974.00;101,160.50;4,063.50;221,941.00;323,707.00;197,354.00;213,175.50;34,574.25;36,735.00
Oct 8, 2019;Oct 9, 2019;100,598.50;44,822.25;114,770.00;426,613.50;38,291.25;4,150.50;216,736.25;315,312.75;94,720.75;196,913.75;28,399.00;39,385.50
Oct 9, 2019;Oct 10, 2019;105,925.75;44,586.00;110,960.75;447,796.25;54,957.75;4,196.50;216,014.00;286,584.75;86,215.25;184,023.00;22,405.25;39,649.25
Oct 10, 2019;Oct 11, 2019;104,802.75;47,249.25;123,587.25;535,462.75;79,973.25;4,587.50;211,007.75;240,123.75;48,949.50;163,333.00;24,039.25;40,141.50
Oct 11, 2019;Oct 12, 2019;108,446.50;44,588.75;128,596.00;693,594.00;83,287.75;4,680.00;203,119.25;175,349.75;56,081.50;110,512.50;19,735.75;40,479.00
Oct 12, 2019;Oct 13, 2019;110,385.75;41,782.00;121,926.75;478,355.75;114,872.75;4,154.75;194,811.25;167,844.00;32,923.00;97,042.00;27,927.25;38,504.50
Oct 13, 2019;Oct 14, 2019;109,288.75;40,384.00;70,894.50;364,324.75;115,702.00;4,054.25;214,772.75;182,347.00;29,435.25;87,485.50;13,616.75;37,730.75
Oct 14, 2019;Oct 15, 2019;110,179.75;41,329.50;77,222.75;257,332.00;132,219.25;3,748.50;218,649.00;290,827.75;132,673.00;196,294.50;31,236.00;37,795.50
Oct 15, 2019;Oct 16, 2019;110,772.75;44,177.25;70,611.25;154,872.75;102,376.75;4,079.50;217,830.75;319,943.50;156,161.00;232,086.75;32,226.50;39,173.50
Oct 16, 2019;Oct 17, 2019;111,933.25;44,004.75;47,206.75;361,125.25;80,217.75;4,399.50;221,404.25;315,112.00;104,762.00;223,960.00;17,185.25;38,171.25
Oct 17, 2019;Oct 18, 2019;111,672.25;43,522.50;52,029.50;272,252.50;77,479.50;4,367.50;221,346.75;323,716.00;153,382.75;231,354.25;30,008.00;36,403.50
Oct 18, 2019;Oct 19, 2019;111,364.25;39,691.50;101,782.25;417,273.25;77,326.25;4,324.25;217,650.25;290,534.50;84,343.25;197,544.00;24,570.75;37,237.00
Oct 19, 2019;Oct 20, 2019;111,560.50;36,203.00;124,186.75;343,949.75;45,533.00;4,607.00;218,906.75;249,639.75;44,457.00;175,875.25;19,654.75;36,508.25
Oct 20, 2019;Oct 21, 2019;110,382.50;38,520.00;33,420.75;117,968.50;70,794.50;4,360.75;220,842.50;271,212.00;65,960.00;188,480.25;26,949.75;36,077.50
Oct 21, 2019;Oct 22, 2019;109,462.00;43,171.25;38,578.50;139,319.00;58,261.50;4,369.75;220,979.50;307,011.00;220,875.00;232,560.25;34,714.50;35,601.50
Oct 22, 2019;Oct 23, 2019;110,621.25;42,497.25;54,947.25;111,079.00;71,418.50;4,460.00;221,549.75;335,045.25;243,250.75;237,575.00;26,827.50;36,345.75
Oct 23, 2019;Oct 24, 2019;111,818.50;43,976.25;28,444.00;133,514.25;67,967.25;4,451.25;220,025.00;325,635.25;230,449.75;239,842.00;26,832.50;37,358.00
Oct 24, 2019;Oct 25, 2019;111,867.50;42,131.00;60,330.25;201,439.50;64,185.00;4,416.00;221,168.25;325,393.50;154,737.50;218,436.25;27,026.00;37,564.75
Oct 25, 2019;Oct 26, 2019;112,486.50;36,185.50;122,909.75;400,330.00;81,687.50;4,445.00;217,657.75;268,188.75;60,494.50;191,229.00;34,558.25;35,718.50
Oct 26, 2019;Oct 27, 2019;110,698.50;35,425.50;111,387.25;598,275.50;100,810.25;4,394.75;210,251.75;160,502.50;31,583.75;78,461.25;29,185.75;34,385.00
Oct 27, 2019;Oct 28, 2019;116,251.50;36,027.50;117,003.25;505,984.75;61,737.00;4,647.75;203,411.50;200,163.00;40,266.75;96,805.00;32,540.00;29,478.25
Oct 28, 2019;Oct 29, 2019;112,126.25;36,599.75;74,096.00;214,336.75;69,489.50;4,925.75;221,824.25;332,133.00;212,477.25;218,700.75;21,402.50;38,930.75
Oct 29, 2019;Oct 30, 2019;112,620.25;40,065.25;18,882.25;114,429.50;59,264.00;4,914.00;223,290.50;341,041.25;292,028.00;245,374.25;28,452.50;40,579.75
Oct 30, 2019;Oct 31, 2019;112,421.00;40,170.25;4,656.50;120,048.25;79,839.25;4,841.50;224,048.75;339,000.75;271,392.25;232,353.00;25,478.00;42,878.00
Oct 31, 2019;Nov 1, 2019;113,770.25;41,723.75;31,546.00;151,589.50;101,540.75;5,390.25;223,708.50;323,537.50;205,180.25;228,560.50;22,218.00;43,557.00
Nov 1, 2019;Nov 2, 2019;114,326.00;40,230.25;85,023.50;339,235.75;37,760.75;5,389.75;223,076.00;226,308.25;53,475.00;163,438.00;12,329.75;43,273.50
Nov 2, 2019;Nov 3, 2019;112,783.50;38,314.00;110,995.50;486,971.25;40,741.00;4,811.25;215,780.25;170,342.50;37,305.25;90,375.50;15,985.00;41,619.00
Nov 3, 2019;Nov 4, 2019;109,329.75;37,689.50;63,268.25;242,070.00;34,968.75;4,515.25;216,003.00;216,502.50;54,552.00;111,118.75;20,484.75;40,865.75
Nov 4, 2019;Nov 5, 2019;105,542.00;38,857.50;36,629.75;228,941.50;46,219.00;4,800.25;220,100.00;289,412.50;160,022.00;192,663.50;21,178.00;36,927.25
Nov 5, 2019;Nov 6, 2019;105,858.50;44,209.25;55,540.50;161,540.50;35,064.00;4,985.25;221,810.50;324,237.50;224,533.25;226,175.50;29,561.75;44,119.75
Nov 6, 2019;Nov 7, 2019;106,171.50;49,995.00;14,764.00;95,369.00;31,205.25;5,173.25;222,924.25;350,301.50;265,175.00;223,282.75;35,573.75;41,774.75
Nov 7, 2019;Nov 8, 2019;106,883.00;44,060.00;59,184.75;221,787.75;54,639.75;5,119.50;222,556.25;370,314.00;218,370.00;203,458.50;16,499.75;41,493.50
Nov 8, 2019;Nov 9, 2019;106,914.00;45,122.50;47,945.75;106,549.50;33,154.75;5,231.25;222,433.25;371,964.00;260,051.75;208,846.00;36,826.00;40,806.00
Nov 9, 2019;Nov 10, 2019;107,525.75;41,380.00;33,509.50;125,894.75;30,269.00;4,680.00;223,055.25;369,029.50;210,116.25;155,151.75;11,805.50;39,841.25
Nov 10, 2019;Nov 11, 2019;113,479.50;37,582.00;47,319.25;85,454.50;63,377.50;4,626.00;223,023.00;369,649.00;183,928.25;145,596.50;13,494.00;40,751.00
Nov 11, 2019;Nov 12, 2019;113,507.50;36,930.75;106,828.25;306,856.00;38,504.00;4,608.50;222,822.50;363,214.75;196,604.50;163,987.50;23,364.25;40,833.00
Nov 12, 2019;Nov 13, 2019;110,408.00;37,764.50;128,542.25;399,324.00;35,790.00;4,539.00;221,698.00;323,863.75;198,250.25;186,871.50;16,761.75;38,883.75
Nov 13, 2019;Nov 14, 2019;110,545.25;41,854.25;92,525.25;267,462.75;29,536.50;4,574.25;222,809.75;323,750.25;281,604.50;217,972.25;23,352.25;38,879.75
Nov 14, 2019;Nov 15, 2019;110,806.25;39,942.25;52,601.25;282,720.50;69,783.25;4,496.25;222,902.50;343,657.00;280,377.25;223,640.25;23,825.75;38,864.50
Nov 15, 2019;Nov 16, 2019;111,337.50;39,148.75;118,989.00;372,569.00;24,126.50;4,618.25;221,952.75;338,289.75;210,191.75;166,057.75;29,708.75;38,050.50
Nov 16, 2019;Nov 17, 2019;112,220.00;39,115.50;73,357.50;244,322.25;31,515.75;4,673.00;221,465.75;350,465.00;181,105.50;152,478.50;8,238.75;38,745.25
Nov 17, 2019;Nov 18, 2019;114,385.75;38,957.75;60,015.00;242,798.50;20,308.50;4,641.25;216,385.50;361,434.00;170,091.50;130,864.50;13,931.50;36,745.75
Nov 18, 2019;Nov 19, 2019;114,426.75;46,250.75;120,873.00;273,309.25;28,947.00;4,443.25;189,948.50;361,628.75;248,575.00;193,646.75;31,173.25;36,721.00
Nov 19, 2019;Nov 20, 2019;113,097.00;42,869.25;100,899.75;310,057.50;36,776.25;4,334.00;185,311.25;343,004.75;269,537.25;214,321.50;25,991.75;40,737.75
Nov 20, 2019;Nov 21, 2019;114,887.50;48,622.25;8,622.50;28,090.25;20,742.25;4,883.75;191,385.75;382,477.25;345,498.75;250,391.25;41,080.50;34,598.00
Nov 21, 2019;Nov 22, 2019;115,134.50;43,687.00;48,870.75;81,196.50;18,265.50;5,267.75;190,989.75;375,587.50;324,390.75;249,049.50;32,050.75;33,206.25
Nov 22, 2019;Nov 23, 2019;115,144.00;38,658.00;66,176.25;204,909.25;29,125.50;5,398.00;192,771.25;373,665.50;265,772.50;211,212.25;19,166.25;36,441.50
Nov 23, 2019;Nov 24, 2019;115,285.50;33,768.50;140,783.25;477,237.75;46,758.00;5,216.00;219,297.75;283,667.00;58,891.25;100,017.50;7,011.25;36,760.00
Nov 24, 2019;Nov 25, 2019;114,611.25;34,509.50;108,206.75;200,115.00;37,416.50;5,324.00;220,272.50;313,614.00;114,953.50;119,745.25;17,548.25;35,415.00
Nov 25, 2019;Nov 26, 2019;114,518.50;41,641.75;17,099.00;43,809.75;13,833.00;5,414.50;222,167.00;384,542.75;290,435.00;228,744.00;39,232.50;39,323.50
Nov 26, 2019;Nov 27, 2019;114,397.50;40,180.00;56,177.25;171,927.75;21,938.50;4,617.00;220,892.25;396,304.00;296,326.00;212,272.25;26,140.75;39,260.75
Nov 27, 2019;Nov 28, 2019;114,014.50;36,455.50;82,835.00;445,866.25;16,061.50;4,708.50;218,959.25;378,989.25;189,777.00;133,564.00;22,087.00;38,658.00
Nov 28, 2019;Nov 29, 2019;113,327.75;34,075.25;104,686.50;750,655.75;24,403.75;4,532.00;214,783.50;297,365.50;109,763.25;103,361.00;18,387.75;34,837.75
Nov 29, 2019;Nov 30, 2019;115,013.75;35,955.75;134,329.75;501,103.75;29,932.25;4,976.50;211,516.50;318,931.00;160,374.50;135,267.00;19,370.00;37,471.50
Nov 30, 2019;Dec 1, 2019;115,774.50;38,117.50;48,010.50;156,148.75;46,268.00;5,478.00;221,007.00;369,195.25;182,030.75;154,776.25;17,114.50;38,771.00
Dec 1, 2019;Dec 2, 2019;115,506.00;36,742.50;28,381.75;105,781.00;21,099.50;5,447.00;212,754.75;364,501.00;194,346.50;166,481.25;19,114.50;37,531.50
Dec 2, 2019;Dec 3, 2019;114,984.25;39,713.75;98,928.25;244,921.50;30,489.00;5,420.50;214,670.00;381,229.00;240,469.00;221,895.75;26,999.50;37,888.25
Dec 3, 2019;Dec 4, 2019;115,071.00;40,810.25;90,319.50;176,507.25;33,540.50;5,418.25;218,567.75;379,714.00;284,365.00;239,624.25;27,422.00;42,556.50
Dec 4, 2019;Dec 5, 2019;115,485.75;40,037.25;98,142.00;192,664.25;57,531.50;5,466.75;221,228.50;373,606.75;264,622.50;227,745.25;33,235.50;42,583.50
Dec 5, 2019;Dec 6, 2019;115,595.00;37,711.25;130,900.50;288,692.75;45,427.25;5,510.00;218,276.25;364,675.75;214,290.00;219,294.00;29,412.00;40,971.00
Dec 6, 2019;Dec 7, 2019;113,890.00;35,545.75;109,674.50;736,040.25;30,712.50;5,389.25;212,399.75;239,608.00;100,225.75;127,566.50;22,771.25;39,432.50
Dec 7, 2019;Dec 8, 2019;115,691.75;32,712.75;141,293.25;707,960.75;18,685.50;5,141.50;200,354.50;174,117.50;52,493.50;94,815.75;29,558.00;39,690.75
Dec 8, 2019;Dec 9, 2019;114,556.25;30,878.50;122,238.50;791,937.50;23,583.50;4,308.50;183,282.00;119,442.00;41,025.75;66,300.50;13,734.00;32,801.00
Dec 9, 2019;Dec 10, 2019;114,721.25;32,425.50;133,925.75;617,786.50;28,819.00;4,972.50;203,654.75;230,820.50;102,773.50;127,388.00;30,085.50;40,332.00
Dec 10, 2019;Dec 11, 2019;114,683.75;36,965.00;105,105.00;440,488.75;43,688.75;4,462.00;212,872.50;305,526.00;181,864.75;186,677.75;31,440.50;40,118.50
Dec 11, 2019;Dec 12, 2019;114,954.75;39,220.50;89,210.75;370,095.50;21,133.25;5,066.25;212,596.25;324,911.75;220,007.00;215,717.25;36,724.25;42,682.00
Dec 12, 2019;Dec 13, 2019;115,198.25;38,642.00;99,539.75;286,342.50;15,679.50;5,487.75;219,080.50;342,690.50;211,163.25;227,799.25;31,856.75;42,850.25
Dec 13, 2019;Dec 14, 2019;116,809.00;40,732.75;84,866.25;480,672.25;16,631.00;5,523.25;213,564.25;303,731.50;138,847.75;183,121.25;33,788.00;43,010.00
Dec 14, 2019;Dec 15, 2019;116,482.25;36,529.25;130,443.00;699,597.25;21,605.00;4,991.00;197,878.75;145,137.50;42,183.50;97,632.75;10,170.50;39,711.50
Dec 15, 2019;Dec 16, 2019;114,770.50;32,940.50;140,854.50;721,539.50;27,348.75;4,837.75;182,095.00;133,422.25;43,793.50;78,126.50;16,418.75;38,741.50
Dec 16, 2019;Dec 17, 2019;114,723.50;37,086.00;116,967.75;340,733.75;27,564.00;5,442.25;209,990.00;300,374.50;188,723.00;195,098.25;32,146.00;40,648.25
Dec 17, 2019;Dec 18, 2019;115,281.50;36,755.25;57,626.75;470,815.00;32,326.25;5,160.00;217,732.00;320,341.00;180,869.50;178,328.75;19,819.00;40,847.50
Dec 18, 2019;Dec 19, 2019;116,304.25;37,898.25;103,007.25;319,003.00;29,398.50;5,092.25;214,079.00;314,687.25;179,986.50;193,326.75;27,990.25;40,443.50
Dec 19, 2019;Dec 20, 2019;117,238.00;33,784.75;139,261.75;415,843.25;41,548.25;5,531.50;213,849.50;258,123.00;101,674.50;146,345.75;25,365.50;42,713.00
Dec 20, 2019;Dec 21, 2019;118,215.75;31,268.50;141,850.75;507,714.25;27,252.50;5,495.25;210,659.25;217,185.00;54,838.00;114,448.25;22,792.50;43,035.50
Dec 21, 2019;Dec 22, 2019;117,770.25;36,731.25;118,526.00;318,403.50;30,774.25;5,204.50;212,760.50;227,328.00;37,827.00;98,115.50;30,555.00;41,167.50
Dec 22, 2019;Dec 23, 2019;117,442.25;35,886.25;64,971.25;351,925.75;15,469.25;5,341.50;215,238.75;192,181.50;41,729.50;91,097.25;27,560.00;41,655.50
Dec 23, 2019;Dec 24, 2019;116,841.50;35,635.25;120,929.25;487,940.50;16,125.00;5,085.75;204,327.75;173,866.50;41,184.75;98,092.50;27,314.50;41,221.75
Dec 24, 2019;Dec 25, 2019;117,910.75;36,836.75;56,076.00;410,780.25;18,425.75;5,222.50;209,441.50;153,953.50;39,549.50;95,361.50;28,025.00;41,617.00
Dec 25, 2019;Dec 26, 2019;116,726.00;38,938.50;39,819.25;259,437.00;13,076.25;5,169.50;215,334.00;161,660.50;50,709.25;86,897.00;21,805.75;41,953.00
Dec 26, 2019;Dec 27, 2019;117,153.00;41,335.25;20,648.50;118,373.00;26,922.00;5,358.50;217,736.75;188,412.00;52,812.50;103,610.00;22,271.75;42,163.25
Dec 27, 2019;Dec 28, 2019;117,104.00;41,067.25;39,369.50;107,163.25;20,276.25;5,493.00;218,139.75;224,545.75;85,523.00;142,718.25;30,799.00;43,325.00
Dec 28, 2019;Dec 29, 2019;116,297.25;39,281.00;64,278.75;89,104.75;35,584.00;5,472.75;218,280.50;212,062.25;80,023.75;155,377.25;19,098.25;42,883.25
Dec 29, 2019;Dec 30, 2019;117,002.00;36,767.50;120,835.00;220,346.00;54,151.75;5,297.25;216,728.00;182,580.75;55,010.00;117,319.25;24,190.25;41,948.25
Dec 30, 2019;Dec 31, 2019;114,429.25;34,934.50;134,487.00;529,728.00;52,189.50;5,036.00;206,180.75;165,969.25;63,963.25;113,499.25;22,055.00;40,850.25
Dec 31, 2019;Jan 1, 2020;116,519.25;35,963.50;86,011.00;362,779.00;36,177.00;5,340.25;200,136.00;186,697.50;70,197.50;116,666.25;34,429.00;40,945.75
Jan 1, 2020;Jan 2, 2020;115,864.50;33,500.25;69,129.00;146,903.00;49,939.50;5,435.75;193,116.50;246,625.75;47,415.50;140,697.25;28,280.25;41,758.50
Jan 2, 2020;Jan 3, 2020;116,192.75;34,646.25;144,043.75;248,349.00;39,512.00;5,474.75;192,107.25;253,302.00;59,253.00;158,849.25;33,059.75;41,508.00
Jan 3, 2020;Jan 4, 2020;116,522.25;33,969.00;142,192.75;633,375.25;17,898.50;5,282.00;184,035.75;183,753.00;71,253.50;137,949.75;29,310.25;40,367.25
Jan 4, 2020;Jan 5, 2020;115,823.50;34,113.25;113,573.50;684,308.50;13,169.50;5,104.25;180,849.50;173,140.75;71,533.75;132,334.00;31,392.50;39,389.50
Jan 5, 2020;Jan 6, 2020;115,955.75;32,497.50;92,192.00;224,019.25;25,011.25;5,290.00;191,414.75;254,696.75;60,354.00;160,945.25;14,339.00;40,175.00
Jan 6, 2020;Jan 7, 2020;115,546.00;32,627.75;140,936.75;253,202.00;37,220.75;5,270.50;190,099.25;246,603.50;139,097.75;223,947.00;26,665.00;39,525.50
Jan 7, 2020;Jan 8, 2020;114,536.50;34,125.00;115,641.50;373,325.75;14,995.00;5,371.75;189,115.00;278,984.00;187,606.00;243,375.00;34,056.00;39,361.50
Jan 8, 2020;Jan 9, 2020;113,963.25;35,240.25;101,732.50;473,702.25;9,825.00;5,200.50;187,936.75;266,172.25;207,555.25;234,676.75;30,291.25;39,461.00
Jan 9, 2020;Jan 10, 2020;115,233.50;34,175.25;95,212.25;435,745.75;24,019.50;5,128.25;190,474.50;276,150.00;155,604.50;209,233.25;18,898.50;40,918.25
Jan 10, 2020;Jan 11, 2020;116,097.75;34,856.00;84,064.50;525,884.75;30,078.50;4,979.00;185,997.25;273,371.00;148,191.25;200,430.00;25,958.75;40,207.25
Jan 11, 2020;Jan 12, 2020;116,746.25;33,747.75;121,563.50;394,649.50;36,177.25;5,201.50;186,706.25;254,082.75;93,527.75;189,783.25;24,005.75;42,015.25
Jan 12, 2020;Jan 13, 2020;112,976.25;30,546.25;124,796.75;659,241.00;34,167.50;5,393.25;179,661.50;158,742.50;83,037.50;133,757.50;25,212.75;41,072.25
Jan 13, 2020;Jan 14, 2020;113,627.25;33,198.00;106,952.00;350,737.25;26,057.50;5,340.25;191,903.00;266,958.75;163,072.00;224,807.50;28,868.00;41,646.25
Jan 14, 2020;Jan 15, 2020;112,131.00;34,026.75;132,056.00;779,195.75;37,988.50;5,215.50;184,521.75;194,522.25;98,934.50;154,565.00;34,875.50;38,323.00
Jan 15, 2020;Jan 16, 2020;111,639.50;36,059.00;113,600.25;729,841.00;63,044.25;4,917.75;187,457.25;200,013.25;103,707.00;140,195.00;29,197.50;39,382.25
Jan 16, 2020;Jan 17, 2020;113,695.75;35,500.50;121,015.25;335,565.00;64,404.75;4,927.75;187,536.25;279,436.25;139,714.75;225,757.75;31,907.75;40,864.25
Jan 17, 2020;Jan 18, 2020;114,340.50;31,658.50;124,676.25;448,649.00;55,207.75;5,227.25;186,391.25;282,613.75;117,640.25;230,766.75;31,519.25;41,969.00
Jan 18, 2020;Jan 19, 2020;115,242.25;31,488.50;118,899.75;403,080.75;29,801.00;5,186.25;185,054.00;275,260.25;92,331.25;187,353.50;30,571.00;42,044.00
Jan 19, 2020;Jan 20, 2020;116,327.25;30,780.75;108,966.25;171,843.00;30,434.25;5,177.75;193,180.50;287,331.50;97,469.50;203,131.00;29,254.75;41,910.75
Jan 20, 2020;Jan 21, 2020;117,128.25;34,094.75;70,969.00;146,828.00;44,989.25;4,979.75;191,706.50;320,297.50;283,442.25;308,194.00;23,535.50;41,744.25
Jan 21, 2020;Jan 22, 2020;116,596.50;36,571.25;103,133.00;262,307.50;63,606.00;5,074.25;192,953.75;324,631.00;270,245.25;321,461.25;32,509.00;41,547.00
Jan 22, 2020;Jan 23, 2020;116,986.75;38,194.00;51,972.50;192,785.50;25,589.00;5,086.75;192,541.25;356,710.00;325,450.75;324,192.75;36,521.25;33,447.50
Jan 23, 2020;Jan 24, 2020;117,684.25;36,975.25;42,696.50;66,568.25;28,792.25;5,085.75;194,151.00;362,258.00;351,778.50;336,518.75;37,409.25;34,157.75
Jan 24, 2020;Jan 25, 2020;118,377.25;35,609.00;76,555.50;123,761.75;46,400.25;5,322.25;194,062.00;352,682.00;343,672.25;328,729.25;34,432.75;36,954.50
Jan 25, 2020;Jan 26, 2020;118,349.50;34,542.75;77,086.25;94,617.25;28,629.75;5,360.50;194,025.00;360,318.00;228,068.75;263,472.00;23,523.50;40,692.75
Jan 26, 2020;Jan 27, 2020;117,105.25;30,491.75;89,781.75;140,362.00;36,855.75;5,334.50;193,598.50;289,111.00;134,012.50;203,411.25;23,154.75;41,081.25
Jan 27, 2020;Jan 28, 2020;117,233.25;31,264.25;106,540.75;446,340.50;39,738.00;5,315.25;190,073.75;267,782.25;150,499.25;232,893.75;27,888.75;42,049.25
Jan 28, 2020;Jan 29, 2020;115,858.50;34,286.50;102,552.00;705,421.00;24,880.25;5,442.75;179,101.50;186,906.00;88,002.75;182,571.00;33,014.25;41,698.50
Jan 29, 2020;Jan 30, 2020;116,135.75;33,432.00;128,215.00;720,790.75;24,476.00;5,520.50;180,538.75;167,245.25;103,075.50;197,440.00;31,224.50;40,136.50
Jan 30, 2020;Jan 31, 2020;116,280.50;34,513.75;128,404.00;702,092.00;45,320.50;5,443.25;175,654.00;186,235.25;91,641.75;165,266.75;32,418.00;39,514.50
Jan 31, 2020;Feb 1, 2020;114,593.00;33,523.25;131,439.75;761,464.75;34,885.50;4,880.25;165,071.50;160,523.00;71,752.50;130,960.50;36,984.75;39,982.25
Feb 1, 2020;Feb 2, 2020;115,144.50;33,770.25;140,305.00;769,991.50;32,460.50;4,426.50;165,644.75;97,475.75;48,773.50;94,808.25;32,430.75;37,580.75
Feb 2, 2020;Feb 3, 2020;114,144.50;36,512.00;48,383.25;534,330.75;17,701.00;4,894.00;176,749.25;148,379.25;36,291.50;109,270.25;34,540.00;39,780.00
Feb 3, 2020;Feb 4, 2020;113,815.75;47,347.50;110,318.75;545,318.25;21,246.75;5,105.25;184,799.00;198,664.00;55,952.50;159,678.25;34,345.25;40,645.25
Feb 4, 2020;Feb 5, 2020;115,124.25;45,533.00;115,160.50;563,915.00;47,932.00;5,116.25;183,966.50;231,940.75;69,446.00;176,604.50;32,203.75;32,988.50
Feb 5, 2020;Feb 6, 2020;115,946.25;47,521.25;55,746.50;321,078.00;86,158.00;5,128.50;191,089.00;291,799.00;158,937.25;258,547.25;38,372.50;40,197.25
Feb 6, 2020;Feb 7, 2020;117,456.25;47,474.00;50,252.50;247,978.25;63,353.25;5,067.50;193,217.00;325,192.50;227,051.75;285,986.25;31,706.00;41,101.25
Feb 7, 2020;Feb 8, 2020;116,760.25;44,692.25;53,888.75;169,798.00;77,497.50;5,186.75;192,569.00;317,907.50;189,927.25;283,765.50;29,478.75;40,775.25
Feb 8, 2020;Feb 9, 2020;116,358.75;44,056.25;109,428.25;329,169.00;87,802.25;5,270.50;190,378.50;212,375.50;60,112.75;184,470.50;22,442.25;33,046.75
Feb 9, 2020;Feb 10, 2020;112,961.00;40,233.50;89,608.50;741,180.75;80,127.50;4,266.50;141,301.75;105,406.75;57,502.75;87,114.00;25,823.25;28,223.75
Feb 10, 2020;Feb 11, 2020;110,952.75;41,157.00;118,594.50;834,276.00;54,682.75;4,978.00;169,482.50;114,315.25;75,982.50;125,014.00;41,214.75;30,542.00
Feb 11, 2020;Feb 12, 2020;113,114.75;45,530.00;119,722.25;906,445.00;52,433.00;5,134.00;173,117.75;117,403.00;79,765.50;125,754.50;33,786.50;31,055.75
Feb 12, 2020;Feb 13, 2020;110,852.00;44,993.75;121,365.00;826,265.00;52,875.50;5,148.25;177,305.00;142,591.50;85,029.50;139,150.50;33,198.75;31,470.50
Feb 13, 2020;Feb 14, 2020;115,427.75;43,941.75;93,596.25;500,563.50;42,633.50;5,440.25;189,152.25;218,531.00;102,256.50;207,210.00;22,202.50;40,075.25
Feb 14, 2020;Feb 15, 2020;116,695.00;45,410.75;49,868.25;225,884.75;34,852.75;5,599.00;192,823.25;263,963.50;124,690.75;250,869.25;39,507.00;32,737.00
Feb 15, 2020;Feb 16, 2020;115,562.50;44,286.25;135,378.50;537,354.50;97,574.00;5,118.50;173,225.00;125,019.25;45,541.50;120,789.00;23,356.50;38,133.25
Feb 16, 2020;Feb 17, 2020;114,302.00;36,931.75;91,133.00;844,532.75;45,224.00;3,993.25;131,648.25;98,790.50;38,327.75;84,549.00;30,809.75;35,830.75
Feb 17, 2020;Feb 18, 2020;114,365.00;39,964.00;130,247.75;724,589.00;46,440.25;4,709.25;171,111.75;146,346.75;70,427.00;125,898.25;28,894.25;29,690.75
Feb 18, 2020;Feb 19, 2020;115,010.75;43,568.50;134,735.75;785,431.75;68,899.25;4,904.75;182,759.25;129,108.75;72,927.00;133,224.75;36,116.25;36,664.25
Feb 19, 2020;Feb 20, 2020;113,639.00;42,497.25;124,006.75;681,986.25;57,580.00;5,192.50;184,457.50;156,398.25;63,945.00;178,361.50;31,778.75;31,273.00
Feb 20, 2020;Feb 21, 2020;115,600.00;42,819.25;134,760.00;601,949.25;47,055.25;5,456.50;187,744.50;158,295.00;56,704.00;185,974.75;33,033.50;32,838.25
Feb 21, 2020;Feb 22, 2020;113,068.50;42,192.75;141,321.75;718,435.00;94,318.25;5,200.00;185,746.00;108,624.50;69,652.75;139,358.00;38,364.25;31,371.25
Feb 22, 2020;Feb 23, 2020;114,516.00;39,687.25;110,164.00;877,084.75;79,355.25;4,226.75;149,178.25;95,750.25;40,628.00;81,684.50;24,425.00;28,846.50
Feb 23, 2020;Feb 24, 2020;113,962.50;37,886.25;118,754.00;754,285.00;20,331.25;4,382.00;167,711.50;91,936.50;38,628.50;82,361.00;30,590.25;29,612.00
Feb 24, 2020;Feb 25, 2020;114,988.00;43,843.50;107,298.50;542,480.25;43,914.75;5,279.75;185,403.75;151,795.50;58,676.00;156,946.75;26,833.00;32,328.25
Feb 25, 2020;Feb 26, 2020;114,812.25;44,530.75;119,976.75;722,295.75;61,953.25;5,153.75;175,009.50;171,827.50;78,448.00;144,269.25;37,220.25;31,953.25
Feb 26, 2020;Feb 27, 2020;115,744.75;45,897.50;43,345.50;411,324.25;57,536.00;5,636.50;192,980.50;243,814.25;79,336.00;220,805.75;35,868.75;32,951.00
Feb 27, 2020;Feb 28, 2020;115,443.75;48,078.25;64,505.75;253,967.00;50,699.50;5,466.75;193,639.00;255,513.00;138,912.75;266,859.25;40,467.75;33,602.00
Feb 28, 2020;Feb 29, 2020;113,906.75;44,411.75;129,850.75;495,879.25;82,300.50;5,356.75;184,303.25;227,252.25;80,211.50;216,774.50;35,294.75;39,341.25
Feb 29, 2020;Mar 1, 2020;113,615.25;42,115.00;133,865.25;719,982.50;74,698.75;4,363.25;177,979.25;98,296.25;52,738.50;100,312.75;17,828.00;35,934.25
Mar 1, 2020;Mar 2, 2020;112,620.25;40,478.00;112,218.25;624,953.25;99,456.50;4,591.00;174,409.00;119,351.75;52,045.75;94,133.50;29,013.25;36,174.00
Mar 2, 2020;Mar 3, 2020;111,594.25;42,093.50;43,814.75;244,498.50;98,199.75;5,421.50;191,872.75;263,053.75;160,504.25;221,336.00;31,083.75;38,899.25
Mar 3, 2020;Mar 4, 2020;111,007.50;46,252.75;27,354.50;248,766.75;69,585.25;5,277.00;193,321.50;292,515.50;218,269.50;266,441.25;38,312.75;39,183.00
Mar 4, 2020;Mar 5, 2020;112,478.25;44,794.25;31,557.25;197,601.25;85,091.00;5,219.50;193,204.00;298,926.25;236,683.75;273,916.50;34,636.00;34,031.25
Mar 5, 2020;Mar 6, 2020;115,658.25;43,312.25;47,256.25;277,952.50;77,910.00;5,276.00;193,088.00;295,044.25;171,921.25;241,405.25;36,344.25;33,588.50
Mar 6, 2020;Mar 7, 2020;116,076.00;43,964.00;101,048.25;449,948.25;36,845.25;5,558.75;188,953.75;228,416.50;100,613.00;224,905.25;39,136.00;40,647.25
Mar 7, 2020;Mar 8, 2020;115,771.25;41,086.00;62,180.75;335,616.50;70,628.00;5,502.00;192,150.50;221,008.75;60,573.50;177,898.75;27,729.75;41,209.00
Mar 8, 2020;Mar 9, 2020;114,564.50;39,663.50;131,582.00;472,851.25;105,436.75;4,470.25;183,395.25;137,122.00;45,378.50;104,669.75;29,163.00;38,008.50
Mar 9, 2020;Mar 10, 2020;115,410.25;40,880.50;61,932.00;271,650.00;78,787.25;5,282.50;191,599.00;227,483.50;115,007.50;229,215.50;33,539.50;40,647.50
Mar 10, 2020;Mar 11, 2020;114,109.75;42,968.25;139,874.75;779,745.50;30,695.75;5,260.00;176,450.00;134,581.00;98,560.00;152,193.25;31,445.00;38,964.00
Mar 11, 2020;Mar 12, 2020;114,731.50;45,678.25;139,063.50;613,054.50;79,714.25;4,843.00;178,159.50;139,741.50;66,752.00;151,115.00;37,843.00;36,882.00
Mar 12, 2020;Mar 13, 2020;112,420.25;45,669.50;119,274.50;799,154.75;111,834.00;4,819.75;169,925.00;113,396.00;71,105.75;121,964.75;37,250.50;35,803.25
Mar 13, 2020;Mar 14, 2020;106,972.00;45,908.00;105,623.25;693,030.75;117,992.75;5,201.00;183,530.50;121,556.50;78,715.50;143,063.00;39,174.00;36,614.25
Mar 14, 2020;Mar 15, 2020;110,474.25;45,304.00;72,016.75;171,427.00;149,921.25;5,512.25;193,141.50;156,728.25;66,357.00;151,059.50;20,865.75;27,810.25
Mar 15, 2020;Mar 16, 2020;113,904.50;41,037.50;125,214.25;492,866.00;176,475.00;4,835.00;173,303.00;118,464.00;49,711.25;102,912.00;28,297.25;32,865.25
Mar 16, 2020;Mar 17, 2020;113,916.25;39,745.00;52,955.50;165,366.00;177,514.75;5,034.75;192,285.25;232,684.25;142,630.75;192,562.25;26,051.50;37,527.00
Mar 17, 2020;Mar 18, 2020;113,928.25;41,050.75;121,630.75;170,798.50;117,652.50;4,813.50;190,869.25;253,879.25;141,246.00;198,249.00;30,185.00;37,898.50
Mar 18, 2020;Mar 19, 2020;113,868.75;41,067.75;81,891.50;297,808.25;163,110.50;4,639.00;190,520.50;243,245.50;127,859.00;131,428.00;41,456.00;37,687.00
Mar 19, 2020;Mar 20, 2020;113,883.00;42,057.25;10,097.25;55,727.50;145,117.00;4,523.75;191,895.75;298,603.50;123,525.25;201,936.75;23,727.75;32,544.25
Mar 20, 2020;Mar 21, 2020;114,354.25;43,856.00;62,254.75;180,804.00;106,568.75;5,024.00;171,581.25;294,115.75;66,155.75;155,836.25;23,872.25;37,926.75
Mar 21, 2020;Mar 22, 2020;112,136.00;44,127.75;135,170.25;540,956.25;91,358.50;4,682.25;152,914.00;107,813.75;37,924.75;91,504.25;31,283.50;35,830.00
Mar 22, 2020;Mar 23, 2020;114,403.50;38,168.75;116,600.50;471,800.75;212,131.25;4,453.25;133,625.25;105,495.75;40,560.75;84,039.25;28,756.00;35,631.25
Mar 23, 2020;Mar 24, 2020;113,768.50;38,921.00;123,387.50;367,145.50;227,619.00;4,742.50;156,819.25;148,080.00;50,657.25;119,325.25;37,616.00;38,337.00
Mar 24, 2020;Mar 25, 2020;113,026.75;39,874.50;101,702.25;328,208.25;225,667.00;5,215.50;159,020.25;212,533.25;56,225.50;127,162.50;34,702.00;36,206.25
Mar 25, 2020;Mar 26, 2020;112,782.50;38,558.25;57,281.50;376,735.50;225,196.50;5,114.00;157,928.50;240,133.00;53,587.25;135,530.75;24,654.00;36,224.75
Mar 26, 2020;Mar 27, 2020;113,060.50;38,878.00;42,870.50;412,205.00;189,969.75;4,956.50;157,056.25;215,824.00;61,106.00;129,678.00;29,716.75;35,962.25
Mar 27, 2020;Mar 28, 2020;114,408.75;39,044.50;64,929.25;337,144.75;209,469.50;4,708.00;154,361.25;226,234.00;50,204.50;121,437.75;30,516.00;30,954.25
Mar 28, 2020;Mar 29, 2020;114,604.50;38,352.25;105,652.75;278,824.50;212,821.50;4,680.25;151,096.75;141,961.75;31,915.75;101,844.25;32,864.75;36,049.25
Mar 29, 2020;Mar 30, 2020;108,620.50;34,037.50;112,340.50;522,814.00;80,004.00;4,422.00;143,584.75;112,335.00;30,601.50;75,981.50;26,873.25;33,486.50
Mar 30, 2020;Mar 31, 2020;114,493.50;35,791.50;90,397.50;220,778.25;166,070.75;5,338.75;159,649.00;202,336.50;51,004.75;171,302.75;35,669.00;37,280.00
Mar 31, 2020;Apr 1, 2020;114,558.25;39,073.00;28,240.25;114,526.75;180,753.00;5,233.25;161,205.75;249,100.75;62,402.25;192,956.50;31,990.00;35,533.50
Apr 1, 2020;Apr 2, 2020;114,789.00;38,666.50;95,440.50;202,767.25;213,647.75;4,958.00;158,995.75;236,264.00;48,043.25;176,541.50;39,245.75;29,987.00
Apr 2, 2020;Apr 3, 2020;113,588.00;39,817.25;135,685.50;330,438.25;193,530.50;5,204.00;154,302.25;202,700.75;51,559.50;142,608.25;29,054.25;29,188.50
Apr 3, 2020;Apr 4, 2020;114,150.50;37,691.75;107,640.00;349,107.25;138,230.25;5,024.75;157,186.00;195,223.25;42,100.25;133,684.00;37,282.25;34,202.50
Apr 4, 2020;Apr 5, 2020;114,910.25;36,774.00;56,354.00;98,705.25;214,017.50;4,569.00;156,894.25;166,645.75;31,083.50;137,615.00;36,051.50;37,285.25
Apr 5, 2020;Apr 6, 2020;113,656.25;33,366.25;104,762.25;392,586.75;241,647.75;3,981.25;132,792.25;97,409.00;25,033.00;88,123.75;30,781.50;27,655.00
Apr 6, 2020;Apr 7, 2020;112,919.75;33,370.00;99,896.50;305,788.25;236,777.25;4,179.25;160,786.25;134,608.25;26,188.75;112,807.50;37,211.75;35,969.50
Apr 7, 2020;Apr 8, 2020;111,269.50;33,517.25;22,801.75;142,351.50;226,573.75;4,146.50;180,453.25;207,123.25;35,549.75;147,062.00;35,395.00;38,210.50
Apr 8, 2020;Apr 9, 2020;109,099.25;33,832.25;21,680.50;136,497.75;228,331.00;4,130.00;180,631.75;209,996.25;38,273.25;156,501.50;34,700.00;37,598.00
Apr 9, 2020;Apr 10, 2020;111,554.25;35,931.25;31,760.00;131,106.75;212,936.25;4,278.50;179,272.00;209,399.75;41,852.25;160,100.50;29,270.75;37,679.00
Apr 10, 2020;Apr 11, 2020;112,949.75;36,508.50;6,967.25;93,814.50;227,594.50;4,396.75;185,808.75;119,080.75;46,837.50;116,759.00;35,962.50;35,039.25
Apr 11, 2020;Apr 12, 2020;112,805.25;36,710.50;22,573.25;62,444.75;237,717.25;4,282.75;183,564.25;110,277.75;53,942.50;97,614.50;31,827.50;35,132.75
Apr 12, 2020;Apr 13, 2020;112,334.25;34,497.00;44,736.00;126,673.25;214,108.75;4,157.00;153,091.00;102,254.00;49,777.50;77,229.75;27,534.25;35,070.50
Apr 13, 2020;Apr 14, 2020;110,162.50;32,543.00;117,525.75;436,641.00;166,021.75;4,086.50;129,515.25;84,194.75;35,250.25;65,542.00;31,421.25;32,262.00
Apr 14, 2020;Apr 15, 2020;110,402.25;37,431.00;90,404.75;260,043.00;189,425.00;4,473.50;155,263.50;109,642.75;32,168.00;121,401.50;34,717.50;35,772.50
Apr 15, 2020;Apr 16, 2020;110,238.75;37,458.25;92,802.50;237,602.75;233,721.25;4,464.00;158,352.75;112,095.50;34,461.50;124,060.75;38,326.75;35,401.25
Apr 16, 2020;Apr 17, 2020;108,391.50;36,423.00;28,448.75;139,498.00;232,056.75;4,371.75;150,850.25;137,820.00;53,252.50;160,825.25;31,434.25;36,759.25
Apr 17, 2020;Apr 18, 2020;108,532.75;37,533.25;18,773.25;72,750.25;232,716.75;4,355.00;152,695.50;147,830.00;54,746.25;179,065.00;38,722.75;34,704.25
Apr 18, 2020;Apr 19, 2020;108,449.25;37,772.25;57,400.50;164,605.00;197,145.50;4,450.50;155,413.00;114,648.00;56,427.50;100,364.25;30,612.75;35,079.75
Apr 19, 2020;Apr 20, 2020;108,113.00;37,174.25;80,295.75;336,693.00;214,095.25;4,025.50;146,745.50;100,884.75;55,356.75;73,560.50;23,243.75;34,809.25
Apr 20, 2020;Apr 21, 2020;107,316.75;37,866.25;87,199.25;550,362.00;254,853.25;4,063.75;147,092.00;86,969.50;46,912.00;83,756.75;46,518.00;34,387.25
Apr 21, 2020;Apr 22, 2020;106,924.75;37,149.75;104,474.75;633,019.50;256,068.00;4,053.00;147,062.00;82,873.00;42,601.50;73,937.50;41,087.50;33,466.00
Apr 22, 2020;Apr 23, 2020;109,833.25;41,304.25;109,869.00;458,193.00;264,350.50;4,201.25;152,892.50;94,382.25;42,225.00;80,266.75;43,482.00;34,640.75
Apr 23, 2020;Apr 24, 2020;110,997.75;41,048.75;23,798.00;133,094.50;258,557.75;4,055.75;156,550.00;122,551.50;56,392.00;178,949.50;39,422.50;35,241.50
Apr 24, 2020;Apr 25, 2020;110,779.25;42,279.00;73,133.00;256,705.50;222,697.25;4,102.75;155,369.50;125,604.50;43,104.00;126,554.75;27,730.25;35,351.25
Apr 25, 2020;Apr 26, 2020;112,620.00;40,315.50;38,656.00;171,716.25;215,604.75;4,542.00;154,250.50;109,876.00;36,792.00;101,861.25;33,736.25;35,375.75
Apr 26, 2020;Apr 27, 2020;112,480.50;38,380.00;9,132.25;35,889.00;240,002.75;4,505.50;156,801.75;123,171.00;45,274.50;119,189.50;28,760.00;34,702.75
Apr 27, 2020;Apr 28, 2020;110,805.50;40,857.25;25,171.00;65,222.25;227,924.50;4,276.00;156,457.75;190,895.00;46,230.25;187,135.00;32,274.25;35,285.50
Apr 28, 2020;Apr 29, 2020;108,698.00;42,681.25;9,987.00;118,805.50;149,218.75;3,865.50;157,012.25;227,741.00;54,540.00;196,905.00;29,522.00;35,284.25
Apr 29, 2020;Apr 30, 2020;110,105.25;45,009.00;24,565.25;177,967.00;117,507.50;4,213.25;156,334.50;216,748.75;51,613.25;187,052.00;31,950.75;36,527.00
Apr 30, 2020;May 1, 2020;111,626.75;42,335.75;90,118.75;349,928.25;127,231.00;4,212.25;153,952.00;134,676.25;44,382.25;116,240.50;33,573.50;35,828.50
May 1, 2020;May 2, 2020;110,530.25;43,945.50;50,212.00;354,317.75;151,646.50;4,299.50;147,513.50;103,663.25;39,365.75;73,222.25;30,337.75;34,173.75
May 2, 2020;May 3, 2020;110,011.00;43,306.00;29,239.75;318,080.00;147,049.25;4,537.00;154,237.00;102,881.00;40,797.25;71,490.50;28,068.50;34,425.00
May 3, 2020;May 4, 2020;110,145.50;43,874.50;18,032.25;124,759.75;181,104.50;4,790.50;154,931.50;115,111.00;41,569.00;87,594.00;33,406.25;35,449.00
May 4, 2020;May 5, 2020;109,866.00;43,593.50;42,257.50;129,897.75;142,031.50;4,630.25;155,976.75;208,059.25;42,952.50;173,334.00;22,934.75;37,887.00
May 5, 2020;May 6, 2020;110,457.25;43,693.50;40,920.25;198,059.50;202,113.25;4,654.00;157,554.75;189,684.25;43,346.50;170,911.00;32,319.25;37,604.00
May 6, 2020;May 7, 2020;110,637.25;45,757.50;36,351.75;199,751.50;265,402.50;4,456.25;155,043.25;178,939.75;42,161.75;166,270.00;24,848.75;37,352.25
May 7, 2020;May 8, 2020;111,249.25;46,010.75;28,177.00;110,727.25;255,302.25;4,627.75;155,079.00;186,126.50;37,954.00;196,093.25;29,975.25;37,760.25
May 8, 2020;May 9, 2020;111,567.50;44,756.00;23,131.00;43,454.50;254,733.00;4,482.50;145,781.75;202,739.25;39,180.25;186,984.25;30,022.50;38,286.25
May 9, 2020;May 10, 2020;111,365.50;43,886.50;2,730.50;66,031.25;205,068.50;4,358.25;123,668.75;125,875.75;55,650.25;155,850.00;29,414.75;39,906.75
May 10, 2020;May 11, 2020;110,471.00;46,546.75;71,908.00;176,826.00;165,063.75;4,227.00;121,415.25;106,727.50;55,969.25;79,391.25;21,392.50;32,623.50
May 11, 2020;May 12, 2020;110,210.00;47,653.50;125,162.50;515,282.75;84,405.00;4,761.50;122,053.50;102,357.25;53,738.00;103,826.25;39,267.25;37,688.00
May 12, 2020;May 13, 2020;110,971.00;50,977.75;79,484.00;214,706.00;214,633.00;4,928.50;125,236.00;141,815.25;61,353.00;172,534.25;23,682.75;38,542.50
May 13, 2020;May 14, 2020;111,642.00;51,283.00;60,992.50;112,182.75;148,600.50;4,887.00;125,410.00;205,425.00;70,634.75;218,582.00;25,393.50;38,841.00
May 14, 2020;May 15, 2020;112,149.00;51,844.50;34,965.00;174,405.75;175,555.25;4,759.75;125,213.50;189,684.75;63,315.25;203,845.50;29,317.00;38,860.25
May 15, 2020;May 16, 2020;112,469.75;51,605.25;81,827.50;213,365.75;188,043.50;4,757.00;124,361.75;155,932.75;61,733.75;163,086.00;31,404.00;38,673.00
May 16, 2020;May 17, 2020;112,211.75;50,854.75;74,663.00;216,274.50;243,460.75;4,787.00;123,416.00;110,649.00;55,032.75;102,737.50;32,443.75;38,127.50
May 17, 2020;May 18, 2020;111,496.75;46,488.00;96,145.00;220,680.25;256,069.50;4,343.00;120,387.50;96,510.75;59,174.50;79,857.50;26,348.00;36,568.25
May 18, 2020;May 19, 2020;110,089.50;45,022.75;82,948.25;202,605.75;244,779.00;4,226.00;122,293.50;133,728.25;72,097.50;136,910.25;38,825.75;37,567.50
May 19, 2020;May 20, 2020;109,711.25;48,282.75;44,127.75;149,147.00;226,525.50;4,162.25;123,405.75;162,552.00;58,140.75;185,927.75;34,513.75;36,044.50
May 20, 2020;May 21, 2020;110,206.00;50,972.00;1,246.25;42,107.75;178,835.25;4,137.00;125,797.50;213,478.50;51,378.75;221,547.00;37,687.50;37,009.50
May 21, 2020;May 22, 2020;111,879.25;46,611.00;11,825.75;49,325.00;267,283.00;3,732.00;122,698.50;111,112.25;37,173.75;142,903.00;34,267.50;37,010.25
May 22, 2020;May 23, 2020;110,872.25;45,150.75;100,166.75;217,201.25;153,784.50;3,597.75;122,517.25;96,847.50;40,603.75;128,345.50;36,293.00;35,851.00
May 23, 2020;May 24, 2020;111,494.50;45,534.00;112,963.50;324,092.50;111,574.75;3,733.75;119,765.75;87,862.00;49,526.25;79,623.00;24,484.75;30,273.50
May 24, 2020;May 25, 2020;112,097.75;40,934.50;96,288.00;418,961.75;178,861.75;3,637.50;127,459.25;87,457.50;52,469.00;58,499.75;27,503.50;25,056.75
May 25, 2020;May 26, 2020;111,862.25;48,359.50;69,366.75;338,691.00;154,247.25;3,646.50;153,156.00;127,962.50;56,262.75;151,495.25;35,032.25;31,154.50
May 26, 2020;May 27, 2020;112,110.75;46,779.25;1,421.75;43,102.25;227,358.50;3,616.50;158,560.00;197,133.00;63,885.50;227,673.25;40,629.50;34,236.75
May 27, 2020;May 28, 2020;112,010.00;45,515.00;32,700.00;96,718.25;255,194.25;3,574.50;155,279.00;147,377.25;52,560.75;211,015.25;35,117.50;34,136.75
May 28, 2020;May 29, 2020;112,369.00;43,484.25;28,430.25;230,288.50;241,719.00;3,596.00;155,477.00;126,494.00;42,684.50;197,877.75;39,860.00;37,220.25
May 29, 2020;May 30, 2020;112,656.25;44,192.75;14,103.50;129,389.25;244,916.00;3,752.25;150,944.75;133,105.00;39,952.75;195,800.25;24,146.75;34,830.00
May 30, 2020;May 31, 2020;111,614.00;40,422.25;20,645.00;230,612.00;222,912.00;3,764.25;151,752.25;84,492.50;47,811.75;79,991.25;31,655.75;31,757.75
May 31, 2020;Jun 1, 2020;110,901.25;35,195.50;54,945.25;252,241.50;238,678.75;3,711.50;158,630.25;79,848.50;55,332.00;67,439.50;28,622.75;30,566.50
Jun 1, 2020;Jun 2, 2020;110,459.75;33,821.50;58,178.00;201,277.50;290,147.75;3,494.50;180,513.25;89,923.50;43,711.75;77,672.00;28,248.50;32,150.25
Jun 2, 2020;Jun 3, 2020;109,429.50;38,190.50;15,051.50;95,300.75;275,611.00;3,450.25;187,226.75;151,050.75;55,433.00;183,596.50;32,522.75;25,071.50
Jun 3, 2020;Jun 4, 2020;108,789.75;44,028.25;76,489.75;91,407.50;232,911.00;3,440.50;187,238.00;184,304.00;42,669.25;212,514.75;37,768.75;25,240.25
Jun 4, 2020;Jun 5, 2020;109,481.00;50,074.50;88,780.25;142,009.75;101,552.50;3,504.00;188,828.50;184,353.00;55,475.25;216,542.50;34,856.00;26,852.00
Jun 5, 2020;Jun 6, 2020;111,454.25;49,358.75;65,787.25;373,514.25;140,109.25;3,710.75;187,127.00;115,299.00;35,378.25;174,911.75;27,828.50;24,632.00
Jun 6, 2020;Jun 7, 2020;108,872.50;45,795.75;121,058.75;402,458.75;163,554.75;3,837.75;178,513.25;85,032.50;31,148.00;73,936.75;28,343.25;24,092.25
Jun 7, 2020;Jun 8, 2020;104,069.50;45,101.00;45,851.25;222,535.00;132,340.00;3,663.50;186,704.75;102,913.00;34,377.25;95,567.75;23,900.75;24,760.25
Jun 8, 2020;Jun 9, 2020;104,390.50;51,900.75;15,840.75;39,562.50;180,676.50;3,550.75;189,077.00;217,996.00;37,871.50;218,377.50;27,186.50;19,396.75
Jun 9, 2020;Jun 10, 2020;103,307.50;54,631.50;2,127.00;85,117.50;128,934.25;3,453.00;189,050.50;274,682.00;70,132.75;247,790.00;26,829.00;24,370.75
Jun 10, 2020;Jun 11, 2020;102,767.00;53,640.75;18,458.50;111,600.25;114,748.00;3,497.00;188,337.25;263,839.75;52,127.50;251,220.75;30,611.50;25,398.25
Jun 11, 2020;Jun 12, 2020;101,990.00;55,684.00;111,289.25;117,266.00;126,813.00;3,570.25;186,671.25;169,300.50;29,316.75;198,278.75;18,042.00;24,638.00
Jun 12, 2020;Jun 13, 2020;101,216.00;55,505.00;102,767.25;173,107.75;249,295.75;3,388.25;177,509.00;129,158.25;28,685.50;157,841.00;21,931.75;25,262.25
Jun 13, 2020;Jun 14, 2020;99,823.50;53,015.25;98,266.25;198,404.00;221,396.75;3,399.50;151,281.75;94,857.75;33,443.25;121,202.50;20,279.50;26,793.50
Jun 14, 2020;Jun 15, 2020;100,499.25;55,973.75;74,528.75;206,342.75;87,584.00;3,405.25;153,815.00;105,625.00;29,642.25;125,537.00;28,229.00;25,415.25
Jun 15, 2020;Jun 16, 2020;100,248.25;58,840.50;33,880.00;114,017.25;138,316.25;3,348.25;155,808.00;277,236.25;54,794.50;217,888.75;28,008.00;29,540.00
Jun 16, 2020;Jun 17, 2020;98,745.00;57,373.75;4,785.25;22,598.25;162,907.75;3,299.75;156,494.75;312,014.25;73,713.50;233,443.75;28,050.25;29,992.50
Jun 17, 2020;Jun 18, 2020;100,682.25;57,172.25;19,958.25;61,694.75;187,443.50;3,343.75;155,825.75;313,158.25;77,534.25;253,163.75;19,215.00;28,336.50
Jun 18, 2020;Jun 19, 2020;107,400.25;62,160.25;30,226.25;115,743.75;171,024.75;3,409.00;155,052.75;295,747.25;70,917.25;249,865.00;22,719.00;29,548.00
Jun 19, 2020;Jun 20, 2020;107,743.25;64,216.25;9,299.25;128,704.50;153,045.00;3,573.50;137,173.50;271,673.25;44,964.00;242,734.00;23,590.50;28,612.75
Jun 20, 2020;Jun 21, 2020;106,863.75;59,699.00;17,144.75;232,591.75;170,903.75;3,606.25;125,201.25;140,146.00;34,576.00;156,587.75;26,058.50;27,148.25
Jun 21, 2020;Jun 22, 2020;106,797.00;55,305.00;27,669.00;89,358.75;226,596.25;3,515.25;122,569.25;134,379.25;30,983.25;113,744.00;24,641.25;27,205.00
Jun 22, 2020;Jun 23, 2020;106,268.00;61,709.00;13,047.50;132,824.25;226,129.75;3,369.50;126,942.75;227,300.00;52,338.00;200,359.50;28,602.25;21,651.25
Jun 23, 2020;Jun 24, 2020;106,593.00;58,899.00;9,741.50;72,021.25;278,306.25;3,296.00;127,095.25;272,810.50;49,895.50;221,662.50;24,146.50;21,096.00
Jun 24, 2020;Jun 25, 2020;107,146.25;57,264.25;16,290.25;120,122.75;267,817.75;3,425.75;126,105.00;276,059.75;71,055.00;234,845.25;21,241.50;25,941.50
Jun 25, 2020;Jun 26, 2020;107,082.00;58,068.75;57,377.75;187,518.50;231,865.50;3,401.25;126,345.50;272,868.50;67,591.50;236,932.50;24,019.50;27,383.25
Jun 26, 2020;Jun 27, 2020;107,506.50;57,040.00;43,238.25;140,000.50;248,811.25;3,458.75;126,224.75;271,620.00;63,626.75;224,729.75;26,694.75;28,815.75
Jun 27, 2020;Jun 28, 2020;106,505.75;58,867.00;18,671.75;148,458.75;226,853.50;3,379.75;125,971.50;182,361.00;39,510.25;178,741.75;21,791.25;28,233.25
Jun 28, 2020;Jun 29, 2020;106,580.00;57,589.50;73,427.25;235,077.50;163,842.50;3,339.50;121,413.50;140,542.00;37,285.25;110,584.75;28,909.25;21,185.50
Jun 29, 2020;Jun 30, 2020;107,229.00;58,206.25;90,939.25;242,212.75;191,165.00;3,409.50;121,117.25;182,191.50;40,745.50;192,477.00;23,796.25;21,160.00
Jun 30, 2020;Jul 1, 2020;105,760.00;61,796.75;81,381.25;462,220.00;207,625.00;3,445.25;117,938.25;144,399.75;52,481.50;156,050.25;35,965.00;26,607.50
Jul 1, 2020;Jul 2, 2020;107,074.25;64,587.00;45,249.75;280,021.00;201,469.75;3,515.25;126,650.00;225,167.50;48,553.50;206,715.25;25,015.25;23,297.50
Jul 2, 2020;Jul 3, 2020;106,149.50;64,784.50;17,269.25;162,583.00;177,169.50;3,836.25;127,219.50;244,313.75;58,885.75;225,223.25;34,203.25;23,967.25
Jul 3, 2020;Jul 4, 2020;105,402.25;61,833.00;49,866.25;189,953.50;203,375.50;3,550.25;127,394.50;219,795.50;35,447.25;216,843.50;35,119.25;24,939.00
Jul 4, 2020;Jul 5, 2020;104,085.50;57,383.75;129,228.50;474,303.75;207,798.75;3,559.00;112,749.00;94,174.75;23,040.25;78,798.25;34,832.50;26,224.50
Jul 5, 2020;Jul 6, 2020;103,168.50;50,414.75;97,994.25;552,031.75;167,605.50;3,455.25;99,024.75;95,346.50;23,671.00;57,952.25;34,776.00;26,087.75
Jul 6, 2020;Jul 7, 2020;103,775.75;59,072.25;123,497.25;551,159.25;204,069.25;3,337.25;117,895.00;120,042.75;46,540.00;103,693.75;26,315.25;27,388.00
Jul 7, 2020;Jul 8, 2020;104,786.50;58,105.50;93,052.50;218,459.75;221,266.50;3,354.00;127,656.25;188,245.50;43,518.75;213,482.75;31,028.25;27,432.00
Jul 8, 2020;Jul 9, 2020;105,835.00;60,212.00;32,252.25;103,199.75;144,247.50;3,343.00;128,079.00;256,099.50;79,833.25;238,071.00;34,066.75;27,686.50
Jul 9, 2020;Jul 10, 2020;104,356.00;58,698.25;9,649.00;156,874.25;165,810.50;3,385.00;127,326.25;261,796.25;87,703.50;232,733.25;22,673.50;27,852.75
Jul 10, 2020;Jul 11, 2020;103,805.50;55,252.25;54,343.00;297,950.75;168,087.25;3,548.00;117,099.25;227,168.00;58,140.75;228,488.00;29,717.50;30,915.50
Jul 11, 2020;Jul 12, 2020;102,648.25;53,913.00;59,147.75;137,019.75;193,485.75;3,629.75;103,088.00;166,990.75;43,255.25;209,227.75;22,335.50;35,006.00
Jul 12, 2020;Jul 13, 2020;103,247.75;52,096.25;35,087.25;91,636.75;242,803.50;3,472.50;115,316.00;135,494.50;46,350.00;177,074.25;29,224.00;34,686.50
Jul 13, 2020;Jul 14, 2020;103,208.25;53,341.50;22,020.00;46,016.75;269,600.50;3,407.75;118,596.00;226,480.00;56,732.75;227,168.25;26,099.25;32,408.75
Jul 14, 2020;Jul 15, 2020;105,630.25;51,294.75;27,792.00;83,111.25;211,751.00;3,451.50;117,096.00;255,151.00;69,623.50;238,887.50;23,847.75;32,886.25
Jul 15, 2020;Jul 16, 2020;105,847.25;55,313.00;5,411.75;50,711.00;126,796.75;3,577.50;121,412.75;267,257.00;105,591.25;244,504.50;32,493.75;32,465.00
Jul 16, 2020;Jul 17, 2020;106,484.50;55,649.25;4,289.25;48,841.75;106,438.00;3,526.25;136,935.75;271,944.25;128,650.50;221,414.75;33,223.50;31,424.25
Jul 17, 2020;Jul 18, 2020;106,917.50;56,243.50;5,770.00;43,369.75;179,032.25;3,529.75;156,240.00;275,753.00;79,164.75;229,423.25;28,915.75;27,081.75
Jul 18, 2020;Jul 19, 2020;105,591.50;54,131.25;18,353.25;14,137.75;215,962.25;3,575.25;146,166.75;200,987.75;47,972.00;206,058.25;19,576.75;33,233.00
Jul 19, 2020;Jul 20, 2020;103,745.00;49,120.75;15,856.75;53,098.25;227,358.25;3,462.25;153,452.75;165,859.75;38,910.25;186,313.50;26,807.25;33,949.00
Jul 20, 2020;Jul 21, 2020;104,472.25;51,502.75;27,165.25;125,729.00;214,164.25;3,770.25;154,424.75;242,463.25;40,593.75;217,244.50;25,986.25;35,644.25
Jul 21, 2020;Jul 22, 2020;105,080.00;50,125.50;36,094.75;119,876.75;236,680.50;3,974.75;154,751.75;238,519.25;40,742.25;234,480.25;25,294.25;36,213.25
Jul 22, 2020;Jul 23, 2020;105,524.00;52,855.25;19,060.25;71,569.50;240,742.00;4,019.25;156,148.00;255,100.00;42,657.75;238,552.50;26,857.75;37,737.00
Jul 23, 2020;Jul 24, 2020;105,816.25;51,503.50;49,884.25;43,399.25;237,812.25;3,689.50;155,349.50;256,522.00;48,917.50;238,513.25;31,404.25;36,552.00
Jul 24, 2020;Jul 25, 2020;105,312.75;52,666.00;42,019.00;209,360.25;181,547.50;3,526.25;155,439.25;225,801.25;30,605.25;229,460.50;26,018.00;29,438.75
Jul 25, 2020;Jul 26, 2020;103,899.25;49,476.50;52,658.75;95,876.50;183,656.75;3,442.75;155,085.25;165,660.25;27,340.25;199,332.75;23,542.75;39,580.50
Jul 26, 2020;Jul 27, 2020;103,896.50;43,032.75;81,561.25;252,359.50;166,229.00;3,415.25;152,769.50;136,511.75;25,710.25;145,499.00;30,519.00;38,838.50
Jul 27, 2020;Jul 28, 2020;105,082.25;47,776.75;73,488.50;126,192.50;198,057.00;3,389.50;154,602.75;195,136.75;39,459.00;228,210.50;21,863.50;36,572.00
Jul 28, 2020;Jul 29, 2020;104,311.75;45,676.75;130,249.75;413,436.25;196,966.50;3,479.00;149,050.50;128,004.00;44,245.25;180,817.50;35,684.25;28,862.50
Jul 29, 2020;Jul 30, 2020;103,583.75;48,637.50;128,824.75;288,109.00;237,133.25;3,536.00;152,749.50;156,190.50;52,926.25;176,009.00;36,656.75;34,851.25
Jul 30, 2020;Jul 31, 2020;104,887.75;48,034.00;52,151.00;99,336.25;258,803.75;3,531.25;155,255.50;219,729.50;32,872.00;238,195.75;30,869.00;36,341.25
Jul 31, 2020;Aug 1, 2020;102,438.00;48,001.50;26,232.75;61,979.50;261,015.75;3,394.75;154,916.00;249,222.75;31,971.00;221,797.75;30,880.00;36,142.75
Aug 1, 2020;Aug 2, 2020;102,636.25;44,793.50;73,061.75;153,997.00;212,488.00;3,172.00;153,856.25;208,372.50;31,216.50;184,579.25;29,313.00;36,697.00
Aug 2, 2020;Aug 3, 2020;102,726.25;44,306.25;32,436.75;98,493.75;117,754.00;3,283.25;144,780.25;213,527.75;31,892.50;194,283.00;26,492.75;33,665.75
Aug 3, 2020;Aug 4, 2020;104,460.75;53,014.00;9,682.75;74,464.00;137,928.75;3,364.00;143,040.50;277,045.25;47,582.25;246,779.75;22,766.00;36,650.50
Aug 4, 2020;Aug 5, 2020;104,203.25;49,666.50;19,372.50;64,875.00;154,792.75;3,368.50;150,286.50;281,337.50;47,697.00;251,607.25;28,609.00;36,372.50
Aug 5, 2020;Aug 6, 2020;103,112.25;49,470.00;93,755.75;131,893.50;250,374.00;3,325.75;176,955.75;220,275.00;44,494.00;220,649.25;37,806.50;35,446.75
Aug 6, 2020;Aug 7, 2020;103,745.50;54,699.50;26,680.75;95,375.75;258,907.00;3,183.00;186,844.50;255,828.00;43,904.25;229,331.75;32,988.25;32,834.75
Aug 7, 2020;Aug 8, 2020;103,008.00;57,808.25;12,639.00;64,290.50;249,717.00;3,020.25;186,986.75;253,859.50;45,548.50;229,077.50;36,866.00;31,990.75
Aug 8, 2020;Aug 9, 2020;101,718.00;53,313.50;7,943.50;50,570.75;241,187.50;2,808.50;185,855.50;239,912.50;43,007.50;196,409.75;29,400.50;32,184.50
Aug 9, 2020;Aug 10, 2020;101,513.25;48,795.50;35,336.50;94,675.75;214,096.25;2,651.75;185,023.50;214,335.00;42,785.50;156,900.50;29,699.25;32,479.75
Aug 10, 2020;Aug 11, 2020;101,986.50;53,320.50;62,432.50;134,819.75;202,383.00;2,655.25;185,802.00;311,651.25;67,813.25;198,405.75;32,785.25;33,481.50
Aug 11, 2020;Aug 12, 2020;101,534.00;53,348.75;84,298.50;212,828.25;216,377.00;2,802.50;185,057.25;298,645.50;74,484.25;204,009.00;32,787.50;33,631.00
Aug 12, 2020;Aug 13, 2020;102,876.25;49,164.50;96,000.75;201,101.75;223,740.25;2,891.75;182,973.00;291,964.25;74,399.75;188,797.75;32,508.50;33,707.25
Aug 13, 2020;Aug 14, 2020;104,391.75;52,273.75;77,241.50;136,987.00;147,981.00;2,941.50;185,540.75;281,602.25;95,642.75;193,705.50;35,924.00;32,982.75
Aug 14, 2020;Aug 15, 2020;103,424.75;53,224.50;29,709.25;58,117.75;142,107.00;3,083.50;186,699.25;278,092.50;104,946.50;202,909.75;32,910.00;34,723.75
Aug 15, 2020;Aug 16, 2020;102,781.00;49,600.75;28,302.75;32,195.25;161,984.00;3,197.50;186,872.00;238,639.00;60,717.25;180,522.00;23,920.00;34,124.75
Aug 16, 2020;Aug 17, 2020;102,617.00;43,280.75;23,311.75;107,760.50;219,668.00;3,063.50;185,797.75;197,272.25;61,919.25;149,953.75;24,773.75;34,494.25
Aug 17, 2020;Aug 18, 2020;103,594.25;51,396.75;14,439.00;103,100.75;150,081.75;3,218.75;186,995.75;295,202.00;98,958.75;200,287.50;37,584.25;34,064.50
Aug 18, 2020;Aug 19, 2020;103,007.75;50,897.75;9,104.75;73,666.50;166,961.00;3,232.50;186,851.00;311,950.50;116,476.25;212,921.75;32,685.50;31,812.00
Aug 19, 2020;Aug 20, 2020;102,065.00;47,534.25;19,290.75;43,196.50;213,782.75;3,299.75;187,633.00;310,810.25;98,455.75;213,153.75;30,362.50;31,494.00
Aug 20, 2020;Aug 21, 2020;99,865.75;46,969.00;53,649.50;141,378.00;193,666.25;3,220.25;186,290.75;294,333.00;83,025.00;198,805.50;36,158.50;31,676.00
Aug 21, 2020;Aug 22, 2020;99,560.50;44,772.50;101,812.50;251,970.00;187,803.75;3,159.25;181,616.25;248,247.75;54,327.25;170,349.75;30,823.25;29,721.50
Aug 22, 2020;Aug 23, 2020;100,434.25;42,142.75;124,611.25;307,372.00;122,561.50;3,301.75;185,138.50;149,391.75;43,311.50;105,058.00;25,906.00;30,386.50
Aug 23, 2020;Aug 24, 2020;102,459.50;43,861.00;86,778.50;378,078.00;158,777.50;3,379.50;177,423.75;128,560.00;45,203.00;89,152.25;26,984.00;30,744.75
Aug 24, 2020;Aug 25, 2020;103,666.50;41,174.25;22,417.25;204,393.75;146,610.50;3,408.75;188,780.00;268,315.25;118,553.50;189,509.75;24,421.25;31,289.75
Aug 25, 2020;Aug 26, 2020;103,041.00;43,516.00;72,951.00;211,159.50;160,371.00;3,465.00;186,847.25;298,839.50;102,480.75;188,908.75;22,159.00;30,928.75
Aug 26, 2020;Aug 27, 2020;101,357.00;38,853.25;99,141.75;819,986.00;138,264.50;3,416.50;168,520.00;114,352.00;51,042.75;72,556.00;21,356.25;29,682.50
Aug 27, 2020;Aug 28, 2020;102,924.00;39,983.25;37,034.25;302,703.25;158,365.75;3,372.50;188,684.25;257,704.50;118,733.25;172,525.75;25,871.25;32,923.75
Aug 28, 2020;Aug 29, 2020;103,870.50;41,244.00;88,748.50;238,662.25;130,633.00;3,483.50;188,426.00;298,928.00;68,239.00;183,059.50;24,733.75;32,730.75
Aug 29, 2020;Aug 30, 2020;103,526.25;44,789.50;40,829.00;170,636.25;122,978.75;3,502.00;189,292.50;246,323.75;50,056.50;150,221.25;19,030.00;32,630.25
Aug 30, 2020;Aug 31, 2020;103,271.25;45,108.25;64,146.50;85,234.75;90,544.50;3,423.25;189,095.25;234,903.00;47,930.50;150,737.50;23,119.75;31,247.00
Aug 31, 2020;Sep 1, 2020;103,062.25;53,314.25;31,346.75;92,732.25;120,181.50;3,532.75;189,804.25;294,044.75;155,027.50;192,842.00;27,676.25;31,826.25
Sep 1, 2020;Sep 2, 2020;103,359.25;56,157.50;17,024.00;69,638.50;130,627.00;4,119.50;189,973.25;314,709.75;182,621.00;212,794.50;28,317.25;33,764.50
Sep 2, 2020;Sep 3, 2020;103,970.75;57,349.00;15,242.00;41,254.75;172,294.25;4,261.25;190,327.50;323,726.50;175,644.25;209,403.00;31,080.00;32,163.00
Sep 3, 2020;Sep 4, 2020;103,983.75;55,627.25;84,862.00;237,365.00;156,758.25;4,204.00;189,588.25;303,394.25;115,383.75;194,980.00;25,988.50;32,048.00
Sep 4, 2020;Sep 5, 2020;104,016.00;55,351.25;77,673.25;227,137.50;155,906.25;3,948.50;188,240.50;278,066.00;91,944.25;184,786.50;35,907.00;31,856.50
Sep 5, 2020;Sep 6, 2020;104,806.25;48,691.50;108,132.25;174,547.00;122,861.75;4,155.50;188,524.75;254,517.75;72,064.00;98,578.25;21,979.75;33,273.00
Sep 6, 2020;Sep 7, 2020;104,600.25;45,454.25;46,414.50;134,990.00;148,949.25;3,941.75;189,868.25;224,966.75;73,438.75;108,606.75;26,432.00;33,136.25
Sep 7, 2020;Sep 8, 2020;104,219.25;51,489.25;55,616.00;77,490.25;182,116.25;4,107.00;190,130.25;283,147.25;128,953.25;176,748.00;21,777.25;33,149.00
Sep 8, 2020;Sep 9, 2020;103,133.75;51,745.50;81,643.00;286,806.75;175,737.25;4,072.25;189,566.25;263,179.75;113,922.00;165,847.25;32,343.50;31,890.00
Sep 9, 2020;Sep 10, 2020;104,247.50;51,981.00;122,455.25;232,561.00;173,150.75;3,892.00;188,590.25;289,939.50;107,329.25;185,556.25;28,583.00;32,643.00
Sep 10, 2020;Sep 11, 2020;105,552.75;52,042.50;42,984.00;109,218.75;163,382.75;4,031.50;189,530.00;303,493.00;187,568.75;210,844.75;29,006.50;34,249.75
Sep 11, 2020;Sep 12, 2020;105,789.50;48,391.50;71,590.75;49,041.50;185,765.75;4,074.75;189,290.25;307,797.50;176,353.25;208,850.75;21,189.75;33,812.00
Sep 12, 2020;Sep 13, 2020;104,709.00;44,848.75;102,476.50;225,648.25;187,772.25;3,795.25;184,024.75;196,169.00;71,400.75;127,078.00;25,765.00;32,099.75
Sep 13, 2020;Sep 14, 2020;103,958.25;42,042.75;109,985.50;166,011.00;198,044.50;3,590.50;182,365.75;179,782.75;59,844.00;116,496.25;21,897.00;31,553.00
Sep 14, 2020;Sep 15, 2020;102,704.25;45,504.75;20,353.00;70,146.00;202,979.75;3,877.75;188,122.00;272,633.25;192,976.00;189,768.75;30,879.50;35,918.25
Sep 15, 2020;Sep 16, 2020;102,553.00;51,518.75;4,706.50;62,873.50;196,976.75;3,817.25;187,706.50;262,607.00;227,370.50;203,731.50;40,485.50;35,781.00
Sep 16, 2020;Sep 17, 2020;103,024.00;45,516.50;72,508.75;146,749.50;163,043.50;3,674.00;186,886.25;258,055.50;210,308.25;191,905.50;22,046.00;33,922.50
Sep 17, 2020;Sep 18, 2020;104,111.00;42,368.25;59,242.50;252,697.25;173,135.75;3,686.50;187,697.50;256,275.25;157,513.25;179,100.25;24,933.50;34,981.25
Sep 18, 2020;Sep 19, 2020;105,682.00;39,099.00;27,441.25;228,369.00;205,027.00;3,894.00;189,615.50;269,508.00;108,907.50;178,284.50;23,464.00;36,058.50
Sep 19, 2020;Sep 20, 2020;105,912.00;35,199.75;53,192.50;201,116.00;194,395.00;4,023.75;161,965.00;222,338.00;56,363.75;166,003.00;23,095.75;36,746.25
Sep 20, 2020;Sep 21, 2020;105,768.75;33,742.00;23,371.25;144,457.75;198,712.25;3,903.25;158,548.00;227,422.50;68,978.00;156,070.25;21,243.25;36,345.00
Sep 21, 2020;Sep 22, 2020;106,321.25;37,187.75;2,621.75;50,896.25;192,067.50;4,029.75;158,639.50;267,769.00;179,385.50;216,819.00;23,675.25;37,497.75
Sep 22, 2020;Sep 23, 2020;104,691.75;42,780.50;4,179.25;30,107.50;177,942.50;3,900.50;158,017.75;265,773.50;207,691.50;236,576.25;36,504.75;34,465.00
Sep 23, 2020;Sep 24, 2020;105,559.75;43,243.75;67,358.25;145,323.00;121,128.75;3,915.25;157,882.00;264,751.25;165,215.00;228,497.50;27,845.00;33,445.00
Sep 24, 2020;Sep 25, 2020;104,946.25;41,537.50;120,019.50;398,132.00;132,279.25;4,429.75;155,925.00;217,236.50;85,800.50;178,432.50;37,321.50;36,655.00
Sep 25, 2020;Sep 26, 2020;107,126.00;44,506.75;67,928.25;256,826.75;64,265.00;4,694.50;155,568.25;232,985.00;97,905.00;193,060.50;28,293.00;35,659.25
Sep 26, 2020;Sep 27, 2020;107,022.50;48,623.25;63,861.50;304,143.75;36,301.00;4,707.50;160,317.00;189,547.75;36,602.25;130,348.50;18,145.25;35,605.25
Sep 27, 2020;Sep 28, 2020;101,533.25;47,523.00;83,749.50;135,421.00;96,248.50;4,519.25;159,182.75;210,886.00;49,538.00;124,041.00;25,204.25;35,364.75
Sep 28, 2020;Sep 29, 2020;101,049.25;49,835.25;21,378.75;57,032.25;110,602.50;4,490.50;160,217.75;309,936.75;187,908.25;196,723.75;28,746.75;35,956.50
Sep 29, 2020;Sep 30, 2020;103,343.75;50,347.00;20,499.75;54,647.25;87,950.50;4,478.00;159,726.50;310,527.00;237,148.00;225,338.25;27,535.00;35,881.25
Sep 30, 2020;Oct 1, 2020;103,055.00;48,953.50;59,470.25;45,506.00;115,529.50;4,153.00;159,300.50;321,177.75;245,818.75;208,494.25;29,147.25;36,139.00
Oct 1, 2020;Oct 2, 2020;103,982.50;49,677.00;129,135.75;209,879.50;116,610.75;4,388.75;159,152.25;303,302.75;135,519.00;221,024.25;38,693.00;36,461.50
Oct 2, 2020;Oct 3, 2020;104,522.00;45,865.25;87,175.00;349,456.25;100,783.50;4,523.25;158,302.25;263,518.00;89,449.25;179,781.25;25,916.50;36,944.75
Oct 3, 2020;Oct 4, 2020;103,597.75;50,167.00;144,970.50;431,038.25;80,090.75;4,547.75;157,518.00;135,433.00;36,816.25;100,416.25;32,980.50;35,930.00
Oct 4, 2020;Oct 5, 2020;103,854.00;46,788.75;120,134.25;439,881.25;127,449.50;4,187.25;148,260.75;115,961.75;34,586.25;91,826.75;30,990.00;34,042.25
Oct 5, 2020;Oct 6, 2020;105,007.50;50,321.00;138,921.25;370,076.25;74,776.75;4,182.00;158,607.25;245,977.00;75,580.75;193,209.75;26,566.50;36,356.25
Oct 6, 2020;Oct 7, 2020;104,875.50;48,502.50;103,452.25;513,984.50;64,506.25;4,348.25;158,676.00;271,029.75;80,014.50;166,966.00;30,763.50;36,628.25
Oct 7, 2020;Oct 8, 2020;104,786.25;51,223.50;91,918.00;395,196.00;72,760.75;4,343.00;159,525.25;308,698.25;93,620.25;182,112.75;30,114.25;38,162.25
Oct 8, 2020;Oct 9, 2020;104,741.00;47,258.25;135,958.00;574,019.75;74,500.50;4,274.00;157,164.50;261,814.75;70,506.50;138,600.75;28,083.25;41,327.00
Oct 9, 2020;Oct 10, 2020;105,155.25;48,320.25;98,177.50;222,627.25;76,942.50;4,410.25;158,585.00;318,813.75;110,852.50;220,827.00;34,731.25;35,002.25
Oct 10, 2020;Oct 11, 2020;103,306.25;44,976.50;91,855.00;314,544.50;71,766.75;4,478.75;159,844.00;320,941.00;55,401.00;119,401.75;24,072.25;38,080.50
Oct 11, 2020;Oct 12, 2020;104,148.25;44,386.25;106,233.50;213,685.25;87,979.75;4,517.25;160,261.50;298,197.00;59,517.25;119,346.75;26,442.25;38,218.00
Oct 12, 2020;Oct 13, 2020;107,602.00;49,941.50;42,176.25;68,115.50;73,268.25;4,821.50;160,556.25;370,393.50;238,665.25;243,468.50;29,350.75;39,426.25
Oct 13, 2020;Oct 14, 2020;109,204.00;45,649.25;52,089.75;97,643.50;89,534.75;4,784.00;160,945.25;368,012.50;228,869.50;254,195.00;25,641.75;38,167.50
Oct 14, 2020;Oct 15, 2020;109,416.50;44,519.75;123,300.00;490,781.75;44,444.75;4,421.25;160,563.50;317,559.50;135,611.75;170,845.00;33,538.00;38,029.00
Oct 15, 2020;Oct 16, 2020;109,739.00;45,227.75;101,326.75;318,087.25;33,201.00;4,576.00;160,612.25;337,193.00;186,004.75;238,482.75;30,625.50;38,301.00
Oct 16, 2020;Oct 17, 2020;111,320.25;46,176.00;18,269.50;142,691.25;45,011.50;4,896.00;160,759.00;350,056.50;236,325.25;278,419.25;27,264.00;39,224.00
Oct 17, 2020;Oct 18, 2020;111,397.50;44,768.75;14,693.75;40,522.00;55,233.50;4,698.25;160,460.00;351,603.75;155,417.25;236,654.75;21,730.25;39,646.00
Oct 18, 2020;Oct 19, 2020;111,127.75;42,624.25;85,523.50;283,041.75;70,019.25;4,503.25;159,963.50;300,539.25;75,134.50;129,965.00;28,067.25;38,216.00
Oct 19, 2020;Oct 20, 2020;111,107.50;42,471.75;48,455.75;130,056.50;80,327.25;4,811.00;160,792.00;382,393.00;189,240.75;261,050.75;32,932.50;39,068.00
Oct 20, 2020;Oct 21, 2020;109,714.75;39,960.00;110,049.25;391,982.50;72,833.75;4,682.25;160,510.25;353,796.25;143,007.50;162,753.00;32,821.00;38,935.75
Oct 21, 2020;Oct 22, 2020;110,253.75;38,769.00;91,492.00;500,383.00;56,764.00;4,549.25;156,919.50;321,797.75;116,396.50;144,157.75;30,836.00;39,082.75
Oct 22, 2020;Oct 23, 2020;110,125.75;38,856.00;136,708.75;525,521.50;85,527.25;4,124.00;153,886.50;304,987.50;109,869.75;155,440.75;25,730.75;38,768.75
Oct 23, 2020;Oct 24, 2020;111,058.00;40,784.25;102,612.50;215,131.25;41,691.75;4,278.25;176,134.50;365,577.50;196,584.25;223,055.00;30,580.25;33,434.50
Oct 24, 2020;Oct 25, 2020;111,571.25;42,592.00;120,555.50;421,175.00;74,522.50;3,985.25;190,377.50;193,726.25;42,404.50;98,095.25;20,751.25;36,213.25
Oct 25, 2020;Oct 26, 2020;115,679.75;43,319.50;141,164.50;482,956.00;81,120.00;4,143.00;183,393.50;179,976.75;30,896.25;91,159.75;31,241.25;31,240.00
Oct 26, 2020;Oct 27, 2020;110,785.25;41,139.00;106,342.00;263,603.00;24,548.50;4,176.75;191,202.00;344,591.00;112,625.25;185,253.25;27,705.75;39,055.00
Oct 27, 2020;Oct 28, 2020;110,859.50;46,184.00;133,358.25;497,062.75;61,886.25;4,299.00;191,774.50;325,398.25;80,984.00;156,210.75;28,238.00;37,606.50
Oct 28, 2020;Oct 29, 2020;110,007.25;45,891.75;126,722.00;550,388.50;59,781.50;4,157.25;189,213.50;311,644.25;73,499.00;139,645.25;27,301.75;37,423.75
Oct 29, 2020;Oct 30, 2020;110,230.50;45,605.75;112,986.00;560,315.00;51,510.00;4,290.00;188,670.00;310,430.00;71,173.75;158,275.25;25,985.00;34,139.75
Oct 30, 2020;Oct 31, 2020;109,211.25;48,853.75;101,637.00;537,097.50;21,802.75;4,424.50;171,581.25;311,935.75;66,512.75;141,868.50;23,949.50;41,200.75
Oct 31, 2020;Nov 1, 2020;104,581.00;47,434.50;75,457.50;248,653.25;72,026.50;4,240.00;160,997.25;298,355.75;36,394.25;121,148.00;16,608.75;40,380.75
Nov 1, 2020;Nov 2, 2020;104,252.00;45,006.00;132,068.75;472,507.00;28,483.75;3,963.00;157,596.25;108,754.50;32,439.75;90,792.75;23,415.75;39,321.25
Nov 2, 2020;Nov 3, 2020;102,184.00;43,545.75;137,653.00;725,414.25;47,711.75;3,873.50;143,841.00;187,874.50;61,709.25;116,039.25;34,922.25;39,148.75
Nov 3, 2020;Nov 4, 2020;103,038.50;47,226.75;123,456.75;361,260.25;54,480.00;4,142.25;155,817.00;297,868.25;130,850.75;200,649.00;32,682.25;38,337.25
Nov 4, 2020;Nov 5, 2020;104,032.25;48,595.50;110,663.25;272,126.25;65,823.25;4,448.50;159,256.25;348,659.50;181,076.75;247,573.75;30,382.75;39,378.75
Nov 5, 2020;Nov 6, 2020;104,498.75;47,234.00;103,771.50;235,872.50;89,900.25;4,521.75;160,853.50;367,676.25;168,905.75;253,365.25;29,748.00;37,636.00
Nov 6, 2020;Nov 7, 2020;108,075.00;45,002.00;22,763.25;141,792.00;77,392.25;4,716.25;162,955.00;360,518.50;192,821.00;261,705.00;28,965.50;37,568.25
Nov 7, 2020;Nov 8, 2020;113,103.25;42,301.75;17,561.75;124,832.00;93,949.50;4,799.00;163,327.25;349,279.25;96,903.00;193,211.50;26,924.00;36,908.25
Nov 8, 2020;Nov 9, 2020;112,624.50;39,452.50;28,397.75;78,004.75;77,813.75;4,956.75;163,413.75;359,898.75;102,331.50;169,857.25;28,742.50;35,984.00
Nov 9, 2020;Nov 10, 2020;108,666.00;41,885.75;27,314.50;69,365.25;54,917.25;5,137.00;163,630.00;367,960.50;259,334.25;291,737.00;34,564.75;38,371.50
Nov 10, 2020;Nov 11, 2020;112,909.75;43,594.75;20,905.25;59,858.00;33,883.00;5,107.75;163,933.25;378,478.25;284,893.00;330,725.75;35,060.25;37,740.25
Nov 11, 2020;Nov 12, 2020;111,334.75;41,752.25;27,982.50;38,568.50;22,231.75;5,208.75;163,402.75;385,892.50;254,553.25;329,464.25;35,538.25;38,550.25
Nov 12, 2020;Nov 13, 2020;108,891.50;39,883.50;98,606.25;247,628.00;39,616.25;5,336.25;162,852.75;365,698.50;183,306.25;245,395.75;27,150.25;36,208.50
Nov 13, 2020;Nov 14, 2020;109,674.25;38,579.25;73,972.25;237,324.00;58,064.25;5,184.25;162,859.25;377,458.75;174,172.25;259,754.00;25,812.00;36,629.25
Nov 14, 2020;Nov 15, 2020;110,027.50;37,523.25;75,473.50;255,468.50;70,228.50;4,702.25;160,958.00;313,159.50;68,798.50;173,151.00;14,638.25;35,329.50
Nov 15, 2020;Nov 16, 2020;108,614.00;33,932.75;138,872.75;590,632.00;66,227.50;4,420.00;150,425.25;103,972.50;41,364.25;111,712.00;26,781.50;33,428.75
Nov 16, 2020;Nov 17, 2020;108,476.00;37,885.25;136,509.75;551,906.00;41,229.50;4,795.75;154,565.25;251,732.25;93,068.50;170,569.00;24,325.25;35,555.00
Nov 17, 2020;Nov 18, 2020;108,796.75;37,429.75;135,161.50;460,995.00;37,238.50;4,679.50;154,997.50;334,354.00;117,851.25;210,044.50;25,937.25;36,147.75
Nov 18, 2020;Nov 19, 2020;106,300.00;35,565.25;143,403.00;396,745.50;70,571.25;4,558.00;155,609.75;336,371.75;97,711.00;190,008.75;30,656.50;36,107.25
Nov 19, 2020;Nov 20, 2020;109,473.50;34,595.75;113,758.25;670,118.00;25,106.00;4,658.75;152,456.50;262,745.25;96,259.25;151,515.00;29,965.75;33,655.75
Nov 20, 2020;Nov 21, 2020;110,684.25;38,841.50;88,603.25;250,014.50;51,354.25;5,109.50;161,338.75;349,587.00;151,978.00;274,727.75;28,538.25;36,363.25
Nov 21, 2020;Nov 22, 2020;109,064.50;35,120.50;111,846.50;563,543.00;50,461.50;5,291.50;150,637.75;198,225.00;77,030.25;164,535.00;19,629.50;35,431.75
Nov 22, 2020;Nov 23, 2020;109,195.25;30,111.25;128,268.75;467,518.75;45,217.00;5,095.50;150,554.50;236,932.00;91,118.75;162,876.00;28,136.00;34,934.50
Nov 23, 2020;Nov 24, 2020;109,762.50;35,288.00;135,481.75;325,825.50;44,120.75;5,036.75;158,155.25;359,297.25;194,681.50;298,791.00;28,225.00;27,625.00
Nov 24, 2020;Nov 25, 2020;109,177.50;39,448.00;126,949.25;266,060.75;35,956.00;5,182.25;152,502.50;383,530.50;232,756.25;309,356.00;31,367.25;28,097.00
Nov 25, 2020;Nov 26, 2020;110,265.00;38,940.50;83,262.75;208,739.50;40,715.25;5,360.75;156,250.00;366,038.25;292,015.75;337,049.50;31,943.50;36,396.50
Nov 26, 2020;Nov 27, 2020;110,826.00;39,800.25;41,494.00;139,176.00;25,073.50;5,260.75;163,406.25;381,339.50;299,517.75;370,231.25;34,525.00;38,863.75
Nov 27, 2020;Nov 28, 2020;111,608.25;37,403.25;19,208.50;38,497.00;33,990.75;5,441.50;164,402.50;397,439.00;318,424.00;364,814.00;30,516.50;37,571.00
Nov 28, 2020;Nov 29, 2020;111,385.75;32,808.25;55,021.25;114,964.50;26,876.50;5,434.25;164,555.00;366,426.50;193,129.00;318,203.25;22,275.25;37,736.75
Nov 29, 2020;Nov 30, 2020;110,399.50;31,740.75;22,860.50;83,118.75;40,761.25;5,263.25;168,833.50;318,445.25;188,227.50;299,337.75;26,064.50;37,392.75
Nov 30, 2020;Dec 1, 2020;110,635.50;32,714.50;91,982.50;189,582.00;46,622.50;5,133.75;179,187.25;353,873.50;288,337.25;332,630.50;27,164.25;39,663.25
Dec 1, 2020;Dec 2, 2020;109,793.25;34,822.75;68,546.50;120,925.25;9,000.25;5,273.50;182,638.25;358,502.00;308,259.50;342,265.75;37,590.50;32,748.25
Dec 2, 2020;Dec 3, 2020;110,516.75;40,152.75;36,379.00;60,584.75;18,459.75;5,171.75;190,539.00;382,114.75;323,474.50;365,528.00;36,241.25;33,044.25
Dec 3, 2020;Dec 4, 2020;109,513.00;36,286.00;128,249.00;343,543.00;13,312.25;5,295.75;182,023.25;348,677.50;210,510.75;329,059.25;27,701.00;35,356.50
Dec 4, 2020;Dec 5, 2020;108,869.00;32,933.50;129,601.50;446,336.00;20,901.25;5,403.25;178,677.25;330,148.50;156,869.50;287,278.50;28,626.75;37,895.75
Dec 5, 2020;Dec 6, 2020;110,131.75;30,567.50;57,281.50;182,096.00;23,598.50;5,489.75;194,603.75;359,740.00;180,167.50;306,189.00;19,324.25;37,655.75
Dec 6, 2020;Dec 7, 2020;109,639.00;33,596.50;47,513.25;183,728.25;16,028.25;5,205.75;190,886.25;355,348.50;153,497.50;295,401.75;22,471.75;37,925.75
Dec 7, 2020;Dec 8, 2020;109,397.25;35,491.25;99,380.00;261,711.50;17,002.75;5,169.50;185,727.75;367,355.25;236,969.75;324,838.25;28,351.25;37,933.00
Dec 8, 2020;Dec 9, 2020;108,614.00;35,436.75;30,024.25;118,292.25;32,690.00;5,191.00;195,707.50;389,553.50;312,065.00;336,710.75;26,056.00;38,635.75
Dec 9, 2020;Dec 10, 2020;109,397.50;37,737.25;40,839.75;68,075.75;8,210.50;5,247.25;195,832.50;388,163.75;335,755.00;363,900.00;33,043.00;40,508.00
Dec 10, 2020;Dec 11, 2020;110,685.25;40,925.50;34,536.75;43,482.50;8,140.25;5,303.75;195,700.75;381,854.00;306,936.75;364,866.25;38,772.00;40,524.00
Dec 11, 2020;Dec 12, 2020;111,701.25;35,125.25;126,314.50;279,475.75;14,133.00;5,530.50;189,551.75;352,316.50;204,361.25;331,594.00;32,176.00;39,750.75
Dec 12, 2020;Dec 13, 2020;111,422.50;34,638.50;68,365.25;154,298.00;12,798.75;5,464.75;191,138.25;350,818.25;161,585.00;277,009.00;26,024.25;39,275.50
Dec 13, 2020;Dec 14, 2020;111,222.25;30,209.75;49,514.00;111,413.00;12,173.25;5,322.00;195,011.75;351,553.25;107,161.25;253,073.50;20,754.00;39,451.75
Dec 14, 2020;Dec 15, 2020;110,819.75;30,539.50;135,986.50;388,850.75;31,359.25;5,225.50;186,051.50;340,976.25;133,266.50;241,195.25;24,710.50;38,775.50
Dec 15, 2020;Dec 16, 2020;110,785.25;33,250.50;77,306.75;244,068.00;14,608.75;5,274.25;190,869.50;359,951.50;227,720.25;285,414.75;35,232.00;37,453.50
Dec 16, 2020;Dec 17, 2020;111,278.25;33,850.25;82,644.50;180,992.75;31,058.75;4,968.75;193,982.00;356,136.25;222,532.00;281,151.00;31,203.25;37,942.25
Dec 17, 2020;Dec 18, 2020;111,958.25;34,410.25;137,093.25;410,131.50;24,423.75;4,953.25;183,230.50;323,438.75;139,204.75;228,858.25;29,354.50;38,668.25
Dec 18, 2020;Dec 19, 2020;111,770.25;33,471.50;141,498.50;348,824.25;45,065.75;5,127.00;187,991.75;313,370.75;98,817.50;218,110.75;23,823.75;37,601.75
Dec 19, 2020;Dec 20, 2020;110,732.00;33,111.00;134,256.25;436,580.75;40,196.75;5,401.50;186,151.00;188,845.00;82,375.00;166,146.00;28,584.50;38,596.75
Dec 20, 2020;Dec 21, 2020;111,425.50;29,819.00;131,937.25;273,403.75;21,624.50;5,197.75;191,198.50;232,774.75;65,351.25;182,042.75;23,907.00;38,083.75
Dec 21, 2020;Dec 22, 2020;110,749.50;28,020.50;125,120.75;432,661.00;25,029.50;5,085.50;191,078.25;225,726.00;66,969.50;194,918.25;32,137.00;37,728.25
Dec 22, 2020;Dec 23, 2020;110,556.25;31,620.00;100,961.25;623,587.25;14,380.25;4,412.50;177,976.50;181,976.75;65,787.00;158,203.75;28,696.25;35,870.75
Dec 23, 2020;Dec 24, 2020;110,937.25;32,252.50;41,464.25;253,374.75;11,278.50;4,930.50;193,066.25;261,193.25;95,871.00;201,228.50;27,712.75;38,583.25
Dec 24, 2020;Dec 25, 2020;110,656.00;33,619.75;129,306.75;416,512.00;17,251.00;5,060.50;188,178.75;114,619.50;44,942.75;127,802.75;32,635.50;36,621.00
Dec 25, 2020;Dec 26, 2020;110,317.75;35,477.00;71,142.25;180,361.75;23,132.50;5,027.25;194,445.75;143,172.50;42,389.00;146,635.50;30,016.50;35,733.00
Dec 26, 2020;Dec 27, 2020;108,305.25;34,041.50;110,256.25;445,701.25;28,870.75;4,939.00;188,796.50;89,026.75;45,456.75;122,126.00;16,089.75;34,589.25
Dec 27, 2020;Dec 28, 2020;107,714.00;30,533.25;80,837.75;826,620.00;22,971.00;4,086.75;161,713.75;81,724.00;39,214.25;98,864.00;28,907.25;31,984.00
Dec 28, 2020;Dec 29, 2020;110,517.75;33,025.50;29,848.50;285,880.75;17,645.50;5,119.25;193,734.75;213,336.00;78,339.00;188,222.50;22,646.00;37,967.00
Dec 29, 2020;Dec 30, 2020;110,058.25;34,546.50;23,583.50;293,258.75;23,559.75;5,594.50;183,120.50;223,851.25;78,190.75;208,480.50;26,342.25;38,347.75
Dec 30, 2020;Dec 31, 2020;110,307.50;31,818.75;84,544.50;382,021.75;34,405.75;5,496.25;188,923.50;206,642.25;91,137.25;200,375.25;31,971.25;38,626.00
Dec 31, 2020;Jan 1, 2021;111,094.25;29,295.25;66,120.50;247,896.25;37,855.25;5,358.50;191,487.50;233,444.25;99,592.25;194,720.50;28,229.25;39,028.25
Jan 1, 2021;Jan 2, 2021;110,112.00;28,269.25;13,474.25;65,249.75;21,192.00;5,275.25;195,666.50;276,328.75;78,581.50;196,830.25;15,701.50;39,606.25
Jan 2, 2021;Jan 3, 2021;110,519.75;27,521.25;17,009.50;71,100.50;15,589.25;5,237.75;195,200.50;302,726.50;89,078.00;212,355.50;23,108.50;38,556.50
Jan 3, 2021;Jan 4, 2021;109,997.50;28,044.00;102,594.25;328,777.25;6,517.75;5,254.50;182,543.75;242,822.00;82,678.25;153,456.00;19,298.00;39,798.50
Jan 4, 2021;Jan 5, 2021;109,856.25;30,566.50;121,213.50;267,579.25;5,208.00;5,168.50;181,652.00;326,060.75;166,210.25;258,370.25;33,111.75;39,157.25
Jan 5, 2021;Jan 6, 2021;109,330.00;31,960.75;139,903.25;225,979.75;5,835.75;5,166.50;187,232.50;350,859.50;202,273.25;276,137.25;33,680.25;39,125.25
Jan 6, 2021;Jan 7, 2021;109,318.25;30,974.25;87,956.75;138,300.75;6,877.75;5,067.50;194,866.25;342,088.50;230,374.75;279,710.50;19,980.25;39,491.25
Jan 7, 2021;Jan 8, 2021;110,928.75;33,209.25;23,912.00;119,468.00;7,819.75;5,103.50;195,907.50;357,439.50;260,275.00;304,699.25;38,033.25;40,289.25
Jan 8, 2021;Jan 9, 2021;110,742.50;33,332.25;22,332.75;99,094.25;8,855.25;5,143.25;195,701.25;355,263.50;259,503.25;326,689.25;37,302.00;39,980.00
Jan 9, 2021;Jan 10, 2021;110,664.50;30,619.50;7,733.25;57,284.75;15,080.25;5,054.75;194,086.25;348,125.25;235,810.75;281,146.50;26,977.25;39,988.25
Jan 10, 2021;Jan 11, 2021;110,483.75;28,477.00;80,347.00;158,789.25;28,325.75;4,971.25;190,999.25;329,901.25;164,835.25;234,618.00;16,826.00;38,344.75
Jan 11, 2021;Jan 12, 2021;108,637.00;28,352.75;118,596.25;531,637.75;21,469.25;4,851.00;184,433.50;315,505.75;159,987.00;216,395.75;29,303.75;38,881.25
Jan 12, 2021;Jan 13, 2021;107,965.75;28,305.75;121,897.00;595,807.50;11,320.75;4,850.50;183,692.25;277,909.25;166,150.75;213,052.50;33,105.00;38,888.25
Jan 13, 2021;Jan 14, 2021;108,130.75;29,625.75;142,071.00;685,727.75;22,802.75;4,966.25;181,346.75;279,968.25;144,614.50;184,923.75;17,363.00;37,331.75
Jan 14, 2021;Jan 15, 2021;108,993.00;33,483.75;64,318.00;275,798.25;11,918.50;4,772.75;194,004.75;347,284.50;215,265.25;276,963.50;33,315.75;37,810.00
Jan 15, 2021;Jan 16, 2021;109,829.00;36,376.75;22,063.50;143,372.25;21,538.50;4,886.75;196,470.00;382,543.50;244,309.50;316,355.25;37,864.75;38,291.75
Jan 16, 2021;Jan 17, 2021;110,589.25;32,183.50;64,267.00;107,737.25;14,319.25;4,878.75;195,655.00;375,467.00;166,394.50;288,589.00;13,067.50;38,130.00
Jan 17, 2021;Jan 18, 2021;109,692.75;28,246.00;55,629.50;80,457.00;14,345.75;4,921.00;195,686.25;352,897.00;165,208.00;257,944.75;18,024.00;37,301.25
Jan 18, 2021;Jan 19, 2021;109,805.00;30,062.50;114,409.50;401,531.25;11,257.25;4,752.50;193,546.75;371,084.50;168,582.50;261,837.00;24,844.50;38,691.75
Jan 19, 2021;Jan 20, 2021;108,834.75;32,501.75;114,677.00;678,009.00;11,082.50;4,916.75;191,415.75;319,618.00;153,745.50;173,246.25;27,131.50;41,901.00
Jan 20, 2021;Jan 21, 2021;108,588.75;32,659.75;140,039.00;743,188.25;34,970.00;4,975.50;179,632.25;231,282.50;113,902.50;152,105.25;22,271.25;38,699.25
Jan 21, 2021;Jan 22, 2021;108,268.50;28,803.75;108,599.50;828,752.75;41,607.25;4,557.00;180,778.75;191,438.75;100,326.25;139,625.50;24,712.00;36,159.75
Jan 22, 2021;Jan 23, 2021;109,142.00;30,887.50;124,228.25;528,598.25;37,981.00;4,634.25;181,665.25;286,751.50;112,474.75;217,309.00;27,406.50;37,546.75
Jan 23, 2021;Jan 24, 2021;109,615.50;32,898.25;60,408.50;183,475.25;22,616.00;5,018.25;193,863.00;380,840.00;119,145.75;200,866.50;19,772.50;37,644.50
Jan 24, 2021;Jan 25, 2021;108,894.25;31,574.50;5,967.75;175,800.25;23,564.00;5,017.25;191,495.25;368,476.75;133,726.50;201,494.75;15,775.75;38,172.25
Jan 25, 2021;Jan 26, 2021;109,140.50;32,616.50;28,213.75;115,158.00;25,454.75;4,942.00;195,081.25;380,234.50;242,969.75;297,431.25;31,914.50;38,751.00
Jan 26, 2021;Jan 27, 2021;109,387.25;34,313.25;34,350.00;309,711.75;21,945.25;4,916.50;195,806.50;377,644.00;235,235.50;267,396.50;31,756.75;37,318.00
Jan 27, 2021;Jan 28, 2021;107,986.00;36,218.00;70,127.00;264,853.50;22,483.00;4,990.25;195,732.25;383,429.75;222,326.00;272,100.00;28,994.50;37,223.00
Jan 28, 2021;Jan 29, 2021;108,391.25;35,657.75;52,039.00;231,922.25;14,641.25;5,053.50;195,511.25;375,371.75;206,824.50;266,646.50;27,820.75;36,476.00
Jan 29, 2021;Jan 30, 2021;109,120.75;39,304.50;148,180.75;415,714.00;28,835.75;5,086.75;193,793.25;362,361.75;98,843.00;193,212.25;21,431.00;37,363.25
Jan 30, 2021;Jan 31, 2021;108,389.50;39,787.25;24,917.50;200,002.25;22,969.00;5,149.50;195,818.25;336,165.50;87,695.50;199,340.75;32,460.00;37,410.75
Jan 31, 2021;Feb 1, 2021;109,299.50;35,491.00;32,065.00;161,377.25;42,022.50;5,023.25;196,095.00;332,547.50;84,610.50;171,446.00;14,759.50;36,669.75
Feb 1, 2021;Feb 2, 2021;109,660.50;35,619.75;49,379.75;201,357.50;26,954.00;5,008.25;195,711.50;338,113.25;208,044.25;265,702.25;36,896.50;36,119.25
Feb 2, 2021;Feb 3, 2021;108,193.75;36,314.75;34,889.25;204,220.25;22,504.75;4,628.75;195,015.25;337,352.50;201,962.50;278,598.25;27,158.50;35,104.50
Feb 3, 2021;Feb 4, 2021;108,125.00;39,039.00;147,738.25;429,464.00;15,555.50;4,621.50;193,657.25;316,225.75;111,558.75;208,759.25;29,196.00;35,925.25
Feb 4, 2021;Feb 5, 2021;106,090.75;37,562.75;134,666.75;243,521.25;60,938.75;4,751.75;178,682.75;324,271.50;154,716.75;247,412.50;30,974.75;36,132.50
Feb 5, 2021;Feb 6, 2021;108,921.50;35,968.50;155,331.00;250,801.75;31,500.00;4,878.00;181,332.50;332,199.00;118,803.00;244,120.00;28,427.25;37,207.25
Feb 6, 2021;Feb 7, 2021;107,748.75;36,062.25;132,743.00;573,700.75;21,464.00;4,992.25;187,326.00;162,272.25;67,771.25;157,907.75;16,315.25;36,430.25
Feb 7, 2021;Feb 8, 2021;106,310.50;37,736.25;88,328.75;689,040.00;15,086.00;4,518.00;175,413.50;135,463.25;75,805.00;149,343.00;18,100.75;36,146.50
Feb 8, 2021;Feb 9, 2021;106,832.00;44,032.00;126,317.75;392,608.50;19,907.25;4,650.50;188,627.50;316,373.50;151,537.00;255,282.25;31,536.00;38,093.50
Feb 9, 2021;Feb 10, 2021;106,505.75;45,116.75;132,616.50;122,315.25;10,698.00;4,555.00;194,469.50;359,242.75;233,606.25;313,186.75;35,279.75;38,997.00
Feb 10, 2021;Feb 11, 2021;106,340.50;44,693.25;87,845.75;135,765.50;13,740.25;4,737.00;196,086.25;369,778.00;231,657.75;326,429.25;34,712.00;38,750.75
Feb 11, 2021;Feb 12, 2021;102,344.00;42,645.75;44,436.50;95,894.25;27,657.50;4,597.25;196,072.00;358,195.50;236,306.00;332,924.50;28,435.75;37,713.75
Feb 12, 2021;Feb 13, 2021;107,946.50;41,087.75;69,424.25;229,485.00;46,726.50;4,734.75;196,144.25;325,515.75;216,522.25;332,374.75;23,034.25;38,430.25
Feb 13, 2021;Feb 14, 2021;108,358.75;38,765.75;22,130.00;195,058.75;61,228.25;4,698.00;196,363.00;319,250.25;169,651.25;292,142.75;21,865.25;39,443.00
Feb 14, 2021;Feb 15, 2021;107,863.00;36,447.75;112,618.25;267,390.25;72,528.75;4,695.50;195,684.75;286,692.50;101,909.25;223,030.75;9,824.25;39,863.75
Feb 15, 2021;Feb 16, 2021;107,793.25;36,371.25;100,746.00;476,714.00;34,010.50;4,683.75;189,803.50;322,565.50;141,012.25;267,067.25;30,056.50;39,691.75
Feb 16, 2021;Feb 17, 2021;108,087.25;40,723.50;93,296.00;298,451.75;39,628.75;4,843.75;192,232.00;347,121.00;126,344.25;268,003.00;27,038.75;34,174.75
Feb 17, 2021;Feb 18, 2021;107,504.00;42,325.25;125,924.25;484,101.50;59,901.75;4,824.50;193,214.25;274,991.75;90,748.25;219,205.75;17,492.00;34,046.00
Feb 18, 2021;Feb 19, 2021;106,965.75;41,716.50;142,444.25;428,302.75;94,679.75;5,001.75;190,210.25;253,569.50;84,186.75;209,538.00;21,911.00;35,606.25
Feb 19, 2021;Feb 20, 2021;101,887.00;35,861.00;137,342.50;363,847.75;107,116.25;5,093.00;183,131.25;251,418.00;88,540.50;214,315.00;32,544.75;35,437.25
Feb 20, 2021;Feb 21, 2021;100,684.50;34,601.00;139,227.00;358,131.00;137,849.75;4,950.00;189,495.00;135,419.25;44,302.50;129,670.75;11,049.50;33,781.50
Feb 21, 2021;Feb 22, 2021;99,953.00;35,517.00;81,108.25;291,985.25;152,905.50;4,064.00;190,372.00;149,755.75;46,817.25;128,630.75;17,758.00;33,227.50
Feb 22, 2021;Feb 23, 2021;100,225.00;33,815.50;94,207.25;245,524.75;125,480.50;4,570.50;193,839.50;244,480.75;91,101.00;229,740.50;21,622.75;35,096.25
Feb 23, 2021;Feb 24, 2021;99,365.00;35,281.75;101,981.75;313,505.00;126,513.00;4,480.00;192,741.25;228,753.25;70,789.00;194,581.00;23,826.50;35,099.25
Feb 24, 2021;Feb 25, 2021;103,409.50;36,194.75;149,448.75;371,099.50;144,053.00;3,879.00;186,752.25;221,716.50;48,385.75;139,201.00;28,398.00;34,276.75
Feb 25, 2021;Feb 26, 2021;108,804.75;36,652.25;114,372.00;264,223.50;154,900.75;3,978.75;189,769.75;245,925.25;66,964.50;176,794.00;28,449.25;34,511.00
Feb 26, 2021;Feb 27, 2021;109,067.25;35,488.50;79,467.00;241,247.50;92,717.50;4,259.50;193,082.25;259,686.50;62,072.00;210,520.00;21,153.00;35,711.50
Feb 27, 2021;Feb 28, 2021;108,969.00;36,297.00;30,268.25;162,085.50;100,200.00;4,878.50;194,573.25;242,357.00;49,265.00;187,816.00;15,009.50;37,544.00
Feb 28, 2021;Mar 1, 2021;108,115.75;35,847.25;14,875.50;121,472.25;149,660.00;4,754.50;193,732.25;228,113.00;59,943.00;156,254.00;12,510.75;37,250.00
Mar 1, 2021;Mar 2, 2021;108,236.75;33,950.75;9,046.75;84,004.50;141,959.75;4,928.75;194,836.50;329,002.50;110,599.00;252,934.00;32,286.25;37,784.50
Mar 2, 2021;Mar 3, 2021;107,471.75;35,662.25;23,542.75;70,664.50;173,407.75;4,598.25;194,534.50;343,411.50;132,268.25;285,734.00;29,884.50;37,157.00
Mar 3, 2021;Mar 4, 2021;108,697.00;36,963.50;13,352.00;132,095.75;120,232.25;4,393.50;194,430.00;348,764.75;164,728.00;279,425.75;29,021.75;36,814.75
Mar 4, 2021;Mar 5, 2021;109,950.00;37,935.00;68,991.75;172,453.00;71,688.50;4,737.50;194,354.75;351,772.00;134,107.50;269,714.00;29,982.25;37,856.75
Mar 5, 2021;Mar 6, 2021;110,513.00;37,256.50;34,355.50;151,498.00;113,190.00;5,003.75;195,211.00;345,686.25;109,547.00;275,989.50;20,432.00;37,964.00
Mar 6, 2021;Mar 7, 2021;110,707.25;36,164.50;71,954.25;200,343.50;167,991.50;5,208.50;191,537.75;299,532.50;77,602.50;192,133.00;20,512.75;39,002.25
Mar 7, 2021;Mar 8, 2021;109,298.75;32,925.75;90,472.00;274,027.75;135,577.75;5,256.75;191,752.50;282,200.50;70,115.00;185,208.50;9,625.25;37,816.50
Mar 8, 2021;Mar 9, 2021;109,462.00;34,216.50;20,866.00;60,420.00;154,724.00;4,844.25;195,679.25;382,460.50;164,422.00;280,590.00;31,484.50;36,525.25
Mar 9, 2021;Mar 10, 2021;108,260.50;36,406.25;20,939.00;73,106.75;111,267.00;5,025.50;195,689.50;368,210.75;219,850.00;303,278.50;27,257.75;38,446.00
Mar 10, 2021;Mar 11, 2021;108,542.00;36,855.25;102,060.00;239,138.00;102,330.00;4,948.25;192,890.00;312,624.00;140,465.25;242,350.75;22,091.25;38,368.50
Mar 11, 2021;Mar 12, 2021;104,897.75;34,230.00;124,590.25;885,523.50;62,538.25;4,713.25;182,048.00;96,444.50;72,138.00;124,049.25;27,055.50;37,830.50
Mar 12, 2021;Mar 13, 2021;107,199.00;35,225.75;136,020.75;839,607.25;120,188.00;4,530.00;182,163.25;90,806.00;55,179.00;112,320.25;30,791.75;35,862.00
Mar 13, 2021;Mar 14, 2021;106,817.75;33,440.00;141,131.00;857,699.00;70,465.75;4,118.00;161,571.50;85,015.25;46,521.75;90,731.25;16,181.25;34,647.00
Mar 14, 2021;Mar 15, 2021;107,421.75;34,369.75;126,946.00;608,699.00;88,554.75;4,414.75;183,939.00;100,090.00;32,293.75;98,562.75;20,916.75;34,936.50
Mar 15, 2021;Mar 16, 2021;108,024.25;35,292.50;123,895.00;520,779.00;81,418.75;5,116.50;189,292.00;203,674.50;83,246.75;150,972.00;25,783.00;37,243.25
Mar 16, 2021;Mar 17, 2021;108,374.75;38,141.50;66,081.50;340,494.50;91,019.00;5,009.00;193,686.50;270,720.50;130,220.25;227,253.50;29,164.25;38,535.00
Mar 17, 2021;Mar 18, 2021;108,982.50;38,615.50;52,542.00;105,390.25;89,376.75;5,209.25;195,513.50;290,397.75;167,253.50;268,452.25;24,842.25;37,272.25
Mar 18, 2021;Mar 19, 2021;109,095.00;38,747.50;20,756.00;51,962.25;112,989.75;5,215.00;195,877.75;285,232.00;208,443.00;299,640.25;25,237.75;37,721.50
Mar 19, 2021;Mar 20, 2021;109,956.00;39,962.50;35,280.50;228,494.75;110,607.75;5,228.75;192,770.75;273,567.50;134,508.50;241,528.50;31,049.50;38,956.75
Mar 20, 2021;Mar 21, 2021;109,436.00;35,566.00;75,095.25;208,326.75;144,715.25;5,083.75;160,848.50;243,739.50;91,465.00;210,844.50;18,506.25;38,725.00
Mar 21, 2021;Mar 22, 2021;105,796.00;32,337.00;112,348.00;540,320.75;75,387.00;4,985.00;152,694.50;174,397.00;69,593.25;162,130.50;6,756.00;37,079.75
Mar 22, 2021;Mar 23, 2021;101,763.25;31,220.25;58,367.50;189,260.25;103,671.00;4,766.25;162,024.00;291,536.50;152,451.50;280,979.50;29,962.00;38,176.75
Mar 23, 2021;Mar 24, 2021;101,560.25;33,806.25;53,052.50;111,236.75;78,438.50;4,842.25;162,312.25;325,667.50;191,371.50;314,261.00;21,669.00;38,609.75
Mar 24, 2021;Mar 25, 2021;101,045.50;32,681.25;91,335.25;122,752.25;201,936.75;4,718.00;159,771.75;306,436.75;138,581.25;268,972.50;23,989.25;41,849.50
Mar 25, 2021;Mar 26, 2021;101,438.75;32,861.00;48,735.75;82,695.00;183,987.00;4,503.50;162,089.25;322,354.25;170,872.50;270,165.50;26,560.75;41,274.00
Mar 26, 2021;Mar 27, 2021;106,593.75;35,127.50;133,269.00;253,417.25;193,246.50;4,110.75;158,666.25;245,787.25;97,081.50;161,128.75;27,736.25;41,313.25
Mar 27, 2021;Mar 28, 2021;108,027.25;35,198.50;115,522.25;613,209.50;130,409.50;4,179.50;146,940.75;124,983.00;34,760.25;110,403.50;25,045.00;35,435.75
Mar 28, 2021;Mar 29, 2021;103,633.00;32,459.50;152,196.75;434,757.25;169,323.75;4,304.25;140,856.75;117,941.25;32,903.50;100,281.00;18,540.00;34,636.25
Mar 29, 2021;Mar 30, 2021;107,546.50;34,513.00;144,099.75;432,816.00;206,111.75;4,157.75;157,427.00;163,093.75;61,898.25;134,871.25;30,247.00;35,829.00
Mar 30, 2021;Mar 31, 2021;106,591.75;36,796.25;80,579.50;126,856.00;240,815.75;3,920.00;160,333.00;229,546.25;98,126.75;185,085.75;34,203.25;40,131.00
Mar 31, 2021;Apr 1, 2021;106,440.75;37,957.75;9,320.50;40,883.75;237,192.00;3,787.75;160,326.00;239,417.25;110,299.75;223,370.00;23,200.25;36,878.25
Apr 1, 2021;Apr 2, 2021;106,716.25;40,563.75;83,153.75;224,964.75;180,094.75;3,769.50;158,688.00;219,897.25;70,925.50;181,502.50;29,534.00;38,581.25
Apr 2, 2021;Apr 3, 2021;107,845.50;39,471.00;112,136.00;321,075.25;166,910.75;3,957.00;156,239.25;142,033.00;34,236.50;112,260.50;23,103.50;36,462.50
Apr 3, 2021;Apr 4, 2021;108,677.25;39,702.75;84,291.25;246,699.25;173,067.25;3,775.75;159,689.50;99,146.00;33,743.75;105,773.25;27,714.75;36,002.75
Apr 4, 2021;Apr 5, 2021;108,850.75;35,983.75;89,447.00;224,407.50;192,468.50;3,646.75;159,764.75;95,780.00;38,691.00;98,257.50;29,648.75;34,106.50
Apr 5, 2021;Apr 6, 2021;105,636.75;31,545.00;100,373.75;696,283.25;108,027.00;3,201.50;141,024.75;87,848.00;34,716.50;87,308.25;14,821.25;34,617.25
Apr 6, 2021;Apr 7, 2021;107,242.00;36,748.50;136,150.50;545,770.75;131,193.50;3,548.25;158,049.50;148,500.75;67,464.25;154,799.00;42,854.00;36,182.50
Apr 7, 2021;Apr 8, 2021;108,275.50;37,690.75;107,732.00;599,038.25;96,683.75;3,606.25;159,313.00;213,108.25;97,935.25;165,173.75;26,783.50;33,294.50
Apr 8, 2021;Apr 9, 2021;109,586.75;36,005.25;100,740.25;458,949.25;139,620.00;3,513.75;158,955.50;227,787.25;118,901.25;194,150.75;35,508.00;35,380.25
Apr 9, 2021;Apr 10, 2021;109,488.50;33,590.50;64,691.25;423,070.50;193,311.50;3,763.50;159,158.25;206,442.75;119,972.50;176,831.50;26,893.75;36,591.50
Apr 10, 2021;Apr 11, 2021;109,007.75;35,646.25;19,593.50;145,364.50;120,123.50;3,917.25;159,694.75;249,060.50;93,488.50;218,096.50;19,031.00;37,854.75
Apr 11, 2021;Apr 12, 2021;107,422.75;34,140.00;98,059.75;332,268.75;145,204.50;3,677.25;155,447.00;201,919.50;83,788.75;114,975.50;12,793.50;37,192.75
Apr 12, 2021;Apr 13, 2021;107,165.75;38,282.75;70,264.50;229,103.75;118,517.25;3,824.50;155,297.25;311,592.00;166,825.50;256,001.00;25,004.50;38,525.75
Apr 13, 2021;Apr 14, 2021;106,093.75;36,340.50;87,767.50;267,724.25;180,099.25;3,772.50;155,573.50;284,717.50;174,842.50;245,838.00;15,835.50;36,641.25
Apr 14, 2021;Apr 15, 2021;107,064.75;36,889.75;31,258.50;142,234.50;177,684.75;3,760.50;156,425.25;309,032.25;199,102.50;274,332.00;23,405.75;35,690.25
Apr 15, 2021;Apr 16, 2021;107,342.25;34,887.25;16,572.00;169,414.25;179,727.25;4,154.25;161,426.25;309,867.75;192,021.75;289,260.00;15,805.25;36,641.00
Apr 16, 2021;Apr 17, 2021;108,295.75;33,107.75;34,836.50;185,971.50;156,557.75;3,907.00;186,999.50;310,262.75;166,066.00;268,938.50;18,395.25;35,501.75
Apr 17, 2021;Apr 18, 2021;108,256.25;31,593.25;39,199.00;130,569.25;141,707.00;3,905.50;187,585.75;286,183.25;130,132.00;213,322.25;15,021.25;35,578.50
Apr 18, 2021;Apr 19, 2021;107,194.00;30,126.25;15,183.75;63,576.25;113,983.75;3,898.25;188,543.50;300,311.75;125,902.25;223,130.00;11,175.25;35,658.25
Apr 19, 2021;Apr 20, 2021;106,389.00;30,771.50;20,699.75;54,725.50;143,842.75;3,535.50;190,952.25;325,289.25;179,238.00;265,020.25;25,195.75;34,976.75
Apr 20, 2021;Apr 21, 2021;105,320.25;31,742.00;7,538.50;54,859.50;217,096.25;3,496.00;187,597.25;317,276.50;189,625.75;263,989.00;17,760.00;36,660.75
Apr 21, 2021;Apr 22, 2021;103,939.25;30,083.25;73,285.00;229,111.25;227,555.75;3,702.00;186,377.50;282,604.75;139,003.25;179,421.00;16,487.50;36,673.25
Apr 22, 2021;Apr 23, 2021;104,471.75;31,487.00;83,979.75;412,837.00;227,073.50;3,842.75;183,051.00;192,318.25;120,635.75;145,366.75;19,096.75;35,997.50
Apr 23, 2021;Apr 24, 2021;107,087.75;31,467.00;50,645.25;243,937.25;264,831.50;3,967.00;184,864.00;199,325.75;119,372.00;167,166.25;23,465.75;36,094.75
Apr 24, 2021;Apr 25, 2021;107,096.00;29,600.75;50,289.50;167,099.75;259,243.75;3,913.25;185,424.50;183,995.25;56,405.50;127,698.25;18,066.25;34,513.75
Apr 25, 2021;Apr 26, 2021;107,259.50;29,214.00;34,140.25;167,854.25;256,486.75;3,811.50;187,201.75;156,666.75;47,083.75;112,572.50;10,175.75;32,993.75
Apr 26, 2021;Apr 27, 2021;107,706.75;29,780.75;5,527.75;121,609.25;278,460.25;4,004.25;186,203.00;267,232.75;108,446.50;185,871.75;22,526.50;34,499.00
Apr 27, 2021;Apr 28, 2021;106,065.25;32,285.50;35,496.75;227,375.50;294,405.00;3,954.50;187,749.00;272,390.00;123,054.25;180,626.50;22,569.75;35,269.25
Apr 28, 2021;Apr 29, 2021;105,977.00;34,176.50;37,842.00;199,601.75;260,686.75;3,777.75;185,288.00;279,353.25;138,502.25;177,899.00;21,297.25;35,119.25
Apr 29, 2021;Apr 30, 2021;106,166.25;36,551.50;71,458.50;315,506.00;132,682.75;3,744.75;181,206.00;293,753.75;128,257.75;179,369.75;18,632.75;36,818.00
Apr 30, 2021;May 1, 2021;107,502.75;39,031.50;13,510.50;108,985.00;134,047.25;4,020.00;181,753.25;312,828.75;154,374.50;222,226.25;28,220.25;37,487.25
May 1, 2021;May 2, 2021;107,674.50;42,408.00;12,348.75;59,684.50;141,271.25;4,071.50;160,977.75;227,182.50;79,100.00;128,053.75;16,565.00;38,176.25
May 2, 2021;May 3, 2021;106,469.75;44,380.25;66,507.00;246,892.25;126,853.25;4,088.00;158,537.75;181,339.00;63,383.75;113,529.00;7,588.75;37,542.25
May 3, 2021;May 4, 2021;106,279.25;44,658.00;39,661.75;299,376.75;209,247.50;3,931.50;155,089.00;191,061.00;119,992.50;149,128.75;20,829.50;38,125.50
May 4, 2021;May 5, 2021;103,520.00;42,130.50;84,603.75;844,249.75;134,264.25;3,307.00;151,406.50;103,254.25;69,775.00;103,212.75;18,421.25;35,287.50
May 5, 2021;May 6, 2021;101,132.75;43,510.25;79,358.75;724,241.25;175,578.00;3,836.50;151,183.50;143,847.00;69,139.00;105,189.75;20,765.25;36,780.50
May 6, 2021;May 7, 2021;107,492.25;45,883.50;46,304.50;309,794.75;144,500.75;4,025.25;152,834.50;213,863.75;149,015.75;191,766.50;23,318.75;37,469.50
May 7, 2021;May 8, 2021;110,634.75;46,273.50;53,597.50;294,531.50;179,061.50;4,112.25;157,575.00;231,037.75;124,221.25;165,870.25;21,024.50;37,585.50
May 8, 2021;May 9, 2021;110,873.50;43,702.50;50,966.75;242,180.50;243,548.25;3,998.00;158,455.00;146,012.50;51,672.25;107,527.50;19,893.50;37,520.25
May 9, 2021;May 10, 2021;106,859.75;37,935.00;74,188.50;406,943.00;278,970.00;3,268.25;145,918.75;92,598.75;33,674.00;71,490.50;6,517.50;35,173.25
May 10, 2021;May 11, 2021;106,923.25;43,538.00;61,243.75;322,308.75;206,846.25;3,111.25;154,289.50;172,747.75;81,613.50;118,990.75;21,260.00;35,775.00
May 11, 2021;May 12, 2021;108,195.75;53,078.25;19,245.25;133,217.50;137,237.25;3,383.75;158,404.00;275,714.75;127,216.75;153,405.50;20,619.50;37,326.00
May 12, 2021;May 13, 2021;109,051.25;58,168.00;13,991.75;147,323.75;101,632.75;3,655.25;159,890.50;268,067.25;112,218.00;155,117.00;18,533.25;38,212.25
May 13, 2021;May 14, 2021;110,469.25;58,020.00;7,413.25;111,367.00;131,752.00;3,894.00;158,493.25;168,771.50;53,595.50;96,163.50;19,372.75;38,691.75
May 14, 2021;May 15, 2021;110,658.00;55,655.75;15,172.00;122,208.25;179,197.75;3,925.75;159,985.50;172,462.25;64,319.00;108,897.75;19,863.25;39,066.50
May 15, 2021;May 16, 2021;109,106.25;53,305.00;14,429.25;154,196.75;180,175.25;3,576.25;159,674.00;158,960.25;45,956.00;96,920.50;16,764.25;38,499.00
May 16, 2021;May 17, 2021;105,831.75;48,310.75;5,661.75;188,606.75;197,506.75;3,410.75;157,201.75;124,938.00;66,981.75;81,478.50;10,514.50;36,664.00
May 17, 2021;May 18, 2021;105,489.75;52,902.25;2,308.00;202,040.50;186,330.75;3,571.75;169,748.25;199,592.00;73,883.50;125,017.75;23,765.50;38,955.25
May 18, 2021;May 19, 2021;105,769.75;55,333.75;8,074.00;164,082.00;178,751.00;3,828.75;191,430.00;231,009.50;96,448.25;126,273.25;23,216.00;37,271.25
May 19, 2021;May 20, 2021;105,926.75;54,644.00;8,256.25;107,450.25;205,017.00;3,923.25;190,550.25;232,985.00;111,118.50;142,647.00;18,634.00;38,613.25
May 20, 2021;May 21, 2021;108,415.00;53,829.25;24,510.75;137,152.50;212,577.75;3,650.50;189,805.00;214,289.25;101,113.25;138,251.50;22,826.75;37,265.25
May 21, 2021;May 22, 2021;110,625.00;48,448.75;108,125.25;539,443.50;173,137.00;3,181.75;179,951.25;89,018.00;51,010.50;89,591.50;18,885.50;35,161.50
May 22, 2021;May 23, 2021;109,935.00;43,675.50;106,380.00;607,028.75;195,690.50;3,282.00;177,485.00;81,742.75;36,108.25;62,414.50;16,403.50;34,255.25
May 23, 2021;May 24, 2021;110,200.75;49,028.75;80,414.75;336,212.00;205,132.00;3,288.75;180,666.50;91,336.75;48,123.75;61,740.00;17,704.75;32,795.00
May 24, 2021;May 25, 2021;110,300.00;49,949.75;66,013.50;359,874.50;199,381.00;3,188.75;184,603.50;106,122.00;48,699.25;68,380.75;17,589.25;30,666.25
May 25, 2021;May 26, 2021;109,812.50;58,308.00;30,555.00;465,361.25;178,923.00;3,148.25;191,103.50;193,409.25;62,302.25;93,084.75;23,862.25;31,688.50
May 26, 2021;May 27, 2021;110,229.75;55,739.25;80,659.00;452,385.25;142,247.75;3,056.00;182,423.00;226,709.75;82,776.50;108,097.00;22,052.00;31,162.50
May 27, 2021;May 28, 2021;110,673.00;56,267.00;73,508.75;374,270.00;143,470.75;3,103.25;188,150.50;270,886.75;104,979.75;135,945.00;19,453.25;32,981.25
May 28, 2021;May 29, 2021;111,403.00;57,203.00;22,569.75;126,119.50;214,405.00;3,216.25;189,570.50;286,746.00;110,386.75;160,018.00;16,790.50;32,763.75
May 29, 2021;May 30, 2021;109,575.75;53,038.50;17,570.25;111,310.00;242,982.00;3,144.75;190,095.50;222,815.00;50,508.00;104,011.75;15,613.50;32,386.50
May 30, 2021;May 31, 2021;104,948.50;47,636.50;5,554.00;117,846.00;302,841.50;3,033.00;182,286.25;143,447.25;46,172.00;90,980.50;9,300.00;32,874.75
May 31, 2021;Jun 1, 2021;104,441.25;50,981.50;8,690.00;84,542.50;313,211.00;3,075.25;189,356.00;244,697.25;58,112.75;135,979.00;23,972.50;34,599.25
Jun 1, 2021;Jun 2, 2021;103,558.50;51,612.00;20,187.75;107,933.75;299,252.75;3,111.25;189,035.00;247,048.25;59,955.00;138,555.75;25,764.25;34,491.00
Jun 2, 2021;Jun 3, 2021;102,439.25;52,600.50;80,333.75;179,556.50;294,024.50;2,969.50;185,201.75;228,615.25;60,075.75;110,865.75;19,528.25;34,960.75
Jun 3, 2021;Jun 4, 2021;101,995.75;55,442.00;54,217.25;207,675.00;249,361.25;2,927.75;180,640.25;224,518.25;65,812.00;105,183.00;22,188.75;35,089.00
Jun 4, 2021;Jun 5, 2021;96,715.25;58,787.75;15,718.25;75,840.00;212,948.00;2,854.75;184,576.75;250,480.00;77,316.50;148,079.75;27,794.25;35,277.50
Jun 5, 2021;Jun 6, 2021;101,014.75;61,744.00;17,890.00;90,064.00;186,841.75;2,956.75;185,526.25;250,225.50;48,104.50;104,545.50;19,673.25;35,068.00
Jun 6, 2021;Jun 7, 2021;101,965.25;56,993.25;35,287.50;84,420.75;125,922.00;2,953.75;178,623.00;234,180.75;54,346.50;89,980.00;9,299.75;35,184.50
Jun 7, 2021;Jun 8, 2021;101,951.50;61,407.75;8,535.25;61,175.50;188,192.75;2,870.25;181,148.00;288,633.25;102,409.00;196,757.25;25,439.50;35,512.75
Jun 8, 2021;Jun 9, 2021;100,433.25;62,885.25;2,068.75;52,837.25;227,227.50;2,835.75;184,537.00;297,242.50;127,033.25;218,235.50;23,296.75;34,079.50
Jun 9, 2021;Jun 10, 2021;99,378.75;61,738.25;2,515.25;30,176.75;251,899.75;2,875.50;184,524.00;294,030.00;126,658.50;206,983.25;22,181.50;33,882.00
Jun 10, 2021;Jun 11, 2021;99,712.25;58,993.25;7,281.00;37,124.75;265,546.75;2,814.25;184,586.00;290,124.25;122,667.75;207,813.00;20,705.75;34,048.50
Jun 11, 2021;Jun 12, 2021;101,733.75;62,113.25;41,502.25;61,899.00;279,326.00;2,908.75;166,497.25;270,576.75;117,679.25;173,657.25;24,376.75;35,743.00
Jun 12, 2021;Jun 13, 2021;102,456.50;58,603.25;75,556.00;368,239.25;208,317.50;2,894.00;150,246.00;153,983.50;47,127.50;85,760.50;19,881.00;35,949.50
Jun 13, 2021;Jun 14, 2021;102,513.50;58,193.75;58,319.75;228,546.25;283,923.50;2,898.75;145,753.25;128,884.50;40,753.00;70,360.50;17,647.50;35,645.00
Jun 14, 2021;Jun 15, 2021;102,793.00;62,234.50;55,102.75;80,913.25;319,493.00;2,822.25;151,384.50;245,949.50;94,302.25;123,821.50;27,006.75;36,109.50
Jun 15, 2021;Jun 16, 2021;103,331.50;62,285.00;8,918.75;50,413.75;279,351.00;2,696.25;156,263.50;297,726.75;134,610.50;181,887.75;24,215.25;36,579.75
Jun 16, 2021;Jun 17, 2021;100,264.00;61,808.25;16,133.50;85,138.25;296,196.25;2,733.50;155,129.75;289,263.50;157,887.25;209,429.75;22,500.50;35,815.25
Jun 17, 2021;Jun 18, 2021;91,092.50;59,483.50;49,704.00;196,351.00;299,357.50;2,588.50;151,602.25;280,632.00;137,059.25;179,148.00;23,330.75;35,892.75
Jun 18, 2021;Jun 19, 2021;90,915.25;58,710.75;53,256.00;112,837.00;284,580.00;2,591.75;153,618.25;296,460.75;146,302.75;185,166.00;26,124.50;35,859.50
Jun 19, 2021;Jun 20, 2021;92,198.75;57,002.25;41,805.50;129,224.50;275,479.75;2,515.75;152,145.50;269,558.00;76,785.75;120,188.75;22,254.00;35,635.75
Jun 20, 2021;Jun 21, 2021;93,383.75;56,158.00;62,014.00;234,590.25;212,525.25;2,644.25;152,507.50;210,594.25;52,031.50;84,662.00;20,391.00;35,338.25
Jun 21, 2021;Jun 22, 2021;95,023.00;58,018.75;68,979.25;230,477.75;235,489.25;2,508.00;155,949.00;315,926.25;94,314.25;144,814.00;17,363.25;35,176.50
Jun 22, 2021;Jun 23, 2021;96,063.50;60,088.75;63,929.75;117,752.75;170,819.00;2,428.25;158,391.00;321,049.00;135,242.00;198,566.00;21,215.00;35,265.00
Jun 23, 2021;Jun 24, 2021;95,970.50;60,872.25;17,257.50;48,883.25;190,602.50;2,574.00;158,545.00;322,747.50;177,289.25;208,879.00;22,534.75;33,926.00
Jun 24, 2021;Jun 25, 2021;95,752.00;63,835.75;2,619.50;36,565.50;160,844.50;2,882.25;158,738.75;312,428.25;163,021.75;226,288.75;27,580.75;34,144.75
Jun 25, 2021;Jun 26, 2021;97,268.50;57,898.75;9,443.25;29,434.50;192,215.50;3,075.50;158,827.25;316,820.75;148,153.75;204,037.00;17,276.25;32,107.75
Jun 26, 2021;Jun 27, 2021;96,866.25;58,275.25;3,068.00;20,577.75;259,170.25;2,963.00;157,448.50;274,954.00;91,412.00;116,454.00;15,452.00;32,663.75
Jun 27, 2021;Jun 28, 2021;95,767.00;58,996.50;6,805.50;69,393.25;272,451.00;2,798.25;156,659.00;232,839.00;59,995.00;87,017.50;14,798.00;33,017.00
Jun 28, 2021;Jun 29, 2021;95,116.75;63,248.75;37,625.75;66,738.75;254,210.00;2,859.75;154,914.00;300,490.00;152,076.25;179,341.25;23,049.50;33,019.50
Jun 29, 2021;Jun 30, 2021;94,805.25;63,159.50;90,585.00;92,363.50;179,817.25;3,091.75;155,581.50;307,850.75;147,193.50;202,461.25;27,315.00;33,885.50
Jun 30, 2021;Jul 1, 2021;96,445.75;62,245.25;43,787.00;162,670.50;135,423.50;2,927.50;156,604.75;301,993.00;145,966.25;188,798.50;19,527.00;33,520.50
Jul 1, 2021;Jul 2, 2021;100,717.25;61,214.75;35,593.75;243,180.25;99,834.50;2,966.00;158,849.75;293,254.50;128,460.75;182,659.50;16,747.50;33,408.75
Jul 2, 2021;Jul 3, 2021;100,800.50;56,894.75;16,882.25;113,929.25;201,040.50;3,027.00;158,844.25;293,136.50;127,771.75;197,251.75;15,539.75;32,375.75
Jul 3, 2021;Jul 4, 2021;99,656.75;54,046.50;4,508.50;41,134.75;268,109.75;3,000.50;157,272.75;283,032.00;104,556.50;112,752.75;12,365.50;34,370.50
Jul 4, 2021;Jul 5, 2021;99,522.50;52,500.50;4,604.25;52,706.00;203,991.50;2,995.50;157,263.50;277,325.50;99,570.00;104,230.75;9,601.00;35,360.50
Jul 5, 2021;Jul 6, 2021;100,747.00;57,556.00;16,003.00;112,320.00;172,509.25;2,900.00;158,475.25;280,414.00;155,645.75;163,076.00;25,990.50;36,346.25
Jul 6, 2021;Jul 7, 2021;99,346.50;55,759.25;91,062.75;321,036.50;204,259.25;2,794.00;154,419.25;256,723.75;111,162.00;102,051.75;9,192.75;36,620.75
Jul 7, 2021;Jul 8, 2021;99,894.50;55,668.50;68,970.50;111,389.00;170,445.25;2,902.00;155,463.25;273,744.00;166,372.50;154,701.25;19,613.25;30,835.50
Jul 8, 2021;Jul 9, 2021;100,189.25;61,514.50;12,943.25;49,982.50;127,549.25;2,962.75;157,689.75;279,495.00;194,478.75;189,721.25;32,381.25;29,318.50
Jul 9, 2021;Jul 10, 2021;100,488.50;54,897.00;11,621.00;163,275.75;124,178.75;2,962.75;165,256.00;276,520.50;154,080.50;173,136.50;17,791.50;29,009.25
Jul 10, 2021;Jul 11, 2021;100,581.25;52,758.50;18,211.50;111,303.00;243,998.25;3,013.00;187,619.75;270,133.00;100,386.25;86,269.25;14,648.00;29,345.75
Jul 11, 2021;Jul 12, 2021;99,251.75;54,139.75;13,718.00;80,386.25;188,195.75;2,967.50;189,602.50;269,454.00;85,281.00;86,474.25;12,828.00;29,259.00
Jul 12, 2021;Jul 13, 2021;99,518.50;56,846.00;36,140.50;77,695.50;241,041.50;2,913.75;188,029.25;274,269.25;151,971.25;148,149.00;17,405.00;29,032.75
Jul 13, 2021;Jul 14, 2021;99,066.50;57,641.00;13,679.50;91,733.50;150,375.75;2,700.25;188,648.50;275,953.50;179,592.75;171,841.75;17,526.50;29,413.25
Jul 14, 2021;Jul 15, 2021;98,778.50;55,978.00;44,274.25;152,030.25;127,311.50;2,763.00;188,865.75;263,770.00;162,266.00;159,576.25;27,429.50;36,206.00
Jul 15, 2021;Jul 16, 2021;99,052.50;57,472.00;110,025.25;74,878.50;181,378.75;2,798.50;189,715.25;195,506.75;165,257.50;176,481.75;14,747.75;35,085.50
Jul 16, 2021;Jul 17, 2021;98,965.75;57,710.25;73,849.75;111,409.00;204,625.25;2,800.00;189,148.75;224,020.25;137,928.00;139,694.50;17,816.00;34,737.25
Jul 17, 2021;Jul 18, 2021;98,083.00;58,062.75;48,993.75;252,628.25;175,554.50;2,768.75;183,636.75;178,887.75;40,376.50;68,410.00;22,622.75;33,792.25
Jul 18, 2021;Jul 19, 2021;97,945.50;38,955.25;49,533.00;217,999.75;265,865.00;2,559.75;179,483.75;134,375.25;36,385.50;62,754.25;14,265.75;32,884.25
Jul 19, 2021;Jul 20, 2021;99,040.00;43,743.75;40,758.75;127,240.00;219,662.25;2,618.75;188,296.00;216,422.25;113,156.25;123,478.25;19,733.50;33,722.75
Jul 20, 2021;Jul 21, 2021;99,458.50;48,664.50;30,301.50;68,966.50;235,707.75;2,739.00;189,857.50;215,924.75;146,805.50;148,874.00;19,981.25;34,659.25
Jul 21, 2021;Jul 22, 2021;99,308.25;56,690.25;19,315.75;55,742.25;229,300.00;2,778.00;189,946.00;221,102.50;151,371.00;156,467.75;18,968.75;35,379.00
Jul 22, 2021;Jul 23, 2021;99,804.00;59,146.75;15,225.25;35,653.25;234,821.50;2,873.50;189,245.75;219,489.50;162,770.25;168,764.75;21,161.00;36,637.50
Jul 23, 2021;Jul 24, 2021;100,241.50;58,699.00;9,355.50;29,444.00;252,894.00;2,836.75;189,267.50;233,111.50;148,812.75;160,946.00;18,770.25;36,887.75
Jul 24, 2021;Jul 25, 2021;99,194.50;57,192.00;33,656.75;154,924.25;200,742.75;2,783.25;188,530.00;235,563.75;58,256.50;74,231.25;14,546.25;36,464.75
Jul 25, 2021;Jul 26, 2021;97,969.00;56,678.75;59,036.00;121,350.50;199,773.25;2,751.75;186,036.00;218,607.00;50,063.75;71,530.25;9,327.50;35,693.50
Jul 26, 2021;Jul 27, 2021;98,215.00;58,547.75;5,543.00;78,834.25;206,847.25;2,864.25;188,955.00;278,087.25;132,457.75;139,435.75;20,595.50;35,929.50
Jul 27, 2021;Jul 28, 2021;98,020.00;59,106.50;15,803.25;142,109.25;213,145.50;2,805.75;188,726.00;279,452.75;144,216.50;128,665.75;19,437.00;34,821.25
Jul 28, 2021;Jul 29, 2021;97,935.25;57,913.00;81,722.25;257,006.50;165,028.00;2,779.25;187,993.75;263,781.75;73,624.50;86,446.25;16,199.50;36,516.75
Jul 29, 2021;Jul 30, 2021;97,211.75;55,373.50;132,618.50;487,772.00;231,334.50;2,864.75;170,136.50;137,839.75;43,579.00;62,316.25;18,453.50;36,634.25
Jul 30, 2021;Jul 31, 2021;98,497.25;55,854.25;70,627.75;274,847.75;263,988.75;2,847.50;180,082.00;191,856.75;46,124.75;72,646.50;26,261.25;35,639.75
Jul 31, 2021;Aug 1, 2021;97,237.75;52,615.25;72,940.00;473,229.25;205,308.50;2,895.00;171,430.75;118,685.25;28,228.25;56,651.50;13,229.00;34,597.25
Aug 1, 2021;Aug 2, 2021;98,749.25;54,662.00;56,695.75;145,686.50;151,683.25;2,889.00;186,211.25;166,061.00;27,797.75;59,444.75;10,112.00;34,545.75
Aug 2, 2021;Aug 3, 2021;97,385.75;57,974.00;65,273.75;194,613.75;191,786.25;2,981.50;188,552.75;242,623.75;60,529.75;70,991.25;23,571.50;34,222.00
Aug 3, 2021;Aug 4, 2021;98,284.75;58,241.75;6,676.00;45,937.50;174,319.50;2,969.00;190,559.25;277,800.25;139,353.50;99,789.00;21,505.50;35,137.50
Aug 4, 2021;Aug 5, 2021;98,504.25;61,702.25;3,026.00;36,463.75;163,926.75;3,085.25;190,111.25;281,104.25;142,021.25;120,674.50;23,534.00;35,334.25
Aug 5, 2021;Aug 6, 2021;98,495.50;54,726.75;26,892.25;71,207.25;178,069.50;3,061.25;189,994.50;283,594.50;120,062.25;101,295.25;17,637.75;35,684.25
Aug 6, 2021;Aug 7, 2021;100,049.25;53,902.50;73,769.25;222,088.25;185,884.75;3,110.50;189,126.75;231,610.50;41,159.25;74,031.00;22,565.75;35,690.25
Aug 7, 2021;Aug 8, 2021;100,474.75;56,318.00;52,055.00;186,273.75;166,345.50;3,222.50;188,702.50;181,281.50;36,006.00;69,292.00;19,962.00;36,106.25
Aug 8, 2021;Aug 9, 2021;99,544.50;52,849.75;78,448.75;402,092.75;181,630.50;3,012.50;169,036.25;102,774.75;30,217.50;58,589.25;13,133.25;34,443.75
Aug 9, 2021;Aug 10, 2021;100,443.75;56,329.25;83,836.75;268,466.75;214,537.50;3,162.00;185,787.50;206,131.00;37,060.25;71,124.50;23,068.00;36,016.25
Aug 10, 2021;Aug 11, 2021;100,949.75;60,387.25;29,551.50;153,346.50;202,227.25;3,419.50;189,519.25;275,339.50;79,417.50;86,737.00;26,953.25;34,454.75
Aug 11, 2021;Aug 12, 2021;101,101.50;62,064.25;13,235.50;45,608.50;234,813.00;3,380.00;189,187.75;279,799.25;101,553.50;99,682.25;22,961.75;35,092.25
Aug 12, 2021;Aug 13, 2021;101,349.00;61,110.00;15,283.50;36,238.00;246,675.50;3,059.75;188,545.50;279,083.25;101,589.25;117,111.75;18,355.75;34,767.50
Aug 13, 2021;Aug 14, 2021;100,491.50;62,315.50;70,089.25;138,579.25;227,971.25;2,779.25;187,153.00;275,221.75;104,401.50;80,751.00;20,278.00;33,837.75
Aug 14, 2021;Aug 15, 2021;99,791.75;58,074.00;107,358.75;182,819.00;255,542.25;2,777.00;181,494.25;216,432.00;26,248.25;63,762.25;21,261.00;34,659.25
Aug 15, 2021;Aug 16, 2021;99,165.50;53,778.75;59,090.50;119,417.25;225,276.50;2,756.75;184,930.00;217,232.00;25,768.75;69,204.75;12,331.25;34,938.50
Aug 16, 2021;Aug 17, 2021;98,798.25;53,595.50;99,595.00;492,657.25;130,345.50;2,873.50;186,683.25;235,039.25;34,958.50;75,725.00;17,664.75;34,944.75
Aug 17, 2021;Aug 18, 2021;99,466.50;50,509.75;101,534.50;599,621.75;146,069.75;3,084.25;169,689.50;199,687.75;36,591.75;73,283.75;18,750.75;34,656.50
Aug 18, 2021;Aug 19, 2021;100,402.00;55,975.25;130,551.50;399,414.50;116,612.00;3,171.50;183,469.00;243,423.50;49,069.25;84,001.50;17,341.75;35,073.50
Aug 19, 2021;Aug 20, 2021;100,288.25;60,329.00;70,339.50;246,759.00;111,172.75;3,010.00;188,453.25;262,675.00;141,259.50;101,465.00;19,855.00;34,879.00
Aug 20, 2021;Aug 21, 2021;100,956.00;59,382.50;9,028.00;68,661.00;169,496.25;3,038.50;188,715.50;273,531.50;187,614.50;98,611.00;27,679.75;34,864.50
Aug 21, 2021;Aug 22, 2021;100,636.00;55,327.00;3,741.25;25,735.00;223,327.00;3,011.75;188,509.75;254,524.00;110,761.25;83,284.25;17,103.25;35,257.00
Aug 22, 2021;Aug 23, 2021;99,682.75;50,510.75;55,005.00;172,125.00;108,390.25;2,920.00;187,985.50;247,322.50;56,100.50;72,076.25;13,309.00;34,736.25
Aug 23, 2021;Aug 24, 2021;100,539.75;56,053.25;36,618.75;236,059.25;131,459.00;2,926.50;188,815.75;266,824.00;146,083.00;99,845.00;20,463.75;34,900.25
Aug 24, 2021;Aug 25, 2021;100,464.75;57,384.50;9,554.00;175,369.50;181,691.25;2,934.75;188,851.00;265,891.75;174,780.00;97,635.50;24,771.50;34,535.75
Aug 25, 2021;Aug 26, 2021;100,450.25;53,144.25;94,095.75;247,703.00;220,070.75;2,915.00;185,986.25;258,204.75;103,797.00;85,484.50;18,876.25;35,773.75
Aug 26, 2021;Aug 27, 2021;100,618.00;55,256.25;102,141.50;286,128.50;132,465.25;2,920.00;188,442.00;258,980.75;118,762.75;98,472.75;25,280.75;34,661.75
Aug 27, 2021;Aug 28, 2021;101,535.50;52,738.50;130,007.75;239,972.00;127,986.00;3,017.25;188,268.25;255,076.50;125,830.25;99,845.25;22,663.25;34,497.00
Aug 28, 2021;Aug 29, 2021;101,511.75;50,979.25;126,797.25;146,711.50;117,265.75;3,210.25;190,130.25;234,097.25;60,505.00;68,849.25;14,713.25;35,060.25
Aug 29, 2021;Aug 30, 2021;100,830.00;52,161.50;95,806.50;168,674.75;74,465.25;3,270.50;190,360.25;250,508.25;64,067.00;69,137.75;9,825.75;34,948.75
Aug 30, 2021;Aug 31, 2021;100,443.25;55,504.00;49,638.00;225,520.25;106,927.25;3,164.50;189,716.50;266,969.75;169,206.50;98,184.25;27,212.75;35,830.75
Aug 31, 2021;Sep 1, 2021;100,710.25;53,993.75;50,875.00;191,159.50;148,653.50;3,128.75;189,844.25;256,289.50;214,601.25;119,115.75;19,525.50;36,478.75
Sep 1, 2021;Sep 2, 2021;100,775.50;52,115.25;16,935.50;97,718.25;197,419.50;3,370.00;190,149.50;264,002.00;218,010.50;141,549.25;21,728.00;32,660.50
Sep 2, 2021;Sep 3, 2021;100,634.75;52,257.00;6,251.75;72,101.75;223,976.25;3,285.00;189,725.50;261,267.00;222,366.00;142,332.25;24,565.25;32,564.50
Sep 3, 2021;Sep 4, 2021;101,357.00;52,642.25;28,065.50;101,658.50;244,864.00;3,203.50;187,422.00;256,272.75;211,348.50;114,483.50;23,707.00;30,918.50
Sep 4, 2021;Sep 5, 2021;100,135.75;49,436.75;18,568.00;50,386.00;208,633.75;3,040.75;189,391.00;262,085.25;169,405.50;85,701.25;17,459.00;30,421.75
Sep 5, 2021;Sep 6, 2021;100,971.75;46,473.00;30,680.25;86,753.75;224,766.75;2,995.25;185,770.50;255,651.25;102,745.00;79,181.75;10,142.00;30,651.00
Sep 6, 2021;Sep 7, 2021;100,422.50;48,276.00;1,552.00;29,208.75;223,718.75;2,971.50;189,409.50;267,879.25;244,339.50;143,894.75;29,204.25;30,823.00
Sep 7, 2021;Sep 8, 2021;100,793.75;49,058.25;5,744.75;21,299.00;195,179.25;2,921.00;190,103.50;278,799.75;252,595.50;162,590.00;29,941.75;31,197.50
Sep 8, 2021;Sep 9, 2021;99,946.00;44,233.25;15,581.50;96,589.25;234,619.50;3,016.50;189,518.25;276,512.75;248,843.00;157,640.75;21,939.50;30,481.00
Sep 9, 2021;Sep 10, 2021;99,127.50;44,363.00;18,203.75;111,750.75;210,390.25;2,993.00;189,111.50;276,515.25;255,796.25;172,057.75;28,110.50;31,539.75
Sep 10, 2021;Sep 11, 2021;99,825.25;44,453.75;9,608.75;80,349.00;167,419.50;2,883.25;188,569.75;296,706.75;275,707.25;174,411.75;24,398.75;31,464.00
Sep 11, 2021;Sep 12, 2021;99,959.25;40,850.25;46,763.75;110,193.25;125,107.25;2,827.25;188,974.75;301,248.50;227,165.50;103,385.25;12,521.50;30,904.75
Sep 12, 2021;Sep 13, 2021;99,979.50;37,578.75;67,533.00;115,675.50;167,197.00;2,794.75;189,279.75;288,934.00;141,256.75;90,764.75;10,143.75;30,748.25
Sep 13, 2021;Sep 14, 2021;100,573.00;41,017.25;29,172.75;55,060.50;174,322.25;2,818.25;189,806.25;334,810.00;242,935.75;148,918.25;31,454.25;30,905.75
Sep 14, 2021;Sep 15, 2021;100,419.00;42,771.25;15,690.75;82,029.25;196,699.50;2,819.25;189,668.75;304,228.75;252,211.00;164,244.00;25,432.50;30,896.75
Sep 15, 2021;Sep 16, 2021;100,752.25;41,431.25;55,296.00;161,362.25;71,988.75;2,928.50;188,920.25;308,290.25;242,427.00;172,107.50;19,095.50;31,135.25
Sep 16, 2021;Sep 17, 2021;101,750.25;42,651.00;107,026.25;240,873.75;87,789.25;2,962.00;189,371.50;312,214.75;238,949.75;177,764.00;20,728.00;31,164.00
Sep 17, 2021;Sep 18, 2021;102,419.00;45,097.50;21,925.25;143,277.50;105,269.50;3,000.75;190,632.50;303,266.75;262,882.25;162,025.75;20,265.00;31,233.75
Sep 18, 2021;Sep 19, 2021;101,400.25;40,488.50;28,486.25;80,885.00;144,350.50;2,926.75;190,893.25;301,025.50;227,467.50;90,240.25;13,499.50;32,007.00
Sep 19, 2021;Sep 20, 2021;101,797.50;37,782.75;89,196.25;124,093.00;111,604.75;2,742.75;188,324.75;314,928.25;133,955.50;80,332.50;12,854.00;31,380.25
Sep 20, 2021;Sep 21, 2021;102,529.25;41,748.75;17,267.25;50,568.00;94,908.75;2,750.50;191,933.50;310,596.75;250,969.00;162,558.50;24,556.50;32,662.25
Sep 21, 2021;Sep 22, 2021;102,488.25;38,600.25;57,280.75;117,326.00;124,196.25;3,504.00;191,807.00;299,293.25;276,417.50;140,978.25;20,690.25;33,162.25
Sep 22, 2021;Sep 23, 2021;102,450.75;37,109.00;60,595.75;144,792.25;151,687.75;3,505.00;191,462.50;322,205.75;248,162.75;131,194.25;27,048.75;33,841.75
Sep 23, 2021;Sep 24, 2021;100,416.25;35,437.00;73,634.25;563,094.50;173,566.00;3,350.50;182,699.75;243,419.50;111,207.75;84,064.50;16,316.50;31,616.25
Sep 24, 2021;Sep 25, 2021;101,253.25;34,693.25;106,694.50;386,874.75;119,173.75;3,394.50;177,923.00;259,208.00;164,284.75;100,014.25;29,608.50;33,223.50
Sep 25, 2021;Sep 26, 2021;101,674.25;31,191.50;30,413.00;131,189.25;155,334.50;3,478.50;155,276.25;276,621.75;208,794.50;98,581.50;24,647.75;32,861.50
Sep 26, 2021;Sep 27, 2021;100,771.25;29,395.25;26,818.50;102,289.25;138,150.25;3,179.50;156,147.00;308,383.25;171,989.75;77,834.75;12,770.25;33,205.25
Sep 27, 2021;Sep 28, 2021;100,777.50;32,378.00;83,179.00;162,949.25;112,003.75;3,078.25;154,834.50;331,705.00;237,147.50;120,731.50;22,847.50;34,545.50
Sep 28, 2021;Sep 29, 2021;101,937.00;33,585.00;45,092.00;90,313.00;121,578.50;3,504.75;157,269.75;331,859.00;268,005.75;136,291.00;29,456.75;34,997.00
Sep 29, 2021;Sep 30, 2021;102,137.50;32,970.25;113,916.00;347,620.00;95,366.75;3,734.25;155,073.00;315,453.50;195,571.75;86,094.25;20,432.00;33,988.75
Sep 30, 2021;Oct 1, 2021;101,239.00;33,275.75;129,004.25;495,077.25;165,700.50;3,854.25;147,674.00;264,046.50;137,122.50;89,583.50;23,333.75;34,395.25
Oct 1, 2021;Oct 2, 2021;102,857.00;31,268.25;139,517.25;429,092.00;184,858.50;3,969.00;140,900.50;253,069.25;114,925.50;96,587.00;26,126.25;34,329.00
Oct 2, 2021;Oct 3, 2021;103,008.75;27,936.75;78,451.75;325,515.75;142,668.75;3,899.00;146,056.50;253,105.50;73,066.50;76,736.75;19,508.50;34,414.50
Oct 3, 2021;Oct 4, 2021;101,251.25;27,035.50;105,001.75;614,041.75;88,296.75;3,440.00;129,772.00;139,349.00;32,416.00;77,471.75;10,129.00;33,667.75
Oct 4, 2021;Oct 5, 2021;102,762.50;28,978.75;127,775.25;213,884.75;64,425.00;4,024.50;148,503.00;291,849.25;171,531.75;125,895.75;32,221.25;34,127.00
Oct 5, 2021;Oct 6, 2021;103,167.75;32,817.50;128,226.75;231,931.75;61,624.25;4,208.00;157,979.50;304,249.50;175,216.50;103,062.00;23,898.75;34,105.25
Oct 6, 2021;Oct 7, 2021;102,566.75;36,286.50;48,737.25;309,617.50;95,240.00;4,163.75;157,105.00;295,414.50;172,867.75;116,119.00;15,440.50;34,718.50
Oct 7, 2021;Oct 8, 2021;104,039.75;36,011.00;6,567.25;28,682.75;118,724.00;4,347.00;158,351.75;310,659.00;273,204.75;197,593.50;21,101.75;38,355.25
Oct 8, 2021;Oct 9, 2021;104,018.25;32,645.00;8,793.25;144,245.50;126,042.00;4,392.50;158,237.50;309,528.50;255,445.75;164,318.00;21,228.25;38,001.00
Oct 9, 2021;Oct 10, 2021;103,341.75;30,498.25;28,564.50;219,344.00;186,388.75;4,327.25;156,211.50;295,168.50;128,632.25;87,452.75;16,149.25;36,028.25
Oct 10, 2021;Oct 11, 2021;102,635.50;27,954.25;30,015.25;106,299.25;179,114.50;4,294.00;156,518.50;325,504.75;119,112.00;84,678.25;19,313.25;35,742.00
Oct 11, 2021;Oct 12, 2021;102,420.25;29,915.25;121,699.25;229,487.75;111,344.75;4,301.25;154,671.50;338,803.25;204,577.00;122,650.75;20,457.75;35,904.75
Oct 12, 2021;Oct 13, 2021;103,036.75;30,572.25;117,320.75;273,253.50;68,156.25;4,217.50;157,307.25;335,425.25;239,169.25;144,941.25;16,645.25;40,372.25
Oct 13, 2021;Oct 14, 2021;103,485.25;32,231.75;78,192.50;148,826.50;110,941.00;4,268.50;159,185.00;337,322.25;288,914.75;171,740.75;13,890.00;37,452.50
Oct 14, 2021;Oct 15, 2021;105,273.25;31,559.25;118,053.00;318,367.75;59,719.50;4,257.75;180,309.00;323,878.75;244,755.25;139,910.00;14,718.25;35,909.50
Oct 15, 2021;Oct 16, 2021;104,806.00;31,263.00;132,086.50;430,379.00;105,108.00;4,278.00;185,193.75;301,287.00;141,023.25;115,178.00;21,522.25;35,583.00
Oct 16, 2021;Oct 17, 2021;104,903.25;32,033.00;82,871.75;124,980.75;111,108.75;4,469.75;188,224.50;335,364.25;183,956.25;105,925.00;19,581.75;36,175.00
Oct 17, 2021;Oct 18, 2021;104,207.00;27,457.25;69,218.50;136,926.50;83,216.75;3,999.50;190,010.25;347,319.75;166,891.50;89,508.25;17,752.25;35,446.50
Oct 18, 2021;Oct 19, 2021;105,216.75;28,325.50;72,365.25;164,440.00;99,579.50;4,150.75;190,503.75;346,964.25;221,913.25;135,732.00;27,627.50;36,089.25
Oct 19, 2021;Oct 20, 2021;104,763.00;29,006.00;119,737.50;400,187.00;46,820.25;3,888.00;187,836.50;322,383.50;182,709.00;125,548.25;23,057.50;34,679.25
Oct 20, 2021;Oct 21, 2021;103,247.00;27,354.00;126,861.50;776,812.25;82,415.00;3,673.00;183,048.50;194,541.00;53,170.00;90,409.25;24,776.50;34,462.50
Oct 21, 2021;Oct 22, 2021;102,145.25;27,329.75;115,447.25;814,292.25;78,076.50;3,815.50;167,080.75;196,675.00;49,583.75;94,116.75;30,861.25;31,805.50
Oct 22, 2021;Oct 23, 2021;102,839.00;28,336.25;117,769.00;745,389.25;97,611.50;4,040.50;166,604.00;208,750.00;68,922.75;95,565.25;22,687.75;32,068.75
Oct 23, 2021;Oct 24, 2021;105,177.25;27,816.75;87,492.50;288,006.00;106,653.50;4,307.00;183,015.50;285,616.75;121,977.25;119,237.00;31,287.75;33,591.25
Oct 24, 2021;Oct 25, 2021;104,347.25;25,423.75;109,344.00;256,270.75;158,926.75;3,845.75;185,080.25;294,851.00;64,695.50;64,736.00;15,774.75;26,198.00
Oct 25, 2021;Oct 26, 2021;105,888.50;27,856.50;98,348.75;251,331.75;105,308.25;4,266.50;188,727.00;308,772.50;190,135.25;167,030.25;32,088.75;34,208.50
Oct 26, 2021;Oct 27, 2021;105,044.25;29,647.25;98,688.50;312,731.00;67,187.50;4,331.50;190,191.00;311,773.50;199,600.25;153,667.25;32,481.25;34,209.50
Oct 27, 2021;Oct 28, 2021;105,000.25;30,903.75;124,442.25;379,407.25;70,762.75;4,308.50;184,941.50;301,032.00;175,905.25;125,852.00;34,340.25;35,662.25
Oct 28, 2021;Oct 29, 2021;105,428.00;28,081.50;118,909.50;256,667.50;107,973.25;4,439.25;189,461.00;323,321.75;209,157.00;116,240.25;26,529.00;36,920.00
Oct 29, 2021;Oct 30, 2021;106,281.75;24,343.25;113,899.75;383,459.75;100,110.75;4,356.50;184,984.75;290,449.00;165,421.00;97,643.25;29,202.50;33,178.50
Oct 30, 2021;Oct 31, 2021;107,465.75;24,129.75;101,619.50;402,654.00;68,092.50;3,983.50;187,932.50;264,044.75;83,123.75;79,591.00;22,354.50;31,910.50
Oct 31, 2021;Nov 1, 2021;109,597.50;22,793.25;97,230.50;434,850.00;102,664.50;3,949.00;186,903.50;205,219.00;56,391.50;62,934.75;10,024.00;28,396.00
Nov 1, 2021;Nov 2, 2021;107,043.25;23,206.75;125,951.25;390,425.25;39,236.00;4,071.75;183,264.75;222,194.75;81,477.25;93,720.00;22,398.25;34,676.75
Nov 2, 2021;Nov 3, 2021;108,320.75;29,762.50;36,306.25;119,921.00;62,657.25;4,292.00;192,235.50;277,711.25;260,192.50;209,286.50;32,713.25;35,657.75
Nov 3, 2021;Nov 4, 2021;108,351.50;32,759.50;8,427.25;79,656.75;47,779.25;4,668.50;192,211.75;291,890.75;297,735.50;251,846.25;34,591.50;37,135.25
Nov 4, 2021;Nov 5, 2021;107,747.50;30,604.50;37,044.50;315,812.75;21,064.25;4,731.25;187,539.25;294,856.50;265,377.00;206,966.75;21,966.50;35,813.75
Nov 5, 2021;Nov 6, 2021;107,631.50;29,734.00;108,524.25;311,690.75;39,892.50;4,804.75;191,256.25;308,085.25;226,458.50;175,995.00;29,688.75;36,344.00
Nov 6, 2021;Nov 7, 2021;106,419.50;27,111.50;130,478.50;483,364.25;64,891.50;4,120.25;181,520.50;243,216.50;112,773.25;99,217.75;17,757.00;33,408.25
Nov 7, 2021;Nov 8, 2021;104,400.75;25,671.75;131,351.25;679,557.25;46,997.75;3,928.50;170,590.00;164,025.00;87,937.75;84,214.00;9,137.50;33,497.75
Nov 8, 2021;Nov 9, 2021;107,620.25;27,445.50;68,687.75;234,262.00;58,567.50;4,714.25;184,560.25;311,351.00;223,141.75;217,423.50;30,702.00;36,175.75
Nov 9, 2021;Nov 10, 2021;108,415.25;28,047.00;123,232.75;194,385.25;105,148.25;4,805.50;186,277.25;335,937.25;256,485.25;225,437.50;19,967.00;36,891.00
Nov 10, 2021;Nov 11, 2021;109,085.50;31,625.25;64,538.00;110,346.00;71,971.75;5,164.75;192,496.00;343,728.50;266,068.00;246,799.25;33,544.50;37,727.00
Nov 11, 2021;Nov 12, 2021;108,810.00;31,738.50;25,595.00;54,224.75;66,157.75;5,257.00;192,992.00;339,324.75;280,086.25;279,489.50;25,943.75;39,308.25
Nov 12, 2021;Nov 13, 2021;109,166.00;27,252.00;98,544.50;153,638.25;37,745.75;5,242.00;190,739.75;330,674.75;274,504.25;243,562.25;24,330.75;39,216.50
Nov 13, 2021;Nov 14, 2021;108,558.00;25,728.00;36,502.50;143,069.25;23,626.00;5,224.75;189,510.25;327,101.50;238,735.75;187,058.00;26,421.00;38,578.25
Nov 14, 2021;Nov 15, 2021;106,477.00;26,440.00;48,021.00;102,526.50;25,152.75;5,288.25;191,616.50;329,611.25;235,109.25;161,641.50;12,950.25;37,651.50
Nov 15, 2021;Nov 16, 2021;107,355.25;34,756.75;17,570.50;134,309.75;14,521.00;5,192.50;192,016.25;330,948.00;272,293.00;264,338.75;36,388.50;39,927.50
Nov 16, 2021;Nov 17, 2021;106,494.75;33,857.25;10,348.25;24,927.00;11,924.50;5,121.00;192,520.25;334,998.00;290,731.25;289,426.00;35,121.50;39,356.00
Nov 17, 2021;Nov 18, 2021;106,902.75;30,782.75;127,837.75;261,590.00;14,772.75;5,055.00;191,717.75;338,893.75;274,575.25;205,856.00;27,151.50;37,088.00
Nov 18, 2021;Nov 19, 2021;106,868.50;28,415.50;129,207.75;564,067.00;35,083.50;4,843.25;185,084.25;313,170.75;195,147.00;127,981.00;22,724.75;38,659.25
Nov 19, 2021;Nov 20, 2021;108,079.25;26,876.00;129,497.25;567,559.50;24,583.50;4,804.25;177,237.00;304,205.75;166,803.00;129,369.50;32,237.25;36,003.00
Nov 20, 2021;Nov 21, 2021;107,504.25;25,250.25;136,760.00;377,617.00;19,760.50;4,614.50;182,789.00;327,043.50;141,049.50;109,432.75;20,977.25;36,766.75
Nov 21, 2021;Nov 22, 2021;108,139.25;22,820.00;130,657.50;214,901.50;27,578.00;4,966.50;186,314.50;309,218.00;198,848.25;135,967.50;20,517.25;38,093.25
Nov 22, 2021;Nov 23, 2021;108,596.00;25,341.75;72,047.50;220,939.00;42,805.00;5,227.75;191,883.75;296,367.00;258,455.25;244,741.50;25,283.25;38,884.75
Nov 23, 2021;Nov 24, 2021;108,368.00;29,071.25;91,233.25;212,910.25;57,436.50;5,122.00;187,794.50;293,718.50;260,702.25;266,839.00;32,472.00;41,519.00
Nov 24, 2021;Nov 25, 2021;108,363.75;30,737.75;87,035.25;121,869.25;31,881.75;5,134.25;190,859.75;314,258.00;321,246.25;304,446.00;34,619.75;42,538.25
Nov 25, 2021;Nov 26, 2021;109,266.25;28,862.25;119,714.25;180,866.25;16,478.25;5,125.50;183,571.25;335,328.75;290,347.00;281,102.75;34,863.50;42,986.50
Nov 26, 2021;Nov 27, 2021;109,394.25;24,933.00;109,423.00;319,511.75;19,472.75;4,995.75;185,250.50;353,399.25;265,807.50;216,430.00;24,338.50;42,275.25
Nov 27, 2021;Nov 28, 2021;109,319.75;22,941.25;75,902.75;194,220.00;22,421.25;4,199.25;183,432.50;354,389.50;251,928.75;213,921.50;22,513.00;37,717.25
Nov 28, 2021;Nov 29, 2021;108,593.00;24,063.75;84,262.25;69,512.50;23,036.25;4,211.50;182,198.75;352,968.75;256,165.25;181,567.50;21,947.00;38,238.00
Nov 29, 2021;Nov 30, 2021;108,926.25;28,237.00;56,361.50;193,277.50;18,980.25;4,158.50;188,117.00;340,750.25;301,876.00;248,369.25;42,267.25;40,436.50
Nov 30, 2021;Dec 1, 2021;107,192.50;26,170.00;112,205.25;772,323.50;7,898.75;4,032.00;174,103.50;282,139.75;160,403.75;145,037.75;32,015.25;37,964.75
Dec 1, 2021;Dec 2, 2021;106,965.00;25,976.75;117,480.00;861,853.00;18,648.25;3,956.25;175,366.75;233,009.00;144,835.75;126,606.25;14,652.00;35,212.50
Dec 2, 2021;Dec 3, 2021;107,847.00;30,563.50;87,159.75;412,375.25;31,318.00;4,332.50;181,998.25;284,725.75;243,377.75;219,268.75;40,024.00;40,030.00
Dec 3, 2021;Dec 4, 2021;107,362.50;28,810.50;132,451.25;631,395.50;34,454.50;4,303.50;183,024.75;290,140.25;156,328.75;158,501.75;21,108.75;36,362.50
Dec 4, 2021;Dec 5, 2021;108,842.25;28,179.75;49,903.75;242,490.75;11,646.50;4,363.50;185,460.25;295,792.50;197,949.00;192,088.75;30,395.75;36,732.75
Dec 5, 2021;Dec 6, 2021;108,993.50;30,656.75;132,233.75;180,570.50;26,847.75;4,750.50;184,454.25;318,135.75;168,788.75;180,109.00;19,523.00;38,084.25
Dec 6, 2021;Dec 7, 2021;108,661.75;31,246.25;130,369.50;155,320.50;22,586.00;5,147.50;184,829.50;352,358.50;243,130.25;260,595.75;31,008.75;40,613.50
Dec 7, 2021;Dec 8, 2021;108,788.50;30,082.25;115,196.50;378,381.25;26,893.00;5,000.50;182,549.75;347,818.75;243,557.50;239,875.75;27,528.00;39,443.50
Dec 8, 2021;Dec 9, 2021;108,466.00;28,737.50;141,833.75;428,551.50;13,374.75;4,945.00;178,916.25;335,472.75;209,769.75;207,185.50;22,462.00;38,546.50
Dec 9, 2021;Dec 10, 2021;109,214.00;34,331.50;86,956.00;139,264.25;11,010.00;5,233.00;187,475.50;375,718.75;280,496.50;284,006.75;35,527.25;41,197.50
Dec 10, 2021;Dec 11, 2021;110,320.50;31,501.75;52,768.50;131,991.75;20,048.75;5,266.00;184,360.00;352,949.25;263,877.75;269,134.75;32,071.50;40,037.50
Dec 11, 2021;Dec 12, 2021;109,820.00;28,210.75;46,770.00;135,029.25;17,291.50;5,241.50;188,452.00;313,481.75;240,196.25;234,835.75;17,402.75;37,939.25
Dec 12, 2021;Dec 13, 2021;108,611.75;26,587.75;86,135.25;371,689.50;15,655.00;4,862.50;185,252.75;302,319.75;168,254.25;135,194.50;17,760.75;36,525.25
Dec 13, 2021;Dec 14, 2021;109,695.50;30,276.50;106,509.50;193,028.25;14,804.25;5,071.75;184,367.00;314,395.75;253,020.25;238,399.75;35,737.25;40,651.25
Dec 14, 2021;Dec 15, 2021;108,787.25;37,649.00;64,261.75;184,728.75;13,770.25;5,046.25;187,068.75;326,302.25;264,469.25;251,472.50;38,186.50;39,087.00
Dec 15, 2021;Dec 16, 2021;108,438.75;33,448.50;125,419.00;276,259.25;12,819.50;5,204.25;184,934.00;304,414.00;231,704.50;247,876.50;25,500.75;35,993.25
Dec 16, 2021;Dec 17, 2021;109,917.00;32,153.75;34,337.25;179,911.50;17,513.25;5,119.50;187,996.50;312,171.50;250,071.75;270,343.75;27,324.00;38,076.00
Dec 17, 2021;Dec 18, 2021;110,555.50;29,184.50;33,095.25;134,094.00;22,589.00;5,113.00;185,795.50;337,148.75;228,966.25;270,033.50;29,501.25;39,273.50
Dec 18, 2021;Dec 19, 2021;109,558.50;26,293.50;87,577.00;236,486.75;13,277.00;5,057.50;180,007.75;295,848.50;178,441.50;214,238.50;17,199.00;37,133.50
Dec 19, 2021;Dec 20, 2021;106,546.75;25,850.25;110,296.50;503,163.00;14,239.25;4,722.00;165,937.50;282,182.75;113,831.75;135,781.50;8,701.00;35,671.25
Dec 20, 2021;Dec 21, 2021;109,544.00;26,597.25;15,157.25;150,482.75;57,333.75;4,913.00;179,110.75;358,899.25;253,994.00;263,064.50;32,157.25;42,501.00
Dec 21, 2021;Dec 22, 2021;110,091.25;33,530.25;11,762.50;48,626.00;51,172.00;5,213.00;189,227.00;364,893.25;295,808.25;305,773.50;34,097.25;42,847.75
Dec 22, 2021;Dec 23, 2021;109,176.00;29,000.00;37,211.75;124,987.25;55,101.00;5,150.25;189,101.75;354,037.50;287,545.50;282,481.25;31,429.00;40,077.50
Dec 23, 2021;Dec 24, 2021;109,896.50;25,238.00;66,580.00;346,488.00;19,130.50;5,090.25;185,415.00;358,880.00;238,714.75;168,922.75;26,482.50;38,174.00
Dec 24, 2021;Dec 25, 2021;108,389.50;24,924.50;54,791.75;463,984.50;7,992.75;4,201.00;169,462.25;317,562.50;125,424.50;109,098.25;14,696.25;35,067.25
Dec 25, 2021;Dec 26, 2021;108,314.75;26,035.75;31,657.50;172,656.50;20,856.00;4,203.75;180,737.75;313,908.00;151,735.00;115,293.75;27,844.50;35,271.25
Dec 26, 2021;Dec 27, 2021;107,432.50;28,160.00;91,945.25;250,325.50;23,988.75;4,044.75;176,975.25;333,967.00;141,239.25;119,117.75;18,252.75;35,183.25
Dec 27, 2021;Dec 28, 2021;107,849.00;29,248.50;98,697.00;319,053.00;22,489.50;4,331.75;179,071.75;340,083.50;132,318.75;125,406.25;32,563.00;36,154.00
Dec 28, 2021;Dec 29, 2021;105,974.25;29,790.25;80,776.00;459,833.75;14,681.50;4,181.25;175,564.00;316,803.00;116,136.25;103,850.50;24,734.25;34,785.75
Dec 29, 2021;Dec 30, 2021;107,131.00;33,203.00;43,982.25;303,821.25;14,847.75;4,547.50;181,019.00;346,161.25;158,583.75;113,613.25;34,547.50;36,336.50
Dec 30, 2021;Dec 31, 2021;105,746.75;38,400.50;139,835.25;668,295.00;14,000.50;3,843.00;164,627.00;136,013.00;81,690.00;90,209.75;27,985.50;34,973.75
Dec 31, 2021;Jan 1, 2022;105,496.75;37,148.75;142,688.50;668,159.25;43,736.00;3,735.50;149,248.00;90,147.50;53,210.00;75,668.00;25,120.75;34,401.00
Jan 1, 2022;Jan 2, 2022;105,822.50;35,082.50;132,018.75;397,573.50;32,750.00;3,712.75;80,217.75;117,541.50;65,930.50;84,464.00;29,103.25;34,744.50
Jan 2, 2022;Jan 3, 2022;105,579.25;34,439.25;148,225.00;641,030.25;23,972.00;3,686.25;79,984.75;84,983.00;53,679.50;82,776.75;16,450.00;34,803.25
Jan 3, 2022;Jan 4, 2022;106,155.00;34,357.50;137,050.50;758,356.00;21,528.00;3,755.50;88,018.00;200,795.00;81,524.50;115,794.00;25,507.00;33,329.75
Jan 4, 2022;Jan 5, 2022;107,600.25;35,319.75;115,423.50;361,739.25;9,907.25;4,837.50;97,591.00;313,122.25;219,827.50;190,738.75;36,534.00;35,042.25
Jan 5, 2022;Jan 6, 2022;105,204.75;34,741.75;137,739.25;724,135.25;25,540.25;4,366.00;98,164.50;292,972.75;159,713.75;127,209.50;15,566.50;33,087.75
Jan 6, 2022;Jan 7, 2022;106,968.50;34,562.25;91,901.00;292,297.75;49,290.75;4,989.25;97,224.25;292,546.00;245,765.00;198,417.00;35,758.00;35,525.50
Jan 7, 2022;Jan 8, 2022;107,792.50;34,191.75;138,935.75;517,637.00;17,002.25;4,998.75;98,040.50;325,941.75;229,822.75;159,324.25;29,540.75;35,284.00
Jan 8, 2022;Jan 9, 2022;106,504.25;32,596.25;126,319.25;460,185.00;21,990.75;5,113.00;97,908.50;298,687.25;218,409.50;136,263.00;17,745.25;34,901.25
Jan 9, 2022;Jan 10, 2022;106,055.00;34,134.25;106,707.00;453,036.75;19,460.75;4,771.25;70,531.75;274,390.00;186,144.75;140,320.75;17,104.50;34,122.75
Jan 10, 2022;Jan 11, 2022;106,950.00;36,664.00;23,279.75;57,546.50;25,749.75;4,942.00;65,672.75;350,497.50;278,851.25;305,091.00;38,835.00;33,503.25
Jan 11, 2022;Jan 12, 2022;106,474.25;36,393.50;78,363.75;97,078.25;36,588.50;5,026.75;97,103.50;359,936.75;272,677.75;316,989.75;27,823.75;26,781.00
Jan 12, 2022;Jan 13, 2022;107,633.50;35,952.25;56,031.00;141,002.25;35,994.25;5,111.50;95,502.75;358,710.75;273,212.50;320,460.00;36,399.00;26,861.00
Jan 13, 2022;Jan 14, 2022;107,498.00;34,246.00;125,399.50;421,372.00;36,013.75;4,999.25;98,448.75;332,230.00;249,939.25;258,500.25;27,800.75;27,248.25
Jan 14, 2022;Jan 15, 2022;108,798.50;32,098.25;89,427.00;369,749.25;45,872.75;5,050.50;97,685.50;329,175.25;263,225.25;276,000.00;24,674.25;31,968.25
Jan 15, 2022;Jan 16, 2022;109,976.00;31,963.50;26,105.75;69,007.00;28,896.25;5,170.25;95,819.50;319,361.00;290,032.00;275,834.25;21,271.50;36,789.00
Jan 16, 2022;Jan 17, 2022;107,635.25;32,741.00;113,651.25;407,896.25;23,157.75;5,079.75;98,381.75;274,722.00;217,043.50;153,555.75;13,549.50;34,276.50
Jan 17, 2022;Jan 18, 2022;107,332.25;30,855.75;112,473.50;650,353.25;20,302.75;4,829.25;96,954.00;273,412.50;225,502.25;188,863.75;22,442.00;33,739.25
Jan 18, 2022;Jan 19, 2022;109,572.25;32,929.50;66,478.50;164,122.50;29,261.75;5,098.75;94,413.00;345,101.50;319,936.25;306,490.00;36,845.50;35,878.50
Jan 19, 2022;Jan 20, 2022;107,930.00;30,405.75;150,661.00;492,286.50;46,867.50;4,965.75;97,979.00;313,272.75;259,433.75;223,625.25;18,281.00;33,378.25
Jan 20, 2022;Jan 21, 2022;106,565.25;29,734.25;140,600.25;710,104.75;37,634.50;4,805.25;98,125.00;270,618.50;198,595.25;178,905.50;27,257.25;32,959.75
Jan 21, 2022;Jan 22, 2022;108,459.25;29,140.75;147,224.50;491,321.75;42,720.50;4,856.00;98,265.25;298,827.00;236,046.25;232,544.25;30,620.75;38,507.75
Jan 22, 2022;Jan 23, 2022;108,725.00;28,689.00;71,286.25;303,261.75;20,052.75;4,796.00;96,708.50;312,449.75;199,894.75;255,872.50;22,839.75;35,280.75
Jan 23, 2022;Jan 24, 2022;107,223.50;27,461.00;36,023.00;120,195.75;23,701.75;4,843.25;95,302.75;332,321.25;261,738.75;257,939.25;15,538.50;35,498.25
Jan 24, 2022;Jan 25, 2022;109,179.75;34,241.50;54,921.25;79,794.75;35,802.75;4,825.50;97,453.25;333,000.50;293,638.50;319,303.25;36,712.75;36,627.50
Jan 25, 2022;Jan 26, 2022;109,829.00;41,728.50;42,455.25;95,170.75;25,856.50;4,957.75;98,622.50;332,419.25;299,193.50;346,802.50;37,581.25;37,667.50
Jan 26, 2022;Jan 27, 2022;109,004.75;37,743.50;125,569.25;347,010.75;20,077.00;4,977.75;98,524.25;307,533.00;286,224.75;300,869.75;29,011.75;33,818.25
Jan 27, 2022;Jan 28, 2022;105,319.50;31,893.25;119,476.25;748,249.50;32,113.25;4,708.00;98,168.50;244,574.75;219,712.75;175,230.25;22,072.75;30,022.75
Jan 28, 2022;Jan 29, 2022;109,253.25;24,572.50;110,074.75;573,439.75;51,352.50;4,565.00;97,881.75;264,152.25;196,127.75;208,920.25;32,426.75;35,149.25
Jan 29, 2022;Jan 30, 2022;106,475.25;22,724.75;109,774.25;869,508.50;18,500.25;3,876.00;95,745.00;150,830.50;104,710.50;150,977.25;16,323.25;30,914.25
Jan 30, 2022;Jan 31, 2022;106,462.50;22,366.50;111,033.50;717,692.25;53,505.50;3,956.75;88,167.00;166,967.00;106,920.75;138,449.00;19,338.50;31,412.00
Jan 31, 2022;Feb 1, 2022;109,191.75;25,392.00;89,599.50;425,873.00;21,403.00;4,679.25;98,084.75;296,893.00;192,127.75;225,890.75;38,133.00;34,057.75
Feb 1, 2022;Feb 2, 2022;106,885.50;25,056.00;111,276.75;763,781.75;17,691.50;4,398.25;97,340.25;253,353.00;163,628.75;186,235.25;19,032.50;33,365.00
Feb 2, 2022;Feb 3, 2022;107,803.75;25,970.75;92,009.25;706,462.50;49,030.50;4,164.25;96,931.50;248,274.50;171,465.75;196,554.50;22,381.25;35,497.50
Feb 3, 2022;Feb 4, 2022;109,207.50;26,513.25;108,660.00;356,310.25;28,134.50;4,864.50;96,500.75;302,781.00;238,629.75;264,535.00;26,746.50;39,204.50
Feb 4, 2022;Feb 5, 2022;108,400.00;24,535.50;120,205.00;665,470.25;33,030.25;4,632.75;97,774.25;257,526.25;145,399.25;180,041.50;18,180.00;37,413.50
Feb 5, 2022;Feb 6, 2022;108,217.25;23,987.75;121,935.50;821,077.75;79,135.75;3,891.25;96,356.25;125,422.75;93,594.00;122,530.25;20,202.25;30,800.50
Feb 6, 2022;Feb 7, 2022;107,559.25;23,730.75;100,601.00;899,909.00;24,813.25;3,623.00;87,914.00;106,929.75;76,894.50;102,312.25;26,602.25;29,940.25
Feb 7, 2022;Feb 8, 2022;107,789.50;26,931.75;108,264.75;783,534.00;58,916.00;4,342.25;96,857.00;189,785.50;142,553.00;156,649.75;28,025.75;36,214.25
Feb 8, 2022;Feb 9, 2022;108,252.75;25,297.75;122,258.75;725,474.50;35,078.00;4,501.50;97,716.50;253,595.25;191,060.75;164,524.25;17,688.00;33,522.25
Feb 9, 2022;Feb 10, 2022;109,345.00;26,855.75;110,342.50;518,290.50;66,825.25;4,688.75;97,578.25;279,575.50;221,477.75;190,997.25;24,456.50;37,576.00
Feb 10, 2022;Feb 11, 2022;110,954.50;27,847.00;101,254.75;311,575.00;66,181.00;4,931.25;97,687.75;280,293.75;273,858.00;252,151.25;21,423.00;36,003.50
Feb 11, 2022;Feb 12, 2022;110,709.00;27,459.75;86,995.00;405,293.25;61,470.25;5,085.00;97,506.75;315,869.00;232,411.50;209,975.75;25,357.75;36,022.50
Feb 12, 2022;Feb 13, 2022;110,135.50;25,900.50;123,683.00;322,163.75;144,515.75;4,846.25;97,621.75;285,579.50;194,979.50;164,045.50;18,079.75;34,623.50
Feb 13, 2022;Feb 14, 2022;107,412.25;24,487.25;123,906.00;607,467.50;146,480.25;4,109.25;96,684.25;166,112.50;112,273.00;126,722.75;16,563.25;32,794.75
Feb 14, 2022;Feb 15, 2022;108,972.75;24,319.50;130,354.25;680,909.75;91,692.50;4,466.50;96,992.50;212,481.25;183,078.25;166,301.50;26,926.75;37,701.25
Feb 15, 2022;Feb 16, 2022;110,283.00;28,144.75;114,705.75;549,576.00;58,402.25;4,931.75;97,765.50;266,399.75;238,381.00;186,391.25;29,720.25;37,446.50
Feb 16, 2022;Feb 17, 2022;107,520.75;25,296.50;110,187.25;905,564.50;31,092.00;4,208.75;97,349.50;187,258.50;161,967.25;151,424.00;24,802.25;34,231.75
Feb 17, 2022;Feb 18, 2022;105,036.75;26,906.25;94,849.00;947,388.75;77,996.50;4,077.25;95,736.00;116,073.50;132,983.75;131,497.00;23,880.75;32,842.25
Feb 18, 2022;Feb 19, 2022;107,232.25;31,368.50;99,333.75;755,067.00;34,723.25;4,634.75;97,063.50;173,332.25;140,497.25;152,505.00;34,535.75;30,761.25
Feb 19, 2022;Feb 20, 2022;105,223.00;30,046.00;107,299.75;797,056.50;112,111.25;4,070.75;91,545.75;108,643.50;93,315.75;121,814.75;28,052.50;31,989.50
Feb 20, 2022;Feb 21, 2022;106,595.50;27,806.75;102,351.50;829,934.75;43,274.75;3,980.50;96,258.25;118,269.75;79,036.50;99,842.00;13,710.75;32,297.75
Feb 21, 2022;Feb 22, 2022;106,363.25;29,051.50;117,293.00;914,215.25;68,587.00;4,391.25;94,661.75;150,446.25;122,848.00;124,379.00;33,478.00;37,314.00
Feb 22, 2022;Feb 23, 2022;107,901.00;27,943.50;114,024.00;750,538.00;72,275.75;4,562.25;97,862.00;244,963.50;166,566.75;152,517.25;28,107.75;37,239.00
Feb 23, 2022;Feb 24, 2022;108,559.00;29,597.00;121,502.25;550,932.50;155,955.75;4,675.25;95,634.75;258,826.50;198,045.75;176,082.75;38,114.50;33,633.25
Feb 24, 2022;Feb 25, 2022;108,740.25;27,372.75;107,633.00;693,461.50;90,596.75;4,610.75;97,789.25;281,747.50;182,472.75;153,710.75;20,601.00;35,055.25
Feb 25, 2022;Feb 26, 2022;108,578.00;26,078.50;125,079.00;717,801.00;95,025.75;4,476.00;96,460.75;276,444.00;173,566.50;136,717.25;21,984.25;37,035.75
Feb 26, 2022;Feb 27, 2022;111,066.25;25,060.75;24,255.50;171,626.75;114,463.00;4,869.00;96,309.75;333,073.50;254,170.75;160,496.75;30,911.75;35,917.50
Feb 27, 2022;Feb 28, 2022;108,536.25;23,873.00;83,976.50;274,295.25;177,238.25;4,182.75;93,604.25;319,804.75;186,256.75;107,192.00;15,448.25;34,233.25
Feb 28, 2022;Mar 1, 2022;109,166.25;24,816.25;100,741.00;253,448.25;183,921.50;4,496.25;95,963.25;333,021.00;244,413.00;171,872.25;32,013.50;38,454.00
Mar 1, 2022;Mar 2, 2022;109,883.25;28,418.50;29,261.50;184,322.50;179,032.50;4,792.00;96,693.75;333,438.75;257,956.75;242,433.50;28,607.50;37,979.50
Mar 2, 2022;Mar 3, 2022;110,460.50;30,636.00;21,613.00;48,408.25;139,775.00;4,971.75;97,028.50;344,714.25;271,997.25;271,935.00;27,448.50;39,019.50
Mar 3, 2022;Mar 4, 2022;110,225.25;33,789.50;42,055.00;103,227.25;184,158.75;4,977.50;97,283.75;314,963.75;284,242.75;239,651.50;28,101.75;39,514.25
Mar 4, 2022;Mar 5, 2022;111,057.25;29,612.00;57,104.50;131,795.50;156,708.50;4,978.50;98,484.50;316,804.00;279,054.00;230,660.75;21,790.75;38,478.25
Mar 5, 2022;Mar 6, 2022;110,985.00;23,999.75;41,361.25;133,144.50;163,966.50;5,018.00;98,554.50;310,003.00;272,253.25;171,253.50;20,808.25;38,870.75
Mar 6, 2022;Mar 7, 2022;110,056.25;25,377.00;22,491.50;103,983.50;117,568.50;5,069.75;97,914.75;322,110.00;268,156.75;153,849.75;13,521.50;39,051.00
Mar 7, 2022;Mar 8, 2022;111,833.50;26,430.75;5,381.75;139,467.50;188,089.50;5,017.00;97,654.75;314,297.25;272,252.75;240,846.50;34,511.50;38,092.25
Mar 8, 2022;Mar 9, 2022;110,749.75;25,590.25;48,238.75;197,060.75;220,552.50;4,889.50;98,353.25;294,790.75;270,153.75;204,051.75;26,560.50;38,963.00
Mar 9, 2022;Mar 10, 2022;110,901.25;24,813.25;52,719.00;137,701.25;219,368.00;4,801.25;97,542.50;305,973.75;281,763.25;187,301.25;33,542.00;39,021.75
Mar 10, 2022;Mar 11, 2022;109,415.50;22,841.75;70,240.00;370,976.00;219,187.75;4,445.75;94,998.50;291,977.25;252,188.50;152,595.75;28,090.50;36,510.75
Mar 11, 2022;Mar 12, 2022;106,229.75;22,861.25;97,752.50;657,442.25;221,421.25;3,908.50;93,126.50;244,375.75;157,843.50;109,979.25;26,270.00;36,665.00
Mar 12, 2022;Mar 13, 2022;108,858.75;22,434.50;100,834.75;419,035.00;205,267.50;4,211.00;96,035.25;244,672.00;142,027.25;103,886.00;31,908.75;35,859.50
Mar 13, 2022;Mar 14, 2022;107,803.50;22,086.25;92,726.75;361,260.25;217,124.00;4,014.00;95,665.75;258,722.25;118,134.75;97,631.50;11,898.50;35,501.75
Mar 14, 2022;Mar 15, 2022;110,229.25;22,530.25;43,282.75;237,525.50;131,233.00;4,671.50;95,772.50;323,363.50;244,299.50;229,454.00;25,025.75;39,129.25
Mar 15, 2022;Mar 16, 2022;111,205.50;27,179.75;11,561.00;76,811.75;67,920.00;4,596.50;97,567.00;327,669.00;270,847.00;284,582.00;37,281.25;37,244.00
Mar 16, 2022;Mar 17, 2022;110,142.75;28,939.75;59,371.00;242,581.75;146,263.50;4,788.75;97,607.50;324,050.75;255,029.75;210,671.75;17,592.50;36,601.50
Mar 17, 2022;Mar 18, 2022;110,451.00;29,585.50;95,923.25;349,010.25;59,259.25;4,634.50;96,274.50;306,338.00;222,358.50;215,106.00;28,465.50;36,606.75
Mar 18, 2022;Mar 19, 2022;111,047.50;25,779.00;28,386.50;238,809.25;183,432.50;4,545.50;96,297.25;286,506.25;234,555.50;197,619.50;22,358.75;39,454.75
Mar 19, 2022;Mar 20, 2022;108,922.50;25,506.00;62,374.50;495,330.75;209,242.75;4,043.50;94,039.75;234,868.75;118,271.25;107,286.50;27,293.25;32,514.25
Mar 20, 2022;Mar 21, 2022;107,769.00;23,305.75;94,031.75;564,500.00;206,249.50;3,932.25;92,420.50;174,420.50;96,506.75;106,500.25;13,046.25;32,898.50
Mar 21, 2022;Mar 22, 2022;110,207.75;27,302.50;40,748.75;235,370.00;221,859.00;4,563.75;95,277.75;295,978.00;231,653.25;188,872.00;34,219.00;35,679.25
Mar 22, 2022;Mar 23, 2022;110,312.00;28,032.75;7,200.75;88,967.25;238,104.00;4,386.75;96,601.75;309,719.75;262,427.50;230,624.25;25,103.50;35,991.50
Mar 23, 2022;Mar 24, 2022;110,656.75;28,993.75;2,748.75;53,365.50;238,495.25;4,170.50;96,233.75;314,016.25;286,201.50;237,297.50;21,844.75;36,303.50
Mar 24, 2022;Mar 25, 2022;109,071.00;28,814.00;3,409.00;41,562.75;236,077.00;4,391.75;96,343.00;302,320.25;289,603.75;243,068.00;26,985.00;36,232.75
Mar 25, 2022;Mar 26, 2022;109,403.50;29,760.75;17,882.00;97,225.00;234,549.00;4,303.75;95,899.50;291,342.50;276,162.50;190,116.50;21,775.50;37,134.00
Mar 26, 2022;Mar 27, 2022;108,573.75;27,620.50;46,697.00;222,634.50;219,075.25;4,069.50;95,121.75;305,490.25;171,738.50;131,101.75;20,632.50;33,232.25
Mar 27, 2022;Mar 28, 2022;103,446.75;25,475.25;22,564.25;67,699.00;227,885.50;4,018.00;89,518.25;311,959.25;154,567.25;132,788.00;15,356.25;31,403.50
Mar 28, 2022;Mar 29, 2022;108,559.00;26,990.00;40,912.75;135,736.75;217,274.25;4,166.00;95,746.00;323,379.00;240,749.50;198,319.75;21,010.50;34,632.00
Mar 29, 2022;Mar 30, 2022;107,893.00;28,331.50;25,290.00;142,592.50;155,895.00;4,185.75;93,989.25;327,790.75;249,917.00;239,437.25;28,849.25;39,859.25
Mar 30, 2022;Mar 31, 2022;108,483.50;32,080.25;25,971.75;79,091.50;95,392.00;4,481.25;94,226.50;351,428.50;259,560.25;272,782.75;28,257.00;35,518.00
Mar 31, 2022;Apr 1, 2022;107,958.00;31,473.25;93,174.00;411,168.00;68,587.00;4,740.25;95,640.25;314,650.75;231,266.75;192,983.25;22,345.00;38,542.25
Apr 1, 2022;Apr 2, 2022;108,052.00;28,395.25;101,980.00;584,919.00;58,932.75;4,430.50;96,350.00;306,704.00;159,070.00;154,430.00;24,025.25;39,574.00
Apr 2, 2022;Apr 3, 2022;108,018.50;28,280.75;58,216.00;397,323.25;85,235.25;4,216.25;94,909.50;290,108.50;174,754.25;145,594.75;27,914.00;34,437.50
Apr 3, 2022;Apr 4, 2022;107,602.00;27,847.75;70,294.00;219,902.75;141,010.00;3,925.25;94,640.25;259,073.25;201,688.75;125,397.25;33,248.25;36,277.50
Apr 4, 2022;Apr 5, 2022;106,446.00;24,908.50;101,503.25;806,665.25;140,571.00;3,585.00;94,916.50;213,705.75;119,388.00;121,298.75;13,094.75;33,288.50
Apr 5, 2022;Apr 6, 2022;108,906.50;28,049.50;59,409.75;547,461.50;76,527.75;3,918.00;97,746.25;295,916.50;185,875.50;136,513.25;44,498.50;38,301.25
Apr 6, 2022;Apr 7, 2022;107,700.75;29,505.00;110,963.75;733,930.75;117,979.50;3,742.00;96,593.50;272,790.75;125,760.75;103,512.50;23,981.50;27,304.25
Apr 7, 2022;Apr 8, 2022;106,039.75;29,497.00;104,349.75;922,245.50;112,061.50;3,492.25;95,943.25;182,476.75;95,426.50;123,354.50;17,145.75;28,680.00
Apr 8, 2022;Apr 9, 2022;107,730.50;37,536.00;96,270.25;564,517.75;108,215.50;3,881.00;95,554.75;254,976.75;134,507.50;147,660.00;40,666.25;29,410.00
Apr 9, 2022;Apr 10, 2022;104,495.25;36,021.25;116,728.00;558,433.50;173,348.50;3,472.25;97,003.75;200,643.50;92,466.50;110,947.00;23,666.50;27,068.50
Apr 10, 2022;Apr 11, 2022;104,645.75;33,342.75;103,904.25;409,608.25;188,306.75;3,631.50;95,912.50;184,349.50;99,851.50;108,188.00;13,910.25;32,707.00
Apr 11, 2022;Apr 12, 2022;106,838.75;32,406.75;28,398.00;134,524.00;274,497.00;4,059.75;96,349.00;330,792.75;185,135.00;160,934.50;37,577.00;35,344.00
Apr 12, 2022;Apr 13, 2022;105,483.25;32,341.00;104,977.00;334,504.00;257,352.00;3,832.75;96,345.50;304,773.50;152,593.75;134,231.50;30,974.25;34,451.00
Apr 13, 2022;Apr 14, 2022;105,752.00;34,775.25;56,230.75;160,478.25;229,837.25;3,921.25;94,299.00;286,112.75;181,889.75;177,571.25;35,686.50;38,055.50
Apr 14, 2022;Apr 15, 2022;106,120.75;32,291.00;52,743.00;130,948.50;190,255.75;3,942.25;95,511.75;300,598.00;174,876.50;168,299.75;23,385.50;35,662.25
Apr 15, 2022;Apr 16, 2022;106,359.75;35,168.50;31,605.25;173,454.25;156,550.25;4,197.25;95,405.75;284,628.50;123,304.75;113,221.75;15,880.00;35,505.00
Apr 16, 2022;Apr 17, 2022;106,406.50;32,295.75;44,273.75;214,342.75;259,277.25;4,022.50;94,984.00;265,658.75;87,484.75;93,005.75;24,884.25;34,271.25
Apr 17, 2022;Apr 18, 2022;105,620.25;29,305.75;41,348.00;153,273.00;295,409.50;3,595.75;94,853.50;246,402.00;62,839.75;84,158.75;23,523.75;33,314.25
Apr 18, 2022;Apr 19, 2022;105,746.75;27,806.25;54,644.00;105,751.75;298,516.75;3,799.00;94,908.25;259,764.00;73,738.75;90,193.00;19,591.75;33,658.50
Apr 19, 2022;Apr 20, 2022;106,038.25;29,132.50;39,959.00;192,117.75;267,139.25;4,100.25;95,163.50;298,857.00;121,901.25;146,564.75;26,333.00;35,809.25
Apr 20, 2022;Apr 21, 2022;107,200.50;32,594.75;32,487.75;191,883.75;261,504.50;4,201.00;95,724.25;296,159.00;130,284.75;129,233.50;31,565.25;34,258.00
Apr 21, 2022;Apr 22, 2022;105,929.25;35,218.75;47,452.75;210,958.75;195,402.50;4,256.50;95,136.75;308,779.50;139,695.50;124,334.00;22,509.50;34,466.50
Apr 22, 2022;Apr 23, 2022;106,175.50;32,003.00;116,195.00;390,604.00;216,518.00;4,214.50;95,370.50;296,811.50;92,416.75;105,629.50;30,219.25;34,276.25
Apr 23, 2022;Apr 24, 2022;104,757.50;29,237.75;111,644.75;436,862.00;221,335.50;3,758.25;94,028.00;259,584.50;46,583.75;76,885.50;23,995.75;33,082.75
Apr 24, 2022;Apr 25, 2022;104,377.25;27,333.75;104,091.75;408,842.25;155,138.50;3,673.25;95,621.75;244,404.75;67,449.50;73,860.75;12,071.00;32,383.25
Apr 25, 2022;Apr 26, 2022;105,721.75;33,138.75;53,295.50;113,027.75;165,119.00;3,910.50;95,780.50;323,889.25;174,275.00;180,826.25;20,035.25;32,928.75
Apr 26, 2022;Apr 27, 2022;105,701.50;35,452.25;15,025.25;83,166.00;166,949.00;3,715.00;95,673.50;318,923.50;195,234.50;225,039.50;17,292.00;31,073.00
Apr 27, 2022;Apr 28, 2022;105,014.00;34,211.75;3,759.25;68,622.75;231,559.25;3,663.50;95,688.50;319,195.25;200,537.25;209,289.75;14,881.00;31,123.00
Apr 28, 2022;Apr 29, 2022;104,694.00;34,883.75;24,647.75;83,446.50;291,042.25;3,578.25;95,424.00;321,170.00;193,323.75;154,468.25;22,258.00;30,744.50
Apr 29, 2022;Apr 30, 2022;104,934.75;33,598.50;22,962.00;81,346.25;248,087.25;3,559.00;95,027.25;320,104.25;196,259.50;162,798.50;18,978.75;30,534.75
Apr 30, 2022;May 1, 2022;104,627.00;29,994.50;8,148.00;106,539.00;185,201.00;3,500.50;94,779.00;312,780.00;138,521.75;104,116.00;11,884.00;30,023.25
May 1, 2022;May 2, 2022;103,806.25;29,847.00;566.75;51,507.00;189,436.75;3,428.75;94,878.50;310,929.00;122,730.50;64,980.75;10,914.25;29,602.00
May 2, 2022;May 3, 2022;104,834.25;30,268.00;8,276.75;64,203.50;261,985.25;3,385.75;94,234.00;305,053.25;180,982.25;96,675.00;14,686.50;24,234.75
May 3, 2022;May 4, 2022;103,765.75;32,510.00;31,527.25;88,908.75;256,260.00;3,344.50;93,466.75;320,446.75;198,783.50;116,495.75;14,758.00;24,475.50
May 4, 2022;May 5, 2022;104,049.00;36,897.50;2,207.00;42,082.75;228,392.75;2,901.25;93,204.50;320,389.75;200,942.50;127,723.50;22,660.25;29,224.75
May 5, 2022;May 6, 2022;104,611.50;36,572.25;6,308.75;45,421.25;219,097.75;2,998.50;93,280.25;320,891.00;194,773.00;121,329.00;17,999.25;30,038.25
May 6, 2022;May 7, 2022;104,035.75;41,214.25;16,183.75;42,856.75;219,307.50;3,034.75;85,693.25;318,561.25;172,174.25;114,410.25;16,664.50;30,347.75
May 7, 2022;May 8, 2022;102,019.75;39,970.75;30,660.25;79,713.75;223,105.50;3,090.50;63,044.00;284,666.75;113,818.00;63,023.75;16,336.25;29,759.50
May 8, 2022;May 9, 2022;101,082.00;37,182.75;26,216.25;121,213.25;252,163.25;2,863.00;62,591.50;273,598.00;74,686.50;57,464.00;11,907.25;29,618.50
May 9, 2022;May 10, 2022;101,931.50;38,892.25;11,922.25;93,337.00;302,654.25;2,768.50;61,869.75;293,851.25;150,083.75;106,281.50;26,238.50;33,075.00
May 10, 2022;May 11, 2022;100,832.75;41,816.25;88,410.25;246,199.50;252,354.00;2,586.25;62,995.25;303,764.00;120,622.50;88,253.25;24,368.50;29,982.25
May 11, 2022;May 12, 2022;100,608.25;39,647.25;80,718.50;349,985.00;275,629.00;2,551.75;62,427.00;273,624.00;70,420.25;86,393.50;23,488.75;24,141.50
May 12, 2022;May 13, 2022;100,593.75;38,263.75;66,611.00;368,766.25;265,143.25;2,746.50;60,814.00;262,799.25;70,452.25;83,489.00;40,638.50;29,012.00
May 13, 2022;May 14, 2022;101,995.00;42,473.75;88,119.75;327,398.00;222,524.00;2,723.50;62,572.00;246,258.50;75,408.00;74,012.25;33,131.50;32,473.50
May 14, 2022;May 15, 2022;102,463.75;41,100.00;49,716.50;228,681.25;296,070.00;2,816.25;60,636.25;230,041.25;67,675.00;57,272.75;29,819.00;30,356.50
May 15, 2022;May 16, 2022;101,684.00;40,147.00;19,645.75;86,369.75;323,178.00;2,714.75;62,466.00;240,263.75;55,046.50;46,890.25;12,352.50;32,211.25
May 16, 2022;May 17, 2022;101,600.75;46,354.50;67,171.50;233,165.25;217,200.00;2,679.50;62,156.25;288,542.00;92,981.75;82,237.25;25,690.50;32,621.50
May 17, 2022;May 18, 2022;101,582.00;49,345.25;23,550.50;94,824.00;233,648.00;2,764.50;62,087.00;310,976.50;137,808.75;110,658.75;29,939.25;32,821.50
May 18, 2022;May 19, 2022;101,025.25;47,552.00;39,663.00;168,538.00;299,759.75;2,658.00;61,841.50;297,906.25;119,296.50;92,495.25;24,431.25;31,770.75
May 19, 2022;May 20, 2022;100,889.75;50,261.00;28,808.00;206,169.75;268,688.00;2,613.50;60,470.25;251,884.25;116,411.50;88,174.50;28,477.00;32,187.75
May 20, 2022;May 21, 2022;101,094.75;51,145.75;23,340.25;216,120.00;249,531.50;2,644.50;61,050.00;245,488.25;128,388.75;78,485.00;23,236.75;26,577.50
May 21, 2022;May 22, 2022;99,728.00;46,516.00;74,977.25;490,238.75;243,393.00;2,843.00;61,391.25;178,586.50;46,873.00;45,927.75;24,666.25;26,144.25
May 22, 2022;May 23, 2022;101,254.00;48,841.50;15,388.50;58,510.50;293,018.75;2,845.50;61,020.75;265,878.50;73,649.25;58,101.50;20,180.50;25,935.50
May 23, 2022;May 24, 2022;100,627.50;49,696.50;84,742.50;352,766.75;227,501.50;2,700.00;61,407.00;261,162.25;87,847.50;83,432.50;32,951.75;25,808.75
May 24, 2022;May 25, 2022;100,325.25;52,562.50;74,878.50;340,866.00;173,289.75;2,880.00;61,517.50;266,231.25;91,839.75;72,537.75;32,624.50;26,664.75
May 25, 2022;May 26, 2022;102,398.25;49,125.75;79,312.50;241,382.75;248,672.00;2,877.25;69,494.50;268,296.00;70,469.75;71,295.75;31,349.00;27,741.25
May 26, 2022;May 27, 2022;100,649.00;45,593.25;111,781.50;472,019.00;208,665.50;2,948.75;80,201.50;153,782.75;36,750.00;48,237.75;26,305.00;27,231.50
May 27, 2022;May 28, 2022;100,610.50;43,049.00;106,144.50;580,425.00;219,747.25;2,927.00;80,319.25;134,533.50;59,419.25;52,743.00;38,084.25;31,564.75
May 28, 2022;May 29, 2022;100,303.75;41,459.00;105,706.25;487,598.00;240,687.50;3,054.75;78,922.25;148,606.50;50,004.00;49,082.25;18,432.25;33,965.75
May 29, 2022;May 30, 2022;101,899.50;42,319.00;109,978.50;154,238.50;201,924.75;3,149.25;81,222.50;273,164.75;43,140.50;52,578.00;13,332.00;33,498.25
May 30, 2022;May 31, 2022;103,322.75;47,770.50;4,165.50;47,380.75;237,597.50;3,038.75;88,519.50;295,834.75;106,409.00;97,021.25;34,057.25;34,130.00
May 31, 2022;Jun 1, 2022;102,389.75;45,571.75;3,582.50;54,269.75;252,171.75;2,929.25;92,148.75;323,450.00;118,464.25;220,468.25;31,366.50;33,414.00
Jun 1, 2022;Jun 2, 2022;102,754.75;47,243.75;9,342.75;126,949.25;250,786.75;2,874.25;90,356.75;351,357.75;114,595.75;98,321.00;27,872.00;34,003.50
Jun 2, 2022;Jun 3, 2022;102,852.75;46,685.50;65,101.00;133,035.50;293,199.75;2,896.00;91,140.50;337,647.75;86,444.50;82,991.50;25,918.75;31,283.75
Jun 3, 2022;Jun 4, 2022;102,776.50;43,277.75;16,754.25;116,468.75;289,884.50;2,929.75;89,953.50;312,926.50;84,824.00;98,587.75;27,868.50;31,739.75
Jun 4, 2022;Jun 5, 2022;101,761.00;46,683.00;21,098.00;116,085.25;264,130.75;2,803.25;73,425.50;289,264.25;61,858.25;62,577.00;26,797.75;31,133.00
Jun 5, 2022;Jun 6, 2022;99,956.50;42,540.00;56,595.75;253,439.50;204,620.25;2,809.25;64,629.75;282,881.75;60,427.75;54,713.00;17,791.25;31,213.50
Jun 6, 2022;Jun 7, 2022;99,396.00;41,101.50;113,927.25;344,423.25;237,020.25;2,808.00;55,680.25;228,560.75;56,100.75;50,403.75;13,114.25;26,085.75
Jun 7, 2022;Jun 8, 2022;100,925.25;46,622.50;99,973.25;256,272.75;199,333.25;2,888.25;65,115.75;325,971.00;96,925.50;84,521.50;21,635.00;28,481.50
Jun 8, 2022;Jun 9, 2022;102,164.25;53,429.00;15,228.25;101,596.75;229,130.50;2,879.50;64,913.75;325,944.75;96,889.25;96,957.00;30,856.25;29,074.50
Jun 9, 2022;Jun 10, 2022;101,209.75;51,095.25;28,575.00;178,180.50;194,387.25;2,965.75;65,227.50;327,864.75;98,466.50;83,632.50;17,003.50;28,881.00
Jun 10, 2022;Jun 11, 2022;101,185.00;49,253.75;60,612.75;107,181.75;282,356.75;2,932.00;65,164.25;331,728.25;100,575.25;70,968.50;25,876.75;28,621.75
Jun 11, 2022;Jun 12, 2022;98,867.75;48,904.00;62,902.00;115,202.75;288,227.75;2,809.00;60,978.25;278,875.50;63,952.00;54,461.75;31,914.00;28,287.50
Jun 12, 2022;Jun 13, 2022;98,497.25;45,602.50;52,472.25;127,495.50;314,802.25;2,767.25;57,627.75;236,312.50;92,665.25;50,941.25;19,872.75;29,281.50
Jun 13, 2022;Jun 14, 2022;99,952.00;45,640.25;66,688.50;258,338.75;269,171.25;2,740.50;61,921.75;294,304.25;104,934.50;60,719.50;28,120.25;28,777.25
Jun 14, 2022;Jun 15, 2022;100,277.00;48,788.25;34,811.25;99,144.50;311,966.00;2,737.50;64,935.50;295,868.25;138,337.00;87,267.00;32,713.25;29,488.50
Jun 15, 2022;Jun 16, 2022;98,681.50;48,540.75;3,345.25;66,200.50;334,268.75;2,647.00;63,861.50;298,915.50;157,826.00;76,907.25;30,307.50;28,801.25
Jun 16, 2022;Jun 17, 2022;98,489.75;50,225.25;8,001.75;134,561.25;307,456.75;2,760.50;64,773.50;312,984.75;113,863.50;59,575.75;27,718.50;29,257.25
Jun 17, 2022;Jun 18, 2022;98,561.50;46,297.50;67,453.75;71,418.50;311,160.50;2,727.25;64,249.00;296,170.75;128,961.75;56,528.75;37,792.00;28,670.50
Jun 18, 2022;Jun 19, 2022;96,425.75;41,204.50;39,168.00;212,273.75;321,571.75;2,521.25;61,179.75;250,525.00;87,704.50;45,368.50;36,452.25;28,226.00
Jun 19, 2022;Jun 20, 2022;95,319.50;38,643.75;20,985.25;243,757.25;279,986.75;2,347.00;62,949.00;246,718.00;80,259.75;49,427.25;21,001.25;28,285.75
Jun 20, 2022;Jun 21, 2022;96,724.00;48,911.25;43,681.00;190,269.25;184,687.50;2,402.75;64,350.00;280,945.25;145,519.00;80,369.50;35,259.50;27,477.50
Jun 21, 2022;Jun 22, 2022;99,059.50;46,179.75;25,545.00;115,503.00;313,858.75;2,685.25;65,193.50;312,935.75;175,732.25;85,184.75;31,260.25;29,771.00
Jun 22, 2022;Jun 23, 2022;98,198.50;47,732.50;5,341.75;49,466.00;252,593.75;2,606.00;64,121.75;318,697.00;191,056.50;95,218.00;34,082.50;30,296.25
Jun 23, 2022;Jun 24, 2022;97,181.00;47,341.75;29,392.75;104,066.75;320,704.00;2,607.75;62,849.25;309,734.75;184,686.00;99,680.50;27,650.75;27,850.75
Jun 24, 2022;Jun 25, 2022;98,187.75;48,312.50;59,484.50;244,091.25;207,571.00;2,661.25;64,359.50;282,035.75;164,804.00;67,341.50;31,449.75;28,020.00
Jun 25, 2022;Jun 26, 2022;97,586.00;45,554.50;18,146.25;69,971.00;271,634.00;2,752.75;90,965.75;294,564.50;142,997.50;45,362.50;30,545.50;27,242.25
Jun 26, 2022;Jun 27, 2022;96,641.50;40,685.75;17,400.25;76,783.25;273,811.00;2,671.25;92,166.00;282,536.00;104,017.50;51,502.25;13,833.50;26,473.25
Jun 27, 2022;Jun 28, 2022;97,378.00;44,739.00;15,494.00;140,198.50;217,294.75;2,638.00;94,352.50;313,827.25;169,434.00;90,282.75;33,093.25;26,776.00
Jun 28, 2022;Jun 29, 2022;97,168.50;45,498.50;13,955.00;81,573.00;275,855.75;2,773.25;95,487.00;325,025.50;170,127.00;88,436.75;31,064.50;26,205.75
Jun 29, 2022;Jun 30, 2022;97,011.50;47,400.00;44,294.00;147,808.25;206,601.25;2,828.50;95,101.00;329,249.00;166,267.00;92,326.75;28,667.50;27,432.25
Jun 30, 2022;Jul 1, 2022;96,708.75;45,497.75;48,410.00;118,689.00;280,909.25;2,812.25;94,785.00;322,302.50;176,736.25;212,977.25;31,706.50;27,023.25
Jul 1, 2022;Jul 2, 2022;96,770.25;51,251.00;67,745.25;215,025.00;134,642.00;2,907.50;95,960.50;326,879.50;183,431.50;162,710.75;27,779.50;26,333.25
Jul 2, 2022;Jul 3, 2022;96,957.75;41,989.00;61,200.75;105,329.50;334,460.50;2,963.50;92,388.75;254,735.25;125,941.50;84,692.25;32,260.00;25,325.50
Jul 3, 2022;Jul 4, 2022;96,714.50;37,238.75;25,378.25;151,225.00;320,000.50;2,769.75;90,492.50;273,589.75;98,376.25;79,316.50;11,655.00;25,312.50
Jul 4, 2022;Jul 5, 2022;97,940.75;41,068.25;73,404.50;142,665.75;284,813.25;2,720.50;95,436.75;306,177.25;152,621.75;113,504.00;44,700.50;25,914.00
Jul 5, 2022;Jul 6, 2022;97,882.00;47,310.50;75,267.00;144,844.00;286,033.75;2,789.75;95,079.50;297,417.25;198,052.25;133,250.00;39,241.00;27,385.50
Jul 6, 2022;Jul 7, 2022;98,299.00;44,181.25;86,427.25;187,902.25;257,596.50;2,846.00;95,402.00;299,110.50;188,320.25;96,085.75;35,319.50;25,895.75
Jul 7, 2022;Jul 8, 2022;97,279.75;41,562.00;93,865.75;424,182.50;126,093.75;2,886.00;95,978.00;292,870.50;137,202.00;94,725.00;20,899.75;25,855.75
Jul 8, 2022;Jul 9, 2022;99,020.50;44,770.25;64,527.00;269,659.25;234,300.50;2,864.00;96,254.00;281,351.00;154,658.75;87,229.50;46,150.50;28,699.00
Jul 9, 2022;Jul 10, 2022;97,162.50;36,655.25;87,578.50;283,377.00;211,159.00;2,863.00;94,873.00;240,616.75;108,657.50;77,099.25;19,958.75;31,875.75
Jul 10, 2022;Jul 11, 2022;98,076.00;32,655.00;76,659.75;324,403.50;215,612.25;2,874.00;88,763.00;203,705.50;90,473.75;67,948.00;17,183.50;31,467.75
Jul 11, 2022;Jul 12, 2022;100,030.50;35,634.50;23,746.00;89,695.75;218,130.00;2,796.75;95,870.00;291,961.50;170,464.50;192,429.75;38,375.75;31,072.50
Jul 12, 2022;Jul 13, 2022;98,175.00;39,587.50;38,567.25;62,035.75;309,540.25;2,714.25;95,595.50;288,714.25;159,683.50;201,400.25;38,567.50;30,494.00
Jul 13, 2022;Jul 14, 2022;96,912.75;37,543.75;43,653.50;221,668.50;246,950.50;2,677.00;95,102.75;293,252.75;186,957.25;175,528.25;30,510.25;30,203.00
Jul 14, 2022;Jul 15, 2022;98,311.75;34,871.50;64,773.25;202,570.00;263,599.25;2,739.75;95,207.50;298,597.50;154,748.25;149,838.25;24,912.75;30,029.50
Jul 15, 2022;Jul 16, 2022;99,291.25;33,466.75;78,306.00;210,230.00;255,266.75;2,796.50;95,691.75;280,421.75;153,712.75;127,197.25;34,007.75;30,337.50
Jul 16, 2022;Jul 17, 2022;97,494.00;31,977.75;75,680.50;306,525.25;282,302.25;2,835.50;89,711.50;220,681.00;76,002.25;71,825.75;28,390.75;31,232.75
Jul 17, 2022;Jul 18, 2022;97,948.75;29,589.00;28,418.25;80,214.50;326,932.25;2,786.00;91,982.00;258,524.25;65,059.00;93,385.25;26,891.25;32,420.00
Jul 18, 2022;Jul 19, 2022;98,215.50;34,923.25;46,502.00;40,962.00;296,443.50;2,606.25;94,731.00;307,558.00;122,087.50;197,864.50;38,267.00;26,184.25
Jul 19, 2022;Jul 20, 2022;95,086.25;37,370.75;31,968.50;96,056.00;317,298.75;2,330.50;94,731.75;299,739.75;145,220.75;237,169.50;33,247.25;29,589.25
Jul 20, 2022;Jul 21, 2022;92,387.25;40,013.25;89,573.00;248,348.25;294,554.25;2,255.00;94,188.75;296,239.25;145,081.75;152,929.00;36,889.00;35,438.50
Jul 21, 2022;Jul 22, 2022;96,853.75;40,725.25;48,356.50;197,546.50;190,604.50;2,669.75;94,984.50;292,673.50;151,972.50;259,262.50;37,355.75;33,848.50
Jul 22, 2022;Jul 23, 2022;98,177.00;36,804.25;55,681.50;101,110.00;247,219.50;2,783.00;95,041.00;303,291.25;144,525.25;252,894.25;37,050.00;30,624.25
Jul 23, 2022;Jul 24, 2022;97,740.50;40,520.00;29,219.50;101,687.50;230,089.75;2,811.50;94,970.50;287,784.00;134,975.25;166,655.50;30,096.00;30,202.75
Jul 24, 2022;Jul 25, 2022;95,781.75;37,200.50;71,381.75;74,824.50;310,368.75;2,658.00;92,998.00;261,795.75;94,847.00;123,875.25;32,324.50;31,863.25
Jul 25, 2022;Jul 26, 2022;94,468.50;34,798.00;74,614.25;334,033.75;259,076.75;2,478.00;94,293.25;282,477.50;139,916.00;106,578.25;18,434.00;31,471.00
Jul 26, 2022;Jul 27, 2022;95,408.25;41,395.75;95,420.50;263,763.50;209,542.25;2,657.75;94,844.00;293,646.50;146,751.75;177,201.75;44,389.75;32,012.75
Jul 27, 2022;Jul 28, 2022;96,798.25;37,426.00;83,569.00;175,701.50;227,857.25;2,693.75;95,415.50;299,578.75;145,206.50;215,749.75;22,429.50;31,927.50
Jul 28, 2022;Jul 29, 2022;97,183.25;35,819.00;11,403.50;109,640.50;288,637.50;2,834.75;94,598.75;323,990.00;133,397.50;191,901.75;20,414.25;28,529.75
Jul 29, 2022;Jul 30, 2022;97,297.50;39,707.50;33,727.00;149,145.25;213,121.00;2,630.75;95,186.00;328,993.00;145,796.25;177,158.50;32,415.75;22,692.25
Jul 30, 2022;Jul 31, 2022;96,934.25;41,070.25;11,781.75;83,029.75;227,545.25;2,658.25;95,060.75;291,657.50;141,508.75;91,667.25;33,959.75;24,449.00
Jul 31, 2022;Aug 1, 2022;96,766.50;34,999.25;24,681.75;92,185.75;226,823.00;2,656.00;93,811.75;290,840.75;128,566.75;78,792.50;14,994.25;23,925.25
Aug 1, 2022;Aug 2, 2022;98,118.75;34,502.50;34,618.25;140,164.75;208,719.75;2,698.25;95,160.00;298,802.50;185,138.25;97,205.75;33,443.25;23,577.25
Aug 2, 2022;Aug 3, 2022;98,092.00;36,858.50;76,270.00;57,930.50;287,607.25;2,680.25;95,101.25;319,209.50;184,593.50;66,121.00;30,476.75;22,079.25
Aug 3, 2022;Aug 4, 2022;96,086.50;38,943.00;65,908.50;74,020.00;302,662.25;2,499.50;93,878.00;315,251.00;167,862.75;73,588.00;39,717.75;21,676.50
Aug 4, 2022;Aug 5, 2022;95,806.75;37,772.75;21,993.25;118,005.75;274,492.75;2,442.75;91,824.50;312,900.75;180,813.50;75,889.50;30,790.50;25,102.00
Aug 5, 2022;Aug 6, 2022;97,357.75;36,963.25;24,585.00;192,932.50;199,693.00;2,564.50;92,532.00;318,497.00;187,838.50;59,392.75;24,842.75;22,430.25
Aug 6, 2022;Aug 7, 2022;97,418.25;36,330.75;41,811.25;137,181.50;257,236.50;2,742.00;94,255.00;301,332.50;148,564.50;42,580.75;27,325.25;21,642.75
Aug 7, 2022;Aug 8, 2022;97,240.75;31,073.75;18,354.50;81,561.75;294,633.50;2,719.25;93,513.50;273,755.50;129,782.75;41,334.00;13,114.25;21,029.75
Aug 8, 2022;Aug 9, 2022;97,396.25;32,590.75;2,438.25;80,000.50;290,223.25;2,709.50;95,472.25;301,937.25;187,390.75;53,877.00;31,634.00;25,550.50
Aug 9, 2022;Aug 10, 2022;97,490.25;34,077.50;425.75;119,778.75;294,080.50;2,619.75;95,510.25;302,201.75;185,345.25;61,969.75;28,614.25;32,657.75
Aug 10, 2022;Aug 11, 2022;96,132.00;34,201.25;2,603.75;127,054.00;297,673.50;2,620.50;95,245.25;304,648.25;184,336.25;59,279.50;36,714.50;33,207.50
Aug 11, 2022;Aug 12, 2022;96,869.50;41,131.00;2,947.50;130,995.75;304,967.25;2,734.00;95,113.75;282,467.25;164,686.50;68,138.25;40,920.50;32,681.50
Aug 12, 2022;Aug 13, 2022;97,274.75;42,856.50;13,394.25;156,418.00;289,981.50;2,735.75;95,250.75;255,129.50;162,974.75;67,950.00;35,350.50;32,132.50
Aug 13, 2022;Aug 14, 2022;95,695.50;38,505.25;16,460.00;122,472.25;252,611.50;2,753.00;95,195.50;239,960.75;146,287.00;49,918.50;28,412.75;32,143.50
Aug 14, 2022;Aug 15, 2022;94,403.75;35,756.25;54,525.00;137,869.25;266,440.50;2,662.00;94,957.00;241,917.00;126,104.50;45,266.50;19,369.25;31,573.00
Aug 15, 2022;Aug 16, 2022;94,882.25;37,039.00;37,928.00;131,480.00;201,505.75;2,663.25;94,842.00;275,027.25;153,560.00;74,324.50;26,353.25;32,037.75
Aug 16, 2022;Aug 17, 2022;96,375.50;40,944.75;13,231.75;60,972.00;257,344.50;2,689.00;94,739.00;283,436.25;172,505.50;118,339.25;33,168.25;33,153.25
Aug 17, 2022;Aug 18, 2022;95,684.25;40,156.00;22,533.50;62,830.00;207,629.25;2,585.00;94,878.25;266,506.25;178,089.75;124,201.50;24,523.00;27,418.50
Aug 18, 2022;Aug 19, 2022;97,789.00;35,039.00;37,525.00;94,111.75;163,840.25;2,583.75;94,816.00;283,763.50;184,240.75;119,396.25;11,548.00;24,130.00
Aug 19, 2022;Aug 20, 2022;98,145.00;36,533.00;8,241.50;91,507.25;119,673.75;2,626.50;95,070.25;283,408.25;181,156.25;109,614.75;23,404.25;23,978.50
Aug 20, 2022;Aug 21, 2022;97,059.50;44,662.00;26,224.00;79,746.50;138,403.50;2,664.00;95,437.00;289,693.50;166,671.75;56,040.50;24,557.75;24,964.50
Aug 21, 2022;Aug 22, 2022;96,843.75;41,390.25;41,526.50;65,737.50;249,291.75;2,780.25;95,624.25;265,873.00;145,214.25;63,763.75;12,249.00;23,795.50
Aug 22, 2022;Aug 23, 2022;98,118.00;37,121.00;9,629.25;58,574.00;226,016.75;2,768.25;95,492.75;307,097.25;218,605.25;114,063.00;20,470.50;29,569.50
Aug 23, 2022;Aug 24, 2022;97,447.25;37,055.00;14,383.50;117,539.00;255,463.25;2,750.00;95,459.00;302,751.50;215,178.00;107,774.75;23,442.00;31,150.75
Aug 24, 2022;Aug 25, 2022;97,426.00;36,562.25;12,468.50;114,077.00;251,399.00;2,740.00;95,052.00;292,105.50;223,466.50;110,166.75;25,731.50;33,233.75
Aug 25, 2022;Aug 26, 2022;97,491.50;36,372.50;68,872.00;142,796.50;242,463.50;2,728.25;94,611.00;285,020.75;230,587.25;101,345.25;23,301.00;32,386.50
Aug 26, 2022;Aug 27, 2022;99,064.25;39,814.25;52,753.25;108,960.50;173,882.00;2,741.00;94,809.75;286,712.50;228,707.50;104,272.25;23,572.50;32,845.75
Aug 27, 2022;Aug 28, 2022;98,400.25;39,826.25;58,960.25;137,235.75;110,507.25;2,872.75;95,219.25;298,452.50;167,422.75;69,914.25;13,425.75;32,682.25
Aug 28, 2022;Aug 29, 2022;96,449.25;36,974.25;107,975.75;186,143.50;198,246.75;2,773.75;95,432.00;268,371.50;133,772.75;52,026.50;8,560.75;31,625.25
Aug 29, 2022;Aug 30, 2022;98,896.25;34,480.50;44,189.75;102,437.75;224,371.25;2,789.25;95,534.00;285,087.00;210,937.50;93,906.75;29,970.00;32,076.50
Aug 30, 2022;Aug 31, 2022;99,248.00;33,459.50;41,786.50;117,001.25;228,811.25;2,837.00;95,318.00;283,517.25;250,025.75;101,618.75;18,479.75;31,110.50
Aug 31, 2022;Sep 1, 2022;99,830.75;35,063.75;43,628.50;164,899.50;158,994.25;2,934.00;95,643.00;290,284.25;235,712.50;205,320.75;30,408.25;30,936.00
Sep 1, 2022;Sep 2, 2022;99,386.75;34,548.50;29,150.50;162,212.50;212,727.00;2,924.00;95,773.50;296,843.75;227,027.75;96,274.50;27,966.50;30,134.75
Sep 2, 2022;Sep 3, 2022;99,958.75;30,252.75;70,691.00;254,745.00;256,228.75;2,965.00;96,085.75;296,408.75;221,246.50;68,888.25;26,358.00;30,489.75
Sep 3, 2022;Sep 4, 2022;98,726.00;28,334.00;108,811.50;312,955.25;202,165.25;2,952.25;95,905.75;260,951.50;113,520.00;38,347.50;33,300.50;27,627.50
Sep 4, 2022;Sep 5, 2022;97,859.50;30,549.50;90,484.00;174,420.75;234,940.50;2,836.25;95,674.25;277,488.50;117,723.25;47,927.75;21,770.00;27,792.00
Sep 5, 2022;Sep 6, 2022;98,249.25;32,264.75;97,199.75;236,568.75;236,571.25;2,744.25;95,313.75;300,070.25;219,036.25;60,949.50;36,678.00;29,166.75
Sep 6, 2022;Sep 7, 2022;97,838.00;35,837.50;100,903.75;262,253.75;194,493.00;2,734.50;94,900.00;312,898.00;209,419.25;68,995.50;37,133.00;29,653.00
Sep 7, 2022;Sep 8, 2022;98,712.75;35,266.50;36,810.75;127,509.25;189,263.25;2,671.75;95,079.50;304,666.50;236,122.50;95,814.25;26,203.75;29,303.75
Sep 8, 2022;Sep 9, 2022;98,696.50;34,826.25;57,714.75;212,697.75;107,520.50;2,597.75;95,480.00;324,483.75;228,810.25;77,609.50;22,325.75;28,680.50
Sep 9, 2022;Sep 10, 2022;99,420.25;37,690.75;21,015.00;210,336.25;161,474.00;2,652.25;96,017.75;323,451.00;210,537.25;62,629.25;22,191.75;27,295.75
Sep 10, 2022;Sep 11, 2022;99,196.25;37,624.25;12,386.00;146,009.25;130,000.00;2,885.00;96,268.75;293,897.50;186,109.25;52,577.50;13,325.75;26,857.75
Sep 11, 2022;Sep 12, 2022;98,323.25;36,157.50;2,052.75;64,522.00;139,670.50;2,869.50;96,035.25;294,005.50;178,084.50;59,447.25;18,703.25;26,630.00
Sep 12, 2022;Sep 13, 2022;98,983.00;38,194.00;50,010.75;59,602.75;213,173.25;2,864.50;96,120.00;275,223.75;223,851.25;85,484.25;29,580.75;27,048.00
Sep 13, 2022;Sep 14, 2022;99,012.25;37,101.25;102,604.75;218,427.50;147,546.50;2,749.00;95,967.25;286,949.50;222,864.50;82,162.50;27,559.25;31,086.50
Sep 14, 2022;Sep 15, 2022;99,791.00;40,326.50;65,751.00;109,086.25;85,951.00;2,760.25;95,632.75;294,139.00;241,330.50;89,565.25;34,542.75;28,572.25
Sep 15, 2022;Sep 16, 2022;99,921.25;38,777.75;115,111.25;297,663.00;112,478.00;2,843.00;95,669.75;304,452.75;219,801.50;50,653.50;31,281.00;29,224.25
Sep 16, 2022;Sep 17, 2022;99,662.50;38,058.00;122,217.25;497,211.25;134,954.00;2,869.00;96,712.00;274,301.00;110,506.50;45,068.50;33,617.00;31,841.00
Sep 17, 2022;Sep 18, 2022;99,805.25;34,885.25;115,246.50;518,584.50;138,262.25;2,883.00;96,002.25;176,889.50;74,448.75;31,842.00;31,796.75;30,210.50
Sep 18, 2022;Sep 19, 2022;98,789.50;38,447.50;109,525.25;537,210.00;96,350.50;2,856.00;97,214.75;176,048.25;67,031.75;31,952.50;22,569.50;29,901.00
Sep 19, 2022;Sep 20, 2022;100,690.50;41,120.75;137,559.00;352,892.00;133,001.25;2,815.00;97,129.50;283,304.00;136,478.00;51,709.25;35,203.25;30,116.50
Sep 20, 2022;Sep 21, 2022;101,337.75;39,180.75;46,222.75;122,895.50;155,219.75;2,798.25;97,398.00;309,786.00;249,197.25;94,588.75;26,258.25;29,577.00
Sep 21, 2022;Sep 22, 2022;102,859.50;39,696.00;1,718.00;30,973.75;210,916.00;2,763.00;97,524.50;312,633.00;259,765.25;118,541.75;27,179.75;30,018.50
Sep 22, 2022;Sep 23, 2022;102,901.50;40,065.50;14,762.25;34,696.50;226,787.75;2,767.75;97,507.50;324,243.50;272,400.25;93,265.25;32,228.75;31,222.00
Sep 23, 2022;Sep 24, 2022;103,794.75;39,553.75;32,493.25;80,010.00;195,985.00;2,837.50;97,339.25;322,825.25;275,442.25;94,611.50;26,435.75;31,438.25
Sep 24, 2022;Sep 25, 2022;103,356.25;33,985.00;81,631.25;44,084.50;100,776.75;2,805.25;96,991.25;320,073.50;220,058.25;50,583.75;19,087.50;31,322.25
Sep 25, 2022;Sep 26, 2022;102,853.75;33,594.50;45,414.25;69,289.00;108,498.00;2,805.75;96,961.75;294,800.00;200,928.00;50,371.25;20,805.75;31,094.00
Sep 26, 2022;Sep 27, 2022;102,812.00;34,239.25;110,580.00;426,458.00;123,090.50;2,782.50;96,853.50;279,714.75;164,079.75;45,756.00;18,062.50;31,082.00
Sep 27, 2022;Sep 28, 2022;104,029.75;38,681.25;52,277.00;321,689.50;89,505.25;2,842.25;97,105.25;283,896.25;227,460.00;64,720.00;31,441.00;31,031.75
Sep 28, 2022;Sep 29, 2022;104,409.25;42,358.25;2,463.75;101,643.00;90,647.00;2,902.75;97,538.00;315,275.25;277,169.75;83,185.50;35,729.00;32,109.50
Sep 29, 2022;Sep 30, 2022;104,961.50;41,978.50;19,729.25;48,400.00;126,686.50;2,931.50;97,481.75;320,762.50;289,237.25;78,919.75;39,342.75;24,984.50
Sep 30, 2022;Oct 1, 2022;104,929.25;42,440.50;57,915.00;136,701.25;171,199.00;2,974.25;97,205.25;297,098.75;246,816.75;61,668.75;37,575.25;30,221.25
Oct 1, 2022;Oct 2, 2022;101,367.50;36,493.50;125,667.00;626,082.50;58,613.50;2,942.50;96,696.00;165,509.25;63,207.50;39,616.25;27,371.25;30,829.00
Oct 2, 2022;Oct 3, 2022;102,011.00;39,551.75;146,720.00;463,676.75;89,895.00;2,790.00;94,269.75;191,579.00;71,976.50;37,494.25;27,371.25;30,997.50
Oct 3, 2022;Oct 4, 2022;103,296.00;51,650.50;66,542.50;299,135.75;130,545.75;2,714.75;96,773.75;244,175.25;141,713.75;39,939.25;44,782.25;30,687.75
Oct 4, 2022;Oct 5, 2022;104,141.25;53,755.50;100,555.75;186,477.00;169,423.25;2,709.50;96,624.50;293,136.25;188,413.75;56,592.75;41,963.50;30,044.75
Oct 5, 2022;Oct 6, 2022;102,321.25;46,235.50;129,180.00;507,524.50;160,842.00;2,760.00;95,186.50;249,156.50;104,302.00;42,370.50;32,866.75;29,983.75
Oct 6, 2022;Oct 7, 2022;102,445.25;45,217.25;106,216.25;438,344.00;173,293.75;2,747.75;93,425.25;261,512.50;138,355.75;51,233.25;45,298.25;30,401.00
Oct 7, 2022;Oct 8, 2022;105,890.50;46,356.25;115,089.50;272,476.50;172,085.25;2,915.50;96,666.25;294,244.50;181,932.75;54,527.75;46,863.25;31,063.00
Oct 8, 2022;Oct 9, 2022;104,751.00;39,667.50;110,454.50;354,368.75;112,892.75;2,882.75;96,763.00;298,528.00;121,252.00;51,190.00;27,652.50;30,979.00
Oct 9, 2022;Oct 10, 2022;103,571.00;35,814.00;61,460.50;204,578.50;183,018.00;2,903.25;97,122.25;302,488.75;83,169.50;43,834.50;24,844.75;28,412.75
Oct 10, 2022;Oct 11, 2022;101,401.75;37,049.00;109,545.25;322,996.75;152,779.75;2,821.00;96,984.75;308,904.50;180,446.25;57,690.25;31,475.00;29,578.25
Oct 11, 2022;Oct 12, 2022;102,172.00;37,717.75;65,965.25;131,544.00;132,913.00;2,826.00;96,876.25;319,547.00;225,934.50;106,197.50;35,689.50;29,422.00
Oct 12, 2022;Oct 13, 2022;103,176.25;41,631.75;40,120.25;58,898.25;139,890.00;2,802.75;96,849.75;308,966.00;258,085.25;117,851.50;35,262.75;27,063.75
Oct 13, 2022;Oct 14, 2022;103,414.75;41,004.00;41,446.50;143,364.75;79,267.75;2,800.75;96,752.00;323,806.25;255,677.50;119,588.75;38,112.50;27,169.25
Oct 14, 2022;Oct 15, 2022;101,684.25;43,096.00;30,306.50;128,034.75;72,730.50;2,790.75;96,631.25;338,354.50;215,278.75;114,596.25;36,524.25;26,723.00
Oct 15, 2022;Oct 16, 2022;99,243.50;36,320.25;72,104.50;261,123.00;74,988.00;2,737.75;96,181.75;306,598.25;100,535.00;55,413.75;17,676.25;25,709.25
Oct 16, 2022;Oct 17, 2022;99,060.00;32,442.00;98,122.75;297,456.00;123,890.00;2,633.00;95,694.25;260,699.25;84,646.25;52,564.25;25,524.75;24,850.00
Oct 17, 2022;Oct 18, 2022;101,676.25;30,988.50;86,919.00;294,559.00;136,435.50;2,629.75;95,141.50;311,795.00;134,317.25;101,022.75;31,585.00;25,994.75
Oct 18, 2022;Oct 19, 2022;102,053.50;31,500.00;90,822.50;131,897.50;88,054.50;2,801.25;96,181.00;279,046.75;220,893.50;131,894.75;36,059.00;26,301.75
Oct 19, 2022;Oct 20, 2022;101,768.75;30,922.00;40,901.75;152,365.00;101,724.50;2,895.00;96,671.25;284,135.00;160,483.25;135,643.25;33,956.25;27,780.00
Oct 20, 2022;Oct 21, 2022;101,512.75;29,923.75;118,495.00;429,139.00;108,661.00;3,019.75;96,613.00;265,626.00;120,667.25;89,881.50;31,264.75;27,630.25
Oct 21, 2022;Oct 22, 2022;105,328.50;32,247.50;26,300.25;240,240.00;51,655.00;3,130.25;67,460.75;301,491.75;128,490.75;122,192.75;31,914.00;30,898.50
Oct 22, 2022;Oct 23, 2022;104,648.50;31,660.00;50,923.50;210,217.25;101,807.50;3,147.25;63,187.00;262,672.50;56,212.75;81,673.75;19,740.00;31,117.75
Oct 23, 2022;Oct 24, 2022;103,671.50;31,567.25;61,833.75;260,710.25;99,175.50;2,954.75;63,171.50;246,736.25;42,010.00;63,003.75;12,987.25;30,853.00
Oct 24, 2022;Oct 25, 2022;103,545.75;31,264.00;117,062.50;607,372.75;56,479.25;2,813.50;62,988.50;203,954.25;77,569.50;80,458.25;22,159.50;30,765.25
Oct 25, 2022;Oct 26, 2022;103,739.50;43,067.25;101,347.25;346,169.25;99,344.25;3,029.25;63,240.25;256,476.00;64,170.25;120,777.50;33,226.00;31,145.50
Oct 26, 2022;Oct 27, 2022;103,644.75;40,744.25;69,340.75;191,277.00;99,580.25;2,908.25;63,238.00;327,264.25;60,726.25;130,566.50;24,445.25;30,718.50
Oct 27, 2022;Oct 28, 2022;103,879.25;41,959.75;96,386.25;253,040.50;133,432.75;2,922.75;63,001.50;323,275.25;58,391.00;88,881.50;30,778.25;29,606.00
Oct 28, 2022;Oct 29, 2022;104,319.75;41,122.75;72,372.75;353,132.50;104,952.00;3,026.50;62,732.50;311,822.75;50,628.00;82,381.25;24,332.00;30,085.00
Oct 29, 2022;Oct 30, 2022;104,363.75;36,447.00;33,816.00;148,808.25;90,599.50;3,191.25;67,147.25;271,449.25;45,480.25;80,937.50;20,633.75;30,074.75
Oct 30, 2022;Oct 31, 2022;108,601.25;38,037.00;32,287.50;144,253.00;123,693.25;3,502.75;78,095.50;293,823.00;42,445.50;73,148.00;28,241.50;24,736.50
Oct 31, 2022;Nov 1, 2022;105,114.75;37,916.00;47,730.50;136,652.25;89,463.50;3,681.50;91,396.50;294,906.75;57,190.00;125,098.50;35,875.50;31,843.50
Nov 1, 2022;Nov 2, 2022;103,428.00;33,982.00;134,888.50;471,303.75;76,286.00;3,537.00;93,806.75;216,964.75;56,970.00;59,182.00;25,708.25;31,268.25
Nov 2, 2022;Nov 3, 2022;104,262.75;30,565.50;128,439.75;556,430.50;94,200.50;3,572.25;96,209.50;224,798.25;75,798.75;80,618.75;33,452.25;30,062.00
Nov 3, 2022;Nov 4, 2022;106,425.25;32,566.25;129,970.75;485,934.75;75,109.00;3,658.00;96,246.00;293,150.50;59,553.00;93,848.00;26,145.75;32,665.25
Nov 4, 2022;Nov 5, 2022;106,990.50;37,845.50;116,367.00;261,058.75;40,479.50;3,855.00;96,460.25;326,148.75;153,900.75;115,247.00;41,211.00;32,191.50
Nov 5, 2022;Nov 6, 2022;106,032.00;33,401.00;95,078.25;264,794.75;74,870.00;3,715.75;96,630.50;290,166.75;98,555.00;69,967.50;17,742.25;31,387.75
Nov 6, 2022;Nov 7, 2022;103,635.75;30,195.75;109,283.50;506,451.75;92,693.00;3,522.25;96,412.50;132,268.00;113,274.00;50,915.00;27,814.75;30,861.75
Nov 7, 2022;Nov 8, 2022;105,126.00;29,890.75;112,221.75;589,195.50;66,364.00;3,686.25;95,624.50;223,247.75;115,275.50;74,601.25;38,956.25;31,878.25
Nov 8, 2022;Nov 9, 2022;104,880.00;30,277.75;118,139.75;529,766.00;97,589.75;3,879.50;95,833.25;245,356.75;114,791.75;80,530.25;34,975.25;30,312.50
Nov 9, 2022;Nov 10, 2022;105,166.00;31,268.50;121,145.25;551,441.50;54,832.00;3,793.25;95,359.25;274,919.75;121,409.00;76,858.25;34,183.50;30,113.25
Nov 10, 2022;Nov 11, 2022;105,250.00;33,668.25;141,422.00;457,779.00;88,964.50;3,766.50;95,348.00;294,493.50;134,589.00;68,884.75;34,018.00;30,563.00
Nov 11, 2022;Nov 12, 2022;106,555.50;33,106.50;143,480.00;364,241.00;70,019.25;3,839.50;95,904.25;314,755.75;141,144.00;78,305.25;33,285.00;29,416.50
Nov 12, 2022;Nov 13, 2022;107,836.75;36,709.50;35,759.00;95,677.50;68,514.25;4,076.25;96,055.25;356,344.25;170,684.00;80,362.25;31,257.00;28,887.00
Nov 13, 2022;Nov 14, 2022;106,370.00;30,238.25;42,773.00;234,703.00;91,202.50;4,162.00;95,774.25;338,564.50;168,574.75;80,063.00;16,927.50;27,427.50
Nov 14, 2022;Nov 15, 2022;106,256.25;30,852.75;104,727.50;351,360.25;74,710.25;3,954.75;95,598.75;364,294.50;204,587.50;115,454.75;36,706.00;23,732.75
Nov 15, 2022;Nov 16, 2022;106,145.50;33,323.75;93,532.50;288,379.00;81,998.00;3,755.25;95,038.50;364,050.25;253,436.50;82,095.25;38,804.25;23,781.25
Nov 16, 2022;Nov 17, 2022;103,888.25;33,532.50;116,094.25;433,659.00;35,342.75;4,004.25;94,838.50;348,822.00;197,108.00;87,290.75;36,475.75;23,828.00
Nov 17, 2022;Nov 18, 2022;99,443.25;30,419.25;73,471.50;683,082.50;28,756.00;3,960.75;94,563.25;258,940.50;196,660.00;83,273.75;31,699.50;27,259.50
Nov 18, 2022;Nov 19, 2022;102,562.50;31,466.00;119,617.50;326,325.00;27,414.75;4,129.00;94,635.25;349,143.75;258,345.50;104,833.50;43,083.75;30,411.50
Nov 19, 2022;Nov 20, 2022;102,275.75;32,905.50;64,562.50;143,426.25;42,167.00;4,242.75;94,931.75;342,849.50;277,347.00;103,028.25;34,988.25;29,769.25
Nov 20, 2022;Nov 21, 2022;101,120.50;29,039.50;21,148.50;144,836.00;36,248.00;4,134.00;94,549.50;340,879.75;264,456.00;94,450.25;18,854.25;29,784.00
Nov 21, 2022;Nov 22, 2022;102,690.50;34,452.25;48,524.50;214,934.00;45,974.00;4,354.50;94,288.25;352,259.25;248,365.25;142,725.25;50,349.50;34,023.75
Nov 22, 2022;Nov 23, 2022;103,047.50;35,511.25;145,310.50;367,240.00;29,744.00;4,427.00;93,738.25;338,842.25;221,565.75;125,289.50;40,902.00;35,080.25
Nov 23, 2022;Nov 24, 2022;105,036.25;33,570.25;119,370.00;349,709.25;65,835.25;4,312.25;93,457.50;346,217.50;244,363.00;119,097.00;30,517.50;36,203.50
Nov 24, 2022;Nov 25, 2022;103,724.75;35,775.75;93,508.00;271,962.50;36,352.00;4,276.75;93,037.75;352,494.25;247,281.25;130,981.75;41,436.75;35,417.50
Nov 25, 2022;Nov 26, 2022;105,584.75;33,608.75;85,775.50;237,329.00;41,660.25;4,243.75;93,053.50;309,191.00;315,428.50;138,650.50;32,072.50;34,207.00
Nov 26, 2022;Nov 27, 2022;105,079.75;33,960.75;54,974.25;154,520.50;36,658.25;3,645.75;92,812.75;322,560.75;331,617.75;106,858.25;27,178.00;32,677.00
Nov 27, 2022;Nov 28, 2022;103,199.00;28,589.00;111,030.50;311,367.00;46,451.00;3,615.50;92,824.50;296,428.75;215,230.75;91,566.25;18,107.00;31,214.00
Nov 28, 2022;Nov 29, 2022;104,488.50;30,587.25;82,630.50;299,498.75;20,566.00;3,992.50;89,451.75;332,153.25;296,864.50;160,618.75;45,357.50;36,516.75
Nov 29, 2022;Nov 30, 2022;104,665.25;34,575.50;27,989.75;74,419.25;14,120.50;4,696.25;92,192.25;351,269.25;353,412.25;209,767.50;40,712.00;32,703.25
Nov 30, 2022;Dec 1, 2022;104,421.00;38,364.25;27,659.50;62,044.25;16,809.75;4,681.50;92,118.50;362,878.25;364,124.25;233,284.25;38,547.50;35,137.00
Dec 1, 2022;Dec 2, 2022;102,343.00;32,983.50;35,212.25;66,338.50;15,538.00;4,589.00;89,876.75;366,651.00;362,199.75;232,063.25;44,683.75;37,290.00
Dec 2, 2022;Dec 3, 2022;103,648.00;30,981.25;105,185.00;193,953.25;7,597.25;4,926.50;90,357.00;346,143.25;347,006.50;197,871.75;26,863.75;36,899.75
Dec 3, 2022;Dec 4, 2022;104,058.50;26,806.25;129,350.25;157,724.25;7,673.75;4,961.25;87,105.00;305,452.75;311,916.25;178,337.00;24,772.00;35,613.00
Dec 4, 2022;Dec 5, 2022;102,380.50;23,993.75;119,626.25;183,220.25;10,088.25;4,958.25;86,333.50;299,595.75;284,669.25;157,092.75;14,430.25;35,798.75
Dec 5, 2022;Dec 6, 2022;102,851.25;26,912.00;113,125.50;127,794.75;8,357.25;4,673.50;89,683.50;365,389.50;313,619.25;203,102.25;40,536.75;38,167.50
Dec 6, 2022;Dec 7, 2022;102,547.75;29,971.75;52,471.00;101,139.25;13,839.25;4,885.50;89,853.50;362,946.50;342,966.50;217,609.25;36,958.75;36,015.00
Dec 7, 2022;Dec 8, 2022;101,764.50;27,574.00;93,624.50;297,882.00;27,387.50;4,957.25;86,327.00;345,837.50;319,389.50;199,337.50;26,317.75;42,404.25
Dec 8, 2022;Dec 9, 2022;101,610.50;26,290.75;28,925.75;161,336.75;25,677.00;4,958.75;88,823.25;359,830.00;357,510.25;216,140.25;39,851.00;38,847.50
Dec 9, 2022;Dec 10, 2022;104,835.25;29,685.25;53,850.25;55,260.75;20,414.50;4,997.25;87,784.50;349,620.75;329,936.00;229,583.75;41,031.50;39,053.50
Dec 10, 2022;Dec 11, 2022;108,696.00;26,029.00;44,743.25;35,812.00;14,255.75;4,975.00;89,497.00;323,901.75;332,786.00;208,867.50;17,516.75;34,651.50
Dec 11, 2022;Dec 12, 2022;107,694.25;24,067.00;50,678.75;32,991.25;11,666.50;5,015.25;90,027.75;333,878.25;327,604.75;195,852.25;21,726.25;34,556.25
Dec 12, 2022;Dec 13, 2022;107,941.50;28,967.75;40,154.00;72,580.25;24,783.25;4,907.75;89,764.25;367,831.25;347,047.00;242,633.50;46,961.75;38,269.00
Dec 13, 2022;Dec 14, 2022;107,219.50;31,336.00;70,908.75;148,397.50;33,148.00;4,767.75;89,521.25;369,029.75;346,301.50;242,608.00;48,996.00;37,180.25
Dec 14, 2022;Dec 15, 2022;108,674.75;30,671.50;71,296.50;157,727.00;15,475.50;4,310.50;89,238.25;374,847.00;335,207.75;240,495.25;53,725.00;38,026.00
Dec 15, 2022;Dec 16, 2022;109,385.75;32,896.75;81,169.00;163,520.75;20,089.25;3,818.25;88,960.00;353,631.50;302,762.50;241,820.75;42,633.50;37,046.50
Dec 16, 2022;Dec 17, 2022;110,054.50;32,705.25;32,108.25;73,165.50;16,725.00;3,654.00;88,721.00;358,040.25;307,755.00;242,100.50;50,349.00;34,847.00
Dec 17, 2022;Dec 18, 2022;109,420.75;29,535.50;110,846.25;77,106.25;16,103.75;3,674.00;88,545.00;348,192.00;279,054.50;188,394.75;23,892.00;32,745.50
Dec 18, 2022;Dec 19, 2022;108,648.75;25,498.75;114,040.75;324,871.75;16,730.00;3,691.75;88,111.75;298,723.00;236,190.50;151,021.00;16,234.50;31,377.00
Dec 19, 2022;Dec 20, 2022;108,390.00;25,291.00;135,266.50;589,548.00;6,472.25;3,584.50;87,742.75;274,107.25;179,408.75;154,226.00;26,209.50;31,591.75
Dec 20, 2022;Dec 21, 2022;107,220.25;26,008.25;112,258.25;597,710.50;11,769.00;3,532.25;87,309.00;259,379.50;180,328.00;130,959.00;38,801.75;31,015.00
Dec 21, 2022;Dec 22, 2022;107,478.75;26,182.75;93,099.25;366,842.50;14,279.00;3,809.00;86,974.25;299,795.50;211,378.00;122,647.50;24,446.75;31,184.25
Dec 22, 2022;Dec 23, 2022;108,323.75;27,797.50;99,398.25;425,638.50;18,517.00;4,192.75;86,476.25;304,320.00;172,016.25;101,304.75;19,715.00;33,605.50
Dec 23, 2022;Dec 24, 2022;109,298.50;33,734.25;37,453.75;288,247.25;12,089.75;4,408.00;85,968.50;305,345.50;170,916.75;111,068.25;39,604.75;34,234.25
Dec 24, 2022;Dec 25, 2022;106,908.75;41,159.75;50,451.25;387,944.75;27,502.75;4,021.00;85,741.00;279,750.50;73,732.75;81,055.75;42,230.50;32,800.75
Dec 25, 2022;Dec 26, 2022;106,435.50;37,255.50;77,995.00;298,098.00;36,443.50;3,429.25;85,670.25;197,666.25;59,617.00;66,014.25;31,144.75;31,517.25
Dec 26, 2022;Dec 27, 2022;104,963.25;34,018.75;115,326.75;603,012.75;15,213.75;3,380.25;85,186.25;126,343.00;86,764.75;60,606.00;19,476.50;31,180.75
Dec 27, 2022;Dec 28, 2022;106,220.00;36,089.75;137,652.50;571,027.50;49,176.00;3,351.00;85,404.25;156,293.75;102,035.25;72,947.00;41,126.00;30,893.50
Dec 28, 2022;Dec 29, 2022;105,403.75;35,106.75;142,179.25;709,156.25;30,597.25;3,322.75;84,808.25;120,110.25;69,525.75;66,394.25;35,899.75;25,890.25
Dec 29, 2022;Dec 30, 2022;103,462.75;32,465.75;107,179.75;749,820.75;30,969.00;3,252.00;84,068.75;118,496.75;87,900.25;60,681.00;41,149.75;30,187.50
Dec 30, 2022;Dec 31, 2022;103,439.75;31,811.25;121,809.75;668,891.00;48,324.00;3,337.75;83,458.50;113,228.00;82,357.50;56,432.75;27,591.75;30,076.75
Dec 31, 2022;Jan 1, 2023;102,889.75;30,405.00;99,311.25;686,188.75;33,698.50;3,054.00;80,582.75;91,227.00;54,711.50;51,097.00;19,166.25;29,791.25
Jan 1, 2023;Jan 2, 2023;100,293.25;29,731.75;108,998.25;566,387.75;42,147.75;2,819.00;59,036.50;97,752.00;49,896.50;35,431.75;18,599.50;43,854.50
Jan 2, 2023;Jan 3, 2023;104,031.25;29,916.25;85,465.25;581,304.00;32,404.25;2,993.00;59,035.75;256,484.25;76,830.50;53,181.25;26,442.00;44,666.00
Jan 3, 2023;Jan 4, 2023;106,262.75;32,115.50;101,895.50;329,554.50;43,750.75;3,434.25;59,058.00;316,322.00;159,465.00;77,043.75;45,942.00;44,118.25
Jan 4, 2023;Jan 5, 2023;105,394.75;31,309.50;124,654.00;962,063.75;12,822.75;2,894.25;58,430.50;121,924.75;125,344.00;52,163.00;24,336.50;35,332.00
Jan 5, 2023;Jan 6, 2023;108,025.25;31,922.25;61,968.75;637,492.50;22,007.50;3,290.50;58,084.25;210,936.75;159,067.75;80,342.75;47,440.50;35,550.75
Jan 6, 2023;Jan 7, 2023;108,791.25;29,615.50;134,245.50;516,810.75;28,575.50;3,515.50;58,026.50;244,328.75;112,201.25;70,047.75;24,946.25;42,160.25
Jan 7, 2023;Jan 8, 2023;108,349.50;28,500.25;140,286.75;445,605.25;44,962.75;3,015.25;57,812.25;171,397.00;55,414.50;50,984.00;23,822.00;41,409.00
Jan 8, 2023;Jan 9, 2023;107,868.25;29,318.00;148,974.25;474,627.25;22,691.25;3,134.25;57,922.25;159,628.75;54,708.75;51,265.00;33,600.00;42,968.50
Jan 9, 2023;Jan 10, 2023;109,332.00;32,982.25;95,994.25;446,041.50;25,121.00;3,209.00;57,592.50;299,406.50;145,708.25;82,391.50;46,312.25;44,477.75
Jan 10, 2023;Jan 11, 2023;108,303.00;35,332.00;94,434.25;510,837.00;28,160.25;3,296.25;57,408.50;337,982.75;165,357.50;85,099.75;32,489.00;43,556.75
Jan 11, 2023;Jan 12, 2023;107,132.75;34,590.25;116,704.75;694,999.75;18,232.50;3,142.50;56,946.00;254,808.25;145,064.00;72,697.00;39,751.50;41,939.50
Jan 12, 2023;Jan 13, 2023;107,286.50;34,752.00;115,519.50;954,111.75;18,134.50;2,933.25;56,438.25;155,098.75;118,406.00;60,672.75;39,354.00;43,934.00
Jan 13, 2023;Jan 14, 2023;107,973.25;35,965.50;102,890.00;935,310.25;34,885.00;2,974.25;55,599.75;115,765.00;110,765.25;75,178.50;41,512.75;42,588.50
Jan 14, 2023;Jan 15, 2023;107,026.00;32,233.00;141,148.25;847,623.25;29,056.50;2,802.75;56,244.00;99,367.00;76,787.75;54,196.50;20,527.75;40,845.00
Jan 15, 2023;Jan 16, 2023;105,340.25;30,120.75;110,560.50;890,098.50;24,156.50;2,848.25;55,959.00;102,250.50;84,399.00;54,677.00;11,276.50;40,432.00
Jan 16, 2023;Jan 17, 2023;109,018.25;32,280.00;80,227.75;607,532.75;49,393.50;3,335.00;55,813.00;267,371.75;181,515.50;107,125.50;40,000.75;41,274.50
Jan 17, 2023;Jan 18, 2023;109,476.50;34,647.50;119,994.50;434,913.25;58,172.50;3,442.50;55,464.00;310,183.25;236,890.50;138,856.25;38,777.50;44,503.25
Jan 18, 2023;Jan 19, 2023;110,477.00;34,857.75;113,173.00;256,158.25;32,823.00;3,633.50;54,976.50;328,897.75;287,041.00;178,867.00;25,077.25;39,694.50
Jan 19, 2023;Jan 20, 2023;109,869.75;36,370.75;102,319.50;414,230.00;35,169.00;3,689.25;61,295.25;309,828.00;296,790.50;183,056.00;25,614.50;42,195.50
Jan 20, 2023;Jan 21, 2023;111,295.75;41,626.25;23,432.25;87,588.00;23,860.75;3,738.00;65,758.50;346,840.75;336,325.25;212,765.75;44,525.25;42,049.00
Jan 21, 2023;Jan 22, 2023;110,174.25;33,323.50;33,367.75;305,315.25;16,202.50;3,611.50;64,069.75;330,043.25;301,338.50;152,602.00;8,584.50;44,518.25
Jan 22, 2023;Jan 23, 2023;109,942.50;31,468.50;45,455.00;224,778.75;7,429.00;3,596.75;50,292.00;343,328.00;286,846.50;164,215.00;24,781.75;44,953.00
Jan 23, 2023;Jan 24, 2023;110,619.75;40,970.50;9,119.75;118,188.25;13,367.50;3,530.25;51,530.75;372,852.00;330,810.25;227,578.50;46,423.25;45,672.50
Jan 24, 2023;Jan 25, 2023;111,295.25;43,442.25;6,611.50;82,611.25;12,763.50;3,422.00;51,245.25;372,087.50;348,410.75;223,759.75;48,516.00;47,880.00
Jan 25, 2023;Jan 26, 2023;112,541.00;42,635.75;67,019.50;40,610.25;7,633.50;3,747.50;51,269.00;372,388.25;357,304.00;242,595.75;42,449.25;42,497.25
Jan 26, 2023;Jan 27, 2023;112,205.25;39,112.25;94,776.75;56,816.50;10,759.50;4,194.50;51,188.25;382,389.75;332,654.25;227,152.75;30,292.25;44,894.00
Jan 27, 2023;Jan 28, 2023;112,328.50;32,676.75;42,336.00;173,262.50;17,263.75;4,481.00;51,095.75;379,168.75;308,009.50;218,898.50;32,324.25;43,826.75
Jan 28, 2023;Jan 29, 2023;112,260.25;30,064.50;40,996.25;83,149.25;24,544.50;4,576.75;50,919.75;367,357.25;272,584.25;201,232.50;14,498.00;42,025.25
Jan 29, 2023;Jan 30, 2023;109,382.00;27,093.50;100,667.75;411,609.25;30,793.50;4,460.00;50,850.25;227,290.25;130,548.00;155,534.75;15,861.50;43,934.00
Jan 30, 2023;Jan 31, 2023;106,652.50;31,989.00;88,238.25;775,428.25;30,933.00;3,629.75;50,683.50;188,978.50;126,354.00;140,591.25;28,326.75;45,119.50
Jan 31, 2023;Feb 1, 2023;107,939.75;28,958.00;79,062.75;777,985.75;26,033.75;3,800.50;50,602.50;177,509.50;138,930.25;159,607.25;27,701.25;45,876.50
Feb 1, 2023;Feb 2, 2023;107,463.50;27,722.00;75,727.25;916,869.75;25,795.25;4,165.00;49,683.25;164,463.00;126,330.00;174,315.25;24,865.50;46,883.00
Feb 2, 2023;Feb 3, 2023;110,891.25;29,070.50;79,874.75;581,029.50;29,839.50;4,288.00;50,516.25;267,970.75;205,312.00;189,932.75;31,803.50;45,293.50
Feb 3, 2023;Feb 4, 2023;107,570.00;29,133.00;63,145.50;912,682.25;21,445.50;3,748.50;50,330.00;201,740.75;182,225.75;147,513.25;8,647.75;48,383.75
Feb 4, 2023;Feb 5, 2023;110,568.00;30,826.75;33,269.25;167,648.75;75,589.75;3,747.50;50,500.50;292,137.00;216,120.25;160,447.75;37,995.50;42,893.25
Feb 5, 2023;Feb 6, 2023;107,910.75;27,949.75;96,784.50;180,825.50;44,758.50;3,775.50;55,759.25;295,560.50;186,850.25;131,630.25;10,369.75;37,898.50
Feb 6, 2023;Feb 7, 2023;110,186.25;31,014.25;11,052.25;108,397.75;48,802.00;3,706.75;62,171.25;346,509.50;276,679.00;279,429.75;36,409.75;45,421.25
Feb 7, 2023;Feb 8, 2023;111,147.25;34,200.50;33,471.25;100,627.25;131,770.00;3,565.50;67,224.75;328,857.50;302,945.25;292,430.50;40,351.75;47,511.00
Feb 8, 2023;Feb 9, 2023;111,154.75;31,700.75;59,218.75;217,199.25;149,983.25;3,500.25;71,839.50;319,818.75;306,894.00;251,342.75;26,572.25;45,741.00
Feb 9, 2023;Feb 10, 2023;110,855.00;30,129.00;110,723.50;339,808.25;137,046.50;3,836.00;73,325.25;310,651.00;246,366.00;248,686.25;34,782.25;44,144.00
Feb 10, 2023;Feb 11, 2023;111,100.75;29,000.75;94,767.00;419,289.50;104,123.00;4,284.75;73,656.25;299,970.25;226,725.00;226,500.00;27,829.75;46,622.00
Feb 11, 2023;Feb 12, 2023;108,451.50;27,518.75;77,039.00;533,720.75;50,497.50;3,980.75;73,362.25;246,333.50;201,713.00;147,060.25;10,736.50;46,229.50
Feb 12, 2023;Feb 13, 2023;109,790.00;26,551.25;29,233.25;96,908.25;55,049.50;3,929.75;73,198.50;349,729.00;264,122.25;168,984.75;12,773.50;47,001.50
Feb 13, 2023;Feb 14, 2023;110,215.50;29,040.75;23,339.50;79,737.25;78,466.50;4,295.50;73,119.50;356,279.00;317,942.50;276,813.00;30,104.25;48,587.25
Feb 14, 2023;Feb 15, 2023;110,799.75;29,334.25;18,051.25;60,268.00;90,286.75;4,264.00;73,097.75;372,252.75;321,280.00;287,366.75;24,429.50;48,726.25
Feb 15, 2023;Feb 16, 2023;111,074.00;33,028.25;34,834.50;114,508.75;107,505.75;4,410.00;73,030.00;378,638.00;314,768.00;227,861.75;27,064.75;43,379.50
Feb 16, 2023;Feb 17, 2023;110,472.25;31,851.00;70,342.25;369,982.75;104,741.00;4,318.75;72,709.00;365,327.25;260,601.75;163,408.00;25,357.75;45,766.75
Feb 17, 2023;Feb 18, 2023;106,931.50;28,140.00;72,032.50;906,551.00;35,326.75;3,270.25;71,926.50;151,057.25;153,201.75;101,308.00;13,503.25;46,437.75
Feb 18, 2023;Feb 19, 2023;108,353.25;26,180.00;59,903.50;704,446.75;43,489.25;2,949.25;71,609.50;160,541.50;85,031.50;85,691.00;19,607.50;46,331.50
Feb 19, 2023;Feb 20, 2023;109,086.00;27,109.00;60,097.50;386,436.25;71,054.25;2,936.25;71,907.00;198,936.75;70,087.50;104,197.50;31,840.75;40,852.25
Feb 20, 2023;Feb 21, 2023;106,020.75;28,268.75;85,780.00;821,170.75;108,211.75;2,923.25;71,688.25;165,323.25;127,447.50;109,973.50;20,789.25;40,324.75
Feb 21, 2023;Feb 22, 2023;110,299.75;28,227.00;51,463.00;369,666.00;105,476.50;2,943.25;71,819.50;288,196.75;202,265.00;170,171.50;27,209.50;44,370.50
Feb 22, 2023;Feb 23, 2023;111,040.50;28,787.25;26,833.25;115,995.25;114,732.50;3,587.75;71,684.50;360,542.75;268,407.25;227,558.25;21,027.75;45,955.75
Feb 23, 2023;Feb 24, 2023;111,008.75;31,741.75;66,165.25;126,878.00;52,835.00;4,087.50;71,534.25;375,886.00;268,292.75;237,576.00;23,054.25;48,205.25
Feb 24, 2023;Feb 25, 2023;111,437.50;29,021.50;102,439.75;508,185.50;49,015.75;4,578.75;71,479.50;289,408.50;183,416.75;180,792.00;14,310.50;50,453.75
Feb 25, 2023;Feb 26, 2023;108,710.75;28,603.50;108,115.75;585,942.50;76,767.50;3,912.75;71,739.75;192,439.00;117,676.25;113,755.00;20,914.50;46,251.75
Feb 26, 2023;Feb 27, 2023;109,354.75;27,724.25;76,695.00;333,164.50;99,283.50;4,408.75;71,783.50;233,487.00;102,332.25;129,667.50;11,442.25;49,634.00
Feb 27, 2023;Feb 28, 2023;109,489.00;29,807.25;11,233.00;190,701.50;123,574.50;4,699.25;71,631.25;349,113.00;245,263.00;248,852.00;27,459.50;48,066.50
Feb 28, 2023;Mar 1, 2023;110,385.50;30,966.25;7,738.75;157,966.00;174,022.75;4,494.50;71,548.50;353,019.25;242,012.75;252,087.75;32,673.75;46,090.75
Mar 1, 2023;Mar 2, 2023;110,420.50;30,803.25;7,124.75;172,587.25;187,857.00;4,480.25;71,273.75;333,902.00;231,876.00;267,971.00;25,550.75;47,647.75
Mar 2, 2023;Mar 3, 2023;111,418.00;32,317.75;18,533.50;148,571.50;165,024.00;4,583.25;71,021.50;339,722.00;234,951.75;265,694.75;33,501.50;46,542.50
Mar 3, 2023;Mar 4, 2023;111,722.00;36,725.25;67,647.50;144,425.50;117,668.25;4,779.25;71,042.50;314,149.75;239,405.25;258,541.25;31,589.75;51,813.00
Mar 4, 2023;Mar 5, 2023;109,234.75;28,173.00;89,180.50;409,156.50;77,772.25;4,677.50;70,982.75;254,279.00;145,201.50;158,110.00;21,088.25;45,024.25
Mar 5, 2023;Mar 6, 2023;110,331.75;27,069.50;73,974.25;256,687.00;63,595.75;4,675.75;70,867.25;275,616.75;164,633.25;179,946.75;20,682.00;45,490.75
Mar 6, 2023;Mar 7, 2023;111,756.75;30,466.75;65,157.00;202,386.25;71,016.50;4,758.75;70,715.25;328,557.25;244,196.75;281,007.50;41,674.25;46,703.75
Mar 7, 2023;Mar 8, 2023;105,761.50;27,997.50;83,255.50;624,304.75;89,570.00;4,651.50;70,494.75;280,638.00;168,932.00;197,774.25;19,962.25;44,288.25
Mar 8, 2023;Mar 9, 2023;108,593.25;28,291.75;22,644.00;198,475.25;45,411.00;4,533.00;70,175.00;340,613.75;247,122.50;287,762.75;39,555.25;44,091.25
Mar 9, 2023;Mar 10, 2023;110,991.00;31,340.50;15,105.50;264,731.00;72,224.50;4,743.75;69,754.25;316,853.50;205,888.00;238,789.00;31,244.50;46,616.50
Mar 10, 2023;Mar 11, 2023;109,852.50;30,350.75;112,802.50;506,707.25;75,512.75;4,621.75;69,726.50;256,330.00;113,442.00;178,839.00;18,154.00;45,788.00
Mar 11, 2023;Mar 12, 2023;109,897.25;30,600.25;79,695.25;383,882.75;118,190.00;4,624.50;70,099.00;199,061.75;120,969.00;134,744.75;35,656.75;47,811.25
Mar 12, 2023;Mar 13, 2023;109,914.00;27,260.25;87,891.25;394,573.00;82,823.75;4,117.25;69,833.25;144,059.50;75,901.00;119,958.25;20,820.00;49,639.25
Mar 13, 2023;Mar 14, 2023;107,131.25;26,895.00;106,354.25;838,786.75;101,200.75;3,327.50;68,749.50;117,832.25;101,282.00;94,454.00;34,822.75;47,287.50
Mar 14, 2023;Mar 15, 2023;108,142.75;34,234.75;86,815.50;759,930.75;83,101.50;3,663.50;69,020.50;155,958.00;132,309.50;108,919.75;34,523.75;46,825.75
Mar 15, 2023;Mar 16, 2023;110,484.00;38,255.50;108,016.50;307,769.00;147,130.00;4,185.25;69,489.50;276,413.50;134,809.00;181,727.50;40,774.00;47,293.75
Mar 16, 2023;Mar 17, 2023;107,456.25;31,787.00;117,735.00;421,479.25;207,495.00;4,102.25;69,278.75;242,707.75;97,953.50;148,746.00;21,840.00;47,943.75
Mar 17, 2023;Mar 18, 2023;107,841.50;31,418.00;86,487.00;393,892.50;177,666.00;3,975.75;68,746.50;235,646.00;107,462.00;102,231.25;38,782.50;48,461.50
Mar 18, 2023;Mar 19, 2023;109,961.00;29,617.00;23,949.50;184,358.00;186,962.75;3,541.75;68,404.50;234,148.75;75,294.25;90,976.00;25,012.75;48,103.00
Mar 19, 2023;Mar 20, 2023;109,406.25;29,332.00;49,070.00;119,353.75;128,573.75;3,493.50;68,328.00;258,753.25;82,561.50;106,928.00;23,458.75;47,840.00
Mar 20, 2023;Mar 21, 2023;108,005.75;34,464.25;52,533.75;209,936.50;85,933.00;3,721.75;68,314.50;318,712.75;125,887.25;204,910.75;33,208.75;50,065.25
Mar 21, 2023;Mar 22, 2023;106,813.00;33,820.50;97,340.00;193,508.50;123,070.75;3,617.00;68,150.25;317,997.00;128,555.75;199,960.00;20,438.25;45,661.25
Mar 22, 2023;Mar 23, 2023;106,943.00;31,412.75;115,478.50;545,406.00;175,240.00;3,206.00;67,805.75;162,029.75;118,709.50;107,961.25;33,262.50;43,869.25
Mar 23, 2023;Mar 24, 2023;103,995.75;30,638.25;103,276.25;616,998.00;92,439.00;3,259.00;67,561.25;145,056.50;114,172.25;106,861.00;46,398.50;44,276.75
Mar 24, 2023;Mar 25, 2023;103,037.25;31,116.00;97,331.00;679,330.75;98,093.00;3,102.00;67,519.75;132,193.00;107,827.00;95,224.00;36,089.25;46,306.75
Mar 25, 2023;Mar 26, 2023;104,339.50;33,534.00;114,299.75;693,326.25;141,150.00;2,963.00;67,831.75;99,464.00;66,622.00;68,565.75;16,788.25;47,014.25
Mar 26, 2023;Mar 27, 2023;101,263.00;28,409.50;93,630.25;356,498.00;105,936.25;2,937.00;65,132.50;111,639.75;48,639.25;68,798.50;24,395.75;46,050.25
Mar 27, 2023;Mar 28, 2023;106,033.25;33,369.25;110,733.25;493,491.75;180,729.00;3,816.50;68,067.25;161,742.75;119,395.00;102,121.50;39,828.75;48,427.75
Mar 28, 2023;Mar 29, 2023;106,093.00;33,630.25;80,034.50;277,735.25;204,698.50;4,007.75;68,080.50;229,456.75;152,326.75;136,943.25;44,664.00;48,630.25
Mar 29, 2023;Mar 30, 2023;108,282.75;33,162.50;82,997.50;234,953.50;119,076.25;3,596.25;67,622.00;280,974.25;110,900.50;163,945.75;41,140.25;47,124.75
Mar 30, 2023;Mar 31, 2023;107,806.75;35,094.75;129,506.00;624,191.50;103,705.50;3,181.25;66,950.25;182,891.50;73,991.00;98,461.50;29,437.00;46,489.00
Mar 31, 2023;Apr 1, 2023;109,736.75;42,637.50;55,698.50;422,201.75;106,311.00;3,651.00;67,061.00;197,119.75;60,469.00;109,552.00;42,920.50;47,558.25
Apr 1, 2023;Apr 2, 2023;107,569.00;38,163.00;132,013.75;572,597.00;80,264.75;3,050.00;67,116.75;135,269.25;57,324.25;62,203.00;30,502.25;45,704.50
Apr 2, 2023;Apr 3, 2023;107,299.75;33,855.50;94,798.50;440,546.75;118,845.00;3,102.50;66,974.00;160,462.50;58,158.75;74,834.00;23,245.25;43,179.00
Apr 3, 2023;Apr 4, 2023;109,617.00;35,499.75;22,015.75;270,957.25;214,608.75;3,479.75;66,774.75;257,718.00;145,445.00;153,133.25;31,755.25;46,515.50
Apr 4, 2023;Apr 5, 2023;109,799.25;35,413.00;6,937.50;85,449.50;259,784.50;3,759.00;66,651.00;276,054.75;211,357.00;175,975.00;36,281.25;47,138.00
Apr 5, 2023;Apr 6, 2023;111,616.25;32,430.00;8,853.00;34,424.75;262,367.00;3,815.25;66,121.25;292,913.75;207,153.75;184,988.25;41,308.75;45,017.50
Apr 6, 2023;Apr 7, 2023;110,308.00;31,700.25;64,164.00;156,462.75;267,097.25;3,726.00;65,803.00;287,708.75;138,219.75;148,393.75;33,695.00;45,739.50
Apr 7, 2023;Apr 8, 2023;109,441.50;29,362.00;90,628.75;206,156.75;176,304.75;3,968.75;65,319.25;265,370.00;75,936.50;118,459.00;23,367.25;40,671.00
Apr 8, 2023;Apr 9, 2023;109,943.25;32,113.25;23,923.25;83,304.50;91,963.50;3,570.00;64,933.75;267,571.75;62,053.75;125,110.25;35,179.75;45,930.50
Apr 9, 2023;Apr 10, 2023;108,707.25;30,759.00;24,455.75;61,734.75;220,536.25;3,473.00;64,766.75;190,534.25;49,236.25;87,448.00;30,796.50;46,578.25
Apr 10, 2023;Apr 11, 2023;106,997.25;27,351.75;122,116.00;394,887.25;257,183.50;3,169.50;64,175.50;106,672.25;43,028.50;77,434.00;13,312.75;44,049.00
Apr 11, 2023;Apr 12, 2023;107,704.25;28,179.50;97,229.50;511,330.25;173,941.00;3,459.75;63,970.25;134,421.00;69,860.50;104,156.50;61,197.75;44,464.25
Apr 12, 2023;Apr 13, 2023;108,051.00;30,751.25;53,832.50;426,391.25;127,956.25;3,631.00;63,490.00;207,525.25;81,460.75;111,019.25;33,561.25;43,715.00
Apr 13, 2023;Apr 14, 2023;107,596.25;34,371.50;99,059.75;369,553.25;159,067.00;3,665.00;63,054.50;227,944.75;92,778.25;115,148.00;31,832.75;43,408.75
Apr 14, 2023;Apr 15, 2023;109,007.75;35,004.75;49,314.25;98,228.00;171,499.75;4,014.00;62,702.75;274,711.50;144,444.75;152,197.75;32,748.75;43,213.00
Apr 15, 2023;Apr 16, 2023;107,952.75;33,880.50;87,197.00;245,640.25;90,701.25;3,887.00;56,262.75;226,725.00;62,529.00;97,743.75;13,684.00;44,047.50
Apr 16, 2023;Apr 17, 2023;104,850.25;34,798.75;20,766.25;158,410.50;90,294.50;3,674.50;0.00;242,183.25;73,683.50;100,259.50;21,661.75;44,520.00
Apr 17, 2023;Apr 18, 2023;104,303.25;38,261.00;22,510.25;195,388.25;165,286.25;3,988.25;0.00;264,523.25;122,768.75;159,950.00;40,610.25;45,364.25
Apr 18, 2023;Apr 19, 2023;103,426.25;35,615.25;58,008.50;367,461.00;144,806.50;3,981.25;0.00;270,150.75;127,576.25;120,562.75;30,315.50;45,289.50
Apr 19, 2023;Apr 20, 2023;102,452.50;33,865.50;55,013.75;477,019.25;203,721.00;3,958.50;0.00;202,034.50;139,378.75;109,042.25;27,180.00;43,839.50
Apr 20, 2023;Apr 21, 2023;104,102.50;36,768.75;79,291.75;362,562.75;137,076.75;3,963.00;0.00;220,279.75;147,246.50;136,336.50;39,734.25;41,110.25
Apr 21, 2023;Apr 22, 2023;102,527.00;35,543.50;67,473.25;427,295.25;275,462.25;3,453.00;0.00;191,941.00;115,097.50;122,297.25;36,116.25;44,297.25
Apr 22, 2023;Apr 23, 2023;102,759.25;33,473.25;52,685.25;331,474.75;262,114.25;3,366.25;0.00;176,358.75;71,879.75;95,735.75;30,898.75;42,236.50
Apr 23, 2023;Apr 24, 2023;101,808.50;33,082.75;38,730.25;204,182.75;199,252.00;3,188.50;0.00;180,354.25;32,360.25;78,946.75;20,404.00;42,113.50
Apr 24, 2023;Apr 25, 2023;102,164.50;38,457.00;61,661.75;549,809.00;150,771.50;3,173.50;0.00;208,971.50;77,504.25;98,766.25;31,373.75;40,507.50
Apr 25, 2023;Apr 26, 2023;101,341.50;36,939.25;75,988.75;416,981.75;159,040.00;3,516.25;0.00;218,134.50;147,696.75;149,298.00;30,157.25;42,662.50
Apr 26, 2023;Apr 27, 2023;102,021.75;37,202.00;76,720.50;259,293.00;223,923.50;3,439.25;0.00;250,962.50;127,739.50;149,888.50;34,434.25;38,654.75
Apr 27, 2023;Apr 28, 2023;102,955.75;39,230.75;40,382.00;93,218.50;259,188.75;3,602.50;0.00;272,923.50;76,253.25;154,089.25;31,282.50;36,929.50
Apr 28, 2023;Apr 29, 2023;103,738.50;39,874.00;60,534.25;211,597.00;120,966.50;3,757.25;0.00;297,388.50;51,501.25;126,357.75;32,951.00;43,572.00
Apr 29, 2023;Apr 30, 2023;102,973.50;47,323.50;33,544.75;230,351.75;161,343.75;3,143.50;0.00;243,137.75;40,744.75;95,253.00;26,431.50;38,114.75
Apr 30, 2023;May 1, 2023;101,891.50;46,727.25;15,040.25;104,096.50;296,750.25;3,061.50;0.00;173,295.50;50,623.50;76,904.00;33,095.25;42,826.00
May 1, 2023;May 2, 2023;102,979.50;45,617.00;32,414.00;125,128.75;226,103.75;3,045.50;0.00;177,162.00;46,777.00;74,408.75;20,459.75;44,018.50
May 2, 2023;May 3, 2023;104,053.75;49,461.25;62,291.75;260,490.25;188,320.25;3,080.75;0.00;230,624.50;47,217.25;112,302.50;38,775.50;41,047.00
May 3, 2023;May 4, 2023;104,172.00;50,079.00;11,634.50;98,396.00;309,678.00;3,330.75;0.00;234,748.25;46,069.50;135,174.00;32,807.25;42,178.00
May 4, 2023;May 5, 2023;104,027.25;49,006.75;49,794.00;187,027.50;317,953.75;3,249.25;0.00;216,865.00;40,366.25;118,148.50;32,773.00;42,425.00
May 5, 2023;May 6, 2023;103,413.75;47,233.25;80,900.50;343,267.75;235,834.25;3,089.25;0.00;207,775.25;69,308.75;136,843.00;34,117.25;41,456.00
May 6, 2023;May 7, 2023;103,652.50;48,507.50;81,040.00;161,545.50;210,257.00;3,330.50;0.00;213,138.50;43,803.75;91,939.75;28,281.75;43,225.50
May 7, 2023;May 8, 2023;102,354.50;48,514.50;107,440.75;282,885.00;228,431.50;3,135.25;0.00;163,545.00;47,141.00;88,633.00;12,330.00;44,175.00
May 8, 2023;May 9, 2023;102,742.75;52,514.50;53,513.75;272,001.00;236,309.00;3,246.75;0.00;201,514.25;82,882.75;128,654.25;36,603.00;43,668.00
May 9, 2023;May 10, 2023;102,129.75;52,644.50;37,491.75;359,232.25;269,298.50;3,120.50;0.00;185,787.00;117,435.50;124,951.50;27,530.25;41,411.50
May 10, 2023;May 11, 2023;102,743.00;55,694.50;31,692.00;212,760.00;168,083.00;2,943.75;0.00;252,349.00;106,764.50;131,647.00;29,965.75;39,418.75
May 11, 2023;May 12, 2023;104,090.75;51,290.75;29,455.50;89,028.75;142,375.00;3,133.75;0.00;292,955.25;109,771.25;163,074.75;31,732.25;43,178.00
May 12, 2023;May 13, 2023;104,884.00;53,917.00;50,921.50;229,320.50;206,650.75;3,308.00;0.00;256,894.75;53,284.00;122,842.75;30,814.50;43,317.00
May 13, 2023;May 14, 2023;104,265.25;52,469.00;36,930.75;197,055.75;240,510.25;3,212.00;0.00;140,404.75;50,938.75;80,874.00;29,784.00;43,305.00
May 14, 2023;May 15, 2023;103,369.25;52,359.75;15,382.25;82,060.50;235,754.00;3,285.50;0.00;144,633.50;55,264.00;88,463.00;21,079.75;42,226.50
May 15, 2023;May 16, 2023;104,323.25;54,165.75;48,202.25;151,985.00;237,221.50;3,376.25;0.00;187,033.25;48,420.25;157,264.50;37,307.00;41,608.25
May 16, 2023;May 17, 2023;103,241.75;51,076.75;90,732.00;451,440.00;171,871.75;3,580.00;0.00;160,177.00;54,000.25;149,348.50;26,164.75;41,664.00
May 17, 2023;May 18, 2023;103,215.25;48,992.00;70,651.25;329,277.75;259,819.25;3,465.00;0.00;169,307.75;52,035.00;133,093.25;41,155.00;38,879.25
May 18, 2023;May 19, 2023;104,378.25;48,835.75;5,512.00;132,618.00;305,840.00;3,519.75;0.00;140,229.75;44,036.25;91,571.00;29,970.00;42,835.25
May 19, 2023;May 20, 2023;104,813.75;49,574.50;29,433.50;217,396.25;263,571.00;3,277.75;0.00;131,099.25;37,314.75;95,808.50;38,072.75;44,578.75
May 20, 2023;May 21, 2023;102,988.25;49,024.25;69,185.50;325,722.75;246,622.25;2,756.75;0.00;105,190.75;29,748.50;62,164.25;32,948.00;43,907.75
May 21, 2023;May 22, 2023;100,942.75;47,649.00;63,517.50;241,287.25;278,437.00;2,611.75;0.00;113,886.75;44,959.75;59,934.25;19,969.00;38,267.25
May 22, 2023;May 23, 2023;100,742.00;52,021.50;65,126.00;204,796.50;287,996.25;2,536.00;0.00;172,697.00;43,690.50;125,223.50;42,906.00;38,965.00
May 23, 2023;May 24, 2023;96,628.25;50,556.25;91,653.50;427,498.50;164,737.75;2,587.25;0.00;179,346.75;43,873.00;115,688.75;19,788.75;44,935.00
May 24, 2023;May 25, 2023;99,178.75;56,212.25;60,874.00;149,383.50;208,708.75;2,778.25;0.00;204,296.00;39,658.50;173,298.75;28,088.25;45,284.25
May 25, 2023;May 26, 2023;99,443.50;51,703.25;67,936.00;179,737.00;305,354.00;3,144.00;0.00;172,341.50;37,913.00;132,928.25;21,717.75;43,741.00
May 26, 2023;May 27, 2023;100,969.00;53,855.50;53,298.75;223,913.00;340,702.25;3,124.50;0.00;113,518.50;37,684.25;112,721.50;34,062.00;46,429.75
May 27, 2023;May 28, 2023;102,606.50;52,924.75;6,396.75;113,050.50;359,652.50;3,194.50;0.00;94,903.25;32,977.00;96,784.25;34,113.00;49,543.50
May 28, 2023;May 29, 2023;99,677.50;49,214.00;23,059.75;119,408.75;343,473.50;2,934.75;0.00;86,818.75;43,856.25;57,274.75;28,620.25;48,607.75
May 29, 2023;May 30, 2023;99,179.25;47,407.25;64,477.00;207,969.25;340,918.50;2,848.50;0.00;83,994.00;34,459.25;56,218.25;14,484.50;47,799.00
May 30, 2023;May 31, 2023;100,981.50;51,818.50;35,834.00;167,837.75;325,330.25;2,859.25;0.00;107,560.25;36,197.75;136,377.50;41,928.50;41,064.00
May 31, 2023;Jun 1, 2023;100,192.75;53,673.75;53,732.00;198,251.50;363,306.25;2,946.00;0.00;115,083.25;30,638.50;131,009.75;29,345.75;40,606.00
Jun 1, 2023;Jun 2, 2023;100,607.25;54,478.75;75,269.25;247,969.50;316,482.25;2,950.75;0.00;103,997.25;52,402.25;145,548.00;28,398.50;38,862.25
Jun 2, 2023;Jun 3, 2023;101,487.50;54,953.75;46,724.25;200,103.00;318,072.75;3,066.25;0.00;105,974.50;29,846.00;114,527.75;31,749.75;37,279.25
Jun 3, 2023;Jun 4, 2023;99,754.25;50,847.75;7,175.00;192,924.50;366,966.25;2,822.00;0.00;101,377.25;26,287.25;78,074.00;27,732.25;37,022.25
Jun 4, 2023;Jun 5, 2023;99,874.25;50,669.25;9,612.50;118,115.75;358,711.25;2,708.50;0.00;97,593.25;28,414.50;74,966.25;17,345.75;36,705.00
Jun 5, 2023;Jun 6, 2023;100,111.75;53,820.00;3,908.75;123,051.50;325,487.25;2,678.50;0.00;123,251.00;38,973.00;164,830.75;37,467.00;34,859.75
Jun 6, 2023;Jun 7, 2023;99,805.25;57,849.25;21,601.25;102,796.50;264,984.25;2,709.00;0.00;146,682.50;55,725.75;189,058.00;34,174.75;36,063.00
Jun 7, 2023;Jun 8, 2023;99,876.00;53,470.00;24,522.75;76,065.50;281,516.25;2,756.25;0.00;181,344.00;69,243.75;187,807.75;30,923.75;33,757.00
Jun 8, 2023;Jun 9, 2023;99,729.00;52,715.50;38,561.00;109,873.25;289,993.50;2,708.00;0.00;137,022.50;35,621.75;137,778.00;24,450.00;33,937.75
Jun 9, 2023;Jun 10, 2023;99,717.50;50,878.00;47,745.75;199,074.50;335,786.50;2,627.00;0.00;141,463.00;34,136.25;116,927.25;24,520.00;36,154.25
Jun 10, 2023;Jun 11, 2023;98,851.50;51,090.50;78,676.00;267,229.25;325,183.75;2,505.50;0.00;96,388.25;28,145.50;94,769.50;30,032.25;36,243.75
Jun 11, 2023;Jun 12, 2023;97,640.25;49,276.75;94,426.50;254,638.25;349,269.25;2,494.50;0.00;100,846.50;26,573.00;85,334.50;15,955.50;36,111.75
Jun 12, 2023;Jun 13, 2023;97,460.75;51,145.00;70,826.50;245,202.00;355,827.25;2,428.00;0.00;167,091.25;42,673.00;111,652.50;33,871.25;37,323.50
Jun 13, 2023;Jun 14, 2023;97,328.50;50,588.50;78,312.25;267,000.75;360,800.75;2,527.00;0.00;177,576.50;38,830.25;116,397.75;25,781.75;37,657.00
Jun 14, 2023;Jun 15, 2023;97,298.25;52,073.75;42,256.00;208,018.00;323,701.75;2,569.75;0.00;201,272.75;44,191.00;135,363.25;27,620.25;36,698.00
Jun 15, 2023;Jun 16, 2023;98,025.25;52,141.25;11,212.75;101,306.00;298,618.25;2,506.25;0.00;219,334.50;94,974.00;177,486.50;25,058.75;36,900.50
Jun 16, 2023;Jun 17, 2023;98,383.75;51,147.50;21,916.00;107,835.75;257,921.75;2,445.50;0.00;247,797.75;133,273.00;150,812.25;23,560.75;36,248.25
Jun 17, 2023;Jun 18, 2023;97,895.50;47,803.25;3,319.00;48,080.50;314,166.75;2,448.00;0.00;173,027.75;38,126.00;102,356.25;24,869.75;39,681.25
Jun 18, 2023;Jun 19, 2023;96,303.25;45,166.25;13,231.00;36,804.00;319,531.75;2,318.50;0.00;175,584.50;36,460.25;90,673.00;16,953.75;35,953.25
Jun 19, 2023;Jun 20, 2023;96,664.50;45,813.25;84,530.50;166,574.50;246,880.75;2,387.50;0.00;249,641.00;62,653.00;153,769.00;30,901.75;41,457.00
Jun 20, 2023;Jun 21, 2023;95,726.75;48,739.50;50,485.00;99,782.75;275,918.25;2,296.50;0.00;294,042.00;76,988.75;208,178.50;24,466.25;42,559.50
Jun 21, 2023;Jun 22, 2023;95,719.50;51,408.75;45,688.00;148,532.00;269,155.50;2,236.50;0.00;288,393.50;89,970.00;187,262.00;21,137.25;40,070.00
Jun 22, 2023;Jun 23, 2023;95,772.75;52,310.50;11,925.00;185,807.25;263,098.50;2,313.75;0.00;305,754.25;92,650.25;196,654.00;17,855.00;40,563.25
Jun 23, 2023;Jun 24, 2023;96,568.75;52,809.00;24,458.25;325,463.75;168,625.25;2,417.75;0.00;265,033.75;52,289.50;116,245.00;25,584.50;40,430.25
Jun 24, 2023;Jun 25, 2023;96,047.75;52,000.50;14,057.75;58,447.25;335,048.75;2,521.25;0.00;153,928.50;33,985.50;99,215.75;23,168.75;41,172.50
Jun 25, 2023;Jun 26, 2023;94,408.00;48,052.50;16,269.75;30,610.25;339,673.75;2,414.75;0.00;133,461.75;33,089.25;93,414.50;23,423.50;40,641.00
Jun 26, 2023;Jun 27, 2023;93,618.50;46,703.25;89,928.75;357,056.50;298,599.75;2,441.00;0.00;162,596.75;41,557.25;105,165.25;17,409.25;40,250.25
Jun 27, 2023;Jun 28, 2023;95,628.25;45,900.25;68,111.25;323,313.75;257,184.00;2,507.25;0.00;196,235.50;62,722.25;131,945.50;23,021.50;39,236.50
Jun 28, 2023;Jun 29, 2023;96,749.75;46,758.00;33,292.25;131,705.00;264,981.25;2,533.75;0.00;241,941.25;92,263.50;185,956.75;24,457.25;38,923.50
Jun 29, 2023;Jun 30, 2023;96,573.75;47,699.75;34,193.00;44,582.50;243,810.75;2,550.75;0.00;282,478.00;91,515.50;214,247.25;22,771.75;39,466.50
Jun 30, 2023;Jul 1, 2023;97,046.25;46,720.50;28,212.00;73,695.50;178,776.50;2,644.25;0.00;266,355.25;81,084.00;149,386.00;21,114.50;41,980.50
Jul 1, 2023;Jul 2, 2023;96,060.00;46,883.25;106,429.50;376,689.25;197,384.50;2,713.25;0.00;87,453.50;29,884.00;70,044.50;20,436.50;43,346.00
Jul 2, 2023;Jul 3, 2023;94,234.75;39,981.25;90,097.75;459,865.00;254,664.50;2,684.75;0.00;86,068.00;32,774.00;71,995.00;16,362.00;42,427.25
Jul 3, 2023;Jul 4, 2023;96,386.50;45,065.25;102,840.50;496,709.75;235,495.50;2,639.50;0.00;104,884.25;68,233.50;97,269.25;27,954.25;42,812.50
Jul 4, 2023;Jul 5, 2023;96,703.00;46,743.00;85,409.50;396,805.25;286,758.75;2,565.50;0.00;138,425.00;74,239.50;121,851.00;23,096.00;43,576.75
Jul 5, 2023;Jul 6, 2023;95,523.50;46,750.75;84,569.00;603,700.50;232,864.25;2,625.50;0.00;144,986.50;65,648.75;88,018.00;17,792.50;39,695.00
Jul 6, 2023;Jul 7, 2023;98,329.00;52,102.25;50,176.00;176,497.25;309,882.00;2,518.50;0.00;205,243.50;72,186.00;143,748.75;20,409.75;41,212.75
Jul 7, 2023;Jul 8, 2023;97,263.50;50,256.50;12,418.75;67,209.75;362,952.75;2,368.25;0.00;205,777.00;50,287.50;132,573.00;24,328.00;40,363.75
Jul 8, 2023;Jul 9, 2023;94,750.75;44,495.25;64,649.50;153,794.25;337,004.50;2,277.75;0.00;154,041.75;27,842.25;82,868.50;16,216.00;39,699.00
Jul 9, 2023;Jul 10, 2023;93,308.50;45,206.00;48,697.00;122,834.50;321,386.00;2,150.50;0.00;158,684.75;30,211.00;97,211.25;17,822.25;42,494.75
Jul 10, 2023;Jul 11, 2023;95,460.25;48,635.75;16,785.75;161,771.50;260,614.50;2,139.25;0.00;210,858.75;54,525.75;182,128.75;33,109.75;44,941.25
Jul 11, 2023;Jul 12, 2023;94,742.50;45,528.50;63,773.75;146,557.75;327,553.50;2,114.00;0.00;205,088.25;41,429.00;170,757.75;22,763.50;44,542.50
Jul 12, 2023;Jul 13, 2023;93,654.75;45,517.00;57,776.75;377,958.25;251,339.75;2,232.00;0.00;172,864.25;51,611.00;145,228.75;20,417.25;41,218.25
Jul 13, 2023;Jul 14, 2023;96,844.25;52,020.75;71,488.25;244,465.75;264,660.50;2,471.25;0.00;182,291.00;37,107.75;165,799.75;22,951.75;43,766.00
Jul 14, 2023;Jul 15, 2023;97,032.75;51,040.00;20,298.25;91,985.25;294,946.75;2,562.50;0.00;177,635.50;39,290.00;168,579.50;23,502.75;43,406.50
Jul 15, 2023;Jul 16, 2023;92,795.75;43,490.50;81,323.00;368,909.00;270,756.25;2,451.75;0.00;108,009.25;34,219.75;68,953.75;22,160.00;48,063.75
Jul 16, 2023;Jul 17, 2023;92,063.50;39,593.25;85,061.75;365,849.00;274,125.25;2,463.25;0.00;111,587.75;32,574.50;79,771.25;17,369.00;46,797.75
Jul 17, 2023;Jul 18, 2023;95,080.25;45,815.25;83,705.75;328,035.00;277,806.75;2,462.75;0.00;141,075.75;62,575.50;123,495.00;24,188.00;48,113.50
Jul 18, 2023;Jul 19, 2023;97,858.75;47,799.50;40,735.50;110,621.75;299,007.00;2,480.00;0.00;191,815.75;72,276.25;172,664.75;27,465.50;48,775.00
Jul 19, 2023;Jul 20, 2023;96,815.75;51,915.50;12,139.75;113,561.25;245,333.75;2,460.50;0.00;203,469.50;79,467.75;206,133.50;22,125.75;43,479.50
Jul 20, 2023;Jul 21, 2023;97,142.75;50,644.75;58,997.50;144,777.00;268,822.25;2,539.75;0.00;186,172.50;66,186.00;179,961.00;23,586.75;45,994.25
Jul 21, 2023;Jul 22, 2023;98,125.00;48,875.25;21,845.25;79,852.25;196,511.25;2,586.75;0.00;191,032.00;63,390.00;206,045.75;25,439.00;42,267.00
Jul 22, 2023;Jul 23, 2023;96,525.50;43,578.50;42,773.00;200,621.25;256,175.00;2,569.50;0.00;116,796.00;39,576.50;75,939.25;22,721.50;46,427.00
Jul 23, 2023;Jul 24, 2023;94,823.50;38,435.50;98,224.50;412,672.50;200,183.50;2,495.00;0.00;94,225.00;39,883.75;66,381.75;11,767.50;48,949.25
Jul 24, 2023;Jul 25, 2023;96,749.50;41,839.00;50,678.50;348,609.75;181,832.75;2,493.00;0.00;134,364.75;53,544.50;123,201.25;29,366.00;49,049.25
Jul 25, 2023;Jul 26, 2023;96,911.25;51,439.00;76,269.00;196,757.50;178,382.00;2,557.00;0.00;146,107.50;51,318.50;149,619.00;22,888.75;48,482.75
Jul 26, 2023;Jul 27, 2023;96,205.50;54,004.75;65,805.50;238,572.25;225,330.00;2,629.50;0.00;130,496.50;59,352.00;114,384.00;17,250.25;47,967.75
Jul 27, 2023;Jul 28, 2023;96,317.25;51,173.75;31,565.50;310,280.75;125,074.25;2,584.00;0.00;144,735.75;45,921.75;98,588.50;22,612.25;49,303.75
Jul 28, 2023;Jul 29, 2023;96,433.50;49,242.25;4,523.25;235,264.50;175,929.00;2,535.75;0.00;157,093.00;41,145.50;129,568.50;29,964.50;47,660.25
Jul 29, 2023;Jul 30, 2023;96,630.75;48,912.75;41,873.75;205,709.00;199,848.50;2,450.50;0.00;109,302.25;37,615.00;78,030.50;26,263.75;43,557.50
Jul 30, 2023;Jul 31, 2023;95,167.75;45,096.50;72,565.50;324,619.75;223,221.50;2,397.50;0.00;99,994.75;41,781.50;58,865.25;10,744.50;47,601.75
Jul 31, 2023;Aug 1, 2023;96,135.00;44,537.50;50,894.25;497,154.00;158,021.75;2,474.75;0.00;91,008.50;39,539.25;68,000.00;27,933.50;49,961.50
Aug 1, 2023;Aug 2, 2023;96,419.50;46,679.75;56,946.00;475,508.50;171,709.00;2,604.00;0.00;94,642.50;54,731.00;77,360.00;26,219.25;43,690.25
Aug 2, 2023;Aug 3, 2023;96,961.00;51,404.75;64,467.50;447,864.00;141,156.00;2,709.25;0.00;89,233.25;51,058.00;86,124.00;31,046.00;44,057.25
Aug 3, 2023;Aug 4, 2023;96,432.75;50,419.75;54,853.50;643,161.25;204,945.50;2,697.00;0.00;78,043.75;51,779.25;75,011.25;17,573.75;40,844.50
Aug 4, 2023;Aug 5, 2023;98,414.50;56,099.00;54,901.00;146,022.25;190,877.25;2,705.25;0.00;112,093.25;59,151.25;122,294.75;42,317.75;38,846.75
Aug 5, 2023;Aug 6, 2023;98,720.25;55,075.50;16,586.25;78,091.50;196,589.25;2,766.00;0.00;98,242.25;37,791.75;105,288.00;25,322.00;39,775.75
Aug 6, 2023;Aug 7, 2023;97,492.50;52,496.50;26,445.25;238,738.50;145,118.00;2,725.50;0.00;91,395.50;34,194.25;52,834.00;26,917.00;46,133.50
Aug 7, 2023;Aug 8, 2023;94,585.75;51,141.25;56,964.75;651,701.75;165,241.75;2,682.25;0.00;106,668.00;59,922.75;80,218.25;29,399.25;43,700.50
Aug 8, 2023;Aug 9, 2023;94,725.25;49,564.00;73,811.75;565,531.75;219,863.75;2,695.50;0.00;111,529.25;64,771.25;94,832.25;27,929.00;43,445.75
Aug 9, 2023;Aug 10, 2023;97,897.50;55,066.00;81,495.75;253,705.25;197,585.50;2,695.00;0.00;125,440.25;60,194.00;143,373.25;28,929.75;37,684.75
Aug 10, 2023;Aug 11, 2023;99,296.50;56,892.75;34,871.25;62,412.75;299,545.25;2,693.50;0.00;146,375.00;56,511.75;160,705.75;28,820.75;40,586.00
Aug 11, 2023;Aug 12, 2023;98,729.00;51,630.25;28,374.00;53,146.00;309,819.00;2,635.50;0.00;151,180.00;63,512.75;132,320.00;30,808.00;42,206.50
Aug 12, 2023;Aug 13, 2023;98,521.00;45,993.75;46,690.00;151,831.50;185,313.25;2,525.50;0.00;126,471.00;35,971.25;65,823.00;21,784.00;38,129.50
Aug 13, 2023;Aug 14, 2023;98,077.25;42,550.50;61,676.25;97,598.25;234,733.50;2,545.75;0.00;102,514.00;39,635.50;76,841.75;17,184.75;38,334.25
Aug 14, 2023;Aug 15, 2023;97,814.50;46,762.00;27,732.75;56,009.75;260,116.75;2,522.25;0.00;155,914.00;72,162.50;137,592.25;34,024.25;39,253.75
Aug 15, 2023;Aug 16, 2023;96,237.25;47,284.00;58,113.75;112,338.00;227,449.75;2,640.50;0.00;164,006.25;59,075.75;146,824.00;27,267.25;46,038.75
Aug 16, 2023;Aug 17, 2023;97,298.25;50,845.00;20,601.25;65,992.75;239,832.25;2,934.00;0.00;179,716.25;69,494.75;172,574.75;24,092.00;42,427.50
Aug 17, 2023;Aug 18, 2023;98,062.25;51,358.25;39,615.75;143,264.50;195,225.75;2,980.00;0.00;185,003.00;72,326.25;125,564.75;27,927.75;42,759.25
Aug 18, 2023;Aug 19, 2023;97,509.75;50,052.75;62,535.75;85,410.50;284,319.25;2,587.25;0.00;183,471.75;58,566.25;136,241.00;30,098.25;43,649.00
Aug 19, 2023;Aug 20, 2023;97,151.25;45,266.00;78,301.50;135,104.50;246,015.00;2,564.75;0.00;124,566.00;39,831.50;87,374.25;25,344.75;43,977.25
Aug 20, 2023;Aug 21, 2023;97,109.25;44,202.75;16,600.25;50,140.00;281,137.50;2,540.25;0.00;131,726.25;47,915.50;94,606.00;22,198.25;45,402.25
Aug 21, 2023;Aug 22, 2023;97,737.75;44,412.75;11,847.50;35,665.50;277,261.00;2,546.00;0.00;238,311.25;104,771.50;175,287.75;35,962.50;49,025.75
Aug 22, 2023;Aug 23, 2023;97,215.25;45,941.00;16,436.75;51,798.75;260,018.00;2,503.25;0.00;275,448.50;134,560.25;198,921.25;30,928.25;50,196.50
Aug 23, 2023;Aug 24, 2023;97,550.00;47,265.25;16,341.25;38,897.25;281,008.25;2,501.25;0.00;265,417.50;155,250.00;199,955.25;34,422.50;51,199.50
Aug 24, 2023;Aug 25, 2023;98,005.75;47,043.00;18,283.50;65,259.25;241,143.00;2,459.00;0.00;272,704.00;169,198.00;205,000.50;32,433.00;44,632.00
Aug 25, 2023;Aug 26, 2023;98,072.50;48,271.75;14,807.00;171,932.75;151,599.00;2,579.75;0.00;268,158.50;115,016.25;196,176.00;29,426.75;49,159.50
Aug 26, 2023;Aug 27, 2023;97,854.75;43,802.25;24,004.75;188,368.50;203,533.00;2,702.50;0.00;220,809.75;50,216.50;102,321.25;14,748.75;45,618.25
Aug 27, 2023;Aug 28, 2023;97,720.25;47,345.75;23,890.75;112,300.75;122,324.25;2,761.50;0.00;205,413.00;39,796.75;84,680.25;11,638.75;49,791.50
Aug 28, 2023;Aug 29, 2023;98,801.25;44,508.00;31,279.50;125,565.25;125,180.25;2,693.00;0.00;265,197.75;107,131.00;176,013.50;22,472.00;48,567.25
Aug 29, 2023;Aug 30, 2023;99,034.25;38,181.00;7,839.75;51,318.75;111,772.00;2,673.50;0.00;295,263.50;134,883.25;203,274.00;29,465.25;47,433.75
Aug 30, 2023;Aug 31, 2023;98,524.00;47,541.50;27,788.25;108,791.50;171,731.00;2,643.25;0.00;283,350.25;113,249.00;162,593.25;23,701.50;44,608.25
Aug 31, 2023;Sep 1, 2023;98,342.25;52,690.00;38,790.75;289,076.75;195,346.25;2,580.00;0.00;240,890.25;69,453.50;138,074.25;18,931.50;45,204.50
Sep 1, 2023;Sep 2, 2023;98,576.00;55,739.50;24,730.00;142,789.75;167,061.25;2,559.00;0.00;241,285.75;66,301.50;147,301.00;32,003.25;47,313.25
Sep 2, 2023;Sep 3, 2023;98,016.50;54,035.00;12,936.50;31,865.75;240,168.00;2,573.25;0.00;179,212.75;51,415.75;112,169.25;22,849.00;47,408.00
Sep 3, 2023;Sep 4, 2023;96,171.75;50,634.00;32,693.00;75,390.50;220,659.75;2,510.00;0.00;156,628.75;33,813.00;90,094.00;15,172.00;50,569.50
Sep 4, 2023;Sep 5, 2023;96,895.25;48,934.25;13,461.25;112,575.50;288,655.25;2,522.00;0.00;181,805.00;60,381.75;130,937.25;30,438.75;50,591.25
Sep 5, 2023;Sep 6, 2023;95,953.50;48,940.50;10,925.00;175,171.50;281,377.75;2,527.50;0.00;207,239.00;60,544.75;145,579.75;28,749.75;47,393.75
Sep 6, 2023;Sep 7, 2023;94,804.75;50,100.25;28,446.50;113,394.75;284,770.25;2,423.50;0.00;230,079.50;74,421.75;159,246.25;33,309.25;42,630.50
Sep 7, 2023;Sep 8, 2023;94,314.25;46,656.75;68,279.25;239,123.00;292,005.50;2,621.25;0.00;210,372.50;68,982.50;138,457.00;23,049.50;43,433.25
Sep 8, 2023;Sep 9, 2023;94,666.25;46,491.50;32,756.00;142,087.00;284,024.50;2,872.75;0.00;218,474.00;85,961.00;162,047.50;35,179.00;43,422.75
Sep 9, 2023;Sep 10, 2023;94,747.00;44,724.50;5,583.00;43,392.25;276,848.25;2,937.25;0.00;224,918.50;68,893.75;121,186.00;23,445.25;46,807.50
Sep 10, 2023;Sep 11, 2023;94,327.50;43,777.50;5,875.25;14,018.75;262,867.75;2,912.00;0.00;202,591.00;68,189.50;106,311.00;19,544.50;48,213.50
Sep 11, 2023;Sep 12, 2023;95,175.75;45,498.50;41,430.50;38,947.00;263,323.00;2,990.00;0.00;240,082.75;112,939.00;171,583.00;36,361.75;48,376.25
Sep 12, 2023;Sep 13, 2023;95,766.75;46,089.25;39,834.50;52,482.50;211,906.50;3,090.00;0.00;275,123.50;160,819.00;181,903.50;29,977.25;46,587.00
Sep 13, 2023;Sep 14, 2023;94,943.50;46,988.00;78,988.75;192,701.75;119,631.75;3,218.75;0.00;282,340.50;138,613.00;154,972.25;19,738.50;47,951.25
Sep 14, 2023;Sep 15, 2023;94,299.75;47,324.50;21,624.00;42,148.25;218,550.00;3,276.00;0.00;291,633.75;153,820.50;177,102.75;31,293.00;52,367.00
Sep 15, 2023;Sep 16, 2023;95,988.25;44,256.25;28,471.00;134,715.50;261,424.00;3,308.00;0.00;266,306.00;84,776.00;138,089.25;28,012.50;50,506.75
Sep 16, 2023;Sep 17, 2023;95,459.25;40,281.25;13,468.25;112,484.25;250,707.50;3,200.75;0.00;187,279.50;59,455.75;80,435.00;27,617.50;45,325.50
Sep 17, 2023;Sep 18, 2023;94,107.75;39,329.75;35,222.75;113,272.00;219,407.00;3,009.25;0.00;160,922.00;49,371.50;73,643.75;19,117.25;50,216.50
Sep 18, 2023;Sep 19, 2023;94,194.50;38,584.75;75,780.75;436,834.00;119,818.25;3,070.50;0.00;169,112.00;76,033.00;91,888.50;27,859.75;56,424.00
Sep 19, 2023;Sep 20, 2023;93,612.75;41,862.75;53,478.00;594,858.50;185,437.00;3,103.50;0.00;152,009.25;71,556.25;79,320.50;32,456.75;51,141.00
Sep 20, 2023;Sep 21, 2023;94,640.00;41,176.25;69,026.75;454,148.75;221,589.50;3,149.25;0.00;151,870.50;89,280.75;97,196.25;28,236.00;46,612.00
Sep 21, 2023;Sep 22, 2023;95,552.00;40,617.50;36,898.25;346,989.50;184,282.25;3,187.00;0.00;207,409.75;101,091.00;101,399.25;34,417.75;50,167.50
Sep 22, 2023;Sep 23, 2023;96,091.00;39,905.25;44,238.75;283,370.00;98,779.50;3,342.75;0.00;257,671.75;93,086.00;119,546.00;34,390.75;51,386.25
Sep 23, 2023;Sep 24, 2023;96,033.25;49,208.75;35,421.25;285,830.25;161,324.50;3,314.75;0.00;179,763.00;41,583.00;66,458.00;20,053.75;51,221.25
Sep 24, 2023;Sep 25, 2023;95,973.25;43,048.75;90,208.00;120,025.00;223,178.25;3,126.00;0.00;129,731.25;47,124.00;54,380.75;18,629.50;51,466.00
Sep 25, 2023;Sep 26, 2023;97,737.75;41,463.00;89,141.00;228,657.50;241,581.50;3,192.75;0.00;177,587.50;114,423.50;108,214.00;31,344.75;50,214.50
Sep 26, 2023;Sep 27, 2023;101,825.75;43,361.25;23,989.50;36,450.50;231,793.75;3,101.75;0.00;262,814.25;158,469.75;142,866.25;33,477.75;50,275.75
Sep 27, 2023;Sep 28, 2023;101,530.50;41,773.00;36,242.25;78,169.75;215,091.75;3,090.25;0.00;256,045.50;157,999.00;133,579.00;31,387.50;46,010.00
Sep 28, 2023;Sep 29, 2023;101,553.75;38,397.75;109,307.75;169,004.75;208,375.00;3,136.25;0.00;233,271.00;98,660.00;115,094.75;31,640.25;48,127.25
Sep 29, 2023;Sep 30, 2023;101,291.00;37,801.25;101,822.75;304,698.25;144,898.75;3,241.75;0.00;247,109.25;65,241.00;105,806.00;20,806.75;49,366.25
Sep 30, 2023;Oct 1, 2023;102,100.25;34,286.50;74,862.00;199,850.75;179,037.00;3,079.75;0.00;199,958.00;46,370.25;80,299.00;25,630.75;46,583.00
Oct 1, 2023;Oct 2, 2023;101,679.25;32,819.50;57,441.50;141,078.50;186,989.25;3,180.25;0.00;166,051.75;34,622.75;70,780.75;19,307.75;50,334.50
Oct 2, 2023;Oct 3, 2023;102,932.00;35,187.50;29,692.50;136,696.25;198,884.00;3,213.25;0.00;239,100.75;87,969.50;123,210.50;35,825.75;49,923.75
Oct 3, 2023;Oct 4, 2023;99,857.25;32,876.25;96,441.75;657,241.00;123,121.25;2,957.25;0.00;96,718.50;45,935.75;66,589.50;17,595.00;45,259.00
Oct 4, 2023;Oct 5, 2023;101,919.25;33,482.50;109,959.50;511,100.00;166,870.25;3,258.25;0.00;137,564.25;89,184.25;121,141.50;35,093.50;44,779.25
Oct 5, 2023;Oct 6, 2023;103,034.25;34,865.25;80,164.00;390,692.75;123,977.50;3,273.50;0.00;188,639.50;101,395.75;163,005.75;37,596.25;44,734.25
Oct 6, 2023;Oct 7, 2023;100,705.50;32,106.25;115,091.00;504,566.50;165,611.75;3,360.25;0.00;164,508.25;81,593.75;123,505.50;34,359.75;48,723.00
Oct 7, 2023;Oct 8, 2023;97,372.50;30,497.25;45,223.50;603,178.50;105,984.25;3,034.25;0.00;112,607.50;50,185.00;74,849.00;23,318.50;47,720.00
Oct 8, 2023;Oct 9, 2023;99,014.75;31,129.00;30,936.25;136,717.75;116,648.25;3,347.75;0.00;167,145.25;44,914.25;113,077.00;27,058.25;49,782.50
Oct 9, 2023;Oct 10, 2023;99,870.50;38,089.75;61,511.25;235,904.75;62,818.50;3,278.50;0.00;253,989.50;131,446.75;212,111.25;38,078.50;50,718.25
Oct 10, 2023;Oct 11, 2023;100,080.25;35,062.25;74,846.50;199,081.00;145,342.50;3,353.25;0.00;275,075.25;143,783.25;185,792.50;29,504.75;53,601.50
Oct 11, 2023;Oct 12, 2023;97,965.75;33,424.00;100,379.50;637,656.75;168,495.75;2,893.50;0.00;155,417.25;99,004.25;82,842.25;32,055.00;46,882.75
Oct 12, 2023;Oct 13, 2023;100,570.75;34,238.50;62,804.50;301,700.50;74,732.25;3,239.75;0.00;263,799.75;178,893.25;173,563.00;40,851.00;52,435.50
Oct 13, 2023;Oct 14, 2023;97,536.50;31,739.50;72,694.75;626,998.75;125,684.25;3,147.50;0.00;174,751.00;72,168.00;107,759.25;25,870.75;49,258.00
Oct 14, 2023;Oct 15, 2023;94,762.75;29,045.50;82,332.00;654,955.50;110,031.25;2,934.50;0.00;101,100.25;68,929.00;71,944.25;40,347.00;48,238.75
Oct 15, 2023;Oct 16, 2023;94,198.25;28,571.25;120,060.25;509,724.00;120,911.00;3,005.50;0.00;130,019.25;68,643.00;76,239.75;22,237.00;48,675.75
Oct 16, 2023;Oct 17, 2023;94,542.00;29,595.00;79,514.50;174,938.50;148,568.75;3,229.25;0.00;302,318.75;188,616.25;157,801.75;29,367.25;50,210.50
Oct 17, 2023;Oct 18, 2023;95,097.75;32,271.25;13,484.25;118,103.25;123,821.50;3,634.00;0.00;356,889.50;208,324.75;178,047.50;25,820.00;51,213.00
Oct 18, 2023;Oct 19, 2023;95,314.00;30,185.50;100,560.75;360,781.50;130,793.75;3,542.25;0.00;284,807.00;87,786.25;119,635.00;21,803.75;47,758.25
Oct 19, 2023;Oct 20, 2023;94,992.00;29,918.25;121,537.25;458,641.00;52,539.50;3,320.00;0.00;226,670.25;128,144.75;142,785.00;33,478.75;45,737.75
Oct 20, 2023;Oct 21, 2023;94,502.00;28,337.25;49,360.00;689,208.00;36,221.75;3,422.50;0.00;175,673.75;90,739.00;125,614.75;26,382.75;46,123.50
Oct 21, 2023;Oct 22, 2023;94,636.00;37,004.75;108,573.25;424,338.50;112,497.50;3,268.00;0.00;116,954.75;57,252.25;74,296.25;31,403.75;44,981.00
Oct 22, 2023;Oct 23, 2023;94,941.75;31,666.75;115,970.00;406,348.25;120,936.00;3,400.00;0.00;160,319.25;47,523.00;67,880.25;21,051.25;45,269.50
Oct 23, 2023;Oct 24, 2023;98,428.75;35,165.50;32,865.50;156,783.75;106,913.75;3,673.50;0.00;336,700.50;145,488.75;183,114.50;41,313.25;44,756.50
Oct 24, 2023;Oct 25, 2023;101,180.00;35,600.00;116,443.75;251,863.75;29,436.50;3,730.50;0.00;346,375.25;152,819.50;190,678.75;25,500.25;49,258.25
Oct 25, 2023;Oct 26, 2023;101,559.00;34,278.75;102,000.75;264,139.75;89,125.50;3,746.00;0.00;320,737.00;173,107.75;174,542.00;22,634.75;44,857.00
Oct 26, 2023;Oct 27, 2023;102,348.00;33,966.75;85,784.25;201,824.75;45,001.50;3,832.25;0.00;329,530.50;189,321.00;188,327.50;24,120.50;43,663.25
Oct 27, 2023;Oct 28, 2023;102,911.25;36,357.25;111,659.50;181,567.75;48,521.00;3,927.25;0.00;339,719.00;167,589.50;136,683.25;28,603.50;46,726.75
Oct 28, 2023;Oct 29, 2023;102,874.00;35,961.75;109,957.75;311,057.75;74,054.50;3,709.75;0.00;147,692.50;50,063.00;70,701.00;27,635.50;38,720.50
Oct 29, 2023;Oct 30, 2023;104,600.00;31,834.75;153,771.00;694,880.00;65,529.00;3,299.50;0.00;87,002.25;40,849.25;47,586.75;21,306.00;33,578.25
Oct 30, 2023;Oct 31, 2023;103,509.50;31,260.00;94,194.50;409,790.00;80,153.25;3,552.00;0.00;221,664.00;111,976.25;139,630.50;37,898.00;50,721.25
Oct 31, 2023;Nov 1, 2023;103,765.25;44,491.00;41,957.00;480,516.00;49,960.00;3,594.00;0.00;237,644.75;81,776.50;116,054.25;27,189.00;51,001.00
Nov 1, 2023;Nov 2, 2023;103,558.75;42,171.00;115,065.00;424,836.25;92,256.50;3,446.75;0.00;115,605.00;40,007.00;84,496.50;13,541.50;50,554.25
Nov 2, 2023;Nov 3, 2023;102,097.25;37,007.75;113,264.00;770,723.25;35,604.25;2,969.00;0.00;108,588.75;66,601.25;81,677.50;22,865.75;50,299.00
Nov 3, 2023;Nov 4, 2023;102,253.00;49,281.75;120,955.50;550,118.50;51,915.50;3,344.00;0.00;131,330.75;58,751.75;114,526.50;46,397.25;47,793.25
Nov 4, 2023;Nov 5, 2023;97,994.25;43,122.00;138,052.50;660,718.75;88,483.75;2,800.25;0.00;80,004.00;36,176.75;60,840.25;20,022.00;45,641.25
Nov 5, 2023;Nov 6, 2023;97,746.25;38,603.50;62,737.00;645,281.50;49,374.25;2,791.00;0.00;95,545.00;34,835.00;59,931.25;26,865.50;46,347.00
Nov 6, 2023;Nov 7, 2023;98,709.00;39,747.50;103,655.25;793,705.25;81,829.00;3,064.25;0.00;151,543.50;61,973.25;114,751.00;33,867.00;47,666.25
Nov 7, 2023;Nov 8, 2023;100,241.50;42,617.50;119,224.75;597,536.50;65,635.50;3,335.00;0.00;204,991.25;88,456.75;138,589.50;37,757.75;43,357.75
Nov 8, 2023;Nov 9, 2023;99,922.75;39,399.00;130,758.25;672,153.25;74,783.75;3,502.75;0.00;208,341.25;95,456.00;127,087.75;27,409.75;43,064.00
Nov 9, 2023;Nov 10, 2023;102,473.25;37,786.50;73,239.50;603,448.75;49,442.50;3,602.00;0.00;262,039.00;121,855.00;131,565.00;21,251.00;43,806.25
Nov 10, 2023;Nov 11, 2023;105,701.75;40,362.75;90,553.00;461,580.25;56,177.50;3,724.50;0.00;303,562.00;91,357.00;148,200.50;35,078.00;45,613.50
Nov 11, 2023;Nov 12, 2023;104,691.75;38,637.75;28,409.75;312,756.25;53,559.75;4,139.50;0.00;289,465.50;74,728.00;133,011.00;21,048.75;46,805.50
Nov 12, 2023;Nov 13, 2023;103,968.25;38,609.00;23,302.25;143,880.25;57,818.00;4,003.75;0.00;291,964.75;71,394.50;126,190.50;23,287.25;43,552.50
Nov 13, 2023;Nov 14, 2023;105,046.00;46,807.00;65,291.50;498,870.25;27,097.50;3,815.25;0.00;252,286.00;96,565.50;141,879.50;36,082.25;41,556.50
Nov 14, 2023;Nov 15, 2023;103,387.00;46,113.00;67,390.75;832,520.00;30,578.50;3,297.25;0.00;161,699.25;102,654.75;107,036.25;30,960.50;40,150.50
Nov 15, 2023;Nov 16, 2023;104,466.75;47,186.00;62,652.75;479,897.50;49,002.00;3,676.00;0.00;285,341.50;130,190.50;169,175.75;34,270.00;43,083.00
Nov 16, 2023;Nov 17, 2023;105,166.00;52,062.50;50,872.00;379,598.00;41,291.75;4,233.00;0.00;318,163.50;207,139.75;235,279.25;34,331.00;49,155.25
Nov 17, 2023;Nov 18, 2023;106,178.75;50,908.25;18,975.75;228,306.75;43,338.00;4,419.75;0.00;359,751.25;224,952.50;236,127.75;38,182.25;47,307.50
Nov 18, 2023;Nov 19, 2023;105,599.75;44,717.75;96,158.25;288,222.00;48,438.75;4,315.25;0.00;237,060.25;67,673.00;151,456.00;16,525.75;47,584.50
Nov 19, 2023;Nov 20, 2023;102,945.00;45,236.50;108,032.75;699,475.75;49,223.75;3,583.25;0.00;110,007.25;50,228.50;84,918.25;26,394.25;47,905.00
Nov 20, 2023;Nov 21, 2023;104,997.75;50,321.50;29,870.25;417,596.50;42,396.00;4,209.75;0.00;272,483.50;167,390.75;192,836.00;34,881.50;45,701.00
Nov 21, 2023;Nov 22, 2023;105,444.75;52,525.50;73,371.50;173,519.00;28,592.50;4,288.75;0.00;341,282.00;259,273.25;243,929.25;30,916.75;46,809.50
Nov 22, 2023;Nov 23, 2023;104,916.00;48,718.75;92,855.25;268,347.00;47,490.25;4,283.25;0.00;329,592.50;207,105.00;248,966.50;27,054.25;46,010.50
Nov 23, 2023;Nov 24, 2023;102,969.75;46,681.50;61,798.00;932,900.00;37,578.25;3,441.50;0.00;136,676.00;137,384.50;202,332.50;21,438.25;47,327.75
Nov 24, 2023;Nov 25, 2023;101,375.25;43,448.75;86,567.25;854,937.75;36,348.25;4,193.00;0.00;137,534.50;146,905.00;172,720.00;29,811.25;45,128.00
Nov 25, 2023;Nov 26, 2023;101,843.50;45,902.50;95,337.50;457,461.75;29,745.25;4,123.25;0.00;232,909.75;133,254.75;146,233.25;16,439.00;46,103.25
Nov 26, 2023;Nov 27, 2023;102,224.50;43,519.75;32,684.75;185,754.50;34,753.00;4,422.25;0.00;331,393.50;203,443.75;212,197.00;13,865.00;48,722.50
Nov 27, 2023;Nov 28, 2023;102,841.25;44,407.00;90,522.50;328,121.50;20,490.25;4,487.50;0.00;361,066.25;205,574.00;271,401.50;25,178.00;47,968.00
Nov 28, 2023;Nov 29, 2023;102,885.00;49,983.25;87,224.25;304,955.00;13,522.50;4,526.25;0.00;338,418.75;237,696.50;296,212.00;34,876.50;47,220.25
Nov 29, 2023;Nov 30, 2023;102,863.50;51,689.25;54,129.00;405,476.75;17,895.00;4,664.50;0.00;349,332.00;264,755.00;303,415.50;32,213.25;47,813.50
Nov 30, 2023;Dec 1, 2023;103,677.50;54,054.25;26,569.50;38,871.75;13,260.00;4,696.25;0.00;366,218.50;275,038.00;353,602.50;39,195.00;49,125.50
Dec 1, 2023;Dec 2, 2023;103,712.75;51,950.75;41,327.75;49,484.25;5,257.50;4,759.25;0.00;376,162.75;274,822.00;345,597.00;33,142.00;49,201.75
Dec 2, 2023;Dec 3, 2023;103,232.75;48,179.75;16,383.50;69,324.50;7,228.00;4,538.75;0.00;365,522.50;260,161.25;301,559.50;24,088.00;44,891.75
Dec 3, 2023;Dec 4, 2023;102,654.75;44,505.25;59,219.50;157,720.50;18,017.25;4,461.00;0.00;358,693.25;232,690.50;225,909.00;16,031.75;46,571.75
Dec 4, 2023;Dec 5, 2023;103,762.25;44,438.75;105,544.50;370,586.00;4,906.25;4,537.50;0.00;374,657.00;236,766.00;292,868.25;27,609.75;47,855.50
Dec 5, 2023;Dec 6, 2023;103,661.00;45,746.75;138,792.25;395,319.00;10,919.50;4,101.50;0.00;360,062.50;221,517.25;280,360.00;28,907.50;44,435.50
Dec 6, 2023;Dec 7, 2023;104,192.00;50,769.75;73,306.00;155,898.25;7,381.50;4,483.75;0.00;364,086.00;245,353.25;330,594.75;37,887.75;48,244.00
Dec 7, 2023;Dec 8, 2023;103,894.50;47,616.75;33,608.75;122,176.25;31,763.75;4,520.25;0.00;359,285.50;233,619.75;325,368.75;29,477.00;49,531.50
Dec 8, 2023;Dec 9, 2023;104,314.50;41,422.00;102,342.50;288,497.00;9,404.00;4,517.75;0.00;363,217.50;174,737.50;269,485.25;26,783.50;45,636.00
Dec 9, 2023;Dec 10, 2023;103,356.50;39,626.25;137,310.25;514,008.50;23,758.00;4,451.25;0.00;230,525.75;79,960.75;150,706.50;6,774.25;45,222.25
Dec 10, 2023;Dec 11, 2023;101,313.75;40,251.75;87,609.00;754,705.00;26,495.75;3,329.00;0.00;146,212.00;49,672.25;112,179.75;15,667.00;43,293.50
Dec 11, 2023;Dec 12, 2023;102,172.75;44,577.75;32,084.75;645,858.75;22,166.00;4,114.25;0.00;305,050.00;104,113.50;153,491.25;26,682.75;43,870.50
Dec 12, 2023;Dec 13, 2023;101,355.50;44,367.00;66,906.50;207,957.00;23,665.75;4,156.00;0.00;376,646.75;204,991.00;249,526.50;31,541.50;49,155.00
Dec 13, 2023;Dec 14, 2023;101,868.75;42,683.50;156,696.75;282,653.25;23,077.00;4,439.75;0.00;360,920.75;165,181.00;236,897.50;20,524.75;47,758.75
Dec 14, 2023;Dec 15, 2023;103,297.50;45,266.75;35,064.50;112,445.75;16,511.25;4,469.00;0.00;377,679.00;210,203.50;275,031.50;36,999.50;42,980.00
Dec 15, 2023;Dec 16, 2023;103,765.50;45,751.75;82,315.75;259,008.50;20,111.25;4,420.00;0.00;371,592.00;138,724.00;214,875.25;27,180.00;43,444.00
Dec 16, 2023;Dec 17, 2023;102,604.50;42,166.75;121,051.75;551,206.00;39,549.75;3,463.75;0.00;175,634.25;102,436.75;158,500.25;21,930.25;43,206.00
Dec 17, 2023;Dec 18, 2023;102,122.25;39,258.50;88,577.25;607,935.25;55,993.00;3,288.00;0.00;154,671.50;119,849.75;140,486.50;18,868.25;43,502.25
Dec 18, 2023;Dec 19, 2023;103,761.75;41,842.75;118,236.50;628,288.00;59,787.00;3,595.25;0.00;187,975.50;131,098.75;177,573.25;30,218.50;46,944.00
Dec 19, 2023;Dec 20, 2023;104,794.00;42,760.50;102,489.00;626,656.25;39,232.50;3,969.25;0.00;207,800.25;99,902.00;174,348.75;29,913.00;49,083.50
Dec 20, 2023;Dec 21, 2023;103,853.25;40,327.75;108,537.00;815,759.75;26,221.75;3,269.50;0.00;133,162.00;91,694.75;163,635.75;28,153.50;47,059.25
Dec 21, 2023;Dec 22, 2023;101,789.25;39,927.75;104,551.00;1,044,918.25;7,985.75;3,040.50;0.00;92,168.25;77,458.25;102,260.50;27,157.25;44,140.00
Dec 22, 2023;Dec 23, 2023;100,695.50;44,603.00;118,975.00;995,239.25;17,985.50;3,107.50;0.00;91,630.00;53,919.00;88,441.50;32,715.25;43,185.50
Dec 23, 2023;Dec 24, 2023;101,294.25;46,071.00;98,599.75;716,101.00;10,714.00;3,232.00;0.00;93,399.75;50,299.00;89,651.25;40,201.50;46,704.25
Dec 24, 2023;Dec 25, 2023;98,051.00;42,705.50;111,521.50;851,255.75;10,762.50;3,025.25;0.00;82,016.00;34,412.50;70,982.25;15,004.25;46,262.00
Dec 25, 2023;Dec 26, 2023;98,104.50;42,920.00;105,364.50;739,584.75;28,408.50;3,026.50;0.00;82,346.50;35,773.50;71,620.25;31,019.50;46,331.50
Dec 26, 2023;Dec 27, 2023;97,693.00;42,908.00;119,056.50;783,633.00;28,899.50;3,085.00;0.00;93,139.00;38,254.25;80,189.25;17,671.50;45,752.75
Dec 27, 2023;Dec 28, 2023;100,039.00;43,156.75;97,257.50;411,669.25;50,748.75;4,013.50;0.00;110,483.00;43,467.25;130,200.00;38,715.50;49,479.00
Dec 28, 2023;Dec 29, 2023;99,198.25;40,550.50;125,059.50;895,990.00;31,729.25;3,186.00;0.00;77,666.00;59,713.50;81,379.25;29,938.50;48,465.50
Dec 29, 2023;Dec 30, 2023;100,683.75;39,773.25;130,810.75;932,315.25;30,031.00;3,243.50;0.00;74,794.50;60,773.75;74,988.50;23,990.50;47,534.75
Dec 30, 2023;Dec 31, 2023;102,158.50;39,471.50;135,191.25;638,871.25;46,203.25;3,723.00;0.00;79,325.25;53,990.00;82,644.25;40,818.00;48,295.50
Dec 31, 2023;Jan 1, 2024;102,991.75;40,013.50;136,906.50;642,169.25;26,130.25;3,366.25;0.00;78,428.50;48,256.25;73,237.00;23,333.75;46,774.50
Jan 1, 2024;Jan 2, 2024;97,756.00;47,621.75;101,283.75;675,507.75;38,018.00;3,379.50;0.00;84,051.50;46,609.50;73,006.50;19,541.25;36,818.50
Jan 2, 2024;Jan 3, 2024;100,081.00;47,486.75;114,717.50;692,631.00;10,702.25;4,103.75;0.00;94,460.50;51,214.50;120,667.00;37,303.75;40,169.50
Jan 3, 2024;Jan 4, 2024;99,360.00;45,136.25;96,273.00;903,231.00;32,264.75;3,995.50;0.00;90,543.75;54,869.25;117,225.75;24,662.25;44,267.50
Jan 4, 2024;Jan 5, 2024;100,680.50;46,706.50;65,056.00;532,893.25;26,356.75;4,018.25;0.00;195,833.00;77,297.75;173,498.00;31,471.50;43,663.25
Jan 5, 2024;Jan 6, 2024;101,159.50;46,912.25;131,692.00;434,751.50;25,621.00;4,722.00;0.00;259,096.00;81,515.50;188,761.50;19,254.75;44,859.50
Jan 6, 2024;Jan 7, 2024;101,702.50;46,680.00;138,591.50;253,361.00;13,241.50;4,727.50;0.00;272,074.75;72,580.25;184,937.25;18,446.25;45,972.75
Jan 7, 2024;Jan 8, 2024;101,206.50;49,160.75;97,026.75;326,788.25;16,333.50;4,741.00;0.00;254,985.75;80,138.50;187,570.00;14,480.50;47,015.50
Jan 8, 2024;Jan 9, 2024;102,335.50;49,066.50;118,657.50;408,766.75;41,129.25;4,398.00;0.00;282,991.25;144,335.00;272,711.75;21,735.50;48,014.75
Jan 9, 2024;Jan 10, 2024;102,626.75;54,681.25;25,245.25;264,538.75;75,589.75;4,422.75;0.00;321,633.25;216,634.00;315,659.75;34,860.25;49,212.25
Jan 10, 2024;Jan 11, 2024;104,029.25;57,768.75;20,518.50;140,196.50;70,612.00;4,453.00;0.00;355,247.25;237,488.25;378,974.50;36,478.00;47,315.25
Jan 11, 2024;Jan 12, 2024;104,464.50;57,016.50;39,570.00;102,113.25;65,201.00;4,618.00;0.00;370,062.75;243,259.25;378,557.00;31,019.75;46,453.25
Jan 12, 2024;Jan 13, 2024;104,978.25;55,118.50;94,183.75;133,805.75;21,011.50;4,287.50;0.00;350,910.75;238,197.50;363,536.50;36,222.75;46,092.25
Jan 13, 2024;Jan 14, 2024;103,891.75;49,821.00;109,356.75;509,679.25;13,296.50;3,385.00;0.00;243,651.50;158,963.75;246,456.00;19,283.75;44,480.25
Jan 14, 2024;Jan 15, 2024;102,582.25;45,924.50;126,165.25;557,681.25;34,536.75;3,270.25;0.00;222,463.75;133,476.25;218,589.75;17,862.00;45,267.75
Jan 15, 2024;Jan 16, 2024;102,029.50;48,290.50;119,156.75;588,047.50;22,651.50;3,636.75;0.00;281,967.50;159,328.75;288,355.00;25,020.50;38,493.25
Jan 16, 2024;Jan 17, 2024;103,119.00;47,282.25;88,122.25;333,509.75;33,751.75;3,943.00;0.00;353,905.50;210,660.25;326,944.50;32,929.00;47,243.25
Jan 17, 2024;Jan 18, 2024;104,309.25;49,089.50;80,568.75;277,128.75;14,472.00;4,068.50;0.00;347,881.25;207,725.50;339,328.50;34,571.50;45,760.25
Jan 18, 2024;Jan 19, 2024;104,329.25;52,156.00;85,199.75;177,454.75;23,482.75;4,510.75;0.00;362,081.75;171,808.50;337,417.00;32,890.50;48,326.50
Jan 19, 2024;Jan 20, 2024;104,201.50;48,283.00;125,813.00;594,041.25;32,442.50;3,472.00;0.00;278,736.25;148,047.75;289,411.00;26,033.75;41,903.00
Jan 20, 2024;Jan 21, 2024;104,168.75;46,179.00;126,359.75;599,107.00;61,247.75;3,370.75;0.00;191,547.75;100,947.50;249,597.25;22,765.75;36,252.75
Jan 21, 2024;Jan 22, 2024;102,742.50;43,582.25;126,755.50;773,557.25;43,170.25;3,345.75;0.00;93,851.50;91,902.00;178,596.75;12,692.25;37,236.50
Jan 22, 2024;Jan 23, 2024;102,301.50;43,174.50;92,094.50;986,958.00;22,913.00;3,310.25;0.00;90,164.50;124,972.25;177,736.50;24,677.25;34,299.25
Jan 23, 2024;Jan 24, 2024;102,331.75;44,267.50;110,019.00;896,238.75;54,288.25;3,474.00;0.00;108,881.50;115,634.50;198,168.25;31,134.75;41,689.25
Jan 24, 2024;Jan 25, 2024;100,023.25;43,853.75;95,576.00;1,029,204.50;40,377.00;3,497.00;0.00;97,150.50;108,331.75;166,988.00;23,567.75;39,821.25
Jan 25, 2024;Jan 26, 2024;103,147.00;50,257.25;77,143.50;552,569.50;65,498.75;3,828.25;0.00;160,621.75;118,912.25;244,776.00;33,215.75;41,170.50
Jan 26, 2024;Jan 27, 2024;102,367.75;50,327.25;109,749.25;719,793.75;24,737.25;3,558.50;0.00;143,152.50;113,997.75;185,186.00;15,735.75;44,047.75
Jan 27, 2024;Jan 28, 2024;103,142.75;51,689.50;115,413.00;433,004.00;123,524.25;3,717.50;0.00;143,117.25;83,154.75;166,903.50;26,855.25;47,266.00
Jan 28, 2024;Jan 29, 2024;102,832.25;49,497.25;108,454.50;363,615.75;142,216.25;3,639.50;0.00;119,062.00;64,392.00;159,344.25;9,352.75;46,728.75
Jan 29, 2024;Jan 30, 2024;104,029.75;53,125.50;72,062.50;361,101.50;124,073.00;3,960.25;0.00;204,127.50;132,989.50;231,102.50;30,260.75;45,370.00
Jan 30, 2024;Jan 31, 2024;104,060.00;53,501.25;107,775.00;424,770.25;76,415.50;3,854.25;-;229,037.50;115,430.75;209,884.00;23,825.00;45,491.50
Jan 31, 2024;Feb 1, 2024;102,696.00;54,212.25;118,063.25;492,575.50;44,627.75;3,839.00;-;216,617.00;131,828.00;201,816.25;29,429.00;46,041.00
Feb 1, 2024;Feb 2, 2024;103,304.75;52,421.75;92,091.25;670,442.75;67,201.50;4,054.25;-;176,399.50;130,314.75;191,849.25;35,926.50;47,874.00
Feb 2, 2024;Feb 3, 2024;104,253.50;51,035.75;124,865.50;747,270.25;48,930.25;3,841.75;-;138,935.25;101,264.50;172,273.50;20,640.75;45,434.75
Feb 3, 2024;Feb 4, 2024;101,908.75;47,339.50;128,853.75;832,640.00;51,887.25;3,549.25;-;88,819.75;88,512.75;123,627.75;29,465.50;46,174.50
Feb 4, 2024;Feb 5, 2024;100,825.75;44,231.50;135,560.00;910,004.75;35,799.00;3,489.25;-;83,828.00;73,895.00;107,629.75;19,232.50;47,137.00
Feb 5, 2024;Feb 6, 2024;100,699.25;45,031.50;110,290.50;1,005,739.50;82,874.50;3,456.50;-;89,011.50;100,771.25;158,676.75;34,549.00;46,204.75
Feb 6, 2024;Feb 7, 2024;100,031.25;45,010.00;120,142.00;1,060,473.50;44,833.50;3,574.00;-;93,579.00;104,097.25;152,546.00;24,526.50;42,584.50
Feb 7, 2024;Feb 8, 2024;103,304.75;47,755.75;103,359.50;521,538.25;45,611.75;3,688.75;-;249,594.25;111,057.25;227,380.00;32,935.75;44,435.75
Feb 8, 2024;Feb 9, 2024;103,246.25;49,938.25;47,381.75;230,076.25;39,536.75;4,322.25;-;322,885.25;155,379.00;293,633.25;30,316.50;47,391.00
Feb 9, 2024;Feb 10, 2024;103,062.75;45,973.25;142,651.25;511,694.75;37,277.75;4,301.00;-;246,204.00;69,870.25;183,073.75;22,554.00;47,064.75
Feb 10, 2024;Feb 11, 2024;103,377.00;44,629.75;103,775.50;214,524.50;70,696.25;4,033.50;-;251,166.75;66,003.50;155,476.25;19,423.25;48,833.00
Feb 11, 2024;Feb 12, 2024;101,615.50;43,705.50;132,111.00;315,569.75;30,264.25;4,231.25;-;202,063.00;62,194.75;141,125.75;15,943.25;49,266.25
Feb 12, 2024;Feb 13, 2024;104,670.00;46,876.75;52,256.75;284,175.75;53,982.50;4,459.00;-;286,749.75;88,295.50;210,060.00;37,509.75;48,316.75
Feb 13, 2024;Feb 14, 2024;105,646.00;44,726.75;123,083.25;376,243.50;120,545.25;4,414.50;-;263,412.25;100,631.75;195,237.00;19,626.00;48,941.25
Feb 14, 2024;Feb 15, 2024;103,080.50;44,961.25;58,239.00;450,853.75;53,021.50;4,157.00;-;278,841.75;115,378.75;175,528.00;23,928.25;47,581.25
Feb 15, 2024;Feb 16, 2024;103,239.00;44,634.00;100,754.50;295,791.50;86,343.25;3,644.75;-;275,223.00;111,780.50;197,540.75;24,191.25;49,676.00
Feb 16, 2024;Feb 17, 2024;102,726.50;44,189.25;122,944.75;466,619.75;85,237.00;3,508.00;-;219,445.50;81,708.25;165,876.00;24,075.75;48,116.50
Feb 17, 2024;Feb 18, 2024;102,612.75;45,057.75;53,297.75;270,768.25;80,149.25;3,132.50;-;218,417.25;75,721.00;176,590.00;29,531.75;44,595.75
Feb 18, 2024;Feb 19, 2024;102,046.00;45,016.25;119,964.25;408,276.25;90,326.50;2,895.75;-;135,193.75;60,122.50;139,253.50;11,561.75;43,702.75
Feb 19, 2024;Feb 20, 2024;104,350.50;46,628.00;108,324.25;581,311.00;55,619.00;2,885.50;-;195,582.75;93,375.75;157,600.00;30,044.50;41,174.50
Feb 20, 2024;Feb 21, 2024;107,138.50;50,737.00;109,762.75;458,189.75;88,504.25;2,895.00;-;205,626.25;104,872.50;179,248.25;29,024.75;43,389.00
Feb 21, 2024;Feb 22, 2024;107,372.25;48,723.75;110,761.75;567,027.75;106,293.50;3,089.25;-;160,282.00;106,102.00;165,754.75;28,397.50;44,101.00
Feb 22, 2024;Feb 23, 2024;106,195.75;48,987.00;103,713.00;688,992.25;43,666.00;3,183.00;-;150,430.50;77,993.75;154,799.50;30,708.75;45,286.00
Feb 23, 2024;Feb 24, 2024;106,738.00;49,232.50;93,163.50;700,258.50;84,458.50;3,013.50;-;149,266.25;74,485.75;182,979.25;41,125.00;44,755.75
Feb 24, 2024;Feb 25, 2024;106,724.50;50,417.25;66,134.25;351,347.75;141,314.00;2,899.25;-;174,824.25;51,845.00;158,831.25;18,012.50;46,084.75
Feb 25, 2024;Feb 26, 2024;106,524.50;48,357.25;30,361.50;302,670.75;154,637.50;2,828.00;-;185,557.00;47,949.50;163,018.00;21,528.50;46,074.50
Feb 26, 2024;Feb 27, 2024;106,799.25;47,602.50;63,064.75;261,548.75;100,958.75;2,806.00;-;269,360.50;68,359.50;200,384.75;20,753.25;46,027.00
Feb 27, 2024;Feb 28, 2024;108,099.25;48,545.75;17,303.25;141,909.75;79,709.75;2,808.00;-;336,589.25;102,202.50;271,659.00;37,997.25;48,000.00
Feb 28, 2024;Feb 29, 2024;108,090.50;47,166.75;69,319.00;84,430.75;100,875.25;2,772.75;-;335,624.25;104,183.75;286,395.50;30,506.50;47,634.00
Feb 29, 2024;Mar 1, 2024;107,567.50;44,805.50;136,877.25;378,032.75;156,351.25;2,818.00;-;227,330.00;79,577.75;199,283.25;26,343.00;44,241.50
Mar 1, 2024;Mar 2, 2024;107,839.50;45,516.00;110,530.25;279,929.75;92,550.25;2,800.50;-;242,114.75;79,201.25;192,829.50;25,001.75;45,714.25
Mar 2, 2024;Mar 3, 2024;106,179.50;44,432.75;100,085.25;284,312.75;164,759.50;2,761.00;-;184,398.50;58,883.50;155,650.00;18,604.00;44,397.50
Mar 3, 2024;Mar 4, 2024;105,267.50;42,541.00;102,482.00;258,227.25;185,383.25;2,642.75;-;197,896.50;67,214.75;137,894.00;11,461.50;42,244.25
Mar 4, 2024;Mar 5, 2024;105,842.00;44,856.50;50,181.25;142,168.00;93,207.25;2,705.00;-;358,073.25;121,230.50;226,343.00;31,566.50;48,997.75
Mar 5, 2024;Mar 6, 2024;105,250.50;44,488.75;122,404.00;194,964.50;67,234.25;2,753.25;-;382,776.00;145,559.00;258,052.00;17,805.50;48,097.25
Mar 6, 2024;Mar 7, 2024;105,663.50;45,330.50;65,361.25;89,675.25;114,284.25;2,745.25;-;383,041.50;152,965.75;267,402.75;26,904.00;49,072.25
Mar 7, 2024;Mar 8, 2024;106,824.75;46,380.50;61,771.50;252,899.75;131,133.50;2,813.25;-;330,511.00;109,693.75;207,431.25;25,818.00;49,248.50
Mar 8, 2024;Mar 9, 2024;106,589.75;45,826.50;116,272.75;482,141.25;247,356.00;2,748.00;-;164,455.50;64,717.50;153,637.75;27,810.00;47,496.00
Mar 9, 2024;Mar 10, 2024;104,985.00;43,026.00;159,836.25;471,859.00;228,277.75;2,743.25;-;92,698.25;61,257.00;124,797.50;24,796.75;47,190.75
Mar 10, 2024;Mar 11, 2024;104,268.50;40,856.25;152,551.50;558,337.50;135,100.75;2,705.00;-;101,777.00;68,315.25;114,587.25;10,682.00;46,994.25
Mar 11, 2024;Mar 12, 2024;103,595.75;43,819.00;125,705.50;321,828.00;150,435.00;2,761.00;-;224,593.25;92,215.50;200,389.50;28,742.50;45,827.25
Mar 12, 2024;Mar 13, 2024;103,806.00;45,027.00;19,310.25;130,675.00;84,734.00;2,719.00;-;341,293.50;113,805.50;260,149.50;28,838.75;45,176.50
Mar 13, 2024;Mar 14, 2024;104,945.25;45,231.75;97,660.00;176,302.75;111,560.25;2,748.00;-;309,400.75;99,967.25;219,444.50;28,013.75;46,697.50
Mar 14, 2024;Mar 15, 2024;104,403.25;44,557.75;128,311.75;265,166.75;172,493.00;2,712.75;-;210,307.50;86,205.00;197,229.25;29,714.00;46,372.75
Mar 15, 2024;Mar 16, 2024;105,032.75;42,830.00;152,455.75;486,067.25;153,149.50;2,696.75;-;146,682.75;53,187.00;139,406.50;25,580.25;44,779.25
Mar 16, 2024;Mar 17, 2024;104,575.50;43,566.00;97,672.50;550,088.75;120,067.25;2,678.25;-;113,657.25;56,373.50;112,051.75;21,717.50;42,781.50
Mar 17, 2024;Mar 18, 2024;105,558.75;45,170.50;76,586.00;145,665.50;203,607.75;2,645.00;-;166,482.25;45,070.75;125,007.50;19,797.50;43,950.50
Mar 18, 2024;Mar 19, 2024;106,361.75;44,877.25;70,880.50;181,126.00;148,395.25;2,680.50;-;271,119.25;84,990.50;216,481.25;35,111.25;44,398.00
Mar 19, 2024;Mar 20, 2024;106,897.75;48,523.25;70,391.75;110,431.25;208,684.75;2,686.75;-;289,050.75;94,681.50;219,103.00;26,476.00;44,554.25
Mar 20, 2024;Mar 21, 2024;106,710.00;48,837.50;16,754.50;37,091.00;220,275.50;2,652.75;-;304,574.75;127,672.25;239,906.50;31,903.25;41,111.00
Mar 21, 2024;Mar 22, 2024;106,638.25;46,048.50;79,141.75;240,716.25;139,776.50;2,629.75;-;277,662.75;91,082.00;201,994.25;25,376.50;44,433.75
Mar 22, 2024;Mar 23, 2024;107,125.00;47,986.25;109,934.25;369,207.50;141,444.75;2,764.25;-;157,467.75;58,486.00;177,827.25;28,610.50;45,572.25
Mar 23, 2024;Mar 24, 2024;106,168.00;46,821.25;124,872.25;455,206.00;144,938.00;2,881.25;-;102,876.75;34,275.50;116,406.25;28,191.50;46,365.00
Mar 24, 2024;Mar 25, 2024;105,083.50;44,295.50;128,127.50;677,388.25;122,569.25;2,841.75;-;95,263.00;30,271.75;96,285.00;11,268.00;44,677.50
Mar 25, 2024;Mar 26, 2024;107,780.75;45,524.50;25,917.25;259,583.75;223,314.00;2,789.50;-;231,721.50;67,238.25;202,970.25;40,967.75;41,141.75
Mar 26, 2024;Mar 27, 2024;107,200.50;45,445.00;70,584.75;370,882.25;226,181.50;3,040.25;-;196,272.00;81,015.50;163,756.50;31,352.50;44,051.00
Mar 27, 2024;Mar 28, 2024;106,525.25;46,417.25;56,566.00;218,874.25;184,237.75;3,136.00;-;157,355.00;82,588.75;177,529.25;37,461.25;45,403.75
Mar 28, 2024;Mar 29, 2024;105,508.50;46,407.25;68,946.50;544,685.50;151,639.00;3,270.00;-;113,306.50;55,289.25;121,467.25;26,432.75;45,627.75
Mar 29, 2024;Mar 30, 2024;104,277.00;44,999.00;111,219.25;460,904.75;137,197.00;2,810.00;-;94,583.75;46,637.00;92,853.00;36,429.25;47,894.00
Mar 30, 2024;Mar 31, 2024;104,347.00;43,795.00;41,140.25;221,022.50;165,992.50;2,647.75;-;128,314.75;52,290.00;111,760.25;32,426.25;47,759.75
Mar 31, 2024;Apr 1, 2024;99,367.50;41,421.50;23,184.75;110,360.75;206,778.00;2,510.00;-;91,289.75;41,051.25;70,605.75;23,627.75;34,389.25
Apr 1, 2024;Apr 2, 2024;102,733.75;43,225.25;45,123.25;338,949.75;89,289.50;2,671.50;-;87,527.50;38,756.00;79,017.25;20,690.25;47,548.25
Apr 2, 2024;Apr 3, 2024;103,396.25;44,992.50;74,069.25;739,921.75;179,558.50;2,610.75;-;80,699.00;48,612.75;97,616.75;30,597.75;47,509.50
Apr 3, 2024;Apr 4, 2024;105,732.50;43,175.75;69,031.00;315,459.50;118,775.25;2,619.75;-;180,812.00;57,111.75;201,076.25;32,911.25;46,175.25
Apr 4, 2024;Apr 5, 2024;104,777.75;42,786.50;117,938.00;600,910.75;127,439.00;2,511.50;-;123,509.25;45,748.50;129,458.25;23,488.00;47,411.50
Apr 5, 2024;Apr 6, 2024;105,081.00;44,751.50;97,187.50;579,830.75;194,067.75;2,577.75;-;100,410.25;57,963.50;113,638.75;34,250.00;44,282.50
Apr 6, 2024;Apr 7, 2024;103,575.75;43,620.75;109,042.50;351,377.50;290,608.00;2,487.75;-;82,357.00;47,174.25;81,661.75;33,825.00;44,277.00
Apr 7, 2024;Apr 8, 2024;100,108.25;43,273.00;108,789.25;340,737.00;235,187.00;2,445.25;-;89,038.00;40,897.75;96,197.75;26,028.00;45,613.50
Apr 8, 2024;Apr 9, 2024;95,812.50;46,162.75;47,196.75;128,604.25;250,281.25;2,339.75;-;177,770.25;72,248.00;165,229.75;40,768.25;45,127.00
Apr 9, 2024;Apr 10, 2024;93,389.50;45,898.50;106,435.75;489,031.25;147,705.75;2,433.25;-;118,660.50;56,382.00;111,293.25;27,034.75;44,857.75
Apr 10, 2024;Apr 11, 2024;95,023.50;45,021.00;97,751.75;315,160.75;209,252.25;2,572.75;-;131,108.25;79,350.00;148,199.50;39,058.75;43,355.50
Apr 11, 2024;Apr 12, 2024;96,927.25;44,711.00;98,044.50;332,974.00;242,582.75;2,609.25;-;121,128.75;65,507.25;151,515.50;35,655.00;43,232.50
Apr 12, 2024;Apr 13, 2024;97,135.00;45,063.75;117,367.25;282,044.75;254,527.50;2,608.00;-;118,201.00;39,695.25;117,516.25;35,796.25;44,830.00
Apr 13, 2024;Apr 14, 2024;94,894.00;41,161.00;83,469.25;363,385.75;291,841.25;2,551.75;-;73,515.00;29,968.00;75,957.75;31,421.25;43,990.25
Apr 14, 2024;Apr 15, 2024;93,973.75;41,757.25;72,256.75;419,718.00;275,190.25;2,513.75;-;85,774.75;29,772.75;88,838.75;26,502.00;40,082.75
Apr 15, 2024;Apr 16, 2024;95,586.75;45,142.50;67,728.50;391,592.75;180,823.00;2,630.75;-;122,783.50;37,903.25;129,739.75;37,963.75;38,768.25
Apr 16, 2024;Apr 17, 2024;96,892.25;47,771.75;68,750.50;529,004.75;170,216.00;2,686.75;-;143,297.75;55,527.50;124,814.00;23,253.00;38,022.75
Apr 17, 2024;Apr 18, 2024;101,077.50;51,838.50;21,029.00;116,983.00;201,029.00;2,688.50;-;226,291.75;105,333.00;213,348.75;32,007.75;42,478.75
Apr 18, 2024;Apr 19, 2024;101,171.75;52,056.50;47,595.25;156,271.50;229,827.00;2,694.75;-;233,132.25;97,025.00;200,126.75;34,601.75;41,171.25
Apr 19, 2024;Apr 20, 2024;100,966.25;47,659.50;124,553.50;636,237.50;109,912.50;2,747.50;-;114,792.00;60,755.75;117,954.50;27,580.00;41,525.50
Apr 20, 2024;Apr 21, 2024;105,258.25;49,489.50;79,551.25;293,747.50;207,170.50;2,678.00;-;119,161.00;35,870.50;100,145.50;28,221.50;40,697.25
Apr 21, 2024;Apr 22, 2024;104,813.75;49,190.25;56,434.00;240,087.25;207,088.75;2,686.50;-;130,485.50;45,841.75;106,116.50;14,280.25;42,095.75
Apr 22, 2024;Apr 23, 2024;103,416.00;51,211.25;37,167.50;109,300.50;243,445.25;2,680.00;-;232,385.50;61,893.25;230,637.50;39,712.00;41,761.75
Apr 23, 2024;Apr 24, 2024;102,356.25;50,526.25;62,115.75;117,366.00;246,155.50;2,689.25;-;223,014.75;76,624.50;258,437.50;29,856.75;40,232.25
Apr 24, 2024;Apr 25, 2024;103,388.00;50,705.25;83,351.00;206,045.00;203,207.75;2,701.75;-;227,429.50;68,292.25;256,301.50;25,439.75;41,797.25
Apr 25, 2024;Apr 26, 2024;104,457.75;49,305.25;25,568.50;171,140.75;215,952.00;2,661.00;-;242,215.25;68,403.25;252,729.50;25,942.25;42,417.75
Apr 26, 2024;Apr 27, 2024;105,782.00;49,310.50;16,208.50;201,564.75;244,968.25;2,634.75;-;221,152.25;77,144.25;203,340.25;32,251.25;42,133.75
Apr 27, 2024;Apr 28, 2024;104,297.25;48,678.50;27,495.50;178,810.00;329,115.25;2,609.00;-;140,840.75;36,856.25;111,479.50;29,363.25;42,333.25
Apr 28, 2024;Apr 29, 2024;101,762.50;45,305.25;96,055.00;403,142.25;258,821.75;2,485.50;-;92,873.00;23,531.00;78,574.75;11,641.50;40,753.50
Apr 29, 2024;Apr 30, 2024;103,204.75;48,936.00;57,394.25;129,279.50;322,154.75;2,450.75;-;136,592.25;41,942.00;153,940.50;38,336.00;40,904.25
Apr 30, 2024;May 1, 2024;101,284.50;49,810.75;71,337.50;195,705.00;348,198.00;2,449.25;-;127,029.00;40,288.00;124,886.25;35,325.50;38,638.25
May 1, 2024;May 2, 2024;93,949.00;47,806.50;77,562.25;346,888.50;344,996.00;2,325.75;-;84,732.00;23,712.25;71,918.50;20,284.50;41,195.50
May 2, 2024;May 3, 2024;94,365.75;48,102.00;121,688.25;473,196.50;307,097.75;2,920.25;-;83,753.25;47,993.00;91,590.00;26,507.25;40,571.75
May 3, 2024;May 4, 2024;97,629.00;51,575.50;97,170.75;307,962.75;169,942.00;3,198.75;-;125,489.50;35,476.50;127,396.00;41,408.75;38,930.00
May 4, 2024;May 5, 2024;97,671.50;50,106.75;22,978.50;71,634.50;262,161.25;3,165.25;-;128,553.75;23,139.00;129,729.25;27,763.00;45,309.00
May 5, 2024;May 6, 2024;96,375.75;44,988.75;51,869.00;311,532.00;224,473.50;3,119.50;-;114,513.50;22,957.25;85,289.25;10,495.25;43,496.25
May 6, 2024;May 7, 2024;101,037.25;50,879.50;12,637.25;118,778.25;218,977.25;3,045.50;-;195,707.00;51,100.00;184,731.75;33,189.75;42,845.75
May 7, 2024;May 8, 2024;101,351.00;53,784.25;10,716.00;129,763.75;174,692.75;3,063.50;-;217,018.00;50,589.25;200,991.75;32,017.50;43,837.00
May 8, 2024;May 9, 2024;101,401.00;55,078.00;2,844.00;76,276.75;243,263.50;3,176.75;-;230,925.50;38,645.25;204,820.50;27,050.25;44,220.00
May 9, 2024;May 10, 2024;101,018.50;55,595.25;11,858.25;36,718.75;359,172.75;3,122.75;-;158,318.75;19,767.75;125,264.00;24,535.75;46,055.75
May 10, 2024;May 11, 2024;101,270.25;53,286.75;8,624.50;41,457.75;358,070.25;2,701.75;-;135,345.75;23,914.00;138,682.25;26,814.75;46,521.25
May 11, 2024;May 12, 2024;100,833.25;51,186.50;10,878.00;89,673.75;360,378.50;2,558.25;-;113,807.75;20,237.50;99,583.25;29,262.50;46,028.50
May 12, 2024;May 13, 2024;97,981.00;47,187.25;60,567.25;227,310.75;370,939.50;2,498.50;-;85,396.50;20,703.75;76,701.75;19,229.50;45,674.50
May 13, 2024;May 14, 2024;98,420.50;50,431.75;100,803.00;312,580.25;362,755.50;2,435.00;-;98,776.00;39,567.50;121,291.50;40,827.75;45,567.50
May 14, 2024;May 15, 2024;97,086.25;48,004.50;104,785.75;416,008.00;386,691.50;2,379.25;-;93,382.75;49,637.50;95,666.00;33,944.50;43,944.00
May 15, 2024;May 16, 2024;97,264.25;48,945.75;71,637.50;442,873.50;316,390.50;2,410.25;-;118,171.75;60,059.25;132,693.50;35,306.50;45,450.75
May 16, 2024;May 17, 2024;97,900.75;50,746.50;62,202.00;411,954.00;286,115.50;2,348.00;-;119,092.75;65,700.75;148,332.00;34,762.50;43,782.75
May 17, 2024;May 18, 2024;99,478.00;56,307.25;60,925.25;412,782.25;206,672.50;2,445.00;-;128,530.50;50,898.25;125,195.25;38,922.50;43,835.75
May 18, 2024;May 19, 2024;99,235.25;58,259.00;45,485.50;140,967.75;257,912.25;2,433.50;-;111,699.25;29,530.50;87,978.25;31,860.75;46,052.75
May 19, 2024;May 20, 2024;98,083.50;57,124.25;44,620.25;73,727.00;263,794.25;2,381.50;-;115,447.25;21,609.25;76,384.50;27,761.75;46,038.50
May 20, 2024;May 21, 2024;98,489.00;56,914.00;43,759.75;70,168.25;343,176.50;2,368.75;-;122,592.25;20,906.50;75,713.50;32,932.50;41,565.25
May 21, 2024;May 22, 2024;97,750.50;57,209.00;78,675.00;340,262.75;226,712.75;2,360.25;-;145,258.25;35,568.50;132,761.25;33,421.50;34,925.75
May 22, 2024;May 23, 2024;95,618.50;57,344.25;77,924.75;289,746.25;199,077.25;2,509.50;-;172,762.50;38,306.00;145,065.25;30,712.50;41,110.00
May 23, 2024;May 24, 2024;94,272.25;58,784.50;22,527.25;123,468.25;303,209.50;2,757.75;-;212,501.75;47,206.00;147,995.00;32,739.50;39,162.75
May 24, 2024;May 25, 2024;94,899.75;61,544.75;17,123.00;94,511.25;248,880.50;2,748.75;-;225,000.75;55,918.75;201,110.00;30,335.75;41,063.50
May 25, 2024;May 26, 2024;94,135.50;58,533.25;41,013.75;57,988.75;291,859.25;2,832.25;-;168,111.25;24,584.75;109,038.75;23,233.75;40,307.75
May 26, 2024;May 27, 2024;93,493.00;54,665.25;19,751.25;97,002.00;335,599.50;2,769.25;-;144,108.50;22,108.50;85,206.25;16,978.75;42,593.75
May 27, 2024;May 28, 2024;93,623.00;57,900.50;44,576.00;95,574.50;269,016.00;2,757.75;-;211,177.00;39,813.50;149,171.00;32,524.25;43,537.50
May 28, 2024;May 29, 2024;97,824.25;60,791.75;23,700.25;155,778.00;264,086.25;2,899.00;-;238,153.00;44,396.25;130,050.00;27,402.00;40,666.00
May 29, 2024;May 30, 2024;98,815.75;58,771.75;92,369.00;296,028.75;227,004.75;2,368.00;-;179,984.50;36,613.00;116,705.75;26,678.00;40,267.75
May 30, 2024;May 31, 2024;98,262.25;62,343.50;25,473.25;70,634.00;233,775.75;2,376.50;-;217,575.50;15,338.25;142,721.75;28,804.25;39,901.00
May 31, 2024;Jun 1, 2024;97,997.00;59,765.25;61,569.50;115,564.25;186,835.25;2,408.50;-;220,745.00;12,284.75;113,349.50;26,778.50;41,211.00
Jun 1, 2024;Jun 2, 2024;96,063.00;47,917.50;87,858.25;228,643.75;197,548.00;2,451.00;-;110,981.00;12,181.75;77,454.50;30,468.75;38,651.25
Jun 2, 2024;Jun 3, 2024;94,212.00;45,393.25;107,093.25;315,805.50;192,727.75;2,340.75;-;108,754.50;11,889.50;64,742.00;18,344.50;38,116.50
Jun 3, 2024;Jun 4, 2024;96,660.00;51,181.25;54,098.00;138,417.50;189,312.00;2,259.75;-;228,993.00;35,691.75;192,301.75;44,510.25;43,130.50
Jun 4, 2024;Jun 5, 2024;95,604.25;45,116.00;50,603.25;72,944.25;307,375.25;2,141.50;-;227,303.50;34,168.75;167,448.00;33,051.75;40,309.25
Jun 5, 2024;Jun 6, 2024;95,148.25;47,052.50;82,713.50;299,512.25;259,044.50;2,174.50;-;194,254.50;25,436.25;115,900.75;42,865.50;37,335.25
Jun 6, 2024;Jun 7, 2024;96,556.25;51,596.00;66,570.00;117,177.25;355,843.50;2,567.25;-;233,554.25;24,724.75;150,929.25;25,830.50;38,481.00
Jun 7, 2024;Jun 8, 2024;95,861.25;54,080.75;58,327.50;82,960.00;353,338.00;2,765.75;-;192,105.50;25,788.50;155,296.00;34,420.50;41,117.25
Jun 8, 2024;Jun 9, 2024;95,710.75;50,758.50;81,708.50;219,327.00;345,613.50;2,822.75;-;113,423.50;22,326.50;91,376.75;32,662.75;40,583.25
Jun 9, 2024;Jun 10, 2024;93,769.50;49,214.50;77,850.75;227,817.25;325,645.25;2,276.00;-;91,935.25;32,126.25;103,914.50;23,720.25;40,013.50
Jun 10, 2024;Jun 11, 2024;95,993.00;51,025.75;62,036.75;228,444.00;287,234.50;2,284.50;-;163,949.25;45,281.25;139,054.25;31,108.75;41,100.75
Jun 11, 2024;Jun 12, 2024;95,509.75;51,572.75;90,455.75;439,746.75;263,768.75;2,239.25;-;134,718.50;47,918.75;101,959.25;25,329.50;38,828.00
Jun 12, 2024;Jun 13, 2024;97,229.25;53,614.25;89,705.25;217,134.75;318,229.75;2,229.75;-;187,399.25;38,232.75;120,331.00;24,394.25;37,096.50
Jun 13, 2024;Jun 14, 2024;97,671.00;57,319.25;41,955.00;102,753.50;328,496.75;2,262.00;-;226,992.00;42,455.00;137,547.50;32,506.00;35,609.50
Jun 14, 2024;Jun 15, 2024;97,572.00;60,489.75;54,167.50;289,692.25;202,570.50;2,333.75;-;182,616.25;30,557.50;81,374.75;39,235.75;33,767.25
Jun 15, 2024;Jun 16, 2024;95,698.00;51,341.00;79,619.00;422,371.75;262,553.50;2,352.00;-;79,360.00;19,243.00;61,578.25;26,358.00;33,699.00
Jun 16, 2024;Jun 17, 2024;96,052.25;54,402.00;76,080.25;255,687.75;303,790.75;2,312.50;-;96,443.00;21,039.50;63,648.75;27,980.50;36,604.75
Jun 17, 2024;Jun 18, 2024;97,105.00;60,296.00;40,169.50;127,377.75;282,171.25;2,120.75;-;212,758.25;48,083.00;122,933.00;36,367.50;36,573.25
Jun 18, 2024;Jun 19, 2024;96,708.75;61,818.75;8,495.25;65,513.25;313,482.75;2,119.25;-;260,152.50;62,021.00;167,615.50;32,718.75;37,286.00
Jun 19, 2024;Jun 20, 2024;95,926.25;63,681.25;36,272.25;129,505.25;248,734.75;2,096.50;-;253,193.25;57,701.75;130,142.75;32,771.50;39,215.00
Jun 20, 2024;Jun 21, 2024;96,567.50;60,496.75;11,779.00;82,824.75;293,987.50;2,269.00;-;255,888.50;57,664.75;136,028.25;39,269.25;38,571.25
Jun 21, 2024;Jun 22, 2024;95,920.75;61,538.00;21,942.25;154,611.25;187,989.00;2,350.75;-;267,229.25;76,980.25;176,278.00;29,464.25;37,571.00
Jun 22, 2024;Jun 23, 2024;95,284.50;52,539.75;37,139.50;317,830.00;301,343.75;2,343.00;-;104,012.25;15,705.00;69,805.50;26,395.50;37,386.75
Jun 23, 2024;Jun 24, 2024;94,410.75;53,969.25;22,683.25;107,319.00;311,083.75;2,389.75;-;124,007.25;25,696.75;78,236.00;25,606.50;37,741.00
Jun 24, 2024;Jun 25, 2024;95,824.25;60,826.25;1,610.75;57,843.00;393,079.25;2,309.75;-;194,785.00;43,861.00;129,631.75;38,958.50;41,356.50
Jun 25, 2024;Jun 26, 2024;93,794.25;60,615.25;14,176.25;154,850.50;423,683.50;2,277.75;-;200,447.75;48,864.00;130,584.25;34,309.75;38,476.00
Jun 26, 2024;Jun 27, 2024;93,812.25;59,665.75;21,938.50;128,612.50;374,690.50;2,269.75;-;227,626.00;53,119.50;140,720.25;35,043.25;38,203.50
Jun 27, 2024;Jun 28, 2024;92,480.75;60,851.00;34,453.50;103,949.75;319,052.25;2,199.50;-;224,629.25;53,196.00;136,254.00;35,757.00;38,164.50
Jun 28, 2024;Jun 29, 2024;92,426.25;60,125.75;80,455.25;238,175.00;349,246.00;2,261.00;-;160,215.75;24,513.25;96,191.25;31,517.75;38,225.00
Jun 29, 2024;Jun 30, 2024;93,870.50;59,219.25;17,525.50;82,752.75;374,780.75;2,484.50;-;116,375.75;14,974.25;86,017.75;40,902.50;40,203.50
Jun 30, 2024;Jul 1, 2024;91,582.00;56,235.00;43,481.50;261,332.50;169,207.25;2,551.75;-;116,795.00;21,174.25;68,328.50;19,876.50;40,005.50
Jul 1, 2024;Jul 2, 2024;91,010.50;60,981.00;50,962.50;184,430.75;224,484.00;2,548.75;-;224,731.00;40,467.75;104,440.00;34,228.00;42,602.00
Jul 2, 2024;Jul 3, 2024;92,037.50;60,453.50;91,786.50;261,026.50;171,347.75;2,558.75;-;234,288.50;40,215.50;81,475.25;26,670.50;45,133.25
Jul 3, 2024;Jul 4, 2024;94,157.25;62,733.50;76,308.25;161,265.00;197,481.50;2,587.25;-;242,356.00;38,916.50;114,913.75;39,867.75;45,375.50
Jul 4, 2024;Jul 5, 2024;91,823.00;55,779.25;130,087.25;452,509.00;247,011.00;2,552.00;-;96,979.75;17,521.00;71,768.25;30,008.50;42,262.00
Jul 5, 2024;Jul 6, 2024;94,750.25;57,824.75;95,413.50;386,609.00;301,877.50;2,534.75;-;103,850.00;15,137.25;75,156.75;42,190.75;43,800.00
Jul 6, 2024;Jul 7, 2024;92,271.00;52,268.50;79,780.75;462,203.25;278,181.25;2,625.50;-;86,727.75;14,916.25;64,781.25;19,589.50;43,498.00
Jul 7, 2024;Jul 8, 2024;93,211.50;56,136.25;67,310.00;239,661.75;304,068.75;2,636.00;-;105,114.25;15,786.00;63,999.25;40,192.50;46,432.00
Jul 8, 2024;Jul 9, 2024;93,958.00;60,889.00;30,563.00;80,288.75;371,343.75;2,630.75;-;201,690.50;49,068.25;122,190.50;41,963.75;46,101.75
Jul 9, 2024;Jul 10, 2024;92,218.75;62,319.25;64,800.75;178,665.25;401,374.25;2,515.25;-;202,571.50;32,751.75;110,483.25;30,584.75;45,138.00
Jul 10, 2024;Jul 11, 2024;92,843.75;65,611.50;63,038.75;160,694.25;255,736.75;2,522.75;-;238,636.75;43,258.50;105,139.00;41,521.00;43,513.00
Jul 11, 2024;Jul 12, 2024;93,977.75;64,480.25;32,981.50;67,046.50;313,332.50;2,711.25;-;240,008.25;57,347.50;144,736.75;43,192.00;43,671.50
Jul 12, 2024;Jul 13, 2024;94,830.00;63,148.25;42,163.50;253,278.00;208,798.25;2,770.25;-;212,383.00;41,889.50;130,006.00;29,753.75;44,610.50
Jul 13, 2024;Jul 14, 2024;93,287.75;57,384.50;92,774.75;279,756.75;263,030.25;2,835.25;-;100,636.50;13,396.50;65,033.75;29,185.25;47,219.50
Jul 14, 2024;Jul 15, 2024;91,181.00;55,005.25;105,133.25;138,462.00;335,793.00;2,730.50;-;105,139.00;12,998.00;66,841.50;25,020.75;46,475.50
Jul 15, 2024;Jul 16, 2024;89,556.50;61,673.00;56,754.25;111,484.50;389,618.25;2,618.00;-;162,872.25;22,209.50;115,984.75;49,855.75;47,131.25
Jul 16, 2024;Jul 17, 2024;88,125.25;59,884.00;72,923.00;336,263.75;274,708.00;2,673.50;-;162,189.75;26,449.75;87,370.25;28,950.25;43,152.25
Jul 17, 2024;Jul 18, 2024;91,971.75;57,475.25;72,653.75;273,386.75;267,626.25;2,554.00;-;172,130.25;22,951.50;101,988.75;35,179.25;46,280.00
Jul 18, 2024;Jul 19, 2024;94,528.75;59,532.50;16,152.75;36,644.25;374,080.25;2,425.50;-;213,130.50;51,013.75;140,691.25;42,306.50;46,256.75
Jul 19, 2024;Jul 20, 2024;93,794.75;59,700.75;15,265.75;50,967.00;367,167.25;2,794.00;-;217,879.75;43,207.25;135,523.75;41,428.25;45,646.25
Jul 20, 2024;Jul 21, 2024;92,344.25;56,462.75;52,825.50;108,924.25;366,124.25;2,719.50;-;148,697.50;12,489.75;77,295.25;36,571.50;47,897.50
Jul 21, 2024;Jul 22, 2024;90,984.25;55,694.00;37,300.50;128,225.75;308,987.75;2,540.50;-;135,100.50;17,121.50;78,437.75;32,280.75;48,216.50
Jul 22, 2024;Jul 23, 2024;93,348.25;57,966.75;40,428.00;218,111.75;276,683.25;2,568.00;-;175,427.00;23,235.00;120,228.25;36,198.00;50,767.50
Jul 23, 2024;Jul 24, 2024;93,865.50;61,157.75;43,446.50;182,412.00;266,456.50;2,761.25;-;191,364.50;36,857.50;123,653.75;39,463.00;47,025.50
Jul 24, 2024;Jul 25, 2024;94,159.00;60,732.25;49,949.00;190,974.25;293,321.00;2,616.25;-;190,872.25;42,974.25;110,919.25;36,176.75;45,858.50
Jul 25, 2024;Jul 26, 2024;94,975.25;57,940.50;51,749.00;43,563.75;357,772.25;2,633.25;-;187,746.50;50,099.75;131,092.25;31,216.50;44,819.50
Jul 26, 2024;Jul 27, 2024;95,022.75;55,216.00;40,964.00;137,505.25;228,982.50;2,600.50;-;196,646.00;41,851.75;123,536.75;32,418.50;44,389.75
Jul 27, 2024;Jul 28, 2024;94,561.50;52,824.75;2,291.00;33,875.00;220,503.00;2,564.25;-;176,279.25;32,928.50;135,427.50;33,387.50;45,150.50
Jul 28, 2024;Jul 29, 2024;92,596.50;52,707.25;24,609.00;185,151.50;313,645.00;2,565.25;-;135,154.75;11,497.00;75,858.25;20,927.25;47,074.75
Jul 29, 2024;Jul 30, 2024;93,122.25;51,224.75;17,256.00;86,337.00;405,747.75;2,537.75;-;170,738.25;31,145.75;102,975.25;38,304.25;50,221.50
Jul 30, 2024;Jul 31, 2024;91,991.00;50,647.00;2,841.75;50,579.00;394,049.00;2,468.75;-;207,122.75;68,107.00;127,317.75;34,174.00;46,998.75
Jul 31, 2024;Aug 1, 2024;91,536.50;49,557.75;15,500.25;47,735.75;327,485.00;2,459.75;-;232,623.50;82,638.25;144,511.50;27,660.00;52,141.25
Aug 1, 2024;Aug 2, 2024;92,755.25;55,263.00;20,067.25;76,051.25;265,180.75;2,534.00;-;261,494.75;102,519.25;145,100.75;28,596.25;49,023.75
Aug 2, 2024;Aug 3, 2024;93,792.25;54,714.00;5,688.50;70,964.25;242,089.75;2,573.25;-;252,517.25;78,732.75;134,065.25;35,010.50;50,204.25
Aug 3, 2024;Aug 4, 2024;93,275.50;52,165.75;19,850.75;51,527.75;301,755.50;2,617.50;-;158,946.75;29,097.25;81,027.00;33,077.00;44,661.00
Aug 4, 2024;Aug 5, 2024;91,885.00;50,767.25;48,787.50;193,179.50;241,460.00;2,615.75;-;146,957.00;16,038.25;67,476.75;17,355.50;43,282.25
Aug 5, 2024;Aug 6, 2024;91,921.00;51,271.50;22,441.75;46,304.25;313,359.25;2,606.00;-;208,589.75;39,551.50;126,370.50;40,319.50;42,744.00
Aug 6, 2024;Aug 7, 2024;88,188.75;50,158.00;15,483.25;56,061.75;381,126.75;2,584.00;-;207,076.00;55,227.50;140,925.50;35,805.25;43,908.50
Aug 7, 2024;Aug 8, 2024;88,082.75;50,797.50;25,413.25;102,678.00;269,186.50;2,548.75;-;215,955.50;69,115.00;133,698.50;35,173.25;43,460.25
Aug 8, 2024;Aug 9, 2024;89,435.75;51,266.75;37,058.50;82,775.25;255,391.25;2,577.75;-;204,712.50;64,219.75;123,477.50;41,723.75;43,041.00
Aug 9, 2024;Aug 10, 2024;90,020.25;47,158.50;98,363.00;407,165.25;249,689.75;2,599.25;-;111,367.50;27,898.50;90,005.25;32,052.75;45,468.75
Aug 10, 2024;Aug 11, 2024;92,584.25;44,426.75;92,062.75;192,748.50;335,573.25;2,554.00;-;106,566.00;13,711.00;62,511.50;39,781.25;46,476.00
Aug 11, 2024;Aug 12, 2024;92,245.50;42,738.75;33,254.75;88,996.75;353,144.00;2,518.00;-;118,055.25;9,149.50;75,352.75;32,279.50;45,755.00
Aug 12, 2024;Aug 13, 2024;92,443.50;46,139.00;36,795.75;113,158.25;363,243.50;2,457.00;-;176,389.00;41,461.25;104,011.75;38,835.50;44,248.00
Aug 13, 2024;Aug 14, 2024;90,088.75;45,869.75;49,291.75;224,974.00;340,536.25;2,384.50;-;196,175.50;73,931.25;108,580.00;20,399.75;48,065.75
Aug 14, 2024;Aug 15, 2024;92,034.00;48,641.50;25,814.75;119,844.00;281,910.00;2,385.00;-;211,357.00;84,848.50;142,561.75;36,308.25;46,028.50
Aug 15, 2024;Aug 16, 2024;92,103.50;45,957.25;43,384.25;81,890.50;307,704.75;2,568.75;-;191,568.25;67,853.50;127,785.50;19,992.00;42,505.25
Aug 16, 2024;Aug 17, 2024;92,967.25;43,742.00;31,671.50;155,382.00;291,358.50;2,661.50;-;204,011.50;57,672.75;130,633.75;39,435.00;41,450.00
Aug 17, 2024;Aug 18, 2024;91,509.75;42,651.25;5,686.00;44,399.75;242,398.25;2,704.00;-;198,032.25;59,504.75;114,808.75;22,701.25;45,248.50
Aug 18, 2024;Aug 19, 2024;90,075.25;45,197.00;21,211.25;79,262.75;143,567.75;2,741.00;-;200,879.75;46,038.75;67,677.50;13,954.75;43,384.50
Aug 19, 2024;Aug 20, 2024;91,222.00;52,421.50;25,527.50;73,331.25;242,218.75;2,771.00;-;220,845.25;79,514.50;119,796.00;31,439.00;45,563.75
Aug 20, 2024;Aug 21, 2024;90,659.25;52,579.50;80,952.75;146,165.75;263,964.50;2,754.25;-;191,316.00;51,470.75;107,091.00;37,071.00;47,538.25
Aug 21, 2024;Aug 22, 2024;90,000.00;48,482.00;87,188.25;423,861.50;272,153.50;2,764.75;-;125,670.25;31,901.75;75,660.75;27,535.25;44,423.25
Aug 22, 2024;Aug 23, 2024;90,988.25;48,667.25;123,608.00;290,670.50;304,486.00;2,914.75;-;122,386.25;29,905.00;78,277.50;39,875.50;41,823.50
Aug 23, 2024;Aug 24, 2024;89,526.50;43,791.25;97,766.25;521,447.75;292,807.50;2,899.75;-;90,541.50;37,474.50;68,444.75;32,389.00;45,585.50
Aug 24, 2024;Aug 25, 2024;88,759.75;43,457.75;54,823.50;323,673.50;329,105.75;2,724.00;-;94,806.25;20,356.50;58,308.25;42,600.75;43,263.75
Aug 25, 2024;Aug 26, 2024;89,065.00;42,458.50;91,606.75;339,814.00;220,099.00;2,723.50;-;95,679.75;25,843.75;63,178.75;21,838.00;42,507.00
Aug 26, 2024;Aug 27, 2024;92,125.25;45,826.25;76,892.75;128,265.25;277,325.50;2,730.75;-;151,698.75;62,783.25;136,241.75;41,376.50;45,137.25
Aug 27, 2024;Aug 28, 2024;90,773.00;42,443.75;36,379.00;102,189.75;337,559.75;2,656.00;-;170,015.25;82,098.75;161,076.00;28,928.50;42,661.25
Aug 28, 2024;Aug 29, 2024;90,480.00;44,826.50;44,958.00;183,481.50;343,097.00;2,610.25;-;175,550.25;84,901.00;134,279.50;34,632.50;42,332.75
Aug 29, 2024;Aug 30, 2024;89,825.25;44,821.75;31,367.25;134,777.25;322,183.00;2,574.00;-;193,547.00;98,628.00;177,818.75;37,445.50;41,348.75
Aug 30, 2024;Aug 31, 2024;89,351.00;41,113.50;13,931.50;121,136.00;253,418.00;2,612.25;-;218,364.00;104,210.00;188,484.00;31,935.25;40,365.50
Aug 31, 2024;Sep 1, 2024;89,703.75;37,001.25;28,904.00;208,270.75;303,968.25;2,637.50;-;144,228.25;50,506.75;85,583.00;24,770.25;40,415.00
Sep 1, 2024;Sep 2, 2024;89,686.75;35,222.00;85,066.25;249,530.75;316,098.00;2,601.75;-;139,543.75;36,083.75;87,138.25;11,570.00;44,040.75
Sep 2, 2024;Sep 3, 2024;90,902.25;41,889.25;74,113.75;163,901.75;264,715.50;2,594.75;-;204,257.50;97,879.25;160,011.50;30,609.25;47,137.75
Sep 3, 2024;Sep 4, 2024;89,693.25;43,475.50;25,355.50;61,612.75;276,921.00;2,605.00;-;214,906.75;122,623.50;214,855.00;34,007.50;44,131.75
Sep 4, 2024;Sep 5, 2024;91,449.00;41,622.00;27,540.50;101,448.75;223,443.75;2,624.75;-;202,055.25;130,886.50;235,645.75;28,317.50;40,570.50
Sep 5, 2024;Sep 6, 2024;91,220.75;41,383.50;39,464.25;448,572.50;284,865.25;2,670.00;-;159,448.00;84,588.50;132,216.75;24,186.50;41,290.25
Sep 6, 2024;Sep 7, 2024;91,809.50;41,570.50;87,895.00;356,993.50;239,113.75;2,451.75;-;178,522.75;98,286.50;138,987.75;30,859.50;40,161.50
Sep 7, 2024;Sep 8, 2024;92,568.00;36,641.75;42,440.75;121,623.25;307,149.00;2,355.75;-;178,645.50;56,053.25;97,182.75;27,727.75;39,691.50
Sep 8, 2024;Sep 9, 2024;90,750.75;35,513.25;27,615.25;155,958.00;210,696.25;2,357.25;-;176,399.75;54,580.25;79,422.50;19,907.25;39,893.25
Sep 9, 2024;Sep 10, 2024;90,956.00;43,644.75;61,057.75;235,384.50;129,942.25;2,365.00;-;225,423.75;96,476.25;141,771.50;33,690.25;38,313.50
Sep 10, 2024;Sep 11, 2024;87,926.75;44,405.75;126,058.00;484,484.50;175,796.75;2,441.00;-;153,669.25;40,863.75;80,730.75;22,059.25;42,173.00
Sep 11, 2024;Sep 12, 2024;89,346.75;43,875.75;65,077.25;403,398.50;134,425.75;2,481.25;-;177,661.00;84,148.75;99,630.00;21,776.25;44,624.50
Sep 12, 2024;Sep 13, 2024;90,398.75;48,435.00;40,676.25;118,674.50;199,073.00;2,483.50;-;206,760.25;116,096.75;168,641.75;34,237.00;42,871.25
Sep 13, 2024;Sep 14, 2024;91,122.50;46,875.25;78,774.25;272,539.00;149,067.00;2,577.50;-;162,258.00;75,207.00;101,126.25;31,415.75;42,110.25
Sep 14, 2024;Sep 15, 2024;89,209.50;46,467.50;29,052.50;407,995.75;178,593.75;2,568.50;-;97,589.25;52,567.25;66,949.75;27,998.25;43,765.25
Sep 15, 2024;Sep 16, 2024;90,612.50;44,324.00;24,233.75;227,982.75;221,483.25;2,501.00;-;121,678.50;63,191.75;66,497.25;19,431.00;42,920.50
Sep 16, 2024;Sep 17, 2024;91,274.75;49,434.00;45,891.75;252,238.75;85,603.50;2,504.75;-;201,454.75;117,862.50;136,806.75;39,908.00;43,433.25
Sep 17, 2024;Sep 18, 2024;90,213.25;46,681.75;59,794.50;288,696.00;185,705.00;2,462.00;-;199,060.25;101,990.00;106,547.75;25,703.25;46,496.50
Sep 18, 2024;Sep 19, 2024;91,040.25;46,871.25;34,127.25;304,874.00;250,812.50;2,307.00;-;195,680.50;89,368.25;99,265.75;24,638.25;45,548.75
Sep 19, 2024;Sep 20, 2024;92,036.00;46,860.00;47,711.25;348,754.75;249,788.25;2,490.25;-;190,227.75;58,007.50;89,703.25;29,008.50;46,015.75
Sep 20, 2024;Sep 21, 2024;93,077.50;45,995.00;75,900.75;355,135.50;288,421.25;2,568.75;-;162,698.00;43,464.25;78,537.50;26,195.00;42,936.50
Sep 21, 2024;Sep 22, 2024;94,244.25;44,936.25;42,434.25;179,026.50;293,237.25;2,493.00;-;161,897.75;29,664.50;74,482.00;27,464.75;43,699.75
Sep 22, 2024;Sep 23, 2024;93,437.00;46,324.75;12,684.25;61,510.75;255,268.25;2,504.75;-;182,018.00;56,037.50;85,965.50;24,357.00;43,519.25
Sep 23, 2024;Sep 24, 2024;94,115.50;47,419.50;7,208.00;57,865.00;184,974.00;2,299.00;-;243,195.25;120,289.50;150,362.75;35,547.25;44,214.25
Sep 24, 2024;Sep 25, 2024;94,044.00;50,242.25;73,890.75;253,287.75;139,403.25;2,475.25;-;236,435.00;93,772.75;95,228.25;22,764.75;37,745.75
Sep 25, 2024;Sep 26, 2024;93,303.50;48,163.75;106,087.50;401,764.25;140,983.75;2,545.50;-;207,331.75;57,587.75;89,011.00;34,615.50;43,611.25
Sep 26, 2024;Sep 27, 2024;93,317.25;48,664.25;79,417.00;644,532.50;64,990.50;2,626.75;-;153,596.00;48,303.50;64,247.25;25,442.25;47,004.25
Sep 27, 2024;Sep 28, 2024;90,753.75;50,261.25;113,028.75;830,542.00;153,642.75;2,948.00;-;79,046.75;41,793.75;54,945.75;21,006.25;41,393.50
Sep 28, 2024;Sep 29, 2024;92,394.00;50,237.00;154,508.25;425,493.25;175,221.75;3,050.50;-;99,317.75;27,455.25;55,641.75;38,606.25;43,426.50
Sep 29, 2024;Sep 30, 2024;93,411.25;51,215.75;56,722.50;171,043.00;229,217.25;3,039.75;-;127,701.25;36,418.75;56,052.00;33,117.25;44,341.50
Sep 30, 2024;Oct 1, 2024;92,732.75;49,001.25;78,247.25;558,316.50;152,664.00;2,897.50;-;138,799.75;54,402.50;99,774.00;31,503.25;45,557.25
Oct 1, 2024;Oct 2, 2024;95,014.00;53,623.00;121,245.25;401,332.75;106,277.50;2,942.50;-;191,382.00;79,678.25;84,545.50;39,830.75;43,639.75
Oct 2, 2024;Oct 3, 2024;94,477.25;53,450.50;132,910.25;225,568.75;95,404.75;3,002.50;-;260,568.50;112,392.50;110,579.25;27,277.25;45,507.00
Oct 3, 2024;Oct 4, 2024;92,870.25;53,722.50;83,455.00;268,444.00;99,557.75;3,028.25;-;245,695.00;37,573.75;68,929.75;23,161.75;43,527.00
Oct 4, 2024;Oct 5, 2024;96,930.00;55,690.50;9,126.75;174,093.25;117,274.00;2,978.75;-;273,126.75;95,308.25;96,279.50;34,635.25;45,669.00
Oct 5, 2024;Oct 6, 2024;96,371.00;51,722.00;13,841.00;73,331.25;138,643.00;2,986.50;-;259,294.50;66,174.50;77,911.25;24,036.75;45,294.50
Oct 6, 2024;Oct 7, 2024;93,123.75;49,732.50;102,507.25;218,869.75;167,337.25;2,974.50;-;184,172.75;29,772.00;72,902.00;16,410.50;44,068.50
Oct 7, 2024;Oct 8, 2024;93,582.00;52,374.25;107,752.00;265,564.75;126,711.75;2,907.25;-;242,335.75;78,572.25;107,519.50;39,003.75;42,638.00
Oct 8, 2024;Oct 9, 2024;95,909.00;51,932.75;91,366.00;268,606.50;106,363.25;2,745.00;-;259,856.25;81,835.50;99,763.00;31,312.50;43,530.50
Oct 9, 2024;Oct 10, 2024;95,975.00;50,709.00;72,926.50;392,696.00;136,812.50;2,658.50;-;225,181.50;51,989.25;83,578.50;38,343.75;43,609.50
Oct 10, 2024;Oct 11, 2024;95,247.75;52,823.75;89,031.75;614,503.00;84,860.25;2,709.50;-;157,031.25;66,328.75;102,219.50;29,573.75;42,379.50
Oct 11, 2024;Oct 12, 2024;97,513.00;54,774.50;136,403.50;217,319.75;158,195.25;2,831.00;-;230,610.00;60,620.00;119,174.75;48,623.75;43,717.25
Oct 12, 2024;Oct 13, 2024;99,321.50;51,757.50;123,130.50;330,812.75;157,191.25;2,881.75;-;136,729.00;27,620.50;68,728.50;24,038.50;39,537.75
Oct 13, 2024;Oct 14, 2024;96,801.00;48,204.00;89,136.00;751,826.75;121,182.25;2,694.50;-;107,540.50;47,239.25;63,350.25;13,297.25;39,195.00
Oct 14, 2024;Oct 15, 2024;100,871.25;58,664.50;39,039.00;187,006.75;97,194.25;2,487.50;-;226,683.00;125,919.00;186,825.00;38,169.50;44,748.75
Oct 15, 2024;Oct 16, 2024;100,105.75;57,252.00;54,381.50;191,627.25;140,780.75;2,609.75;-;262,808.75;105,209.50;137,581.00;29,643.00;44,346.75
Oct 16, 2024;Oct 17, 2024;98,513.50;51,270.25;81,560.25;606,823.00;166,541.75;2,550.00;-;132,653.25;68,149.50;124,486.50;16,642.00;41,838.75
Oct 17, 2024;Oct 18, 2024;100,968.75;52,191.50;87,589.00;351,051.50;150,831.25;2,631.50;-;204,951.50;72,269.75;136,644.50;23,229.00;40,595.00
Oct 18, 2024;Oct 19, 2024;102,120.25;58,203.25;18,589.75;104,799.25;113,393.25;2,869.25;-;287,060.00;111,905.75;148,013.75;38,498.75;42,656.00
Oct 19, 2024;Oct 20, 2024;101,280.75;53,380.00;42,726.00;191,993.25;89,614.00;3,006.50;-;233,132.50;34,080.00;91,350.75;16,985.25;41,930.50
Oct 20, 2024;Oct 21, 2024;99,529.00;46,260.75;86,738.00;336,835.75;112,994.00;3,006.00;-;113,886.50;25,181.50;70,471.00;12,557.50;41,905.25
Oct 21, 2024;Oct 22, 2024;98,597.50;49,557.25;96,627.00;320,803.00;107,509.00;3,040.25;-;220,010.25;94,365.25;147,251.25;30,925.50;41,995.75
Oct 22, 2024;Oct 23, 2024;100,599.25;46,600.75;76,414.25;294,816.50;101,380.50;3,048.25;-;259,733.25;114,548.25;145,991.00;19,530.25;41,653.00
Oct 23, 2024;Oct 24, 2024;102,366.75;49,569.00;56,566.75;101,855.50;122,734.75;2,960.00;-;277,647.50;145,913.75;188,270.00;29,605.75;39,021.75
Oct 24, 2024;Oct 25, 2024;101,779.25;50,768.50;55,099.50;210,903.75;110,466.25;2,978.50;-;287,650.75;140,915.75;134,473.25;21,656.50;40,852.00
Oct 25, 2024;Oct 26, 2024;102,262.25;48,791.00;20,125.25;156,590.00;138,203.25;2,926.25;-;278,337.00;138,335.75;178,048.00;29,333.25;40,947.75
Oct 26, 2024;Oct 27, 2024;99,638.25;46,172.75;30,872.50;120,884.50;125,770.50;3,064.00;-;268,388.25;122,805.00;104,554.00;18,866.50;42,765.50
Oct 27, 2024;Oct 28, 2024;99,552.75;42,825.75;66,194.75;204,286.00;84,347.25;3,027.00;-;222,970.25;64,325.00;98,668.50;19,315.50;38,781.25
Oct 28, 2024;Oct 29, 2024;96,546.75;41,237.75;109,670.75;270,038.00;88,838.50;2,693.50;-;261,438.25;110,209.25;162,625.75;19,435.50;42,439.75
Oct 29, 2024;Oct 30, 2024;97,108.50;43,327.50;31,045.25;141,634.00;85,994.50;2,877.25;-;280,744.25;146,882.00;230,064.00;26,598.50;41,522.50
Oct 30, 2024;Oct 31, 2024;97,393.50;43,046.25;48,774.75;114,952.75;63,374.50;2,843.75;-;288,650.00;160,918.50;233,852.00;27,245.75;38,265.25
Oct 31, 2024;Nov 1, 2024;99,129.75;44,809.25;86,684.25;258,292.75;45,791.50;2,816.75;-;253,743.25;133,219.50;178,236.25;26,310.25;33,899.75
Nov 1, 2024;Nov 2, 2024;97,683.00;35,664.50;102,662.75;398,941.50;63,610.00;2,814.00;-;196,095.00;52,955.00;122,080.75;17,172.00;38,474.25
Nov 2, 2024;Nov 3, 2024;99,066.25;35,262.00;29,184.50;113,937.00;71,585.00;2,865.25;-;256,552.00;81,516.25;132,606.75;24,963.75;32,436.50
Nov 3, 2024;Nov 4, 2024;97,900.25;33,885.75;44,813.25;109,960.50;129,997.00;2,737.75;-;246,460.25;81,183.75;122,427.50;11,668.00;33,237.50
Nov 4, 2024;Nov 5, 2024;99,336.25;38,405.75;10,786.50;99,468.00;86,186.75;2,687.75;-;266,101.25;154,802.25;257,566.50;29,566.50;35,220.00
Nov 5, 2024;Nov 6, 2024;101,649.50;40,741.25;15,374.75;91,821.75;75,285.50;2,868.50;-;276,050.50;154,561.00;289,736.00;30,988.00;34,954.25
Nov 6, 2024;Nov 7, 2024;105,011.25;46,500.25;179.00;7,213.75;36,511.75;2,788.75;-;285,923.00;165,835.75;347,973.75;42,231.00;41,485.00
Nov 7, 2024;Nov 8, 2024;104,855.00;45,276.75;14,827.25;30,061.00;22,467.25;2,732.75;-;309,833.50;156,967.25;348,021.75;38,227.75;42,723.75
Nov 8, 2024;Nov 9, 2024;104,342.25;39,181.50;92,861.00;178,953.75;22,069.75;2,880.75;-;313,307.75;150,350.75;313,584.75;20,232.00;40,798.25
Nov 9, 2024;Nov 10, 2024;104,015.00;36,179.75;36,034.50;75,846.50;48,775.25;2,894.75;-;306,004.75;145,211.00;240,969.25;20,233.75;41,711.00
Nov 10, 2024;Nov 11, 2024;102,958.75;34,641.75;32,794.50;28,114.50;33,330.25;2,832.50;-;282,997.25;117,216.25;228,042.75;17,215.25;39,503.75
Nov 11, 2024;Nov 12, 2024;103,013.00;36,235.50;115,053.75;145,661.00;27,821.25;2,878.75;-;282,853.00;155,202.50;299,520.50;24,205.00;41,332.50
Nov 12, 2024;Nov 13, 2024;103,309.50;42,045.50;28,060.00;114,863.25;30,726.25;3,085.75;-;295,476.00;165,611.75;345,911.75;35,740.50;48,841.75
Nov 13, 2024;Nov 14, 2024;104,204.75;39,769.75;75,463.00;95,919.75;21,623.75;3,144.75;-;314,894.75;169,619.50;356,775.75;39,358.25;49,646.50
Nov 14, 2024;Nov 15, 2024;103,936.50;34,059.00;129,442.50;266,426.00;31,630.75;2,983.50;-;306,364.50;154,654.00;317,363.50;21,213.25;45,995.00
Nov 15, 2024;Nov 16, 2024;105,235.00;32,414.50;84,311.25;202,215.75;35,148.25;3,219.00;-;302,251.75;154,726.75;298,986.00;28,777.25;44,194.75
Nov 16, 2024;Nov 17, 2024;105,088.25;30,838.00;114,046.75;480,478.00;48,810.25;3,324.75;-;233,778.00;97,839.25;183,885.25;17,373.00;40,380.25
Nov 17, 2024;Nov 18, 2024;104,015.00;30,260.00;111,463.50;688,726.75;41,442.25;3,198.00;-;141,329.50;85,899.00;132,922.25;14,384.25;41,216.00
Nov 18, 2024;Nov 19, 2024;105,378.25;32,297.25;129,161.50;563,670.00;53,363.50;3,135.50;-;215,139.50;141,269.50;204,125.50;27,204.00;41,155.75
Nov 19, 2024;Nov 20, 2024;104,403.75;33,609.75;49,661.50;501,643.50;22,367.50;3,158.50;-;282,965.50;152,461.50;255,980.50;22,525.75;41,147.50
Nov 20, 2024;Nov 21, 2024;104,477.00;36,502.75;60,365.00;511,810.25;48,512.25;3,028.75;-;285,263.00;136,503.50;199,464.75;18,168.25;41,362.00
Nov 21, 2024;Nov 22, 2024;104,998.00;37,965.00;88,029.00;433,304.25;43,893.50;3,029.25;-;278,661.25;123,431.75;287,937.00;35,340.75;42,468.75
Nov 22, 2024;Nov 23, 2024;105,334.00;37,790.75;120,042.00;623,788.75;38,530.75;3,150.25;-;261,940.50;120,436.50;211,600.75;21,594.00;42,396.00
Nov 23, 2024;Nov 24, 2024;104,594.25;34,429.75;99,948.50;656,640.00;56,596.00;3,137.75;-;156,761.50;62,733.00;152,225.75;8,644.50;41,792.25
Nov 24, 2024;Nov 25, 2024;101,836.00;33,962.50;123,895.25;862,319.75;53,030.50;3,090.00;-;85,867.25;47,178.00;93,737.75;13,581.50;41,052.75
Nov 25, 2024;Nov 26, 2024;103,100.50;35,973.25;69,447.75;764,856.25;62,641.00;3,116.50;-;162,903.00;75,171.50;171,610.25;24,676.50;42,232.00
Nov 26, 2024;Nov 27, 2024;103,370.00;40,305.25;114,280.00;428,137.00;56,822.25;3,146.75;-;266,405.50;121,424.25;241,278.25;22,583.25;48,834.50
Nov 27, 2024;Nov 28, 2024;102,949.75;41,511.50;84,294.25;543,569.25;61,229.75;3,294.25;-;257,475.00;112,053.75;216,281.00;25,115.00;43,801.75
Nov 28, 2024;Nov 29, 2024;103,978.75;40,024.50;85,049.25;735,383.50;34,457.25;3,206.75;-;232,288.50;108,706.00;225,257.25;15,223.25;37,814.25
Nov 29, 2024;Nov 30, 2024;106,174.75;43,283.25;67,418.25;155,148.00;62,157.25;3,313.50;-;282,467.00;144,724.25;288,600.75;30,180.25;46,732.25
Nov 30, 2024;Dec 1, 2024;105,827.00;39,209.50;104,581.75;350,587.75;109,063.50;3,336.25;-;273,568.25;95,348.50;175,593.00;18,800.50;41,762.00
Dec 1, 2024;Dec 2, 2024;104,912.00;37,173.00;78,626.75;318,086.75;74,638.25;3,249.25;-;276,988.00;67,843.75;160,013.75;14,442.25;42,815.50
Dec 2, 2024;Dec 3, 2024;105,023.75;39,099.50;107,704.75;446,115.50;29,315.00;3,245.50;-;266,555.50;107,804.50;254,694.25;29,842.50;43,269.25
Dec 3, 2024;Dec 4, 2024;105,587.75;45,040.00;99,792.50;303,756.75;36,936.75;3,138.75;-;296,466.50;135,962.00;320,458.00;24,991.75;44,418.25
Dec 4, 2024;Dec 5, 2024;107,244.00;48,485.25;40,576.00;135,297.25;36,173.75;3,228.00;-;303,315.00;145,581.00;356,797.50;42,971.00;44,669.00
Dec 5, 2024;Dec 6, 2024;105,057.25;40,807.00;95,801.00;538,355.00;60,282.25;3,257.50;-;265,755.00;106,604.75;230,742.00;16,345.50;43,582.25
Dec 6, 2024;Dec 7, 2024;105,378.25;40,783.50;88,846.50;686,607.00;25,480.00;3,294.75;-;216,849.75;88,376.25;169,162.75;39,453.75;42,874.00
Dec 7, 2024;Dec 8, 2024;102,548.25;40,621.75;113,562.25;548,063.50;18,726.25;3,387.75;-;190,419.50;53,896.25;127,986.75;8,979.75;41,532.00
Dec 8, 2024;Dec 9, 2024;102,542.25;39,240.00;114,817.50;308,970.25;33,497.25;3,379.50;-;224,984.25;48,950.75;164,748.00;25,602.50;44,944.00
Dec 9, 2024;Dec 10, 2024;99,859.50;38,766.25;139,769.75;599,982.00;12,305.50;3,292.75;-;218,891.00;95,405.00;216,429.75;19,945.75;43,961.25
Dec 10, 2024;Dec 11, 2024;99,898.50;46,688.00;64,791.75;352,366.75;12,939.75;3,250.25;-;259,435.50;127,681.25;326,077.25;28,939.75;45,961.00
Dec 11, 2024;Dec 12, 2024;102,187.25;54,496.00;19,665.75;38,671.75;12,986.25;3,296.50;-;270,984.00;145,705.50;415,848.00;44,699.75;52,058.25
Dec 12, 2024;Dec 13, 2024;104,197.00;52,078.50;19,784.25;15,052.50;15,430.75;3,232.25;-;268,865.75;146,537.25;416,866.00;44,634.75;53,576.75
Dec 13, 2024;Dec 14, 2024;104,476.50;47,358.50;25,919.00;120,411.00;26,561.75;3,319.75;-;247,449.00;154,133.00;390,848.00;39,180.50;46,943.00
Dec 14, 2024;Dec 15, 2024;103,571.75;36,007.25;109,907.75;410,271.00;20,081.25;3,352.50;-;241,249.75;123,122.50;182,102.25;13,844.50;41,764.50
Dec 15, 2024;Dec 16, 2024;100,498.00;33,530.75;76,324.25;826,461.00;24,157.25;3,239.00;-;115,295.75;101,717.25;121,385.75;10,885.75;41,981.75
Dec 16, 2024;Dec 17, 2024;101,643.00;33,902.75;58,547.50;976,938.25;25,287.75;3,165.25;-;135,885.00;125,846.25;157,042.50;23,722.50;39,236.25
Dec 17, 2024;Dec 18, 2024;105,385.00;35,327.25;106,062.50;537,609.50;27,160.00;3,275.25;-;242,992.50;122,692.00;224,707.75;33,856.50;39,851.50
Dec 18, 2024;Dec 19, 2024;104,485.00;33,815.25;106,677.75;819,207.25;32,798.50;3,228.75;-;111,658.50;54,618.50;159,088.00;20,169.25;36,295.25
Dec 19, 2024;Dec 20, 2024;105,349.50;34,418.50;112,733.00;900,563.75;19,794.75;3,256.50;-;84,805.25;72,714.75;136,565.25;29,626.00;39,013.75
Dec 20, 2024;Dec 21, 2024;106,905.00;37,122.75;124,784.50;735,492.00;39,862.50;3,347.25;-;112,742.25;84,610.25;157,493.75;41,576.00;38,542.75
Dec 21, 2024;Dec 22, 2024;104,203.00;34,530.25;124,076.00;885,489.50;30,222.75;3,265.25;-;76,342.50;55,052.00;87,361.75;19,139.25;35,952.50
Dec 22, 2024;Dec 23, 2024;103,227.25;38,299.00;123,282.25;687,032.00;21,552.75;3,183.25;-;96,649.00;35,067.75;83,086.00;32,696.75;43,019.50
Dec 23, 2024;Dec 24, 2024;103,718.50;41,779.75;110,258.50;650,691.75;31,522.25;3,228.75;-;149,125.00;51,878.75;127,472.50;17,981.00;38,860.50
Dec 24, 2024;Dec 25, 2024;105,165.75;39,686.50;64,909.50;240,549.25;33,799.25;3,316.50;-;238,115.00;82,752.00;148,949.50;26,658.50;44,379.00
Dec 25, 2024;Dec 26, 2024;103,822.00;38,830.00;59,712.75;151,024.75;48,980.50;3,258.00;-;253,361.00;76,651.25;129,829.75;13,682.25;45,670.50
Dec 26, 2024;Dec 27, 2024;104,432.00;38,273.25;26,821.00;76,459.00;52,246.75;3,203.00;-;263,196.75;113,177.75;184,142.00;16,703.75;44,716.50
Dec 27, 2024;Dec 28, 2024;103,628.25;39,413.50;2,941.25;46,422.00;61,205.75;3,249.25;-;262,041.75;127,732.00;276,928.25;33,337.75;46,651.00
Dec 28, 2024;Dec 29, 2024;104,735.50;38,594.25;22,347.75;31,442.25;61,088.50;3,295.00;-;267,978.50;126,707.00;265,150.50;20,830.25;44,891.25
Dec 29, 2024;Dec 30, 2024;103,246.50;35,856.25;97,298.25;257,394.50;39,719.00;3,266.75;-;248,342.50;107,777.25;219,174.00;13,292.25;44,499.25
Dec 30, 2024;Dec 31, 2024;103,210.50;36,087.50;61,186.75;534,347.25;22,927.50;3,206.75;-;202,778.75;127,162.25;240,093.50;23,337.25;42,030.25
Dec 31, 2024;Jan 1, 2025;102,963.25;36,333.00;69,337.25;529,023.25;49,085.25;3,132.75;-;168,489.25;82,801.00;211,986.50;18,785.00;43,699.25
Jan 1, 2025;Jan 2, 2025;92,642.50;33,560.75;68,182.50;904,260.75;56,781.25;3,054.00;-;78,747.75;56,688.50;94,714.25;5,171.25;43,258.75
Jan 2, 2025;Jan 3, 2025;98,269.50;34,751.75;131,287.00;506,115.50;29,470.75;3,026.00;-;189,536.50;100,554.00;197,138.50;34,925.25;42,397.75
Jan 3, 2025;Jan 4, 2025;96,623.50;35,305.00;96,849.75;678,718.75;30,355.50;3,118.25;-;196,708.25;108,910.25;215,450.25;11,116.75;41,535.75
Jan 4, 2025;Jan 5, 2025;99,989.75;36,686.25;56,389.50;259,667.75;27,526.25;3,238.00;-;283,078.50;119,107.00;199,086.00;34,604.50;42,372.00
Jan 5, 2025;Jan 6, 2025;97,232.50;37,078.00;107,471.00;494,995.75;9,092.50;3,196.25;-;197,156.75;44,942.25;144,152.75;10,062.00;41,021.25
Jan 6, 2025;Jan 7, 2025;92,141.00;39,849.25;110,000.50;935,617.50;40,295.25;3,105.50;-;86,080.00;47,030.50;115,267.50;17,397.75;40,178.75
Jan 7, 2025;Jan 8, 2025;99,018.75;41,676.25;92,782.75;869,129.00;47,116.25;3,126.00;-;135,939.50;75,857.00;160,414.50;33,120.00;37,488.75
Jan 8, 2025;Jan 9, 2025;102,934.50;41,683.75;92,283.50;571,546.50;32,787.00;3,165.50;-;232,763.50;139,722.50;255,269.75;24,684.75;39,383.00
Jan 9, 2025;Jan 10, 2025;104,521.75;46,138.00;49,488.00;380,266.00;30,077.50;3,115.75;-;271,461.75;162,552.00;269,352.50;36,491.00;42,932.25
Jan 10, 2025;Jan 11, 2025;105,109.00;44,025.75;94,535.00;521,278.50;40,318.25;3,241.00;-;243,388.75;140,550.25;237,122.25;28,852.25;42,821.00
Jan 11, 2025;Jan 12, 2025;104,108.00;40,592.75;57,245.75;507,007.75;51,872.50;3,284.50;-;193,908.50;132,947.75;259,845.00;6,619.75;41,657.00
Jan 12, 2025;Jan 13, 2025;105,522.25;41,416.00;24,254.75;255,121.50;64,977.75;3,292.25;-;235,072.75;134,282.25;228,473.50;23,466.00;43,225.00
Jan 13, 2025;Jan 14, 2025;105,622.50;44,677.25;105,549.00;179,902.50;83,647.75;3,158.75;-;253,384.75;149,359.00;336,356.25;39,066.00;48,310.75
Jan 14, 2025;Jan 15, 2025;106,140.00;46,245.75;140,255.75;437,204.75;68,972.25;3,165.00;-;251,743.00;140,928.75;362,327.75;28,614.50;50,241.00
Jan 15, 2025;Jan 16, 2025;108,019.50;50,019.75;27,973.00;153,305.00;22,816.50;3,219.50;-;290,373.00;153,176.75;420,208.00;43,421.00;44,204.25
Jan 16, 2025;Jan 17, 2025;106,186.50;47,684.50;94,357.00;115,134.75;45,649.00;3,227.50;-;258,973.75;131,179.50;399,633.25;35,127.75;43,148.50
Jan 17, 2025;Jan 18, 2025;106,707.25;50,953.00;90,572.50;62,176.75;33,999.50;3,238.25;-;270,614.75;132,500.25;386,613.75;43,448.25;46,307.75
Jan 18, 2025;Jan 19, 2025;106,589.75;45,409.50;20,504.50;61,516.25;70,783.50;3,204.25;-;249,656.75;133,499.25;344,004.75;21,668.25;43,539.75
Jan 19, 2025;Jan 20, 2025;104,993.75;42,393.75;5,009.25;130,763.00;107,347.25;3,193.50;-;244,919.00;134,927.00;289,150.25;14,864.50;43,274.50
Jan 20, 2025;Jan 21, 2025;108,137.25;50,612.50;26,526.00;93,391.50;76,330.00;3,138.25;-;260,282.00;158,795.75;389,733.75;49,746.75;36,587.25
Jan 21, 2025;Jan 22, 2025;108,407.25;50,616.00;101,733.25;66,455.25;72,233.75;3,204.00;-;284,828.50;159,155.00;417,402.00;44,298.75;39,681.25
Jan 22, 2025;Jan 23, 2025;107,651.50;45,096.50;34,275.25;287,857.75;65,603.00;3,237.25;-;278,849.00;158,453.75;381,848.75;33,496.50;37,119.25
Jan 23, 2025;Jan 24, 2025;102,885.50;37,857.25;103,467.50;642,017.25;33,519.00;3,234.50;-;224,805.25;130,010.75;248,827.50;18,311.75;35,098.50
Jan 24, 2025;Jan 25, 2025;101,346.00;36,599.00;124,716.25;779,479.25;62,504.75;2,940.75;-;123,167.50;94,998.50;200,716.75;10,556.25;33,828.25
Jan 25, 2025;Jan 26, 2025;106,373.25;34,852.25;107,712.00;460,465.50;53,975.75;2,683.50;-;185,713.00;76,879.75;149,356.75;39,803.00;33,470.00
Jan 26, 2025;Jan 27, 2025;107,170.50;34,352.00;56,047.00;354,777.00;54,017.75;2,782.50;-;228,010.75;63,638.00;144,628.50;16,426.00;35,981.00
Jan 27, 2025;Jan 28, 2025;105,047.50;36,010.25;129,650.00;785,890.50;45,989.00;2,749.00;-;145,832.25;59,115.75;148,791.50;20,936.25;34,391.00
Jan 28, 2025;Jan 29, 2025;106,747.00;43,231.75;126,830.50;484,716.25;44,580.00;2,611.00;-;214,336.25;90,511.75;193,021.50;41,112.50;34,344.50
Jan 29, 2025;Jan 30, 2025;105,545.00;44,391.50;100,070.25;648,855.75;66,163.25;2,815.00;-;205,616.00;90,137.00;183,939.75;25,950.00;34,723.75
Jan 30, 2025;Jan 31, 2025;106,993.25;44,727.50;102,114.50;268,692.00;69,635.75;3,199.50;-;243,911.00;137,830.50;280,528.50;30,488.00;29,681.75
Jan 31, 2025;Feb 1, 2025;107,288.75;42,966.75;61,684.25;304,805.25;89,026.25;3,239.25;-;268,103.00;152,799.50;270,898.25;29,265.00;31,412.50
Feb 1, 2025;Feb 2, 2025;106,977.50;41,715.00;7,928.00;100,842.00;124,061.25;3,286.50;-;285,516.50;150,912.50;222,211.00;21,205.00;32,391.00
Feb 2, 2025;Feb 3, 2025;106,675.00;40,175.00;17,128.50;46,868.00;126,384.25;3,268.00;-;287,189.75;140,651.25;212,370.00;14,445.50;32,685.75
Feb 3, 2025;Feb 4, 2025;108,076.50;44,375.00;36,594.25;50,420.75;108,915.25;3,044.25;-;290,509.50;128,561.25;343,633.75;42,708.75;36,145.75
Feb 4, 2025;Feb 5, 2025;107,194.75;44,468.00;115,574.00;167,005.00;94,754.75;2,987.25;-;278,828.75;135,616.75;334,070.75;33,719.25;38,064.00
Feb 5, 2025;Feb 6, 2025;104,830.00;43,718.75;84,551.75;228,640.50;71,152.25;3,183.25;-;268,875.25;153,876.75;355,516.75;28,815.25;37,889.75
Feb 6, 2025;Feb 7, 2025;104,790.50;42,352.25;50,374.75;164,031.50;40,593.00;3,106.75;-;274,390.25;189,545.50;352,893.00;29,769.50;38,136.50
Feb 7, 2025;Feb 8, 2025;103,441.75;36,711.25;150,507.25;649,838.25;72,696.00;3,141.75;-;249,376.25;154,388.50;223,026.25;13,519.25;44,294.25
Feb 8, 2025;Feb 9, 2025;107,739.25;37,012.50;123,992.00;388,101.75;154,275.75;2,629.75;-;218,979.25;138,904.25;204,408.25;14,120.25;36,969.00
Feb 9, 2025;Feb 10, 2025;107,528.00;34,802.50;105,202.00;206,922.00;122,205.75;2,492.50;-;228,049.25;161,862.50;235,740.25;15,521.50;36,807.25
Feb 10, 2025;Feb 11, 2025;107,201.50;35,556.75;140,019.25;478,044.75;85,127.25;2,529.25;-;229,882.25;175,766.25;262,344.50;26,088.75;44,587.50
Feb 11, 2025;Feb 12, 2025;105,968.75;41,362.75;103,630.50;525,244.75;71,124.25;2,594.00;-;208,621.00;187,399.00;308,420.75;27,299.75;42,874.25
Feb 12, 2025;Feb 13, 2025;106,861.00;42,163.50;141,826.00;267,747.25;62,317.00;2,845.50;-;242,985.50;198,878.50;345,317.50;28,399.75;43,079.75
Feb 13, 2025;Feb 14, 2025;108,086.50;49,709.50;76,237.25;131,958.50;28,449.25;3,048.25;-;260,470.75;189,872.00;385,702.00;42,030.00;45,716.50
Feb 14, 2025;Feb 15, 2025;109,307.00;49,533.25;20,529.75;81,256.25;27,663.25;3,195.50;-;253,091.50;186,898.50;407,295.50;40,515.50;45,308.25
Feb 15, 2025;Feb 16, 2025;108,956.75;43,789.50;18,584.75;31,009.50;60,230.50;3,264.75;-;252,334.50;193,996.50;301,756.50;20,626.00;47,989.25
Feb 16, 2025;Feb 17, 2025;106,625.75;37,760.75;57,800.00;183,402.25;97,200.25;3,254.00;-;239,288.25;185,591.75;230,924.25;10,401.50;48,234.25
Feb 17, 2025;Feb 18, 2025;107,701.50;39,728.50;18,781.25;97,957.50;186,219.00;3,225.50;-;281,081.50;185,984.00;350,627.00;42,611.25;50,200.75
Feb 18, 2025;Feb 19, 2025;107,644.25;38,315.75;55,955.50;211,343.25;211,395.50;3,206.75;-;283,280.50;169,609.25;299,454.50;28,407.00;44,035.25
Feb 19, 2025;Feb 20, 2025;107,777.00;36,385.00;132,231.50;466,425.25;212,098.25;3,225.75;-;245,766.00;153,191.25;241,421.00;21,254.50;42,641.25
Feb 20, 2025;Feb 21, 2025;108,481.75;35,351.50;147,046.00;409,024.50;130,990.00;3,056.50;-;246,315.50;156,333.75;240,315.25;30,620.00;43,780.75
Feb 21, 2025;Feb 22, 2025;107,280.75;34,217.50;144,319.50;395,186.00;159,384.75;3,055.75;-;226,612.00;95,241.25;183,574.00;21,388.00;40,858.00
Feb 22, 2025;Feb 23, 2025;106,766.50;34,785.00;128,186.75;463,760.75;141,190.00;2,962.75;-;168,313.75;62,164.25;126,135.50;35,903.75;40,881.75
Feb 23, 2025;Feb 24, 2025;105,401.75;33,675.75;99,661.00;268,334.00;137,532.00;3,011.00;-;202,211.00;67,368.00;124,684.50;24,099.50;40,140.50
Feb 24, 2025;Feb 25, 2025;104,115.50;32,407.75;145,863.25;569,689.75;116,136.00;2,835.00;-;197,625.50;87,027.25;149,803.50;13,792.50;39,775.50
Feb 25, 2025;Feb 26, 2025;105,390.75;36,887.50;47,868.75;137,177.50;112,589.00;2,916.25;-;283,434.25;140,714.75;278,296.75;38,572.75;42,413.50
Feb 26, 2025;Feb 27, 2025;104,983.50;36,686.25;18,504.50;179,163.75;65,861.25;3,087.25;-;291,850.25;153,643.50;331,682.50;27,918.75;39,314.00
Feb 27, 2025;Feb 28, 2025;103,205.00;35,832.25;37,906.50;200,827.50;111,052.75;3,154.00;-;295,847.00;144,890.25;314,751.00;23,111.00;40,677.75
Feb 28, 2025;Mar 1, 2025;103,346.50;34,250.00;33,346.00;127,181.25;87,049.50;3,120.50;-;301,375.25;147,948.50;336,072.50;28,121.25;41,930.50
Mar 1, 2025;Mar 2, 2025;103,533.25;33,859.50;24,356.50;109,210.00;113,461.25;3,089.75;-;297,311.75;142,291.75;205,293.00;23,180.25;43,448.00
Mar 2, 2025;Mar 3, 2025;101,887.25;34,637.00;88,687.25;175,953.00;233,790.50;3,070.25;-;248,214.00;101,334.25;153,822.75;21,015.25;48,718.75
Mar 3, 2025;Mar 4, 2025;102,640.00;34,366.50;123,688.75;223,292.00;273,229.75;2,925.75;-;256,714.75;115,561.25;205,025.50;35,350.00;48,792.25
Mar 4, 2025;Mar 5, 2025;102,945.00;33,385.25;118,209.00;209,951.25;264,354.75;2,850.50;-;249,893.25;117,490.00;202,975.75;32,035.50;36,599.00
Mar 5, 2025;Mar 6, 2025;102,211.00;31,895.00;140,209.75;350,216.75;275,760.00;2,843.75;-;222,389.00;79,872.75;198,899.75;29,145.25;34,928.25
Mar 6, 2025;Mar 7, 2025;103,069.25;33,249.50;90,135.00;226,418.75;282,010.25;2,756.50;-;232,176.75;86,635.00;179,674.25;34,888.00;30,286.25
Mar 7, 2025;Mar 8, 2025;103,121.75;32,686.75;37,171.25;120,764.50;276,952.25;2,844.00;-;239,636.25;98,809.25;196,830.75;38,363.25;31,160.25
Mar 8, 2025;Mar 9, 2025;101,630.25;30,122.50;37,259.50;167,915.50;276,344.50;2,850.50;-;208,812.00;59,412.00;148,264.50;21,204.00;31,108.00
Mar 9, 2025;Mar 10, 2025;100,921.75;29,180.25;65,178.00;135,497.50;274,183.50;2,812.25;-;198,461.50;53,634.00;121,091.25;23,479.75;35,440.50
Mar 10, 2025;Mar 11, 2025;101,323.50;28,229.75;25,068.50;76,652.25;195,868.00;2,798.75;-;218,094.00;109,379.00;238,040.00;32,361.25;37,141.00
Mar 11, 2025;Mar 12, 2025;102,209.00;28,958.75;38,408.25;76,864.00;156,305.00;2,825.75;-;245,694.25;142,425.25;284,387.50;33,954.75;37,382.00
Mar 12, 2025;Mar 13, 2025;102,854.00;30,821.50;24,641.00;76,839.25;90,916.00;2,632.00;-;270,209.75;155,942.00;289,812.50;33,976.25;41,050.75
Mar 13, 2025;Mar 14, 2025;102,981.00;32,921.50;55,748.00;69,254.25;114,235.00;2,856.25;-;279,633.00;150,052.00;286,834.00;31,104.25;40,369.00
Mar 14, 2025;Mar 15, 2025;102,980.25;35,114.75;50,081.75;94,833.75;117,652.75;2,880.50;-;275,515.75;139,411.25;267,529.25;28,267.00;47,134.75
Mar 15, 2025;Mar 16, 2025;101,623.50;31,333.75;20,635.50;285,356.00;158,577.00;2,918.50;-;236,969.25;68,303.00;133,050.00;22,574.75;46,689.25
Mar 16, 2025;Mar 17, 2025;101,013.50;29,254.50;65,015.50;228,095.75;232,474.25;2,980.00;-;228,681.00;66,607.75;130,690.50;21,462.75;40,538.75
Mar 17, 2025;Mar 18, 2025;101,814.50;29,557.25;62,886.00;296,244.75;268,308.50;2,907.25;-;241,601.00;97,146.00;167,780.50;31,322.25;39,361.75
Mar 18, 2025;Mar 19, 2025;102,137.25;29,972.00;23,343.75;198,121.50;339,753.00;2,940.50;-;236,132.00;122,173.25;182,565.50;27,794.75;40,948.75
Mar 19, 2025;Mar 20, 2025;102,528.25;30,279.75;14,108.75;102,239.75;334,205.50;2,913.00;-;257,668.25;120,074.00;222,077.50;35,600.00;36,972.75
Mar 20, 2025;Mar 21, 2025;102,046.00;30,064.25;16,761.25;103,119.50;312,618.25;2,767.00;-;262,999.00;120,720.25;232,878.50;32,369.00;34,131.50
Mar 21, 2025;Mar 22, 2025;100,106.25;28,749.50;77,071.25;339,130.75;295,733.00;2,700.25;-;173,033.75;75,375.75;136,918.25;33,060.00;37,299.75
Mar 22, 2025;Mar 23, 2025;97,429.25;29,388.75;72,427.75;614,614.25;260,513.75;2,836.25;-;94,116.00;43,871.50;105,804.75;13,385.25;39,267.00
Mar 23, 2025;Mar 24, 2025;99,957.25;29,233.50;110,747.75;276,992.00;183,688.00;2,835.00;-;148,029.00;64,375.25;120,628.00;26,062.75;41,332.00
Mar 24, 2025;Mar 25, 2025;101,366.25;29,491.25;10,981.75;50,118.25;177,995.50;2,683.50;-;296,656.50;139,022.75;242,602.25;45,208.00;43,888.00
Mar 25, 2025;Mar 26, 2025;100,275.50;31,131.75;84,571.25;166,926.50;197,588.25;2,805.25;-;287,560.25;133,345.00;177,706.00;22,909.00;42,745.50
Mar 26, 2025;Mar 27, 2025;100,595.25;31,248.75;61,577.75;210,492.25;110,777.75;2,680.75;-;294,537.00;158,096.00;205,705.00;30,934.00;40,064.75
Mar 27, 2025;Mar 28, 2025;99,013.50;29,264.00;101,140.25;102,523.75;252,725.25;2,468.00;-;280,421.75;127,899.50;156,337.50;31,191.50;38,371.50
Mar 28, 2025;Mar 29, 2025;99,944.25;30,340.00;77,940.75;147,350.50;333,176.75;2,749.75;-;261,968.00;92,500.00;146,348.50;32,715.00;41,217.75
Mar 29, 2025;Mar 30, 2025;99,415.75;29,956.00;39,464.25;240,727.50;199,315.75;2,901.75;-;201,220.50;66,985.25;102,117.00;33,042.75;40,770.00
Mar 30, 2025;Mar 31, 2025;90,193.00;32,845.25;72,105.50;648,926.25;154,325.00;2,692.75;-;102,920.25;35,677.75;66,848.00;8,222.00;35,059.25
Mar 31, 2025;Apr 1, 2025;95,882.25;33,641.00;59,466.50;367,050.25;155,544.00;2,850.50;-;230,407.25;99,670.75;141,316.25;36,960.50;41,447.75
Apr 1, 2025;Apr 2, 2025;95,351.00;33,379.75;21,155.75;287,475.50;269,969.50;2,731.00;-;233,717.00;100,056.25;144,142.50;28,030.00;42,796.00
Apr 2, 2025;Apr 3, 2025;93,541.25;32,341.00;68,540.25;446,878.25;322,821.75;2,714.50;-;180,255.25;68,665.75;96,234.50;29,575.50;42,684.00
Apr 3, 2025;Apr 4, 2025;94,086.50;32,719.00;46,248.25;269,295.75;368,875.50;2,521.00;-;198,592.75;83,867.50;115,902.00;38,133.75;43,636.50
Apr 4, 2025;Apr 5, 2025;94,893.00;32,359.75;30,976.75;114,144.75;370,820.00;2,718.50;-;222,289.00;102,653.25;127,485.50;38,708.25;43,208.00
Apr 5, 2025;Apr 6, 2025;92,669.50;30,827.25;62,731.50;317,465.25;326,259.50;2,759.50;-;115,557.25;31,238.25;74,630.00;28,409.25;40,225.75
Apr 6, 2025;Apr 7, 2025;91,946.00;30,408.25;32,875.50;240,947.50;355,100.25;2,865.25;-;99,358.50;42,273.50;79,937.75;23,303.25;39,414.25
Apr 7, 2025;Apr 8, 2025;93,658.50;30,041.75;20,227.50;159,717.50;355,954.50;2,811.25;-;192,202.50;114,402.50;160,768.25;32,841.00;42,235.75
Apr 8, 2025;Apr 9, 2025;94,985.50;33,089.00;2,013.25;62,123.50;348,351.75;2,832.25;-;202,862.75;133,369.75;191,068.00;37,500.75;40,787.50
Apr 9, 2025;Apr 10, 2025;95,157.25;31,991.25;64,938.50;165,311.25;290,773.00;2,840.75;-;196,652.00;112,478.25;166,562.00;30,828.25;40,169.25
Apr 10, 2025;Apr 11, 2025;96,784.25;30,249.75;58,717.00;225,523.75;293,471.75;2,811.00;-;186,471.00;117,702.25;159,924.00;39,318.75;42,962.00
Apr 11, 2025;Apr 12, 2025;98,599.75;31,700.75;51,840.75;403,650.75;321,993.75;2,729.50;-;141,339.00;92,666.75;146,679.00;40,543.25;41,365.50
Apr 12, 2025;Apr 13, 2025;98,982.00;29,138.50;39,860.50;140,242.50;366,719.00;2,696.00;-;128,644.25;52,313.00;115,899.50;42,452.25;38,007.25
Apr 13, 2025;Apr 14, 2025;97,863.75;28,884.75;94,471.25;431,156.75;201,453.75;2,637.25;-;110,110.50;48,286.50;83,034.25;17,698.00;36,040.75
Apr 14, 2025;Apr 15, 2025;100,373.25;31,990.75;34,495.50;127,183.25;303,543.00;2,637.75;-;216,988.25;119,830.50;139,107.50;41,718.00;37,365.00
Apr 15, 2025;Apr 16, 2025;98,305.00;32,061.75;98,527.75;412,083.25;260,386.25;2,636.25;-;190,807.50;98,900.50;122,383.50;29,136.00;36,087.75
Apr 16, 2025;Apr 17, 2025;98,865.50;33,817.75;33,681.00;191,054.75;271,589.50;2,589.50;-;218,238.50;112,562.25;125,913.50;34,272.25;34,716.75
Apr 17, 2025;Apr 18, 2025;100,135.75;37,072.00;39,889.00;341,716.50;162,966.25;2,715.25;-;223,835.50;110,121.50;144,230.00;33,913.75;42,483.25
Apr 18, 2025;Apr 19, 2025;99,369.75;36,129.25;34,877.75;204,731.75;90,705.50;2,794.25;-;218,890.00;94,038.50;97,989.75;24,406.25;41,607.00
Apr 19, 2025;Apr 20, 2025;99,354.50;35,207.75;39,414.75;71,022.25;273,892.50;2,779.50;-;148,974.50;40,838.25;87,287.00;30,743.00;40,132.50
Apr 20, 2025;Apr 21, 2025;98,214.00;32,644.00;21,614.25;101,092.00;315,270.25;2,724.75;-;119,539.00;31,812.25;79,219.75;33,545.75;41,285.00
Apr 21, 2025;Apr 22, 2025;97,908.50;31,857.25;2,751.50;67,840.00;239,729.50;2,677.50;-;156,292.25;57,250.25;95,846.75;20,928.75;42,730.75
Apr 22, 2025;Apr 23, 2025;98,958.25;33,905.25;3,932.25;72,591.75;254,611.50;2,628.25;-;195,099.75;118,472.50;147,116.00;38,791.50;39,443.00
Apr 23, 2025;Apr 24, 2025;99,314.00;33,253.25;25,678.50;81,693.75;269,961.75;2,709.75;-;195,688.25;123,256.25;181,863.00;24,583.00;40,043.00
Apr 24, 2025;Apr 25, 2025;98,651.25;38,793.50;49,004.25;180,297.00;164,951.25;2,809.75;-;212,802.25;98,417.50;137,689.00;28,902.75;37,455.75
Apr 25, 2025;Apr 26, 2025;104,577.75;40,347.50;7,054.50;127,745.50;202,337.50;2,826.75;-;203,840.00;77,884.25;125,999.75;30,312.75;34,276.75
Apr 26, 2025;Apr 27, 2025;111,434.50;36,791.50;11,538.00;228,456.75;347,937.00;2,792.00;-;122,816.00;22,417.25;84,359.00;32,015.25;31,648.50
Apr 27, 2025;Apr 28, 2025;109,707.50;33,688.50;33,563.75;181,109.50;382,400.50;2,751.25;-;109,580.00;24,714.50;72,620.50;23,939.25;31,547.75
Apr 28, 2025;Apr 29, 2025;111,006.50;35,802.25;15,669.00;47,778.00;412,575.00;2,457.25;-;194,930.25;56,577.75;130,576.75;37,981.25;35,854.50
Apr 29, 2025;Apr 30, 2025;109,570.75;37,582.75;20,360.25;87,001.25;402,054.50;2,341.00;-;202,929.50;64,765.00;128,736.00;28,873.00;33,646.50
Apr 30, 2025;May 1, 2025;99,944.25;35,340.50;14,121.00;55,831.00;403,548.75;2,464.75;-;201,517.25;46,687.50;129,472.25;33,510.50;36,124.75
May 1, 2025;May 2, 2025;93,669.25;32,629.50;9,210.00;65,283.25;395,093.75;2,322.25;-;135,979.25;21,955.00;86,849.75;34,022.00;36,558.75
May 2, 2025;May 3, 2025;94,296.50;34,949.75;43,074.00;208,063.50;355,497.75;2,327.75;-;105,936.75;17,981.25;75,129.75;34,156.00;36,785.50
May 3, 2025;May 4, 2025;94,766.50;34,528.50;65,942.00;207,477.75;243,919.50;2,434.25;-;99,645.00;11,477.25;70,755.50;31,854.00;37,969.25
May 4, 2025;May 5, 2025;93,107.25;35,359.00;98,710.00;350,948.50;213,836.50;2,523.50;-;91,839.00;14,257.50;65,585.25;20,351.25;38,794.75
May 5, 2025;May 6, 2025;93,677.50;43,295.75;63,038.25;237,291.00;259,846.00;2,531.25;-;155,516.00;32,504.25;103,274.50;29,540.50;38,750.00
May 6, 2025;May 7, 2025;94,280.50;47,238.25;81,533.00;204,329.50;345,739.00;2,497.75;-;148,608.00;39,596.75;116,346.00;34,519.25;36,676.50
May 7, 2025;May 8, 2025;96,106.25;45,470.25;26,476.75;167,943.50;325,819.25;2,508.25;-;190,094.25;48,947.75;140,661.00;33,804.00;37,917.50
May 8, 2025;May 9, 2025;96,899.75;45,023.50;14,476.00;175,375.25;309,427.50;2,668.50;-;186,975.75;43,045.75;148,587.25;36,612.25;37,735.50
May 9, 2025;May 10, 2025;95,764.75;42,477.75;13,023.25;131,339.00;415,645.50;2,673.25;-;163,997.00;43,434.50;139,656.00;33,333.00;37,377.00
May 10, 2025;May 11, 2025;94,667.75;37,698.75;6,748.75;112,672.50;400,205.00;2,526.00;-;124,782.75;23,981.00;85,784.50;34,136.50;36,795.50
May 11, 2025;May 12, 2025;92,845.75;35,356.00;42,860.50;204,596.25;406,994.00;2,456.50;-;94,434.00;15,309.50;67,233.75;25,042.00;36,318.50
May 12, 2025;May 13, 2025;92,814.75;36,901.75;92,347.00;282,598.50;437,928.00;2,448.00;-;117,905.00;25,825.50;104,138.25;30,978.25;39,081.25
May 13, 2025;May 14, 2025;93,248.00;37,027.25;45,296.00;137,505.75;438,599.50;2,472.75;-;168,387.25;44,819.25;127,436.00;37,255.50;39,349.75
May 14, 2025;May 15, 2025;92,709.00;35,170.00;57,561.25;227,187.25;413,062.00;2,492.75;-;150,321.25;47,832.25;109,132.75;22,494.75;35,998.25
May 15, 2025;May 16, 2025;93,751.75;33,409.00;68,438.75;332,218.50;366,984.00;2,472.25;-;141,574.00;42,446.00;104,157.75;32,231.25;35,007.00
May 16, 2025;May 17, 2025;95,052.25;33,723.00;69,110.25;258,890.50;340,333.00;2,584.00;-;139,453.50;39,619.50;105,759.50;35,711.25;34,554.75
May 17, 2025;May 18, 2025;93,953.00;32,524.25;49,600.50;278,386.75;298,016.00;2,513.00;-;112,458.50;23,893.00;84,051.00;32,069.75;35,539.25
May 18, 2025;May 19, 2025;93,440.50;32,692.75;31,171.00;220,119.50;295,843.00;2,487.00;-;116,409.75;25,327.00;88,871.75;22,508.00;38,449.00
May 19, 2025;May 20, 2025;94,405.75;32,930.25;18,615.25;112,628.00;352,631.25;2,358.75;-;186,486.75;52,768.50;133,834.25;38,160.50;39,427.75
May 20, 2025;May 21, 2025;92,783.50;35,681.75;52,793.25;94,077.00;388,609.50;2,440.25;-;180,673.25;64,381.75;153,573.75;29,313.25;36,057.75
May 21, 2025;May 22, 2025;92,363.25;34,846.00;107,663.00;354,965.25;325,846.50;2,220.25;-;168,874.50;54,921.25;124,074.25;27,514.75;38,832.50
May 22, 2025;May 23, 2025;93,316.50;38,571.75;107,529.25;471,352.50;261,699.75;2,108.25;-;144,814.75;48,615.75;134,743.50;26,384.75;42,593.75
May 23, 2025;May 24, 2025;96,547.75;40,104.75;97,709.25;325,900.75;332,141.75;2,523.50;-;137,163.25;41,852.25;102,560.25;28,703.25;40,829.75
May 24, 2025;May 25, 2025;96,253.50;35,655.75;72,221.50;317,384.25;333,223.25;2,528.75;-;85,714.00;17,268.75;66,490.00;37,205.25;39,471.75
May 25, 2025;May 26, 2025;94,289.00;30,853.75;114,515.25;442,297.25;163,808.75;2,475.50;-;79,106.75;11,957.25;56,031.75;25,700.75;40,712.75
May 26, 2025;May 27, 2025;96,351.75;36,882.50;94,392.75;281,069.00;325,922.75;2,481.50;-;119,652.75;21,615.75;96,787.25;39,794.50;40,850.50
May 27, 2025;May 28, 2025;95,164.25;39,407.25;77,708.25;471,424.50;252,952.25;2,343.50;-;118,369.50;30,776.00;104,203.25;27,430.25;39,140.50
May 28, 2025;May 29, 2025;96,021.25;40,192.50;32,068.25;537,976.50;186,610.00;2,504.50;-;138,238.50;35,537.75;92,741.00;34,562.00;37,101.00
May 29, 2025;May 30, 2025;95,566.00;45,382.00;77,737.75;242,104.50;297,413.50;2,557.00;-;100,993.50;14,682.50;75,568.50;32,124.25;39,097.50
May 30, 2025;May 31, 2025;94,251.25;45,596.50;114,781.25;341,002.50;359,505.00;2,450.25;-;92,116.50;12,509.00;76,862.75;33,246.25;38,606.00
May 31, 2025;Jun 1, 2025;93,654.25;44,192.50;15,099.00;63,704.50;373,985.00;1,871.00;-;109,397.50;16,315.75;89,861.00;44,212.75;40,326.75
Jun 1, 2025;Jun 2, 2025;91,753.25;41,654.50;49,641.00;256,154.25;282,583.50;1,989.75;-;89,800.50;9,273.00;66,026.75;18,455.25;40,169.25
Jun 2, 2025;Jun 3, 2025;94,882.25;48,767.50;63,616.25;161,203.75;270,886.50;2,287.25;-;165,929.75;22,258.00;111,887.25;44,775.75;41,151.25
Jun 3, 2025;Jun 4, 2025;95,373.50;49,399.00;87,302.50;163,446.00;364,609.50;2,367.75;-;118,062.75;43,525.00;123,680.25;29,457.50;37,463.00
Jun 4, 2025;Jun 5, 2025;94,892.00;50,392.75;91,725.25;290,754.00;250,030.75;2,201.75;-;116,706.50;46,858.25;86,229.00;27,659.75;36,517.75
Jun 5, 2025;Jun 6, 2025;96,555.25;51,501.25;74,561.00;327,393.00;252,829.50;2,399.50;-;118,052.00;47,261.00;74,644.00;34,180.00;41,009.25
Jun 6, 2025;Jun 7, 2025;94,647.00;49,260.00;93,322.00;606,585.00;276,173.50;2,365.75;-;76,479.00;21,252.50;62,765.75;33,231.00;39,898.25
Jun 7, 2025;Jun 8, 2025;95,047.25;50,549.25;19,863.75;323,864.00;224,722.50;2,458.50;-;101,557.50;12,894.75;61,574.50;36,240.00;40,613.50
Jun 8, 2025;Jun 9, 2025;92,411.00;45,990.75;36,654.75;527,526.25;241,622.25;2,416.50;-;63,378.75;7,330.75;50,653.75;21,966.25;39,764.50
Jun 9, 2025;Jun 10, 2025;96,157.75;48,411.25;59,841.00;272,130.00;360,182.00;2,403.00;-;77,064.25;6,797.50;60,362.25;46,969.00;40,921.00
Jun 10, 2025;Jun 11, 2025;95,794.50;46,113.75;127,123.00;458,399.50;266,028.25;2,293.50;-;93,863.00;14,671.50;76,052.25;25,175.75;38,844.50
Jun 11, 2025;Jun 12, 2025;97,239.75;46,286.00;42,523.75;249,906.25;412,606.00;2,308.50;-;108,918.25;36,395.25;91,082.00;41,902.50;35,471.00
Jun 12, 2025;Jun 13, 2025;95,724.50;46,686.50;54,192.50;263,051.75;456,031.50;2,212.50;-;109,370.25;45,415.50;74,742.75;37,529.00;33,096.00
Jun 13, 2025;Jun 14, 2025;94,306.00;45,197.75;86,400.25;368,381.50;459,015.75;2,188.50;-;102,267.25;30,063.75;85,048.00;38,632.50;36,053.25
Jun 14, 2025;Jun 15, 2025;92,299.75;44,338.50;74,290.50;282,424.50;419,659.25;2,083.00;-;84,990.50;16,848.00;75,657.00;31,713.50;34,797.25
Jun 15, 2025;Jun 16, 2025;92,025.00;44,613.50;40,913.50;193,873.25;271,101.00;2,092.25;-;110,758.25;27,639.00;63,905.75;22,564.75;32,592.00
Jun 16, 2025;Jun 17, 2025;94,298.25;50,942.25;57,251.00;236,320.00;334,467.00;2,268.75;-;171,351.50;57,457.25;80,149.50;31,835.75;33,490.50
Jun 17, 2025;Jun 18, 2025;95,542.00;49,986.00;58,218.75;65,508.75;437,433.00;2,014.75;-;192,500.00;68,669.50;94,185.25;32,026.00;34,099.50
Jun 18, 2025;Jun 19, 2025;95,605.50;48,495.75;36,731.25;130,184.25;421,464.50;2,012.00;-;191,894.75;77,295.00;104,072.00;31,344.25;33,750.75
Jun 19, 2025;Jun 20, 2025;94,344.75;43,262.00;45,394.25;242,334.00;422,383.25;2,000.25;-;118,573.75;53,137.75;68,253.50;28,961.00;33,081.75
Jun 20, 2025;Jun 21, 2025;96,097.00;43,912.00;10,058.75;99,803.75;477,677.25;2,072.75;-;110,730.50;70,743.75;71,586.75;34,455.25;28,423.00
Jun 21, 2025;Jun 22, 2025;94,010.50;43,271.25;16,023.00;61,294.75;442,377.25;2,282.75;-;110,765.75;61,561.50;70,477.50;33,064.75;33,781.25
Jun 22, 2025;Jun 23, 2025;90,782.25;38,476.50;57,305.75;172,045.50;403,751.00;2,044.50;-;90,964.00;22,965.75;54,047.25;32,881.50;33,157.25
Jun 23, 2025;Jun 24, 2025;91,256.25;39,462.75;76,475.50;595,226.75;301,413.25;2,060.25;-;80,360.25;48,799.25;77,668.75;22,340.25;33,677.25
Jun 24, 2025;Jun 25, 2025;92,582.75;38,177.50;98,479.75;569,463.00;336,601.75;2,088.25;-;102,451.00;47,793.00;82,252.75;23,092.75;33,970.75
Jun 25, 2025;Jun 26, 2025;93,247.75;42,768.00;43,150.50;372,383.00;386,996.75;2,064.25;-;163,332.25;68,460.50;102,580.00;32,473.75;33,113.75
Jun 26, 2025;Jun 27, 2025;91,896.50;43,279.00;49,668.25;328,057.50;295,893.25;2,138.75;-;181,162.25;67,318.75;93,292.75;21,285.25;31,813.25
Jun 27, 2025;Jun 28, 2025;93,914.50;42,275.25;97,144.50;388,984.00;242,821.25;2,208.00;-;180,825.50;58,864.50;84,093.00;23,794.00;33,995.50
Jun 28, 2025;Jun 29, 2025;91,608.25;36,213.75;115,999.00;296,683.50;376,859.75;2,137.00;-;96,464.75;20,954.25;62,348.50;24,471.75;34,155.00
Jun 29, 2025;Jun 30, 2025;91,297.00;34,447.00;60,528.50;264,954.75;394,228.00;2,082.00;-;112,981.75;22,407.75;63,000.50;19,988.25;33,848.00
Jun 30, 2025;Jul 1, 2025;93,853.00;39,077.50;24,506.50;108,190.25;453,661.75;1,997.50;-;193,961.25;66,091.50;122,198.00;34,311.25;32,108.50
Jul 1, 2025;Jul 2, 2025;90,982.00;48,732.25;36,070.00;108,322.25;438,539.50;2,297.25;-;201,012.75;86,762.50;160,349.75;28,477.75;33,654.25
Jul 2, 2025;Jul 3, 2025;90,227.50;47,676.00;44,765.50;183,147.50;417,328.75;2,194.25;-;191,011.25;76,366.00;151,720.00;22,780.25;35,182.50
Jul 3, 2025;Jul 4, 2025;91,206.25;47,659.50;61,483.00;325,007.00;319,338.50;2,345.50;-;169,237.75;78,157.25;105,828.25;26,572.75;33,925.50
Jul 4, 2025;Jul 5, 2025;92,444.50;44,311.00;77,064.00;109,369.75;409,974.00;2,423.25;-;193,740.00;63,820.50;113,000.25;31,519.50;33,204.00
Jul 5, 2025;Jul 6, 2025;92,150.75;40,668.75;97,270.00;304,962.00;356,107.00;2,258.50;-;129,367.75;32,507.25;59,414.75;23,073.25;32,071.00
Jul 6, 2025;Jul 7, 2025;92,546.25;40,047.25;41,530.50;269,664.00;238,414.25;2,241.00;-;145,649.25;33,421.00;60,975.25;30,748.50;31,746.75
Jul 7, 2025;Jul 8, 2025;92,106.00;46,159.25;77,148.25;205,216.50;241,834.75;2,232.00;-;212,401.75;74,275.75;96,895.50;25,938.50;31,155.50
Jul 8, 2025;Jul 9, 2025;91,816.75;51,379.25;88,443.00;298,368.00;270,909.50;2,274.00;-;191,246.50;64,465.00;83,095.50;21,428.00;30,651.00
Jul 9, 2025;Jul 10, 2025;91,860.00;53,529.50;23,786.50;253,794.75;278,756.25;2,314.00;-;214,318.75;63,408.00;100,767.50;25,766.50;29,965.00
Jul 10, 2025;Jul 11, 2025;91,580.75;48,802.50;19,372.50;112,299.25;358,177.75;2,245.25;-;214,902.75;69,848.50;110,810.50;26,656.25;32,818.25
Jul 11, 2025;Jul 12, 2025;90,977.25;44,546.50;44,456.75;203,519.75;322,326.75;2,291.00;-;184,335.25;66,021.00;95,941.50;27,349.75;33,169.25
Jul 12, 2025;Jul 13, 2025;91,489.00;42,275.00;67,277.75;181,303.75;248,739.50;2,232.00;-;121,790.50;38,805.25;71,550.50;27,009.00;32,602.00
Jul 13, 2025;Jul 14, 2025;90,708.50;40,155.75;34,974.25;74,710.25;319,464.25;2,232.00;-;143,813.00;39,777.00;72,858.50;24,026.25;35,920.25
Jul 14, 2025;Jul 15, 2025;90,327.00;39,247.75;4,709.25;124,251.75;282,800.75;2,261.75;-;224,801.25;84,698.00;98,714.75;30,304.50;36,222.25
Jul 15, 2025;Jul 16, 2025;89,842.25;40,325.50;40,718.00;205,630.75;274,549.00;2,483.00;-;218,771.50;74,365.25;85,693.50;15,733.25;35,426.50
Jul 16, 2025;Jul 17, 2025;90,133.50;41,987.00;28,225.00;217,175.25;257,822.00;2,564.75;-;227,286.50;99,483.25;93,819.50;27,533.50;36,998.25
Jul 17, 2025;Jul 18, 2025;90,742.50;50,824.75;64,025.25;262,284.50;260,300.50;2,539.25;-;227,146.75;91,826.00;106,034.00;20,112.50;35,218.50
Jul 18, 2025;Jul 19, 2025;90,979.75;49,035.75;3,289.00;36,476.25;333,171.50;2,450.00;-;236,133.50;112,547.75;125,876.75;33,073.75;34,394.50
Jul 19, 2025;Jul 20, 2025;90,869.50;43,215.50;27,912.75;117,325.25;393,728.75;2,361.25;-;159,781.25;50,437.75;73,178.00;28,110.50;35,316.50
Jul 20, 2025;Jul 21, 2025;89,006.00;46,101.00;49,056.50;149,766.00;343,654.00;2,330.50;-;150,951.25;42,255.75;63,384.75;13,214.75;36,576.25
Jul 21, 2025;Jul 22, 2025;90,115.50;51,920.50;26,789.75;176,622.00;164,055.00;2,356.50;-;227,306.75;96,494.75;103,275.25;34,353.50;35,788.75
Jul 22, 2025;Jul 23, 2025;91,955.25;57,084.25;29,787.00;363,556.75;259,502.00;2,347.50;-;194,748.00;57,869.50;67,368.75;21,269.00;36,824.25
Jul 23, 2025;Jul 24, 2025;92,330.00;54,130.50;85,315.25;453,824.25;290,768.50;2,206.00;-;185,168.00;55,945.00;79,920.75;20,114.25;34,388.00
Jul 24, 2025;Jul 25, 2025;89,289.00;56,150.75;23,443.75;73,038.75;241,267.75;2,472.50;-;240,899.75;102,560.50;151,592.50;31,440.50;35,009.75
Jul 25, 2025;Jul 26, 2025;89,319.00;57,468.00;33,610.50;95,111.50;256,240.75;2,490.00;-;217,175.25;82,729.25;128,788.00;24,433.75;35,743.50
Jul 26, 2025;Jul 27, 2025;91,861.00;58,860.50;18,840.25;50,548.50;239,533.25;2,563.00;-;184,588.50;73,914.25;94,539.50;21,851.00;35,898.25
Jul 27, 2025;Jul 28, 2025;92,676.75;57,471.75;25,007.25;87,817.50;239,645.25;2,493.00;-;152,735.00;16,361.25;66,325.25;21,554.50;38,590.00
Jul 28, 2025;Jul 29, 2025;92,257.50;61,444.75;47,638.25;275,717.25;230,419.00;2,520.00;-;153,899.25;16,401.25;75,348.00;22,126.00;39,350.25
Jul 29, 2025;Jul 30, 2025;90,880.75;58,040.75;111,687.00;291,218.00;298,684.50;2,437.00;-;136,252.25;23,700.75;66,558.25;41,658.25;37,393.25
Jul 30, 2025;Jul 31, 2025;90,676.00;57,858.75;134,341.00;287,799.50;251,910.00;2,467.50;-;149,720.00;17,372.25;86,827.00;32,406.25;35,537.25
Jul 31, 2025;Aug 1, 2025;91,577.50;59,663.50;89,355.50;340,455.50;228,347.00;2,421.00;-;153,869.25;22,877.75;76,661.75;28,294.25;36,552.75
Aug 1, 2025;Aug 2, 2025;91,703.00;58,774.25;32,629.25;179,715.00;266,509.50;2,539.00;-;152,379.75;24,672.75;84,089.00;32,965.75;36,342.75
Aug 2, 2025;Aug 3, 2025;92,478.50;59,530.25;102,180.00;181,147.75;251,285.75;2,601.00;-;120,910.75;8,921.50;59,795.25;33,110.00;36,473.50
Aug 3, 2025;Aug 4, 2025;92,890.75;58,040.50;104,257.25;292,010.50;216,106.50;2,592.00;-;82,561.50;5,127.00;55,064.75;17,686.00;36,198.75
Aug 4, 2025;Aug 5, 2025;92,576.50;59,108.25;91,441.00;359,083.50;242,560.25;2,597.00;-;87,626.75;6,956.00;84,527.25;39,272.50;37,018.00
Aug 5, 2025;Aug 6, 2025;92,327.75;52,703.50;142,204.00;447,807.00;257,823.50;2,567.25;-;71,116.25;8,121.00;69,524.50;36,979.00;36,900.00
Aug 6, 2025;Aug 7, 2025;92,512.00;56,102.00;100,622.50;265,906.00;366,816.25;2,378.00;-;84,366.75;23,962.75;70,411.25;38,344.00;33,407.75
Aug 7, 2025;Aug 8, 2025;91,677.00;55,822.50;57,772.00;105,764.25;391,794.25;2,333.75;-;120,582.00;31,103.50;81,437.75;30,836.25;34,536.25
Aug 8, 2025;Aug 9, 2025;91,790.50;52,869.75;36,271.25;153,951.50;359,154.25;2,462.00;-;137,820.25;39,079.75;83,379.50;30,205.00;35,805.00
Aug 9, 2025;Aug 10, 2025;91,907.75;49,929.25;31,266.50;97,049.00;372,380.50;2,521.75;-;126,677.75;19,221.00;78,620.25;31,081.00;34,316.75
Aug 10, 2025;Aug 11, 2025;92,023.75;44,905.75;38,424.75;186,718.00;383,484.50;2,638.75;-;110,469.25;7,779.25;63,658.00;24,756.50;32,440.25
Aug 11, 2025;Aug 12, 2025;92,044.25;48,669.50;5,325.50;74,786.25;437,149.00;2,627.00;-;151,139.75;36,875.75;118,857.75;30,478.25;36,205.75
Aug 12, 2025;Aug 13, 2025;91,594.50;49,352.75;23,371.50;137,576.00;391,531.50;2,603.75;-;165,039.75;76,980.25;138,337.25;25,904.50;33,970.00
Aug 13, 2025;Aug 14, 2025;89,960.25;47,817.25;28,613.25;122,452.25;399,053.50;2,542.00;-;161,717.00;90,554.75;144,002.25;26,904.25;35,025.50
Aug 14, 2025;Aug 15, 2025;89,318.00;48,938.75;33,895.75;65,126.00;375,707.75;2,438.25;-;167,086.25;100,253.50;157,331.25;29,979.00;33,070.50
Aug 15, 2025;Aug 16, 2025;87,101.00;45,355.25;44,627.50;161,110.25;370,364.25;2,409.50;-;150,128.75;62,881.00;94,369.25;29,178.00;33,563.25
Aug 16, 2025;Aug 17, 2025;88,215.00;43,063.50;105,934.75;258,128.50;266,464.00;2,573.00;-;129,050.75;15,015.75;48,976.25;26,128.25;34,721.00
Aug 17, 2025;Aug 18, 2025;89,426.50;43,233.50;48,709.00;118,808.50;317,779.00;2,544.75;-;136,882.50;24,009.75;67,488.25;20,310.50;34,249.50
Aug 18, 2025;Aug 19, 2025;89,555.00;43,460.75;1,745.50;58,956.50;423,616.25;2,636.50;-;181,583.00;72,675.00;124,543.50;31,549.25;34,653.00
Aug 19, 2025;Aug 20, 2025;88,760.75;44,200.00;30,140.50;82,018.25;416,604.50;2,496.75;-;180,506.50;67,405.50;123,245.25;28,968.50;33,580.75
Aug 20, 2025;Aug 21, 2025;89,097.75;45,801.25;49,603.25;133,806.00;315,077.75;2,427.00;-;195,032.25;75,241.75;114,121.25;22,276.25;33,894.25
Aug 21, 2025;Aug 22, 2025;89,151.00;50,676.50;70,632.75;217,105.50;288,104.00;2,371.50;-;179,517.25;67,271.00;112,084.75;17,815.75;35,351.50
Aug 22, 2025;Aug 23, 2025;89,578.75;57,370.25;109,670.75;283,537.00;257,219.75;2,351.00;-;161,446.50;28,272.75;61,343.75;29,782.00;34,728.25
Aug 23, 2025;Aug 24, 2025;90,169.25;52,460.50;98,335.75;277,704.00;246,903.75;2,374.00;-;131,900.75;7,785.50;56,132.25;21,422.50;34,145.00
Aug 24, 2025;Aug 25, 2025;90,612.75;46,131.00;47,766.00;152,880.50;299,575.25;2,385.00;-;133,169.25;10,387.00;64,483.25;23,979.00;33,646.00
Aug 25, 2025;Aug 26, 2025;89,655.25;46,137.25;23,169.50;118,392.00;352,772.25;2,370.50;-;168,480.25;44,143.25;108,568.50;26,949.00;35,203.75
Aug 26, 2025;Aug 27, 2025;90,179.50;47,157.25;28,238.75;85,532.75;375,300.50;2,251.75;-;193,782.50;82,292.50;136,441.25;23,840.25;36,440.50
Aug 27, 2025;Aug 28, 2025;88,673.25;46,954.75;34,321.00;192,443.75;291,274.75;2,164.25;-;185,390.25;81,718.50;144,849.50;24,024.75;34,387.00
Aug 28, 2025;Aug 29, 2025;88,581.75;46,385.00;16,853.00;101,742.25;147,308.75;2,339.00;-;203,441.75;89,484.00;196,021.25;22,792.75;34,292.50
Aug 29, 2025;Aug 30, 2025;88,639.75;54,223.25;42,189.00;152,891.00;270,565.50;2,358.00;-;181,950.25;59,248.75;131,684.00;22,463.75;34,692.75
Aug 30, 2025;Aug 31, 2025;89,497.75;53,401.25;43,959.00;190,172.75;276,697.25;2,332.25;-;143,636.25;16,365.25;75,247.00;25,896.25;33,396.50
Aug 31, 2025;Sep 1, 2025;88,895.50;46,022.75;72,171.25;187,091.50;313,224.00;2,272.25;-;123,355.25;17,639.00;67,339.50;17,166.50;33,283.25
